{
    "Sentiment": "NEUTRAL",
    "SentimentScore": {
        "Positive": 0.011529132723808289,
        "Negative": 0.2703058123588562,
        "Neutral": 0.70777827501297,
        "Mixed": 0.01038675382733345
    }
}
