{
    "KeyPhrases": [
        {
            "Score": 0.8386145234107971,
            "Text": "RT @Cloegirl132",
            "BeginOffset": 0,
            "EndOffset": 15
        },
        {
            "Score": 0.8160354495048523,
            "Text": "@bfraser747 @sluggoD54",
            "BeginOffset": 17,
            "EndOffset": 39
        }
    ]
}
