{
    "KeyPhrases": [
        {
            "Score": 0.9223009943962097,
            "Text": "RT @Absabrar",
            "BeginOffset": 0,
            "EndOffset": 12
        },
        {
            "Score": 0.9779019951820374,
            "Text": "#2016",
            "BeginOffset": 14,
            "EndOffset": 19
        },
        {
            "Score": 0.782828688621521,
            "Text": "4Words",
            "BeginOffset": 21,
            "EndOffset": 27
        }
    ]
}
