{
    "KeyPhrases": [
        {
            "Score": 0.9229193329811096,
            "Text": "RT @wickwife",
            "BeginOffset": 0,
            "EndOffset": 12
        },
        {
            "Score": 0.9929147958755493,
            "Text": "God",
            "BeginOffset": 14,
            "EndOffset": 17
        },
        {
            "Score": 0.8988640308380127,
            "Text": "blessings",
            "BeginOffset": 20,
            "EndOffset": 29
        },
        {
            "Score": 0.7091262340545654,
            "Text": "dear George",
            "BeginOffset": 30,
            "EndOffset": 41
        }
    ]
}
