{
    "KeyPhrases": [
        {
            "Score": 0.9893247485160828,
            "Text": "Billy Bush",
            "BeginOffset": 0,
            "EndOffset": 10
        },
        {
            "Score": 0.9951935410499573,
            "Text": "fire",
            "BeginOffset": 17,
            "EndOffset": 21
        },
        {
            "Score": 0.9252886176109314,
            "Text": "Trump",
            "BeginOffset": 33,
            "EndOffset": 38
        }
    ]
}
