{
    "KeyPhrases": [
        {
            "Score": 0.9294070601463318,
            "Text": "RT @Boazziz",
            "BeginOffset": 0,
            "EndOffset": 11
        },
        {
            "Score": 0.9556360840797424,
            "Text": "only #Obama",
            "BeginOffset": 16,
            "EndOffset": 27
        },
        {
            "Score": 0.6409566402435303,
            "Text": "#Change",
            "BeginOffset": 47,
            "EndOffset": 54
        },
        {
            "Score": 0.995372474193573,
            "Text": "2008",
            "BeginOffset": 62,
            "EndOffset": 66
        }
    ]
}
