{
    "KeyPhrases": [
        {
            "Score": 0.880688488483429,
            "Text": "RT @carmen_piscopo",
            "BeginOffset": 0,
            "EndOffset": 18
        },
        {
            "Score": 0.8055366277694702,
            "Text": "@Elena07617349",
            "BeginOffset": 20,
            "EndOffset": 34
        }
    ]
}
