{
    "KeyPhrases": [
        {
            "Score": 0.8922109007835388,
            "Text": "RT @kwall337",
            "BeginOffset": 0,
            "EndOffset": 12
        },
        {
            "Score": 0.9674049019813538,
            "Text": "#ItsRiskyTo",
            "BeginOffset": 14,
            "EndOffset": 25
        },
        {
            "Score": 0.9974477291107178,
            "Text": "your heart",
            "BeginOffset": 37,
            "EndOffset": 47
        }
    ]
}
