{
    "KeyPhrases": [
        {
            "Score": 0.988700270652771,
            "Text": "a selfie",
            "BeginOffset": 29,
            "EndOffset": 37
        },
        {
            "Score": 0.9720190167427063,
            "Text": "8pm",
            "BeginOffset": 44,
            "EndOffset": 47
        },
        {
            "Score": 0.658562958240509,
            "Text": "damn well i",
            "BeginOffset": 58,
            "EndOffset": 69
        },
        {
            "Score": 0.9458322525024414,
            "Text": "a hamster",
            "BeginOffset": 115,
            "EndOffset": 124
        }
    ]
}
