{
    "KeyPhrases": [
        {
            "Score": 0.8587008714675903,
            "Text": "1828",
            "BeginOffset": 5,
            "EndOffset": 9
        },
        {
            "Score": 0.8026807308197021,
            "Text": "Trump",
            "BeginOffset": 26,
            "EndOffset": 31
        },
        {
            "Score": 0.9967386722564697,
            "Text": "’s Deplorables",
            "BeginOffset": 31,
            "EndOffset": 45
        },
        {
            "Score": 0.9443197846412659,
            "Text": "a peaceful revolution",
            "BeginOffset": 59,
            "EndOffset": 80
        }
    ]
}
