{
    "KeyPhrases": [
        {
            "Score": 0.9323636889457703,
            "Text": "RT @ETRandall",
            "BeginOffset": 0,
            "EndOffset": 13
        },
        {
            "Score": 0.9775552749633789,
            "Text": "#2016",
            "BeginOffset": 15,
            "EndOffset": 20
        },
        {
            "Score": 0.9819373488426208,
            "Text": "4Words",
            "BeginOffset": 22,
            "EndOffset": 28
        },
        {
            "Score": 0.44922420382499695,
            "Text": "2017",
            "BeginOffset": 35,
            "EndOffset": 39
        }
    ]
}
