{
    "KeyPhrases": [
        {
            "Score": 0.8411676287651062,
            "Text": "RT @valkae87: 1",
            "BeginOffset": 0,
            "EndOffset": 15
        },
        {
            "Score": 0.7327261567115784,
            "Text": "2",
            "BeginOffset": 31,
            "EndOffset": 32
        },
        {
            "Score": 0.9645488858222961,
            "Text": "3",
            "BeginOffset": 57,
            "EndOffset": 58
        },
        {
            "Score": 0.6949477195739746,
            "Text": "#IllGiveYou",
            "BeginOffset": 90,
            "EndOffset": 101
        }
    ]
}
