{
    "KeyPhrases": [
        {
            "Score": 0.6190297603607178,
            "Text": "Star Ocean",
            "BeginOffset": 1,
            "EndOffset": 11
        },
        {
            "Score": 0.9081748127937317,
            "Text": "5",
            "BeginOffset": 12,
            "EndOffset": 13
        }
    ]
}
