{
    "KeyPhrases": [
        {
            "Score": 0.8848204612731934,
            "Text": "RT @TSimm246",
            "BeginOffset": 0,
            "EndOffset": 12
        },
        {
            "Score": 0.7882378697395325,
            "Text": "Sunday afternoon",
            "BeginOffset": 19,
            "EndOffset": 35
        },
        {
            "Score": 0.9548947811126709,
            "Text": "Time",
            "BeginOffset": 64,
            "EndOffset": 68
        }
    ]
}
