{
    "KeyPhrases": [
        {
            "Score": 0.9939090013504028,
            "Text": "the way",
            "BeginOffset": 24,
            "EndOffset": 31
        },
        {
            "Score": 0.9986670017242432,
            "Text": "your name",
            "BeginOffset": 41,
            "EndOffset": 50
        },
        {
            "Score": 0.9991679191589355,
            "Text": "your name",
            "BeginOffset": 79,
            "EndOffset": 88
        }
    ]
}
