{
    "KeyPhrases": [
        {
            "Score": 0.8992893099784851,
            "Text": "RT @Allison76729426",
            "BeginOffset": 0,
            "EndOffset": 19
        },
        {
            "Score": 0.8427008986473083,
            "Text": "#ThingsNotTaughtAtSchool",
            "BeginOffset": 21,
            "EndOffset": 45
        },
        {
            "Score": 0.985974133014679,
            "Text": "paycheck",
            "BeginOffset": 58,
            "EndOffset": 66
        },
        {
            "Score": 0.9966168999671936,
            "Text": "paycheck",
            "BeginOffset": 70,
            "EndOffset": 78
        }
    ]
}
