{
    "KeyPhrases": [
        {
            "Score": 0.726772129535675,
            "Text": "RT @18major",
            "BeginOffset": 0,
            "EndOffset": 11
        },
        {
            "Score": 0.9989117383956909,
            "Text": "people",
            "BeginOffset": 17,
            "EndOffset": 23
        },
        {
            "Score": 0.9954167008399963,
            "Text": "a game",
            "BeginOffset": 35,
            "EndOffset": 41
        },
        {
            "Score": 0.9982463121414185,
            "Text": "the president",
            "BeginOffset": 50,
            "EndOffset": 63
        }
    ]
}
