{
    "KeyPhrases": [
        {
            "Score": 0.8214574456214905,
            "Text": "RT @KenGh5",
            "BeginOffset": 0,
            "EndOffset": 10
        },
        {
            "Score": 0.9469252228736877,
            "Text": "Merry Christmas",
            "BeginOffset": 12,
            "EndOffset": 27
        },
        {
            "Score": 0.8070178031921387,
            "Text": "@Jayfoley2131 @jeremie2131 @live919fm  @djlordgh",
            "BeginOffset": 37,
            "EndOffset": 85
        }
    ]
}
