{
    "KeyPhrases": [
        {
            "Score": 0.9926310777664185,
            "Text": "May 8, 1884",
            "BeginOffset": 42,
            "EndOffset": 53
        },
        {
            "Score": 0.9807375073432922,
            "Text": "33rd #POTUS",
            "BeginOffset": 65,
            "EndOffset": 76
        }
    ]
}
