{
    "KeyPhrases": [
        {
            "Score": 0.8656443357467651,
            "Text": "RT @JamesS020770",
            "BeginOffset": 0,
            "EndOffset": 16
        },
        {
            "Score": 0.9895067811012268,
            "Text": "Award shows",
            "BeginOffset": 18,
            "EndOffset": 29
        },
        {
            "Score": 0.9625425934791565,
            "Text": "Trump",
            "BeginOffset": 72,
            "EndOffset": 77
        }
    ]
}
