{
    "KeyPhrases": [
        {
            "Score": 0.8166981339454651,
            "Text": "RT @littlesatan1974",
            "BeginOffset": 0,
            "EndOffset": 19
        },
        {
            "Score": 0.9834290742874146,
            "Text": "#2016",
            "BeginOffset": 21,
            "EndOffset": 26
        },
        {
            "Score": 0.9808725118637085,
            "Text": "4Words",
            "BeginOffset": 28,
            "EndOffset": 34
        }
    ]
}
