{
    "KeyPhrases": [
        {
            "Score": 0.969529390335083,
            "Text": "Iron Man",
            "BeginOffset": 0,
            "EndOffset": 8
        },
        {
            "Score": 0.9988909363746643,
            "Text": "my father",
            "BeginOffset": 18,
            "EndOffset": 27
        },
        {
            "Score": 0.9951853156089783,
            "Text": "yellow truck",
            "BeginOffset": 30,
            "EndOffset": 42
        },
        {
            "Score": 0.8793510794639587,
            "Text": "1:44",
            "BeginOffset": 46,
            "EndOffset": 50
        }
    ]
}
