{
    "KeyPhrases": [
        {
            "Score": 0.9406090378761292,
            "Text": "RT @baalter",
            "BeginOffset": 0,
            "EndOffset": 11
        },
        {
            "Score": 0.8305434584617615,
            "Text": "Gun-Controlled Chicago",
            "BeginOffset": 35,
            "EndOffset": 57
        },
        {
            "Score": 0.9422293901443481,
            "Text": "730 Homicides",
            "BeginOffset": 68,
            "EndOffset": 81
        },
        {
            "Score": 0.7523765563964844,
            "Text": "2016",
            "BeginOffset": 86,
            "EndOffset": 90
        }
    ]
}
