{
    "KeyPhrases": [
        {
            "Score": 0.9972425699234009,
            "Text": "140 characters",
            "BeginOffset": 0,
            "EndOffset": 14
        },
        {
            "Score": 0.9099248051643372,
            "Text": "1000 words",
            "BeginOffset": 28,
            "EndOffset": 38
        }
    ]
}
