{
    "KeyPhrases": [
        {
            "Score": 0.8692747950553894,
            "Text": "RT @felicia014",
            "BeginOffset": 0,
            "EndOffset": 14
        },
        {
            "Score": 0.9670955538749695,
            "Text": "Reanimation",
            "BeginOffset": 16,
            "EndOffset": 27
        },
        {
            "Score": 0.8261998295783997,
            "Text": "at LEAST Bowie",
            "BeginOffset": 31,
            "EndOffset": 45
        },
        {
            "Score": 0.8929470777511597,
            "Text": "Prince",
            "BeginOffset": 50,
            "EndOffset": 56
        }
    ]
}
