{
    "KeyPhrases": [
        {
            "Score": 0.4984082877635956,
            "Text": "#IAMONFIRE",
            "BeginOffset": 0,
            "EndOffset": 10
        },
        {
            "Score": 0.9896753430366516,
            "Text": "a queen",
            "BeginOffset": 26,
            "EndOffset": 33
        },
        {
            "Score": 0.9744598865509033,
            "Text": "a king",
            "BeginOffset": 60,
            "EndOffset": 66
        },
        {
            "Score": 0.9867021441459656,
            "Text": "a game",
            "BeginOffset": 83,
            "EndOffset": 89
        }
    ]
}
