{
    "KeyPhrases": [
        {
            "Score": 0.7721030712127686,
            "Text": "RT @smilon",
            "BeginOffset": 0,
            "EndOffset": 10
        },
        {
            "Score": 0.7344106435775757,
            "Text": "713",
            "BeginOffset": 10,
            "EndOffset": 13
        },
        {
            "Score": 0.6330292820930481,
            "Text": "@bunnyhugger",
            "BeginOffset": 15,
            "EndOffset": 27
        }
    ]
}
