{
    "KeyPhrases": [
        {
            "Score": 0.9375773072242737,
            "Text": "RT @LibAmericaOrg",
            "BeginOffset": 0,
            "EndOffset": 17
        },
        {
            "Score": 0.986578643321991,
            "Text": "Posts",
            "BeginOffset": 19,
            "EndOffset": 24
        },
        {
            "Score": 0.9613614678382874,
            "Text": "01/06/2017",
            "BeginOffset": 58,
            "EndOffset": 68
        }
    ]
}
