{
    "KeyPhrases": [
        {
            "Score": 0.9066295027732849,
            "Text": "RT @guardian",
            "BeginOffset": 0,
            "EndOffset": 12
        },
        {
            "Score": 0.9995629191398621,
            "Text": "Trump",
            "BeginOffset": 14,
            "EndOffset": 19
        },
        {
            "Score": 0.9993358254432678,
            "Text": "credit",
            "BeginOffset": 26,
            "EndOffset": 32
        },
        {
            "Score": 0.9882203936576843,
            "Text": "Ford factory",
            "BeginOffset": 44,
            "EndOffset": 56
        }
    ]
}
