{
    "KeyPhrases": [
        {
            "Score": 0.999481737613678,
            "Text": "Trump",
            "BeginOffset": 9,
            "EndOffset": 14
        },
        {
            "Score": 0.9961317777633667,
            "Text": "this time",
            "BeginOffset": 19,
            "EndOffset": 28
        },
        {
            "Score": 0.9928392767906189,
            "Text": "KKK leader",
            "BeginOffset": 35,
            "EndOffset": 45
        },
        {
            "Score": 0.9581853747367859,
            "Text": "support",
            "BeginOffset": 48,
            "EndOffset": 55
        }
    ]
}
