{
    "KeyPhrases": [
        {
            "Score": 0.9211094975471497,
            "Text": "RT @kscheib",
            "BeginOffset": 0,
            "EndOffset": 11
        },
        {
            "Score": 0.7677754163742065,
            "Text": "da isser",
            "BeginOffset": 17,
            "EndOffset": 25
        },
        {
            "Score": 0.38254615664482117,
            "Text": "Ich",
            "BeginOffset": 27,
            "EndOffset": 30
        },
        {
            "Score": 0.9478803873062134,
            "Text": "euch gewarnt",
            "BeginOffset": 35,
            "EndOffset": 47
        }
    ]
}
