{
    "KeyPhrases": [
        {
            "Score": 0.7742516994476318,
            "Text": "@JVER1 Hello Joyce",
            "BeginOffset": 0,
            "EndOffset": 18
        },
        {
            "Score": 0.6293953061103821,
            "Text": "day",
            "BeginOffset": 65,
            "EndOffset": 68
        },
        {
            "Score": 0.5745585560798645,
            "Text": "God",
            "BeginOffset": 73,
            "EndOffset": 76
        }
    ]
}
