{
    "KeyPhrases": [
        {
            "Score": 0.9373188614845276,
            "Text": "RT @StanLiAtlantis",
            "BeginOffset": 0,
            "EndOffset": 18
        },
        {
            "Score": 0.9765138626098633,
            "Text": "#2016",
            "BeginOffset": 20,
            "EndOffset": 25
        },
        {
            "Score": 0.9561809301376343,
            "Text": "4Words",
            "BeginOffset": 27,
            "EndOffset": 33
        }
    ]
}
