{
    "KeyPhrases": [
        {
            "Score": 0.988767683506012,
            "Text": "Hillary",
            "BeginOffset": 0,
            "EndOffset": 7
        },
        {
            "Score": 0.9978331923484802,
            "Text": "30 years",
            "BeginOffset": 12,
            "EndOffset": 20
        },
        {
            "Score": 0.9989545345306396,
            "Text": "public service",
            "BeginOffset": 24,
            "EndOffset": 38
        },
        {
            "Score": 0.9846944808959961,
            "Text": "one job",
            "BeginOffset": 58,
            "EndOffset": 65
        }
    ]
}
