{
    "KeyPhrases": [
        {
            "Score": 0.8978379964828491,
            "Text": "RT @Info24US",
            "BeginOffset": 0,
            "EndOffset": 12
        },
        {
            "Score": 0.7976081967353821,
            "Text": "US Stocks",
            "BeginOffset": 14,
            "EndOffset": 23
        },
        {
            "Score": 0.9008888006210327,
            "Text": "Intel Deal",
            "BeginOffset": 45,
            "EndOffset": 55
        }
    ]
}
