{
    "KeyPhrases": [
        {
            "Score": 0.8838456869125366,
            "Text": "RT @Info24US",
            "BeginOffset": 0,
            "EndOffset": 12
        },
        {
            "Score": 0.7838050127029419,
            "Text": "Church",
            "BeginOffset": 14,
            "EndOffset": 20
        },
        {
            "Score": 0.9728695154190063,
            "Text": "England Group Wants",
            "BeginOffset": 24,
            "EndOffset": 43
        },
        {
            "Score": 0.9473190903663635,
            "Text": "God A",
            "BeginOffset": 52,
            "EndOffset": 57
        }
    ]
}
