{
    "KeyPhrases": [
        {
            "Score": 0.9137219190597534,
            "Text": "#My2017Resolution",
            "BeginOffset": 0,
            "EndOffset": 17
        },
        {
            "Score": 0.8336751461029053,
            "Text": "procrastinating",
            "BeginOffset": 29,
            "EndOffset": 44
        },
        {
            "Score": 0.8770989179611206,
            "Text": "my 2016 resolution",
            "BeginOffset": 59,
            "EndOffset": 77
        }
    ]
}
