{
    "KeyPhrases": [
        {
            "Score": 0.9075196385383606,
            "Text": "RT @guardian",
            "BeginOffset": 0,
            "EndOffset": 12
        },
        {
            "Score": 0.8154343366622925,
            "Text": "Google",
            "BeginOffset": 14,
            "EndOffset": 20
        },
        {
            "Score": 0.8765246272087097,
            "Text": "€3bn",
            "BeginOffset": 27,
            "EndOffset": 31
        }
    ]
}
