{
    "KeyPhrases": [
        {
            "Score": 0.9675942063331604,
            "Text": "The Latest",
            "BeginOffset": 0,
            "EndOffset": 10
        },
        {
            "Score": 0.5077760219573975,
            "Text": "Trump",
            "BeginOffset": 13,
            "EndOffset": 18
        },
        {
            "Score": 0.9706980586051941,
            "Text": "Paul Ryan",
            "BeginOffset": 29,
            "EndOffset": 38
        },
        {
            "Score": 0.8167759776115417,
            "Text": "GOP opponent",
            "BeginOffset": 41,
            "EndOffset": 53
        }
    ]
}
