{
    "KeyPhrases": [
        {
            "Score": 0.9141735434532166,
            "Text": "RT @BARON_1987",
            "BeginOffset": 0,
            "EndOffset": 14
        },
        {
            "Score": 0.9723020792007446,
            "Text": "Advice",
            "BeginOffset": 16,
            "EndOffset": 22
        },
        {
            "Score": 0.8681489825248718,
            "Text": "Being Batman",
            "BeginOffset": 26,
            "EndOffset": 38
        }
    ]
}
