{
    "KeyPhrases": [
        {
            "Score": 0.9126774668693542,
            "Text": "1am",
            "BeginOffset": 15,
            "EndOffset": 18
        },
        {
            "Score": 0.573182225227356,
            "Text": "im",
            "BeginOffset": 23,
            "EndOffset": 25
        },
        {
            "Score": 0.913815438747406,
            "Text": "Superman Returns",
            "BeginOffset": 49,
            "EndOffset": 65
        }
    ]
}
