{
    "KeyPhrases": [
        {
            "Score": 0.9472017884254456,
            "Text": "RT @BrettFishA",
            "BeginOffset": 0,
            "EndOffset": 14
        },
        {
            "Score": 0.412808895111084,
            "Text": "everytime",
            "BeginOffset": 53,
            "EndOffset": 62
        },
        {
            "Score": 0.4959426820278168,
            "Text": "wait",
            "BeginOffset": 98,
            "EndOffset": 102
        },
        {
            "Score": 0.995581328868866,
            "Text": "Doug",
            "BeginOffset": 120,
            "EndOffset": 124
        }
    ]
}
