{
    "KeyPhrases": [
        {
            "Score": 0.9403324127197266,
            "Text": "RT @dougbies",
            "BeginOffset": 0,
            "EndOffset": 12
        },
        {
            "Score": 0.9524235129356384,
            "Text": "Full",
            "BeginOffset": 14,
            "EndOffset": 18
        },
        {
            "Score": 0.9991981983184814,
            "Text": "life",
            "BeginOffset": 22,
            "EndOffset": 26
        }
    ]
}
