{
    "KeyPhrases": [
        {
            "Score": 0.9474024176597595,
            "Text": "RT @SmokeySmoker",
            "BeginOffset": 0,
            "EndOffset": 16
        },
        {
            "Score": 0.9438486099243164,
            "Text": "#2016",
            "BeginOffset": 45,
            "EndOffset": 50
        }
    ]
}
