{
    "KeyPhrases": [
        {
            "Score": 0.8041526079177856,
            "Text": "RT @kevkid79",
            "BeginOffset": 0,
            "EndOffset": 12
        },
        {
            "Score": 0.9966304898262024,
            "Text": "this point",
            "BeginOffset": 23,
            "EndOffset": 33
        },
        {
            "Score": 0.9780544638633728,
            "Text": "time",
            "BeginOffset": 37,
            "EndOffset": 41
        },
        {
            "Score": 0.8602503538131714,
            "Text": "your own egos",
            "BeginOffset": 72,
            "EndOffset": 85
        }
    ]
}
