{
    "KeyPhrases": [
        {
            "Score": 0.8612145781517029,
            "Text": "1 LIKE",
            "BeginOffset": 10,
            "EndOffset": 16
        },
        {
            "Score": 0.9782272577285767,
            "Text": "1 Year",
            "BeginOffset": 19,
            "EndOffset": 25
        },
        {
            "Score": 0.9338188767433167,
            "Text": "Prison\nLet",
            "BeginOffset": 29,
            "EndOffset": 39
        }
    ]
}
