{
    "KeyPhrases": [
        {
            "Score": 0.7163215279579163,
            "Text": "#TrumpBecause The peoples",
            "BeginOffset": 0,
            "EndOffset": 25
        },
        {
            "Score": 0.9742347598075867,
            "Text": "card",
            "BeginOffset": 32,
            "EndOffset": 36
        },
        {
            "Score": 0.9890232682228088,
            "Text": "2016",
            "BeginOffset": 50,
            "EndOffset": 54
        }
    ]
}
