{
    "KeyPhrases": [
        {
            "Score": 0.6425386071205139,
            "Text": "#2016",
            "BeginOffset": 0,
            "EndOffset": 5
        },
        {
            "Score": 0.7309808731079102,
            "Text": "ElectionIn3Words",
            "BeginOffset": 5,
            "EndOffset": 21
        },
        {
            "Score": 0.5685712695121765,
            "Text": "Fear",
            "BeginOffset": 22,
            "EndOffset": 26
        }
    ]
}
