{
    "KeyPhrases": [
        {
            "Score": 0.7350674867630005,
            "Text": "#WearHoodieForTrayvon #TrayvonMartin",
            "BeginOffset": 0,
            "EndOffset": 36
        },
        {
            "Score": 0.9757999777793884,
            "Text": "February 5, 1995",
            "BeginOffset": 43,
            "EndOffset": 59
        },
        {
            "Score": 0.5049123764038086,
            "Text": "Killed",
            "BeginOffset": 60,
            "EndOffset": 66
        },
        {
            "Score": 0.9839516878128052,
            "Text": "February 26, 2012",
            "BeginOffset": 68,
            "EndOffset": 85
        }
    ]
}
