{
    "KeyPhrases": [
        {
            "Score": 0.8138415813446045,
            "Text": "RT @adept2u",
            "BeginOffset": 0,
            "EndOffset": 11
        },
        {
            "Score": 0.9921486377716064,
            "Text": "Michelle Obama",
            "BeginOffset": 13,
            "EndOffset": 27
        },
        {
            "Score": 0.9885619282722473,
            "Text": "President 2020",
            "BeginOffset": 32,
            "EndOffset": 46
        },
        {
            "Score": 0.9613236784934998,
            "Text": "a super PAC",
            "BeginOffset": 57,
            "EndOffset": 68
        }
    ]
}
