{
    "KeyPhrases": [
        {
            "Score": 0.9173915982246399,
            "Text": "“Hillary",
            "BeginOffset": 17,
            "EndOffset": 25
        },
        {
            "Score": 0.9901660680770874,
            "Text": "’s actions",
            "BeginOffset": 25,
            "EndOffset": 35
        },
        {
            "Score": 0.840928852558136,
            "Text": "Trump",
            "BeginOffset": 39,
            "EndOffset": 44
        },
        {
            "Score": 0.9993637800216675,
            "Text": "’s words",
            "BeginOffset": 44,
            "EndOffset": 52
        }
    ]
}
