{
    "KeyPhrases": [
        {
            "Score": 0.6232555508613586,
            "Text": "«",
            "BeginOffset": 0,
            "EndOffset": 1
        },
        {
            "Score": 0.9782451391220093,
            "Text": "remarks",
            "BeginOffset": 12,
            "EndOffset": 19
        },
        {
            "Score": 0.7680601477622986,
            "Text": "remarks",
            "BeginOffset": 33,
            "EndOffset": 40
        }
    ]
}
