{
    "KeyPhrases": [
        {
            "Score": 0.9022408723831177,
            "Text": "RT @Tiannalove1D567",
            "BeginOffset": 0,
            "EndOffset": 19
        },
        {
            "Score": 0.8973472714424133,
            "Text": "Wait",
            "BeginOffset": 21,
            "EndOffset": 25
        },
        {
            "Score": 0.8933860063552856,
            "Text": "my makeup",
            "BeginOffset": 36,
            "EndOffset": 45
        }
    ]
}
