{
    "KeyPhrases": [
        {
            "Score": 0.8661059141159058,
            "Text": "RT @1063atl",
            "BeginOffset": 0,
            "EndOffset": 11
        },
        {
            "Score": 0.8166013956069946,
            "Text": "Dino",
            "BeginOffset": 26,
            "EndOffset": 30
        },
        {
            "Score": 0.9704749584197998,
            "Text": "@Mysterious_Ent",
            "BeginOffset": 32,
            "EndOffset": 47
        },
        {
            "Score": 0.9106638431549072,
            "Text": "Slow Grippin",
            "BeginOffset": 51,
            "EndOffset": 63
        }
    ]
}
