{
    "KeyPhrases": [
        {
            "Score": 0.9612960815429688,
            "Text": "RT @EconEconomics",
            "BeginOffset": 0,
            "EndOffset": 17
        },
        {
            "Score": 0.9053203463554382,
            "Text": "the 1980s average temps",
            "BeginOffset": 25,
            "EndOffset": 48
        },
        {
            "Score": 0.9899423122406006,
            "Text": "California",
            "BeginOffset": 52,
            "EndOffset": 62
        },
        {
            "Score": 0.9962690472602844,
            "Text": "the 50 years",
            "BeginOffset": 98,
            "EndOffset": 110
        }
    ]
}
