{
    "KeyPhrases": [
        {
            "Score": 0.7322413921356201,
            "Text": "RT @chiefplan",
            "BeginOffset": 0,
            "EndOffset": 13
        },
        {
            "Score": 0.9532715082168579,
            "Text": "1",
            "BeginOffset": 13,
            "EndOffset": 14
        },
        {
            "Score": 0.6819794178009033,
            "Text": "Thread",
            "BeginOffset": 23,
            "EndOffset": 29
        },
        {
            "Score": 0.9347782135009766,
            "Text": "girl",
            "BeginOffset": 38,
            "EndOffset": 42
        }
    ]
}
