{
    "KeyPhrases": [
        {
            "Score": 0.7170610427856445,
            "Text": "Love",
            "BeginOffset": 13,
            "EndOffset": 17
        },
        {
            "Score": 0.6459468603134155,
            "Text": "Pray",
            "BeginOffset": 48,
            "EndOffset": 52
        },
        {
            "Score": 0.8214510679244995,
            "Text": "everything else",
            "BeginOffset": 66,
            "EndOffset": 81
        },
        {
            "Score": 0.9866371750831604,
            "Text": "God",
            "BeginOffset": 85,
            "EndOffset": 88
        }
    ]
}
