{
    "KeyPhrases": [
        {
            "Score": 0.7343064546585083,
            "Text": "RT @silverdoe",
            "BeginOffset": 0,
            "EndOffset": 13
        },
        {
            "Score": 0.9390245676040649,
            "Text": "2",
            "BeginOffset": 13,
            "EndOffset": 14
        },
        {
            "Score": 0.9958875775337219,
            "Text": "the tossers",
            "BeginOffset": 25,
            "EndOffset": 36
        },
        {
            "Score": 0.9682687520980835,
            "Text": "pleanty",
            "BeginOffset": 46,
            "EndOffset": 53
        }
    ]
}
