{
    "KeyPhrases": [
        {
            "Score": 0.916202962398529,
            "Text": "#2016",
            "BeginOffset": 0,
            "EndOffset": 5
        },
        {
            "Score": 0.9752295017242432,
            "Text": "4Words",
            "BeginOffset": 7,
            "EndOffset": 13
        }
    ]
}
