{
    "KeyPhrases": [
        {
            "Score": 0.7053846716880798,
            "Text": "Fahrenheit 45.1",
            "BeginOffset": 0,
            "EndOffset": 15
        },
        {
            "Score": 0.6699641346931458,
            "Text": "#451istoohot",
            "BeginOffset": 16,
            "EndOffset": 28
        }
    ]
}
