{
    "KeyPhrases": [
        {
            "Score": 0.9663313627243042,
            "Text": "RT @John_R_Scott",
            "BeginOffset": 0,
            "EndOffset": 16
        },
        {
            "Score": 0.9984877109527588,
            "Text": "this story",
            "BeginOffset": 33,
            "EndOffset": 43
        },
        {
            "Score": 0.9910885095596313,
            "Text": "15 times",
            "BeginOffset": 49,
            "EndOffset": 57
        },
        {
            "Score": 0.9929268956184387,
            "Text": "the last 24 hours",
            "BeginOffset": 61,
            "EndOffset": 78
        }
    ]
}
