{
    "KeyPhrases": [
        {
            "Score": 0.8112959265708923,
            "Text": "RT @chrstphrj94",
            "BeginOffset": 0,
            "EndOffset": 15
        },
        {
            "Score": 0.7848617434501648,
            "Text": "Took way",
            "BeginOffset": 17,
            "EndOffset": 25
        },
        {
            "Score": 0.8465635180473328,
            "Text": "#2016",
            "BeginOffset": 36,
            "EndOffset": 41
        }
    ]
}
