{
    "KeyPhrases": [
        {
            "Score": 0.9162968397140503,
            "Text": "RT @Solely_Toya",
            "BeginOffset": 0,
            "EndOffset": 15
        },
        {
            "Score": 0.8654118776321411,
            "Text": "Sarcasm",
            "BeginOffset": 17,
            "EndOffset": 24
        },
        {
            "Score": 0.6137737035751343,
            "Text": "#2017",
            "BeginOffset": 39,
            "EndOffset": 44
        }
    ]
}
