{
    "KeyPhrases": [
        {
            "Score": 0.9397440552711487,
            "Text": "RT @Zaponex",
            "BeginOffset": 0,
            "EndOffset": 11
        },
        {
            "Score": 0.9964103698730469,
            "Text": "Orange County",
            "BeginOffset": 13,
            "EndOffset": 26
        },
        {
            "Score": 0.8320968747138977,
            "Text": "#2016",
            "BeginOffset": 41,
            "EndOffset": 46
        }
    ]
}
