{
    "KeyPhrases": [
        {
            "Score": 0.9980262517929077,
            "Text": "the right side",
            "BeginOffset": 19,
            "EndOffset": 33
        },
        {
            "Score": 0.9981592297554016,
            "Text": "history",
            "BeginOffset": 37,
            "EndOffset": 44
        },
        {
            "Score": 0.9965704083442688,
            "Text": "people",
            "BeginOffset": 50,
            "EndOffset": 56
        },
        {
            "Score": 0.5599348545074463,
            "Text": "flags",
            "BeginOffset": 80,
            "EndOffset": 85
        }
    ]
}
