{
    "KeyPhrases": [
        {
            "Score": 0.8763342499732971,
            "Text": "RT @Elkie6",
            "BeginOffset": 0,
            "EndOffset": 10
        },
        {
            "Score": 0.9829221963882446,
            "Text": "all devices",
            "BeginOffset": 17,
            "EndOffset": 28
        },
        {
            "Score": 0.7874449491500854,
            "Text": "#2017",
            "BeginOffset": 43,
            "EndOffset": 48
        }
    ]
}
