{
    "KeyPhrases": [
        {
            "Score": 0.6962845921516418,
            "Text": "Hmm🤔",
            "BeginOffset": 0,
            "EndOffset": 4
        },
        {
            "Score": 0.9374088048934937,
            "Text": "people",
            "BeginOffset": 24,
            "EndOffset": 30
        },
        {
            "Score": 0.956439733505249,
            "Text": "Hillary",
            "BeginOffset": 52,
            "EndOffset": 59
        },
        {
            "Score": 0.7840535640716553,
            "Text": "' flags",
            "BeginOffset": 59,
            "EndOffset": 66
        }
    ]
}
