{
    "KeyPhrases": [
        {
            "Score": 0.8287962079048157,
            "Text": "RT @torij126",
            "BeginOffset": 0,
            "EndOffset": 12
        },
        {
            "Score": 0.7333711981773376,
            "Text": "@Flawsey",
            "BeginOffset": 14,
            "EndOffset": 22
        },
        {
            "Score": 0.9422488212585449,
            "Text": "A Great Day Love",
            "BeginOffset": 28,
            "EndOffset": 44
        }
    ]
}
