{
    "KeyPhrases": [
        {
            "Score": 0.9977167844772339,
            "Text": "Hillary Clinton",
            "BeginOffset": 0,
            "EndOffset": 15
        },
        {
            "Score": 0.9957497119903564,
            "Text": "00,000",
            "BeginOffset": 21,
            "EndOffset": 27
        },
        {
            "Score": 0.9978067874908447,
            "Text": "a Company",
            "BeginOffset": 33,
            "EndOffset": 42
        },
        {
            "Score": 0.9782034158706665,
            "Text": "ISIS ties",
            "BeginOffset": 48,
            "EndOffset": 57
        }
    ]
}
