{
    "KeyPhrases": [
        {
            "Score": 0.9012569189071655,
            "Text": "RT @thehill",
            "BeginOffset": 0,
            "EndOffset": 11
        },
        {
            "Score": 0.8070372343063354,
            "Text": "RNC",
            "BeginOffset": 13,
            "EndOffset": 16
        },
        {
            "Score": 0.99688321352005,
            "Text": "funds",
            "BeginOffset": 29,
            "EndOffset": 34
        },
        {
            "Score": 0.8444830775260925,
            "Text": "Trump",
            "BeginOffset": 45,
            "EndOffset": 50
        }
    ]
}
