{
    "KeyPhrases": [
        {
            "Score": 0.9713910818099976,
            "Text": "2016 DNC",
            "BeginOffset": 3,
            "EndOffset": 11
        },
        {
            "Score": 0.7956893444061279,
            "Text": "Louisiana",
            "BeginOffset": 13,
            "EndOffset": 22
        },
        {
            "Score": 0.874163806438446,
            "Text": "happy, defiant tone",
            "BeginOffset": 31,
            "EndOffset": 50
        }
    ]
}
