{
    "KeyPhrases": [
        {
            "Score": 0.8819819092750549,
            "Text": "RT @MsTexas1967",
            "BeginOffset": 0,
            "EndOffset": 15
        },
        {
            "Score": 0.8553096652030945,
            "Text": "Poor Bono\nStuck",
            "BeginOffset": 17,
            "EndOffset": 32
        },
        {
            "Score": 0.9995772838592529,
            "Text": "a moment",
            "BeginOffset": 36,
            "EndOffset": 44
        }
    ]
}
