{
    "KeyPhrases": [
        {
            "Score": 0.8503699898719788,
            "Text": "RT @tlamb775",
            "BeginOffset": 0,
            "EndOffset": 12
        },
        {
            "Score": 0.5421414375305176,
            "Text": "Enlarge",
            "BeginOffset": 14,
            "EndOffset": 21
        },
        {
            "Score": 0.9739565849304199,
            "Text": "the photo",
            "BeginOffset": 22,
            "EndOffset": 31
        },
        {
            "Score": 0.9930811524391174,
            "Text": "the eyes",
            "BeginOffset": 43,
            "EndOffset": 51
        }
    ]
}
