{
    "KeyPhrases": [
        {
            "Score": 0.9244063496589661,
            "Text": "RT @marlonbisme",
            "BeginOffset": 0,
            "EndOffset": 15
        },
        {
            "Score": 0.9839686751365662,
            "Text": "the people",
            "BeginOffset": 53,
            "EndOffset": 63
        },
        {
            "Score": 0.9977195858955383,
            "Text": "his message",
            "BeginOffset": 93,
            "EndOffset": 104
        },
        {
            "Score": 0.8748010396957397,
            "Text": "b real",
            "BeginOffset": 108,
            "EndOffset": 114
        }
    ]
}
