{
    "KeyPhrases": [
        {
            "Score": 0.9676488637924194,
            "Text": "law",
            "BeginOffset": 13,
            "EndOffset": 16
        },
        {
            "Score": 0.9765588045120239,
            "Text": "lovers",
            "BeginOffset": 20,
            "EndOffset": 26
        },
        {
            "Score": 0.9967341423034668,
            "Text": "Love",
            "BeginOffset": 28,
            "EndOffset": 32
        },
        {
            "Score": 0.9970131516456604,
            "Text": "a greater law",
            "BeginOffset": 36,
            "EndOffset": 49
        }
    ]
}
