{
    "KeyPhrases": [
        {
            "Score": 0.9227070808410645,
            "Text": "RT @zerohedge",
            "BeginOffset": 0,
            "EndOffset": 13
        },
        {
            "Score": 0.9041065573692322,
            "Text": "BOE gilt repurchase",
            "BeginOffset": 15,
            "EndOffset": 34
        },
        {
            "Score": 0.9408084750175476,
            "Text": "7-15 year range",
            "BeginOffset": 38,
            "EndOffset": 53
        },
        {
            "Score": 0.9047091007232666,
            "Text": "3.01 vs 3.08",
            "BeginOffset": 62,
            "EndOffset": 74
        }
    ]
}
