{
    "KeyPhrases": [
        {
            "Score": 0.9108806252479553,
            "Text": "RT @46616C7365",
            "BeginOffset": 0,
            "EndOffset": 14
        },
        {
            "Score": 0.8498059511184692,
            "Text": "@petpanther0 @wikileaks",
            "BeginOffset": 16,
            "EndOffset": 39
        }
    ]
}
