{
    "KeyPhrases": [
        {
            "Score": 0.804042637348175,
            "Text": "RT @crookshanks",
            "BeginOffset": 0,
            "EndOffset": 15
        },
        {
            "Score": 0.7951542139053345,
            "Text": "247",
            "BeginOffset": 15,
            "EndOffset": 18
        },
        {
            "Score": 0.936516523361206,
            "Text": "#HateToEatAndRun",
            "BeginOffset": 20,
            "EndOffset": 36
        },
        {
            "Score": 0.9989988803863525,
            "Text": "no part",
            "BeginOffset": 61,
            "EndOffset": 68
        }
    ]
}
