{
    "KeyPhrases": [
        {
            "Score": 0.9465532302856445,
            "Text": "your life",
            "BeginOffset": 5,
            "EndOffset": 14
        },
        {
            "Score": 0.9938432574272156,
            "Text": "chances",
            "BeginOffset": 21,
            "EndOffset": 28
        },
        {
            "Score": 0.9483561515808105,
            "Text": "the oldest",
            "BeginOffset": 60,
            "EndOffset": 70
        },
        {
            "Score": 0.9850144386291504,
            "Text": "the youngest",
            "BeginOffset": 92,
            "EndOffset": 104
        }
    ]
}
