{
    "KeyPhrases": [
        {
            "Score": 0.9215235710144043,
            "Text": "RT @leuubee",
            "BeginOffset": 0,
            "EndOffset": 11
        },
        {
            "Score": 0.9754687547683716,
            "Text": "2/10",
            "BeginOffset": 13,
            "EndOffset": 17
        },
        {
            "Score": 0.9598270058631897,
            "Text": "#2016",
            "BeginOffset": 35,
            "EndOffset": 40
        }
    ]
}
