{
    "KeyPhrases": [
        {
            "Score": 0.9373826384544373,
            "Text": "RT @JackDrees",
            "BeginOffset": 0,
            "EndOffset": 13
        },
        {
            "Score": 0.9654707312583923,
            "Text": "That Mexican",
            "BeginOffset": 15,
            "EndOffset": 27
        },
        {
            "Score": 0.9982404708862305,
            "Text": "em",
            "BeginOffset": 93,
            "EndOffset": 95
        },
        {
            "Score": 0.9681422114372253,
            "Text": "fun",
            "BeginOffset": 114,
            "EndOffset": 117
        }
    ]
}
