{
    "KeyPhrases": [
        {
            "Score": 0.8391494154930115,
            "Text": "RT @83e1c53fb56d485",
            "BeginOffset": 0,
            "EndOffset": 19
        },
        {
            "Score": 0.9258999824523926,
            "Text": "@Eric_the_bench @AshleyWarrior @col_nj @skb_sara @Elena07617349",
            "BeginOffset": 21,
            "EndOffset": 84
        },
        {
            "Score": 0.9985890984535217,
            "Text": "the news",
            "BeginOffset": 106,
            "EndOffset": 114
        }
    ]
}
