{
    "KeyPhrases": [
        {
            "Score": 0.9641847610473633,
            "Text": "RT @Jason_Alabama",
            "BeginOffset": 0,
            "EndOffset": 17
        },
        {
            "Score": 0.8025746941566467,
            "Text": "Laugh",
            "BeginOffset": 19,
            "EndOffset": 24
        },
        {
            "Score": 0.9974117875099182,
            "Text": "friends",
            "BeginOffset": 28,
            "EndOffset": 35
        },
        {
            "Score": 0.9829935431480408,
            "Text": "snow",
            "BeginOffset": 56,
            "EndOffset": 60
        }
    ]
}
