{
    "KeyPhrases": [
        {
            "Score": 0.8284557461738586,
            "Text": "RT @davethedave_",
            "BeginOffset": 0,
            "EndOffset": 16
        },
        {
            "Score": 0.5112659931182861,
            "Text": "BRB",
            "BeginOffset": 18,
            "EndOffset": 21
        },
        {
            "Score": 0.9962154030799866,
            "Text": "Brunch",
            "BeginOffset": 24,
            "EndOffset": 30
        },
        {
            "Score": 0.9303007125854492,
            "Text": "Ready Bro",
            "BeginOffset": 33,
            "EndOffset": 42
        }
    ]
}
