{
    "KeyPhrases": [
        {
            "Score": 0.8305779099464417,
            "Text": "RT @icarranza500",
            "BeginOffset": 0,
            "EndOffset": 16
        },
        {
            "Score": 0.676103949546814,
            "Text": "MASSACHUSSETS x106",
            "BeginOffset": 115,
            "EndOffset": 133
        }
    ]
}
