{
    "KeyPhrases": [
        {
            "Score": 0.935097336769104,
            "Text": "RT @VedoTheSinger",
            "BeginOffset": 0,
            "EndOffset": 17
        },
        {
            "Score": 0.9997011423110962,
            "Text": "The devil",
            "BeginOffset": 19,
            "EndOffset": 28
        },
        {
            "Score": 0.9585375785827637,
            "Text": "work",
            "BeginOffset": 35,
            "EndOffset": 39
        },
        {
            "Score": 0.9329191446304321,
            "Text": "5 days",
            "BeginOffset": 48,
            "EndOffset": 54
        }
    ]
}
