{
    "KeyPhrases": [
        {
            "Score": 0.8967182636260986,
            "Text": "RT @KCityDaily",
            "BeginOffset": 0,
            "EndOffset": 14
        },
        {
            "Score": 0.5765409469604492,
            "Text": "#news",
            "BeginOffset": 16,
            "EndOffset": 21
        },
        {
            "Score": 0.7048008441925049,
            "Text": "May 2015",
            "BeginOffset": 22,
            "EndOffset": 30
        }
    ]
}
