{
    "KeyPhrases": [
        {
            "Score": 0.9021806716918945,
            "Text": "RT @BobG231",
            "BeginOffset": 0,
            "EndOffset": 11
        },
        {
            "Score": 0.9897922277450562,
            "Text": "Obama",
            "BeginOffset": 16,
            "EndOffset": 21
        },
        {
            "Score": 0.9837033152580261,
            "Text": "America",
            "BeginOffset": 56,
            "EndOffset": 63
        }
    ]
}
