{
    "KeyPhrases": [
        {
            "Score": 0.8684558272361755,
            "Text": "RT @DBloom451",
            "BeginOffset": 0,
            "EndOffset": 13
        },
        {
            "Score": 0.706264078617096,
            "Text": "Yay",
            "BeginOffset": 15,
            "EndOffset": 18
        }
    ]
}
