{
    "KeyPhrases": [
        {
            "Score": 0.7981286644935608,
            "Text": "RT @keeg1616",
            "BeginOffset": 0,
            "EndOffset": 12
        },
        {
            "Score": 0.7881932854652405,
            "Text": "#2016ElectionIn3",
            "BeginOffset": 30,
            "EndOffset": 46
        }
    ]
}
