{
    "KeyPhrases": [
        {
            "Score": 0.9491593241691589,
            "Text": "RT @Hublife",
            "BeginOffset": 0,
            "EndOffset": 11
        },
        {
            "Score": 0.8684472441673279,
            "Text": "Famous",
            "BeginOffset": 13,
            "EndOffset": 19
        },
        {
            "Score": 0.917986273765564,
            "Text": "#2016",
            "BeginOffset": 38,
            "EndOffset": 43
        },
        {
            "Score": 0.7753498554229736,
            "Text": "4Words",
            "BeginOffset": 45,
            "EndOffset": 51
        }
    ]
}
