{
    "KeyPhrases": [
        {
            "Score": 0.8210479021072388,
            "Text": "RT @deborahm657",
            "BeginOffset": 0,
            "EndOffset": 15
        },
        {
            "Score": 0.7109993696212769,
            "Text": "Building",
            "BeginOffset": 17,
            "EndOffset": 25
        },
        {
            "Score": 0.7858797907829285,
            "Text": "that wealth",
            "BeginOffset": 26,
            "EndOffset": 37
        }
    ]
}
