{
    "KeyPhrases": [
        {
            "Score": 0.9924073815345764,
            "Text": "Obama",
            "BeginOffset": 0,
            "EndOffset": 5
        },
        {
            "Score": 0.9841846227645874,
            "Text": "last summit",
            "BeginOffset": 8,
            "EndOffset": 19
        },
        {
            "Score": 0.9866347908973694,
            "Text": "the G20",
            "BeginOffset": 26,
            "EndOffset": 33
        }
    ]
}
