{
    "KeyPhrases": [
        {
            "Score": 0.8842933177947998,
            "Text": "RT @TerryLambert201",
            "BeginOffset": 0,
            "EndOffset": 19
        },
        {
            "Score": 0.8449395298957825,
            "Text": "DC",
            "BeginOffset": 29,
            "EndOffset": 31
        },
        {
            "Score": 0.9899827837944031,
            "Text": "guys",
            "BeginOffset": 49,
            "EndOffset": 53
        }
    ]
}
