{
    "KeyPhrases": [
        {
            "Score": 0.9408504962921143,
            "Text": "RT @ocblues",
            "BeginOffset": 0,
            "EndOffset": 11
        },
        {
            "Score": 0.9997017979621887,
            "Text": "Computers",
            "BeginOffset": 13,
            "EndOffset": 22
        },
        {
            "Score": 0.9076723456382751,
            "Text": "mine",
            "BeginOffset": 58,
            "EndOffset": 62
        },
        {
            "Score": 0.9660907983779907,
            "Text": "Grief 💔",
            "BeginOffset": 76,
            "EndOffset": 83
        }
    ]
}
