{
    "KeyPhrases": [
        {
            "Score": 0.9231298565864563,
            "Text": "RT @DragonflyJonez",
            "BeginOffset": 0,
            "EndOffset": 18
        },
        {
            "Score": 0.9230179190635681,
            "Text": "Another field goal",
            "BeginOffset": 25,
            "EndOffset": 43
        },
        {
            "Score": 0.8488098978996277,
            "Text": "18-10",
            "BeginOffset": 45,
            "EndOffset": 50
        },
        {
            "Score": 0.9488072395324707,
            "Text": "Sports",
            "BeginOffset": 52,
            "EndOffset": 58
        }
    ]
}
