{
    "KeyPhrases": [
        {
            "Score": 0.9951124787330627,
            "Text": "a reason",
            "BeginOffset": 11,
            "EndOffset": 19
        },
        {
            "Score": 0.9910953640937805,
            "Text": "a blessing",
            "BeginOffset": 35,
            "EndOffset": 45
        },
        {
            "Score": 0.9980382919311523,
            "Text": "a lesson",
            "BeginOffset": 49,
            "EndOffset": 57
        }
    ]
}
