{
    "KeyPhrases": [
        {
            "Score": 0.9019455313682556,
            "Text": "RT @thehill",
            "BeginOffset": 0,
            "EndOffset": 11
        },
        {
            "Score": 0.9865406155586243,
            "Text": "Metro",
            "BeginOffset": 13,
            "EndOffset": 18
        },
        {
            "Score": 0.9604017734527588,
            "Text": "mishaps",
            "BeginOffset": 21,
            "EndOffset": 28
        },
        {
            "Score": 0.9637010097503662,
            "Text": "scrutiny",
            "BeginOffset": 35,
            "EndOffset": 43
        }
    ]
}
