{
    "KeyPhrases": [
        {
            "Score": 0.7618957161903381,
            "Text": "RT @2ANow",
            "BeginOffset": 0,
            "EndOffset": 9
        },
        {
            "Score": 0.4151182770729065,
            "Text": "OMG",
            "BeginOffset": 11,
            "EndOffset": 14
        },
        {
            "Score": 0.8216161727905273,
            "Text": "#2",
            "BeginOffset": 32,
            "EndOffset": 34
        },
        {
            "Score": 0.7145141959190369,
            "Text": "A #pjnet #gunsense #ccot",
            "BeginOffset": 34,
            "EndOffset": 58
        }
    ]
}
