{
    "KeyPhrases": [
        {
            "Score": 0.9156268835067749,
            "Text": "RT @CoolChris_007",
            "BeginOffset": 0,
            "EndOffset": 17
        },
        {
            "Score": 0.9992716908454895,
            "Text": "your eyes",
            "BeginOffset": 31,
            "EndOffset": 40
        },
        {
            "Score": 0.9978818297386169,
            "Text": "your Drink",
            "BeginOffset": 44,
            "EndOffset": 54
        },
        {
            "Score": 0.9979807138442993,
            "Text": "the club",
            "BeginOffset": 58,
            "EndOffset": 66
        }
    ]
}
