{
    "KeyPhrases": [
        {
            "Score": 0.9996611475944519,
            "Text": "This guy",
            "BeginOffset": 0,
            "EndOffset": 8
        },
        {
            "Score": 0.9929899573326111,
            "Text": "Trump",
            "BeginOffset": 45,
            "EndOffset": 50
        },
        {
            "Score": 0.9675611257553101,
            "Text": "MSM",
            "BeginOffset": 52,
            "EndOffset": 55
        }
    ]
}
