{
    "KeyPhrases": [
        {
            "Score": 0.8129642009735107,
            "Text": "RT @elchingon5150",
            "BeginOffset": 0,
            "EndOffset": 17
        },
        {
            "Score": 0.9784409999847412,
            "Text": "my cat",
            "BeginOffset": 44,
            "EndOffset": 50
        },
        {
            "Score": 0.9986273646354675,
            "Text": "my Christmas tree",
            "BeginOffset": 68,
            "EndOffset": 85
        },
        {
            "Score": 0.9949277639389038,
            "Text": "this year",
            "BeginOffset": 86,
            "EndOffset": 95
        }
    ]
}
