{
    "KeyPhrases": [
        {
            "Score": 0.9758778214454651,
            "Text": "the USA",
            "BeginOffset": 26,
            "EndOffset": 33
        },
        {
            "Score": 0.7058409452438354,
            "Text": "hate",
            "BeginOffset": 53,
            "EndOffset": 57
        }
    ]
}
