{
    "KeyPhrases": [
        {
            "Score": 0.8230497241020203,
            "Text": "RT @NurseBeth3",
            "BeginOffset": 0,
            "EndOffset": 14
        },
        {
            "Score": 0.9857295751571655,
            "Text": "a Ho",
            "BeginOffset": 20,
            "EndOffset": 24
        },
        {
            "Score": 0.9007975459098816,
            "Text": "Ho",
            "BeginOffset": 26,
            "EndOffset": 28
        },
        {
            "Score": 0.8959994912147522,
            "Text": "Ho",
            "BeginOffset": 30,
            "EndOffset": 32
        }
    ]
}
