{
    "KeyPhrases": [
        {
            "Score": 0.876867949962616,
            "Text": "RT @Lusk1Mark",
            "BeginOffset": 0,
            "EndOffset": 13
        },
        {
            "Score": 0.8250822424888611,
            "Text": "@MetalMamaLady @nanr18 @FranCifelli @Elena07617349",
            "BeginOffset": 15,
            "EndOffset": 65
        },
        {
            "Score": 0.913490355014801,
            "Text": "Elvis",
            "BeginOffset": 100,
            "EndOffset": 105
        }
    ]
}
