{
    "KeyPhrases": [
        {
            "Score": 0.7395532727241516,
            "Text": "My accounts",
            "BeginOffset": 19,
            "EndOffset": 30
        },
        {
            "Score": 0.9977299571037292,
            "Text": "my field",
            "BeginOffset": 35,
            "EndOffset": 43
        },
        {
            "Score": 0.9984439015388489,
            "Text": "expression",
            "BeginOffset": 48,
            "EndOffset": 58
        },
        {
            "Score": 0.9932193160057068,
            "Text": "the right",
            "BeginOffset": 79,
            "EndOffset": 88
        }
    ]
}
