{
    "KeyPhrases": [
        {
            "Score": 0.9235777258872986,
            "Text": "RT @MekashoK",
            "BeginOffset": 0,
            "EndOffset": 12
        },
        {
            "Score": 0.7055042386054993,
            "Text": "Trema",
            "BeginOffset": 14,
            "EndOffset": 19
        },
        {
            "Score": 0.5774890780448914,
            "Text": "ROAD",
            "BeginOffset": 34,
            "EndOffset": 38
        }
    ]
}
