{
    "KeyPhrases": [
        {
            "Score": 0.8527461290359497,
            "Text": "RT @bill_lee1234",
            "BeginOffset": 0,
            "EndOffset": 16
        },
        {
            "Score": 0.7375248074531555,
            "Text": "#mondaymotivation #2017SurvivalTips",
            "BeginOffset": 18,
            "EndOffset": 53
        },
        {
            "Score": 0.9870854020118713,
            "Text": "No one",
            "BeginOffset": 54,
            "EndOffset": 60
        },
        {
            "Score": 0.3359741270542145,
            "Text": "#MOTIVATIONMONDAY",
            "BeginOffset": 111,
            "EndOffset": 128
        }
    ]
}
