{
    "KeyPhrases": [
        {
            "Score": 0.9377553462982178,
            "Text": "RT @acamire",
            "BeginOffset": 0,
            "EndOffset": 11
        },
        {
            "Score": 0.8490263819694519,
            "Text": "Jeremiah 29:13,14",
            "BeginOffset": 13,
            "EndOffset": 30
        },
        {
            "Score": 0.9870607256889343,
            "Text": "all your heart",
            "BeginOffset": 100,
            "EndOffset": 114
        }
    ]
}
