{
    "KeyPhrases": [
        {
            "Score": 0.9280433654785156,
            "Text": "RT @alexburnsNYT",
            "BeginOffset": 0,
            "EndOffset": 16
        },
        {
            "Score": 0.9278304576873779,
            "Text": "Notion",
            "BeginOffset": 18,
            "EndOffset": 24
        },
        {
            "Score": 0.9812446236610413,
            "Text": "Trump",
            "BeginOffset": 30,
            "EndOffset": 35
        },
        {
            "Score": 0.9995712637901306,
            "Text": "his fall",
            "BeginOffset": 45,
            "EndOffset": 53
        }
    ]
}
