{
    "KeyPhrases": [
        {
            "Score": 0.8661059141159058,
            "Text": "RT @1063atl",
            "BeginOffset": 0,
            "EndOffset": 11
        },
        {
            "Score": 0.7941831946372986,
            "Text": "Raekwon",
            "BeginOffset": 26,
            "EndOffset": 33
        },
        {
            "Score": 0.871665358543396,
            "Text": "My Corner ft",
            "BeginOffset": 36,
            "EndOffset": 48
        },
        {
            "Score": 0.9461025595664978,
            "Text": "Lil Wayne",
            "BeginOffset": 50,
            "EndOffset": 59
        }
    ]
}
