{
    "KeyPhrases": [
        {
            "Score": 0.9582913517951965,
            "Text": "RT @DR8801",
            "BeginOffset": 0,
            "EndOffset": 10
        },
        {
            "Score": 0.9815009236335754,
            "Text": "Full Speech",
            "BeginOffset": 12,
            "EndOffset": 23
        },
        {
            "Score": 0.9624307751655579,
            "Text": "Donald Trump Holds Rally",
            "BeginOffset": 25,
            "EndOffset": 49
        },
        {
            "Score": 0.8958056569099426,
            "Text": "Miami, FL 9/16/16",
            "BeginOffset": 53,
            "EndOffset": 70
        }
    ]
}
