{
    "KeyPhrases": [
        {
            "Score": 0.9557647705078125,
            "Text": "300 six packs",
            "BeginOffset": 28,
            "EndOffset": 41
        },
        {
            "Score": 0.955242931842804,
            "Text": "one screen shot",
            "BeginOffset": 45,
            "EndOffset": 60
        },
        {
            "Score": 0.8285107016563416,
            "Text": "#300 #TweetsFrom10YearsAgo",
            "BeginOffset": 77,
            "EndOffset": 103
        }
    ]
}
