{
    "KeyPhrases": [
        {
            "Score": 0.9328240752220154,
            "Text": "RT @Danzig303",
            "BeginOffset": 0,
            "EndOffset": 13
        },
        {
            "Score": 0.42714813351631165,
            "Text": "#POTUSLastTweet",
            "BeginOffset": 15,
            "EndOffset": 30
        },
        {
            "Score": 0.7832622528076172,
            "Text": "talk",
            "BeginOffset": 51,
            "EndOffset": 55
        },
        {
            "Score": 0.9857142567634583,
            "Text": "his daughter",
            "BeginOffset": 64,
            "EndOffset": 76
        }
    ]
}
