{
    "KeyPhrases": [
        {
            "Score": 0.9216250777244568,
            "Text": "a guy",
            "BeginOffset": 7,
            "EndOffset": 12
        },
        {
            "Score": 0.9108016490936279,
            "Text": "best friend",
            "BeginOffset": 13,
            "EndOffset": 24
        },
        {
            "Score": 0.992175817489624,
            "Text": "the best thing",
            "BeginOffset": 37,
            "EndOffset": 51
        },
        {
            "Score": 0.9826588034629822,
            "Text": "love",
            "BeginOffset": 74,
            "EndOffset": 78
        }
    ]
}
