{
    "KeyPhrases": [
        {
            "Score": 0.7932475805282593,
            "Text": "GOP",
            "BeginOffset": 7,
            "EndOffset": 10
        },
        {
            "Score": 0.9708821773529053,
            "Text": "Trump",
            "BeginOffset": 21,
            "EndOffset": 26
        },
        {
            "Score": 0.9944564700126648,
            "Text": "America",
            "BeginOffset": 37,
            "EndOffset": 44
        }
    ]
}
