{
    "KeyPhrases": [
        {
            "Score": 0.9352747797966003,
            "Text": "RT @ElPaso_Post",
            "BeginOffset": 0,
            "EndOffset": 15
        },
        {
            "Score": 0.5459116697311401,
            "Text": "Disturbios",
            "BeginOffset": 17,
            "EndOffset": 27
        },
        {
            "Score": 0.9354498982429504,
            "Text": "Los Ángeles",
            "BeginOffset": 31,
            "EndOffset": 42
        },
        {
            "Score": 0.49712881445884705,
            "Text": "hace 23",
            "BeginOffset": 44,
            "EndOffset": 51
        }
    ]
}
