{
    "KeyPhrases": [
        {
            "Score": 0.9317507743835449,
            "Text": "RT @zerohedge",
            "BeginOffset": 0,
            "EndOffset": 13
        },
        {
            "Score": 0.9986611604690552,
            "Text": "Prince",
            "BeginOffset": 15,
            "EndOffset": 21
        },
        {
            "Score": 0.9718352556228638,
            "Text": "key asset",
            "BeginOffset": 24,
            "EndOffset": 33
        },
        {
            "Score": 0.971116840839386,
            "Text": "time",
            "BeginOffset": 37,
            "EndOffset": 41
        }
    ]
}
