{
    "KeyPhrases": [
        {
            "Score": 0.842952311038971,
            "Text": "RT @GemMar333",
            "BeginOffset": 0,
            "EndOffset": 13
        },
        {
            "Score": 0.8536890745162964,
            "Text": "@CGAdamo",
            "BeginOffset": 15,
            "EndOffset": 23
        },
        {
            "Score": 0.9921345114707947,
            "Text": "a Virgo~",
            "BeginOffset": 42,
            "EndOffset": 50
        },
        {
            "Score": 0.7963925004005432,
            "Text": "~ @DarkEpiphany9 @",
            "BeginOffset": 75,
            "EndOffset": 93
        }
    ]
}
