{
    "KeyPhrases": [
        {
            "Score": 0.9136006236076355,
            "Text": "RT @Amyloukingery",
            "BeginOffset": 0,
            "EndOffset": 17
        },
        {
            "Score": 0.910947859287262,
            "Text": "4000 US Troops",
            "BeginOffset": 19,
            "EndOffset": 33
        },
        {
            "Score": 0.9793488383293152,
            "Text": "Border",
            "BeginOffset": 42,
            "EndOffset": 48
        },
        {
            "Score": 0.7993787527084351,
            "Text": "Russia",
            "BeginOffset": 52,
            "EndOffset": 58
        }
    ]
}
