{
    "KeyPhrases": [
        {
            "Score": 0.9428282976150513,
            "Text": "RT @CSNNE",
            "BeginOffset": 0,
            "EndOffset": 9
        },
        {
            "Score": 0.9737351536750793,
            "Text": "The 2017-18 season",
            "BeginOffset": 11,
            "EndOffset": 29
        },
        {
            "Score": 0.9849935173988342,
            "Text": "the Celtics",
            "BeginOffset": 53,
            "EndOffset": 64
        },
        {
            "Score": 0.9898768067359924,
            "Text": "' roster",
            "BeginOffset": 64,
            "EndOffset": 72
        }
    ]
}
