{
    "KeyPhrases": [
        {
            "Score": 0.9423002600669861,
            "Text": "RT @Vapo_Rob",
            "BeginOffset": 0,
            "EndOffset": 12
        },
        {
            "Score": 0.88039231300354,
            "Text": "Democracy",
            "BeginOffset": 14,
            "EndOffset": 23
        },
        {
            "Score": 0.8957486152648926,
            "Text": "#2016",
            "BeginOffset": 42,
            "EndOffset": 47
        },
        {
            "Score": 0.7035215497016907,
            "Text": "ElectionIn3",
            "BeginOffset": 47,
            "EndOffset": 58
        }
    ]
}
