{
    "KeyPhrases": [
        {
            "Score": 0.8499858379364014,
            "Text": "RT @USAforTrump2016",
            "BeginOffset": 0,
            "EndOffset": 19
        },
        {
            "Score": 0.9954192042350769,
            "Text": "my future",
            "BeginOffset": 56,
            "EndOffset": 65
        },
        {
            "Score": 0.9992648959159851,
            "Text": "the greatest country",
            "BeginOffset": 69,
            "EndOffset": 89
        },
        {
            "Score": 0.9985604286193848,
            "Text": "the world",
            "BeginOffset": 93,
            "EndOffset": 102
        }
    ]
}
