{
    "KeyPhrases": [
        {
            "Score": 0.8503157496452332,
            "Text": "RT @DearLeader10",
            "BeginOffset": 0,
            "EndOffset": 16
        },
        {
            "Score": 0.6173449754714966,
            "Text": "tryna",
            "BeginOffset": 27,
            "EndOffset": 32
        },
        {
            "Score": 0.9736052751541138,
            "Text": "DMs EARLY",
            "BeginOffset": 45,
            "EndOffset": 54
        }
    ]
}
