{
    "KeyPhrases": [
        {
            "Score": 0.9440479278564453,
            "Text": "RT @GrafficTees",
            "BeginOffset": 0,
            "EndOffset": 15
        },
        {
            "Score": 0.9941149353981018,
            "Text": "7 years",
            "BeginOffset": 24,
            "EndOffset": 31
        },
        {
            "Score": 0.971248984336853,
            "Text": "their team",
            "BeginOffset": 104,
            "EndOffset": 114
        },
        {
            "Score": 0.9803948402404785,
            "Text": "the ball",
            "BeginOffset": 119,
            "EndOffset": 127
        }
    ]
}
