{
    "KeyPhrases": [
        {
            "Score": 0.8553727865219116,
            "Text": "RT @USAforTrump2016",
            "BeginOffset": 0,
            "EndOffset": 19
        },
        {
            "Score": 0.7646036148071289,
            "Text": "Make America Great",
            "BeginOffset": 21,
            "EndOffset": 39
        },
        {
            "Score": 0.8083136081695557,
            "Text": "#Election2016",
            "BeginOffset": 47,
            "EndOffset": 60
        },
        {
            "Score": 0.726958155632019,
            "Text": "2016 #ElectionDay #VoteTrump",
            "BeginOffset": 67,
            "EndOffset": 95
        }
    ]
}
