{
    "KeyPhrases": [
        {
            "Score": 0.9157045483589172,
            "Text": "RT @cmdorsey",
            "BeginOffset": 0,
            "EndOffset": 12
        },
        {
            "Score": 0.9851515293121338,
            "Text": "each other",
            "BeginOffset": 31,
            "EndOffset": 41
        },
        {
            "Score": 0.9827526211738586,
            "Text": "ass",
            "BeginOffset": 44,
            "EndOffset": 47
        },
        {
            "Score": 0.8729687929153442,
            "Text": "'em",
            "BeginOffset": 60,
            "EndOffset": 63
        }
    ]
}
