{
    "KeyPhrases": [
        {
            "Score": 0.9377586841583252,
            "Text": "RT @LiianVarus",
            "BeginOffset": 0,
            "EndOffset": 14
        },
        {
            "Score": 0.7909991145133972,
            "Text": "555",
            "BeginOffset": 17,
            "EndOffset": 20
        },
        {
            "Score": 0.8575592637062073,
            "Text": "983-2476",
            "BeginOffset": 22,
            "EndOffset": 30
        },
        {
            "Score": 0.9984262585639954,
            "Text": "sex",
            "BeginOffset": 35,
            "EndOffset": 38
        }
    ]
}
