{
    "KeyPhrases": [
        {
            "Score": 0.9284849166870117,
            "Text": "RT @shlomikliab",
            "BeginOffset": 0,
            "EndOffset": 15
        },
        {
            "Score": 0.9729235172271729,
            "Text": "@10223335",
            "BeginOffset": 38,
            "EndOffset": 47
        },
        {
            "Score": 0.9946881532669067,
            "Text": "the definitions",
            "BeginOffset": 63,
            "EndOffset": 78
        }
    ]
}
