{
    "KeyPhrases": [
        {
            "Score": 0.9863947033882141,
            "Text": "music",
            "BeginOffset": 15,
            "EndOffset": 20
        },
        {
            "Score": 0.9980995655059814,
            "Text": "souls",
            "BeginOffset": 33,
            "EndOffset": 38
        }
    ]
}
