{
    "KeyPhrases": [
        {
            "Score": 0.8748942613601685,
            "Text": "RT @bfraser747",
            "BeginOffset": 0,
            "EndOffset": 14
        },
        {
            "Score": 0.8813170194625854,
            "Text": "💥💥💥 VOTER FRAUD",
            "BeginOffset": 16,
            "EndOffset": 31
        },
        {
            "Score": 0.9993468523025513,
            "Text": "any kind",
            "BeginOffset": 49,
            "EndOffset": 57
        },
        {
            "Score": 0.9069864749908447,
            "Text": "voter fraud Call Trump  Ballot Security 1-855-245-4634",
            "BeginOffset": 61,
            "EndOffset": 115
        }
    ]
}
