{
    "KeyPhrases": [
        {
            "Score": 0.923515260219574,
            "Text": "RT @mentalerase",
            "BeginOffset": 0,
            "EndOffset": 15
        },
        {
            "Score": 0.7428107261657715,
            "Text": "#2016",
            "BeginOffset": 17,
            "EndOffset": 22
        },
        {
            "Score": 0.44410330057144165,
            "Text": "WillGoDown",
            "BeginOffset": 22,
            "EndOffset": 32
        }
    ]
}
