{
    "KeyPhrases": [
        {
            "Score": 0.9987432360649109,
            "Text": "The Media",
            "BeginOffset": 0,
            "EndOffset": 9
        },
        {
            "Score": 0.9969094395637512,
            "Text": "long lines",
            "BeginOffset": 26,
            "EndOffset": 36
        },
        {
            "Score": 0.9990717768669128,
            "Text": "Trump",
            "BeginOffset": 49,
            "EndOffset": 54
        },
        {
            "Score": 0.9903015494346619,
            "Text": "rally",
            "BeginOffset": 57,
            "EndOffset": 62
        }
    ]
}
