{
    "KeyPhrases": [
        {
            "Score": 0.7987439036369324,
            "Text": "RT @wrkgmom",
            "BeginOffset": 0,
            "EndOffset": 11
        },
        {
            "Score": 0.8632744550704956,
            "Text": "24",
            "BeginOffset": 11,
            "EndOffset": 13
        },
        {
            "Score": 0.9983543157577515,
            "Text": "the election",
            "BeginOffset": 49,
            "EndOffset": 61
        }
    ]
}
