{
    "KeyPhrases": [
        {
            "Score": 0.9415357112884521,
            "Text": "RT @bakedalaska",
            "BeginOffset": 0,
            "EndOffset": 15
        },
        {
            "Score": 0.9983258843421936,
            "Text": "Her name",
            "BeginOffset": 17,
            "EndOffset": 25
        },
        {
            "Score": 0.9973534345626831,
            "Text": "any other race",
            "BeginOffset": 76,
            "EndOffset": 90
        },
        {
            "Score": 0.9296274781227112,
            "Text": "24/7 live coverage",
            "BeginOffset": 103,
            "EndOffset": 121
        }
    ]
}
