{
    "KeyPhrases": [
        {
            "Score": 0.9957796931266785,
            "Text": "passion",
            "BeginOffset": 15,
            "EndOffset": 22
        },
        {
            "Score": 0.8252195715904236,
            "Text": "no love",
            "BeginOffset": 37,
            "EndOffset": 44
        },
        {
            "Score": 0.9160474538803101,
            "Text": "smoke",
            "BeginOffset": 75,
            "EndOffset": 80
        },
        {
            "Score": 0.8954625129699707,
            "Text": "this cigarette",
            "BeginOffset": 89,
            "EndOffset": 103
        }
    ]
}
