{
    "KeyPhrases": [
        {
            "Score": 0.880688488483429,
            "Text": "RT @carmen_piscopo",
            "BeginOffset": 0,
            "EndOffset": 18
        },
        {
            "Score": 0.8883029818534851,
            "Text": "@Elena07617349 lo",
            "BeginOffset": 20,
            "EndOffset": 37
        }
    ]
}
