{
    "KeyPhrases": [
        {
            "Score": 0.882398247718811,
            "Text": "Bullets",
            "BeginOffset": 0,
            "EndOffset": 7
        },
        {
            "Score": 0.9550928473472595,
            "Text": "rehab",
            "BeginOffset": 14,
            "EndOffset": 19
        },
        {
            "Score": 0.7356741428375244,
            "Text": "Asia",
            "BeginOffset": 23,
            "EndOffset": 27
        },
        {
            "Score": 0.9583006501197815,
            "Text": "war",
            "BeginOffset": 47,
            "EndOffset": 50
        }
    ]
}
