{
    "KeyPhrases": [
        {
            "Score": 0.9007951617240906,
            "Text": "RT @Kamani1147",
            "BeginOffset": 0,
            "EndOffset": 14
        },
        {
            "Score": 0.9853848218917847,
            "Text": "1-watt bulbs",
            "BeginOffset": 41,
            "EndOffset": 53
        }
    ]
}
