{
    "KeyPhrases": [
        {
            "Score": 0.9689087867736816,
            "Text": "Hillary",
            "BeginOffset": 8,
            "EndOffset": 15
        },
        {
            "Score": 0.9914323687553406,
            "Text": "one statement",
            "BeginOffset": 18,
            "EndOffset": 31
        },
        {
            "Score": 0.9743480086326599,
            "Text": "women",
            "BeginOffset": 75,
            "EndOffset": 80
        },
        {
            "Score": 0.9892784953117371,
            "Text": "rights",
            "BeginOffset": 83,
            "EndOffset": 89
        }
    ]
}
