{
    "KeyPhrases": [
        {
            "Score": 0.9219924211502075,
            "Text": "RT @DanaGeezus",
            "BeginOffset": 0,
            "EndOffset": 14
        },
        {
            "Score": 0.7915557026863098,
            "Text": "#2016",
            "BeginOffset": 16,
            "EndOffset": 21
        },
        {
            "Score": 0.8053718209266663,
            "Text": "ElectionIn3Words",
            "BeginOffset": 21,
            "EndOffset": 37
        },
        {
            "Score": 0.9849844574928284,
            "Text": "the pussy",
            "BeginOffset": 43,
            "EndOffset": 52
        }
    ]
}
