{
    "KeyPhrases": [
        {
            "Score": 0.9377365708351135,
            "Text": "RT @BoogsMalone",
            "BeginOffset": 0,
            "EndOffset": 15
        },
        {
            "Score": 0.9152857661247253,
            "Text": "beats",
            "BeginOffset": 23,
            "EndOffset": 28
        },
        {
            "Score": 0.9707850813865662,
            "Text": "em",
            "BeginOffset": 56,
            "EndOffset": 58
        },
        {
            "Score": 0.721493124961853,
            "Text": "hop",
            "BeginOffset": 65,
            "EndOffset": 68
        }
    ]
}
