{
    "KeyPhrases": [
        {
            "Score": 0.9299283623695374,
            "Text": "RT @sissyknits",
            "BeginOffset": 0,
            "EndOffset": 14
        },
        {
            "Score": 0.9994862079620361,
            "Text": "my curves",
            "BeginOffset": 31,
            "EndOffset": 40
        },
        {
            "Score": 0.8785278797149658,
            "Text": "a toddler",
            "BeginOffset": 88,
            "EndOffset": 97
        },
        {
            "Score": 0.8740454316139221,
            "Text": "my ass",
            "BeginOffset": 108,
            "EndOffset": 114
        }
    ]
}
