{
    "KeyPhrases": [
        {
            "Score": 0.9960512518882751,
            "Text": "The best thing",
            "BeginOffset": 0,
            "EndOffset": 14
        },
        {
            "Score": 0.9943679571151733,
            "Text": "the future",
            "BeginOffset": 21,
            "EndOffset": 31
        },
        {
            "Score": 0.9735715389251709,
            "Text": "one day",
            "BeginOffset": 44,
            "EndOffset": 51
        },
        {
            "Score": 0.9989500641822815,
            "Text": "a time",
            "BeginOffset": 55,
            "EndOffset": 61
        }
    ]
}
