{
    "KeyPhrases": [
        {
            "Score": 0.9412592649459839,
            "Text": "RT @RealAlexJones",
            "BeginOffset": 0,
            "EndOffset": 17
        },
        {
            "Score": 0.8869196176528931,
            "Text": "fine member states",
            "BeginOffset": 48,
            "EndOffset": 66
        },
        {
            "Score": 0.8339031934738159,
            "Text": "€250,000",
            "BeginOffset": 67,
            "EndOffset": 75
        },
        {
            "Score": 0.9903300404548645,
            "Text": "every migrant",
            "BeginOffset": 80,
            "EndOffset": 93
        }
    ]
}
