{
    "KeyPhrases": [
        {
            "Score": 0.9318853616714478,
            "Text": "RT @divafeminist",
            "BeginOffset": 0,
            "EndOffset": 16
        },
        {
            "Score": 0.9876194596290588,
            "Text": "Trump",
            "BeginOffset": 52,
            "EndOffset": 57
        },
        {
            "Score": 0.9947468042373657,
            "Text": "a word",
            "BeginOffset": 75,
            "EndOffset": 81
        },
        {
            "Score": 0.8926233053207397,
            "Text": "an action",
            "BeginOffset": 106,
            "EndOffset": 115
        }
    ]
}
