{
    "KeyPhrases": [
        {
            "Score": 0.9442662000656128,
            "Text": "RT @JoyAnnReid",
            "BeginOffset": 0,
            "EndOffset": 14
        },
        {
            "Score": 0.677243173122406,
            "Text": "BTW",
            "BeginOffset": 16,
            "EndOffset": 19
        },
        {
            "Score": 0.9972712397575378,
            "Text": "thirst",
            "BeginOffset": 77,
            "EndOffset": 83
        },
        {
            "Score": 0.9986433386802673,
            "Text": "your jail",
            "BeginOffset": 87,
            "EndOffset": 96
        }
    ]
}
