{
    "KeyPhrases": [
        {
            "Score": 0.8134680986404419,
            "Text": "RT @santiagos",
            "BeginOffset": 0,
            "EndOffset": 13
        },
        {
            "Score": 0.8894137144088745,
            "Text": "58",
            "BeginOffset": 13,
            "EndOffset": 15
        },
        {
            "Score": 0.9519333243370056,
            "Text": "Hillary Clinton",
            "BeginOffset": 21,
            "EndOffset": 36
        },
        {
            "Score": 0.8821089863777161,
            "Text": "Campaign",
            "BeginOffset": 39,
            "EndOffset": 47
        }
    ]
}
