{
    "KeyPhrases": [
        {
            "Score": 0.5379319787025452,
            "Text": "Trump",
            "BeginOffset": 0,
            "EndOffset": 5
        },
        {
            "Score": 0.9851201772689819,
            "Text": "strategy",
            "BeginOffset": 12,
            "EndOffset": 20
        },
        {
            "Score": 0.9325142502784729,
            "Text": "ISIS",
            "BeginOffset": 24,
            "EndOffset": 28
        }
    ]
}
