{
    "KeyPhrases": [
        {
            "Score": 0.8195068836212158,
            "Text": "RT @jstines",
            "BeginOffset": 0,
            "EndOffset": 11
        },
        {
            "Score": 0.9231736063957214,
            "Text": "3",
            "BeginOffset": 11,
            "EndOffset": 12
        }
    ]
}
