{
    "KeyPhrases": [
        {
            "Score": 0.9006271362304688,
            "Text": "RT @Eli22301003",
            "BeginOffset": 0,
            "EndOffset": 15
        },
        {
            "Score": 0.6840141415596008,
            "Text": "Riddle",
            "BeginOffset": 17,
            "EndOffset": 23
        },
        {
            "Score": 0.9940475225448608,
            "Text": "Hillary",
            "BeginOffset": 37,
            "EndOffset": 44
        },
        {
            "Score": 0.9796196222305298,
            "Text": "crowds",
            "BeginOffset": 78,
            "EndOffset": 84
        }
    ]
}
