{
    "KeyPhrases": [
        {
            "Score": 0.7793377637863159,
            "Text": "RT @Brinny88",
            "BeginOffset": 0,
            "EndOffset": 12
        },
        {
            "Score": 0.7633582949638367,
            "Text": "#2017SurvivalTips",
            "BeginOffset": 14,
            "EndOffset": 31
        },
        {
            "Score": 0.9911796450614929,
            "Text": "your comfort zone",
            "BeginOffset": 44,
            "EndOffset": 61
        }
    ]
}
