{
    "KeyPhrases": [
        {
            "Score": 0.9032438397407532,
            "Text": "RT @KCamp427",
            "BeginOffset": 0,
            "EndOffset": 12
        },
        {
            "Score": 0.9211168885231018,
            "Text": "Proud",
            "BeginOffset": 14,
            "EndOffset": 19
        }
    ]
}
