{
    "KeyPhrases": [
        {
            "Score": 0.9367153644561768,
            "Text": "RT @zvjezdanpatz",
            "BeginOffset": 0,
            "EndOffset": 16
        },
        {
            "Score": 0.7676369547843933,
            "Text": "a lot",
            "BeginOffset": 25,
            "EndOffset": 30
        },
        {
            "Score": 0.9993823766708374,
            "Text": "people",
            "BeginOffset": 34,
            "EndOffset": 40
        },
        {
            "Score": 0.9882228970527649,
            "Text": "my name",
            "BeginOffset": 52,
            "EndOffset": 59
        }
    ]
}
