{
    "KeyPhrases": [
        {
            "Score": 0.9984962344169617,
            "Text": "a life",
            "BeginOffset": 12,
            "EndOffset": 18
        },
        {
            "Score": 0.9462995529174805,
            "Text": "DO NOT",
            "BeginOffset": 44,
            "EndOffset": 50
        },
        {
            "Score": 0.9917117357254028,
            "Text": "#HashtagGames",
            "BeginOffset": 62,
            "EndOffset": 75
        }
    ]
}
