{
    "KeyPhrases": [
        {
            "Score": 0.8517095446586609,
            "Text": "RT @indigenous01",
            "BeginOffset": 0,
            "EndOffset": 16
        },
        {
            "Score": 0.9867093563079834,
            "Text": "the D.C. GOP",
            "BeginOffset": 43,
            "EndOffset": 55
        },
        {
            "Score": 0.9629557728767395,
            "Text": "a severe im",
            "BeginOffset": 102,
            "EndOffset": 113
        }
    ]
}
