{
    "KeyPhrases": [
        {
            "Score": 0.8603864312171936,
            "Text": "RT @jesska552",
            "BeginOffset": 0,
            "EndOffset": 13
        },
        {
            "Score": 0.7591416835784912,
            "Text": "#ReasonsToGetDivorced",
            "BeginOffset": 15,
            "EndOffset": 36
        },
        {
            "Score": 0.9981377720832825,
            "Text": "her farts",
            "BeginOffset": 42,
            "EndOffset": 51
        },
        {
            "Score": 0.986539900302887,
            "Text": "1,000,000 times",
            "BeginOffset": 56,
            "EndOffset": 71
        }
    ]
}
