{
    "KeyPhrases": [
        {
            "Score": 0.8724877238273621,
            "Text": "RT @C0nservativeGal",
            "BeginOffset": 0,
            "EndOffset": 19
        },
        {
            "Score": 0.9758527874946594,
            "Text": "40k",
            "BeginOffset": 21,
            "EndOffset": 24
        },
        {
            "Score": 0.998065173625946,
            "Text": "followers",
            "BeginOffset": 28,
            "EndOffset": 37
        },
        {
            "Score": 0.9788837432861328,
            "Text": "Whatcha",
            "BeginOffset": 39,
            "EndOffset": 46
        }
    ]
}
