{
    "KeyPhrases": [
        {
            "Score": 0.7315576076507568,
            "Text": "RT @coolcam",
            "BeginOffset": 0,
            "EndOffset": 11
        },
        {
            "Score": 0.9521870613098145,
            "Text": "101",
            "BeginOffset": 11,
            "EndOffset": 14
        },
        {
            "Score": 0.9764922261238098,
            "Text": "#ToFeelBetterI",
            "BeginOffset": 16,
            "EndOffset": 30
        },
        {
            "Score": 0.9987717866897583,
            "Text": "some knowledge",
            "BeginOffset": 44,
            "EndOffset": 58
        }
    ]
}
