{
    "KeyPhrases": [
        {
            "Score": 0.8547706604003906,
            "Text": "RT @ThatOneGuy600",
            "BeginOffset": 0,
            "EndOffset": 17
        },
        {
            "Score": 0.8273518681526184,
            "Text": "Cheetos",
            "BeginOffset": 34,
            "EndOffset": 41
        },
        {
            "Score": 0.9832191467285156,
            "Text": "porn",
            "BeginOffset": 55,
            "EndOffset": 59
        },
        {
            "Score": 0.9592489004135132,
            "Text": "my parents basement",
            "BeginOffset": 63,
            "EndOffset": 82
        }
    ]
}
