{
    "KeyPhrases": [
        {
            "Score": 0.7302366495132446,
            "Text": "RT @stefanocarlo",
            "BeginOffset": 0,
            "EndOffset": 16
        },
        {
            "Score": 0.7675316333770752,
            "Text": "2",
            "BeginOffset": 16,
            "EndOffset": 17
        },
        {
            "Score": 0.8983087539672852,
            "Text": "@Elena07617349 non è un quesito ma",
            "BeginOffset": 19,
            "EndOffset": 53
        }
    ]
}
