{
    "KeyPhrases": [
        {
            "Score": 0.8444942235946655,
            "Text": "RT @im_srishabh21",
            "BeginOffset": 0,
            "EndOffset": 17
        },
        {
            "Score": 0.5174660682678223,
            "Text": "Thankful",
            "BeginOffset": 19,
            "EndOffset": 27
        },
        {
            "Score": 0.8662393689155579,
            "Text": "#2016",
            "BeginOffset": 44,
            "EndOffset": 49
        }
    ]
}
