{
    "KeyPhrases": [
        {
            "Score": 0.9429009556770325,
            "Text": "RT @CasanovasTool",
            "BeginOffset": 0,
            "EndOffset": 17
        },
        {
            "Score": 0.9722785949707031,
            "Text": "Lucy",
            "BeginOffset": 19,
            "EndOffset": 23
        },
        {
            "Score": 0.9792501926422119,
            "Text": "Bob",
            "BeginOffset": 67,
            "EndOffset": 70
        },
        {
            "Score": 0.9988349080085754,
            "Text": "your sister",
            "BeginOffset": 80,
            "EndOffset": 91
        }
    ]
}
