{
    "KeyPhrases": [
        {
            "Score": 0.8421645164489746,
            "Text": "RT @TrumpCard555",
            "BeginOffset": 0,
            "EndOffset": 16
        },
        {
            "Score": 0.8578284382820129,
            "Text": "AMEN",
            "BeginOffset": 18,
            "EndOffset": 22
        }
    ]
}
