{
    "KeyPhrases": [
        {
            "Score": 0.9985311031341553,
            "Text": "The impulse",
            "BeginOffset": 0,
            "EndOffset": 11
        },
        {
            "Score": 0.9992535710334778,
            "Text": "tragedy",
            "BeginOffset": 15,
            "EndOffset": 22
        },
        {
            "Score": 0.880267858505249,
            "Text": "life",
            "BeginOffset": 32,
            "EndOffset": 36
        },
        {
            "Score": 0.9764885306358337,
            "Text": "more life",
            "BeginOffset": 41,
            "EndOffset": 50
        }
    ]
}
