{
    "KeyPhrases": [
        {
            "Score": 0.821938157081604,
            "Text": "RT @dayo1946",
            "BeginOffset": 0,
            "EndOffset": 12
        },
        {
            "Score": 0.9296338558197021,
            "Text": "Govt",
            "BeginOffset": 14,
            "EndOffset": 18
        }
    ]
}
