{
    "KeyPhrases": [
        {
            "Score": 0.9446490406990051,
            "Text": "RT @HuffPostPol",
            "BeginOffset": 0,
            "EndOffset": 15
        },
        {
            "Score": 0.9965334534645081,
            "Text": "Jeb Bush",
            "BeginOffset": 17,
            "EndOffset": 25
        },
        {
            "Score": 0.9969679117202759,
            "Text": "33 years",
            "BeginOffset": 35,
            "EndOffset": 43
        }
    ]
}
