{
    "KeyPhrases": [
        {
            "Score": 0.9583973288536072,
            "Text": "RT @MiIitaryUSA",
            "BeginOffset": 0,
            "EndOffset": 15
        },
        {
            "Score": 0.6609665751457214,
            "Text": "Retweet",
            "BeginOffset": 17,
            "EndOffset": 24
        },
        {
            "Score": 0.9830154180526733,
            "Text": "our troops",
            "BeginOffset": 40,
            "EndOffset": 50
        },
        {
            "Score": 0.6755300164222717,
            "Text": "100%",
            "BeginOffset": 51,
            "EndOffset": 55
        }
    ]
}
