{
    "KeyPhrases": [
        {
            "Score": 0.7517764568328857,
            "Text": "RT @parakeet",
            "BeginOffset": 0,
            "EndOffset": 12
        },
        {
            "Score": 0.9454469680786133,
            "Text": "84",
            "BeginOffset": 12,
            "EndOffset": 14
        },
        {
            "Score": 0.793057918548584,
            "Text": "Grades or marks",
            "BeginOffset": 16,
            "EndOffset": 31
        },
        {
            "Score": 0.738394021987915,
            "Text": "matter",
            "BeginOffset": 37,
            "EndOffset": 43
        }
    ]
}
