{
    "KeyPhrases": [
        {
            "Score": 0.9271061420440674,
            "Text": "100 new empty beer cans",
            "BeginOffset": 20,
            "EndOffset": 43
        },
        {
            "Score": 0.8706803321838379,
            "Text": "7 am",
            "BeginOffset": 50,
            "EndOffset": 54
        }
    ]
}
