{
    "KeyPhrases": [
        {
            "Score": 0.930496335029602,
            "Text": "RT @IndieRadioPlay",
            "BeginOffset": 0,
            "EndOffset": 18
        },
        {
            "Score": 0.9103618860244751,
            "Text": "P-Trapp",
            "BeginOffset": 33,
            "EndOffset": 40
        },
        {
            "Score": 0.9192792177200317,
            "Text": "@ptrapp843",
            "BeginOffset": 42,
            "EndOffset": 52
        },
        {
            "Score": 0.6930837631225586,
            "Text": "Mind",
            "BeginOffset": 64,
            "EndOffset": 68
        }
    ]
}
