{
    "KeyPhrases": [
        {
            "Score": 0.9963220357894897,
            "Text": "the men",
            "BeginOffset": 9,
            "EndOffset": 16
        },
        {
            "Score": 0.9992386698722839,
            "Text": "my life",
            "BeginOffset": 20,
            "EndOffset": 27
        },
        {
            "Score": 0.9964962601661682,
            "Text": "the life",
            "BeginOffset": 45,
            "EndOffset": 53
        },
        {
            "Score": 0.9975671172142029,
            "Text": "my men",
            "BeginOffset": 57,
            "EndOffset": 63
        }
    ]
}
