{
    "KeyPhrases": [
        {
            "Score": 0.825914204120636,
            "Text": "RT @poolgoddess918",
            "BeginOffset": 0,
            "EndOffset": 18
        },
        {
            "Score": 0.9896256327629089,
            "Text": "Life",
            "BeginOffset": 20,
            "EndOffset": 24
        },
        {
            "Score": 0.8425635099411011,
            "Text": "Too Short",
            "BeginOffset": 27,
            "EndOffset": 36
        }
    ]
}
