{
    "KeyPhrases": [
        {
            "Score": 0.9947507977485657,
            "Text": "Tiger Woods",
            "BeginOffset": 0,
            "EndOffset": 11
        },
        {
            "Score": 0.9738596677780151,
            "Text": "his best round",
            "BeginOffset": 22,
            "EndOffset": 36
        },
        {
            "Score": 0.9728662371635437,
            "Text": "2013",
            "BeginOffset": 43,
            "EndOffset": 47
        },
        {
            "Score": 0.918570876121521,
            "Text": "a course hes",
            "BeginOffset": 51,
            "EndOffset": 63
        }
    ]
}
