{
    "KeyPhrases": [
        {
            "Score": 0.9307470321655273,
            "Text": "RT @Minuteman04",
            "BeginOffset": 0,
            "EndOffset": 15
        },
        {
            "Score": 0.9464120268821716,
            "Text": "TGIF",
            "BeginOffset": 17,
            "EndOffset": 21
        },
        {
            "Score": 0.9394098520278931,
            "Text": "Trump",
            "BeginOffset": 23,
            "EndOffset": 28
        }
    ]
}
