{
    "KeyPhrases": [
        {
            "Score": 0.8049479722976685,
            "Text": "RT @mavros",
            "BeginOffset": 0,
            "EndOffset": 10
        },
        {
            "Score": 0.8828337788581848,
            "Text": "351",
            "BeginOffset": 10,
            "EndOffset": 13
        },
        {
            "Score": 0.8746123313903809,
            "Text": "@w0tn0t @888Scott @Elena07617349 @NotHappyJann",
            "BeginOffset": 15,
            "EndOffset": 61
        }
    ]
}
