{
    "KeyPhrases": [
        {
            "Score": 0.9793089628219604,
            "Text": "body",
            "BeginOffset": 13,
            "EndOffset": 17
        },
        {
            "Score": 0.8547278046607971,
            "Text": "mind",
            "BeginOffset": 28,
            "EndOffset": 32
        },
        {
            "Score": 0.6682493090629578,
            "Text": "lofty",
            "BeginOffset": 34,
            "EndOffset": 39
        },
        {
            "Score": 0.9923814535140991,
            "Text": "ideals",
            "BeginOffset": 43,
            "EndOffset": 49
        }
    ]
}
