{
    "KeyPhrases": [
        {
            "Score": 0.9344221353530884,
            "Text": "RT @DreadMighty",
            "BeginOffset": 0,
            "EndOffset": 15
        },
        {
            "Score": 0.9567698240280151,
            "Text": "the fuck",
            "BeginOffset": 22,
            "EndOffset": 30
        },
        {
            "Score": 0.625431478023529,
            "Text": "bro",
            "BeginOffset": 32,
            "EndOffset": 35
        },
        {
            "Score": 0.8809736371040344,
            "Text": "#2016",
            "BeginOffset": 39,
            "EndOffset": 44
        }
    ]
}
