{
    "KeyPhrases": [
        {
            "Score": 0.8720203638076782,
            "Text": "RT @tduke8809",
            "BeginOffset": 0,
            "EndOffset": 13
        },
        {
            "Score": 0.873249351978302,
            "Text": "@LodiSilverado @DrottM",
            "BeginOffset": 15,
            "EndOffset": 37
        },
        {
            "Score": 0.9966449737548828,
            "Text": "A LOT",
            "BeginOffset": 47,
            "EndOffset": 52
        },
        {
            "Score": 0.9731495976448059,
            "Text": "US DID",
            "BeginOffset": 56,
            "EndOffset": 62
        }
    ]
}
