{
    "KeyPhrases": [
        {
            "Score": 0.9068049788475037,
            "Text": "RT @SassyLassie_13",
            "BeginOffset": 0,
            "EndOffset": 18
        },
        {
            "Score": 0.9466845393180847,
            "Text": "#2016",
            "BeginOffset": 38,
            "EndOffset": 43
        }
    ]
}
