{
    "KeyPhrases": [
        {
            "Score": 0.8108207583427429,
            "Text": "RT @Stevenwhirsch99",
            "BeginOffset": 0,
            "EndOffset": 19
        },
        {
            "Score": 0.960448145866394,
            "Text": "the voice",
            "BeginOffset": 24,
            "EndOffset": 33
        },
        {
            "Score": 0.9891689419746399,
            "Text": "these 4 men",
            "BeginOffset": 38,
            "EndOffset": 49
        },
        {
            "Score": 0.9802666306495667,
            "Text": "Hillary",
            "BeginOffset": 55,
            "EndOffset": 62
        }
    ]
}
