{
    "KeyPhrases": [
        {
            "Score": 0.8255489468574524,
            "Text": "RT @dansch2002",
            "BeginOffset": 0,
            "EndOffset": 14
        },
        {
            "Score": 0.9807711839675903,
            "Text": "MT @TeriGRight",
            "BeginOffset": 16,
            "EndOffset": 30
        },
        {
            "Score": 0.9965052604675293,
            "Text": "Next Prez",
            "BeginOffset": 32,
            "EndOffset": 41
        },
        {
            "Score": 0.9527845978736877,
            "Text": "4 SCOTUS Appointments",
            "BeginOffset": 59,
            "EndOffset": 80
        }
    ]
}
