{
    "KeyPhrases": [
        {
            "Score": 0.8301782011985779,
            "Text": "RT @littlesatan1974",
            "BeginOffset": 0,
            "EndOffset": 19
        },
        {
            "Score": 0.9804096817970276,
            "Text": "#IHaveARightToKnow",
            "BeginOffset": 21,
            "EndOffset": 39
        },
        {
            "Score": 0.993486225605011,
            "Text": "the tweet",
            "BeginOffset": 53,
            "EndOffset": 62
        },
        {
            "Score": 0.9678748250007629,
            "Text": "100 RT",
            "BeginOffset": 69,
            "EndOffset": 75
        }
    ]
}
