{
    "KeyPhrases": [
        {
            "Score": 0.7302370071411133,
            "Text": "RT @docrocktex",
            "BeginOffset": 0,
            "EndOffset": 14
        },
        {
            "Score": 0.9233827590942383,
            "Text": "26",
            "BeginOffset": 14,
            "EndOffset": 16
        },
        {
            "Score": 0.9964196681976318,
            "Text": "this tweet",
            "BeginOffset": 33,
            "EndOffset": 43
        },
        {
            "Score": 0.9918749332427979,
            "Text": "sense",
            "BeginOffset": 50,
            "EndOffset": 55
        }
    ]
}
