{
    "KeyPhrases": [
        {
            "Score": 0.8346714973449707,
            "Text": "RT @lckgrl1606",
            "BeginOffset": 0,
            "EndOffset": 14
        },
        {
            "Score": 0.8438636660575867,
            "Text": "@ChelseaClinton",
            "BeginOffset": 16,
            "EndOffset": 31
        },
        {
            "Score": 0.9919062256813049,
            "Text": "a misogynist",
            "BeginOffset": 40,
            "EndOffset": 52
        },
        {
            "Score": 0.7266896963119507,
            "Text": "his enabler",
            "BeginOffset": 58,
            "EndOffset": 69
        }
    ]
}
