{
    "KeyPhrases": [
        {
            "Score": 0.9291899800300598,
            "Text": "RT @sippindoc",
            "BeginOffset": 0,
            "EndOffset": 13
        },
        {
            "Score": 0.9717621803283691,
            "Text": "people",
            "BeginOffset": 24,
            "EndOffset": 30
        },
        {
            "Score": 0.9660487174987793,
            "Text": "Dubai",
            "BeginOffset": 49,
            "EndOffset": 54
        },
        {
            "Score": 0.9881666302680969,
            "Text": "vacation",
            "BeginOffset": 59,
            "EndOffset": 67
        }
    ]
}
