{
    "KeyPhrases": [
        {
            "Score": 0.9342225790023804,
            "Text": "RT @baseballcrank",
            "BeginOffset": 0,
            "EndOffset": 17
        },
        {
            "Score": 0.9984992742538452,
            "Text": "2008",
            "BeginOffset": 52,
            "EndOffset": 56
        }
    ]
}
