{
    "KeyPhrases": [
        {
            "Score": 0.8921782970428467,
            "Text": "RT @sunkisseeddd",
            "BeginOffset": 0,
            "EndOffset": 16
        },
        {
            "Score": 0.9828816652297974,
            "Text": "#2016",
            "BeginOffset": 18,
            "EndOffset": 23
        },
        {
            "Score": 0.9834408164024353,
            "Text": "4Words",
            "BeginOffset": 25,
            "EndOffset": 31
        }
    ]
}
