{
    "KeyPhrases": [
        {
            "Score": 0.9305362105369568,
            "Text": "RT @DoogieYowza",
            "BeginOffset": 0,
            "EndOffset": 15
        },
        {
            "Score": 0.6878489851951599,
            "Text": "Cat",
            "BeginOffset": 17,
            "EndOffset": 20
        },
        {
            "Score": 0.8976877927780151,
            "Text": "ISIS",
            "BeginOffset": 60,
            "EndOffset": 64
        },
        {
            "Score": 0.9923955798149109,
            "Text": "a lot",
            "BeginOffset": 69,
            "EndOffset": 74
        }
    ]
}
