{
    "KeyPhrases": [
        {
            "Score": 0.7959163784980774,
            "Text": "RT @SkyAutumn90",
            "BeginOffset": 0,
            "EndOffset": 15
        },
        {
            "Score": 0.9453948736190796,
            "Text": "Sky",
            "BeginOffset": 24,
            "EndOffset": 27
        },
        {
            "Score": 0.8469719886779785,
            "Text": "my best friend",
            "BeginOffset": 37,
            "EndOffset": 51
        },
        {
            "Score": 0.9640655517578125,
            "Text": "Mike",
            "BeginOffset": 52,
            "EndOffset": 56
        }
    ]
}
