{
    "KeyPhrases": [
        {
            "Score": 0.9333886504173279,
            "Text": "RT @blicqer",
            "BeginOffset": 0,
            "EndOffset": 11
        },
        {
            "Score": 0.9955669045448303,
            "Text": "Man",
            "BeginOffset": 13,
            "EndOffset": 16
        },
        {
            "Score": 0.9977609515190125,
            "Text": "rape",
            "BeginOffset": 25,
            "EndOffset": 29
        }
    ]
}
