{
    "KeyPhrases": [
        {
            "Score": 0.9155580997467041,
            "Text": "RT @SonofBaldwin",
            "BeginOffset": 0,
            "EndOffset": 16
        },
        {
            "Score": 0.9848552346229553,
            "Text": "1",
            "BeginOffset": 18,
            "EndOffset": 19
        },
        {
            "Score": 0.9118567109107971,
            "Text": "black people",
            "BeginOffset": 77,
            "EndOffset": 89
        },
        {
            "Score": 0.9959911108016968,
            "Text": "police officers",
            "BeginOffset": 114,
            "EndOffset": 129
        }
    ]
}
