{
    "KeyPhrases": [
        {
            "Score": 0.9531083703041077,
            "Text": "Poll",
            "BeginOffset": 0,
            "EndOffset": 4
        },
        {
            "Score": 0.9990425705909729,
            "Text": "Trump",
            "BeginOffset": 6,
            "EndOffset": 11
        },
        {
            "Score": 0.9648365378379822,
            "Text": "13 points",
            "BeginOffset": 20,
            "EndOffset": 29
        },
        {
            "Score": 0.8054019212722778,
            "Text": "2 weeks",
            "BeginOffset": 39,
            "EndOffset": 46
        }
    ]
}
