{
    "KeyPhrases": [
        {
            "Score": 0.8933659791946411,
            "Text": "RT @nine_oh",
            "BeginOffset": 0,
            "EndOffset": 11
        },
        {
            "Score": 0.6383105516433716,
            "Text": "#Twittergoons rule",
            "BeginOffset": 13,
            "EndOffset": 31
        },
        {
            "Score": 0.9703410267829895,
            "Text": "18",
            "BeginOffset": 32,
            "EndOffset": 34
        },
        {
            "Score": 0.9238867163658142,
            "Text": "socia media",
            "BeginOffset": 57,
            "EndOffset": 68
        }
    ]
}
