{
    "KeyPhrases": [
        {
            "Score": 0.9251781702041626,
            "Text": "RT @WildEagle",
            "BeginOffset": 0,
            "EndOffset": 13
        },
        {
            "Score": 0.7615818381309509,
            "Text": "#2016",
            "BeginOffset": 15,
            "EndOffset": 20
        },
        {
            "Score": 0.4750370979309082,
            "Text": "WillGoDown",
            "BeginOffset": 20,
            "EndOffset": 30
        },
        {
            "Score": 0.8689560890197754,
            "Text": "that cheap whore",
            "BeginOffset": 42,
            "EndOffset": 58
        }
    ]
}
