{
    "KeyPhrases": [
        {
            "Score": 0.8494025468826294,
            "Text": "RT @steph93065",
            "BeginOffset": 0,
            "EndOffset": 14
        },
        {
            "Score": 0.995783805847168,
            "Text": "Trump",
            "BeginOffset": 16,
            "EndOffset": 21
        },
        {
            "Score": 0.948100745677948,
            "Text": "Ritual Humiliation",
            "BeginOffset": 24,
            "EndOffset": 42
        },
        {
            "Score": 0.8485941886901855,
            "Text": "The Media Will",
            "BeginOffset": 46,
            "EndOffset": 60
        }
    ]
}
