{
    "KeyPhrases": [
        {
            "Score": 0.9412131309509277,
            "Text": "RT @Pen_Air",
            "BeginOffset": 0,
            "EndOffset": 11
        },
        {
            "Score": 0.9958595633506775,
            "Text": "Hillary",
            "BeginOffset": 13,
            "EndOffset": 20
        },
        {
            "Score": 0.9695729613304138,
            "Text": "5 000 000+ dollars",
            "BeginOffset": 26,
            "EndOffset": 44
        },
        {
            "Score": 0.9840179085731506,
            "Text": "Saudis",
            "BeginOffset": 50,
            "EndOffset": 56
        }
    ]
}
