{
    "KeyPhrases": [
        {
            "Score": 0.7538822293281555,
            "Text": "RT @rube",
            "BeginOffset": 0,
            "EndOffset": 8
        },
        {
            "Score": 0.8799000382423401,
            "Text": "44",
            "BeginOffset": 8,
            "EndOffset": 10
        }
    ]
}
