{
    "KeyPhrases": [
        {
            "Score": 0.7953286170959473,
            "Text": "RT @usaf48",
            "BeginOffset": 0,
            "EndOffset": 10
        },
        {
            "Score": 0.8849949240684509,
            "Text": "@Gianluca_1970 @grampa194235 @realDonaldTrump",
            "BeginOffset": 12,
            "EndOffset": 57
        },
        {
            "Score": 0.9990790486335754,
            "Text": "a federal job",
            "BeginOffset": 78,
            "EndOffset": 91
        }
    ]
}
