{
    "KeyPhrases": [
        {
            "Score": 0.8661059141159058,
            "Text": "RT @1063atl",
            "BeginOffset": 0,
            "EndOffset": 11
        },
        {
            "Score": 0.8107522130012512,
            "Text": "Uncle Murda",
            "BeginOffset": 26,
            "EndOffset": 37
        },
        {
            "Score": 0.7974116802215576,
            "Text": "Camron Voice",
            "BeginOffset": 40,
            "EndOffset": 52
        },
        {
            "Score": 0.9813987612724304,
            "Text": "Remix",
            "BeginOffset": 54,
            "EndOffset": 59
        }
    ]
}
