{
    "KeyPhrases": [
        {
            "Score": 0.9018445611000061,
            "Text": "RT @guardian",
            "BeginOffset": 0,
            "EndOffset": 12
        },
        {
            "Score": 0.9864420890808105,
            "Text": "Man",
            "BeginOffset": 14,
            "EndOffset": 17
        },
        {
            "Score": 0.9966758489608765,
            "Text": "hunt",
            "BeginOffset": 28,
            "EndOffset": 32
        }
    ]
}
