{
    "KeyPhrases": [
        {
            "Score": 0.9920710921287537,
            "Text": "Some people",
            "BeginOffset": 0,
            "EndOffset": 11
        },
        {
            "Score": 0.9922962784767151,
            "Text": "the society",
            "BeginOffset": 23,
            "EndOffset": 34
        },
        {
            "Score": 0.9183717966079712,
            "Text": "the kind",
            "BeginOffset": 49,
            "EndOffset": 57
        },
        {
            "Score": 0.9986953735351562,
            "Text": "people",
            "BeginOffset": 61,
            "EndOffset": 67
        }
    ]
}
