{
    "KeyPhrases": [
        {
            "Score": 0.8277238011360168,
            "Text": "our liberals",
            "BeginOffset": 33,
            "EndOffset": 45
        },
        {
            "Score": 0.9958493709564209,
            "Text": "case",
            "BeginOffset": 58,
            "EndOffset": 62
        },
        {
            "Score": 0.9868282079696655,
            "Text": "hijabs",
            "BeginOffset": 88,
            "EndOffset": 94
        }
    ]
}
