{
    "KeyPhrases": [
        {
            "Score": 0.8309558033943176,
            "Text": "RT @Johnsense38",
            "BeginOffset": 0,
            "EndOffset": 15
        },
        {
            "Score": 0.9798139333724976,
            "Text": "my next 11",
            "BeginOffset": 34,
            "EndOffset": 44
        }
    ]
}
