{
    "KeyPhrases": [
        {
            "Score": 0.9094844460487366,
            "Text": "RT @iAMaladden",
            "BeginOffset": 0,
            "EndOffset": 14
        },
        {
            "Score": 0.8172531127929688,
            "Text": "1",
            "BeginOffset": 16,
            "EndOffset": 17
        },
        {
            "Score": 0.8098945617675781,
            "Text": "2",
            "BeginOffset": 24,
            "EndOffset": 25
        }
    ]
}
