{
    "KeyPhrases": [
        {
            "Score": 0.7391207218170166,
            "Text": "RT @chiefplan",
            "BeginOffset": 0,
            "EndOffset": 13
        },
        {
            "Score": 0.9173010587692261,
            "Text": "1",
            "BeginOffset": 13,
            "EndOffset": 14
        },
        {
            "Score": 0.9368783235549927,
            "Text": "Trump",
            "BeginOffset": 16,
            "EndOffset": 21
        },
        {
            "Score": 0.9872906804084778,
            "Text": "segregation",
            "BeginOffset": 31,
            "EndOffset": 42
        }
    ]
}
