{
    "KeyPhrases": [
        {
            "Score": 0.9627382755279541,
            "Text": "care",
            "BeginOffset": 15,
            "EndOffset": 19
        },
        {
            "Score": 0.9710735082626343,
            "Text": "Americans",
            "BeginOffset": 26,
            "EndOffset": 35
        },
        {
            "Score": 0.9682746529579163,
            "Text": "Borders",
            "BeginOffset": 43,
            "EndOffset": 50
        }
    ]
}
