{
    "KeyPhrases": [
        {
            "Score": 0.8248854279518127,
            "Text": "RT @mrd125",
            "BeginOffset": 0,
            "EndOffset": 10
        },
        {
            "Score": 0.9414256811141968,
            "Text": "#2016",
            "BeginOffset": 28,
            "EndOffset": 33
        }
    ]
}
