{
    "KeyPhrases": [
        {
            "Score": 0.9390721321105957,
            "Text": "RT @Vapo_Rob",
            "BeginOffset": 0,
            "EndOffset": 12
        },
        {
            "Score": 0.9286956787109375,
            "Text": "69ing",
            "BeginOffset": 14,
            "EndOffset": 19
        },
        {
            "Score": 0.5377688407897949,
            "Text": "anal",
            "BeginOffset": 27,
            "EndOffset": 31
        }
    ]
}
