{
    "KeyPhrases": [
        {
            "Score": 0.8432733416557312,
            "Text": "RT @im_srishabh21",
            "BeginOffset": 0,
            "EndOffset": 17
        },
        {
            "Score": 0.7886157631874084,
            "Text": "God Help",
            "BeginOffset": 19,
            "EndOffset": 27
        },
        {
            "Score": 0.9181274771690369,
            "Text": "The World",
            "BeginOffset": 28,
            "EndOffset": 37
        },
        {
            "Score": 0.7706140279769897,
            "Text": "#2016",
            "BeginOffset": 38,
            "EndOffset": 43
        }
    ]
}
