{
    "KeyPhrases": [
        {
            "Score": 0.77912437915802,
            "Text": "RT @caje415",
            "BeginOffset": 0,
            "EndOffset": 11
        },
        {
            "Score": 0.6957059502601624,
            "Text": "#2017",
            "BeginOffset": 13,
            "EndOffset": 18
        },
        {
            "Score": 0.9753760695457458,
            "Text": "SurvivalTips",
            "BeginOffset": 18,
            "EndOffset": 30
        }
    ]
}
