{
    "KeyPhrases": [
        {
            "Score": 0.6702631711959839,
            "Text": "«",
            "BeginOffset": 0,
            "EndOffset": 1
        },
        {
            "Score": 0.7337526679039001,
            "Text": "lack",
            "BeginOffset": 15,
            "EndOffset": 19
        },
        {
            "Score": 0.986312210559845,
            "Text": "depth",
            "BeginOffset": 23,
            "EndOffset": 28
        },
        {
            "Score": 0.9757288694381714,
            "Text": "length",
            "BeginOffset": 49,
            "EndOffset": 55
        }
    ]
}
