{
    "KeyPhrases": [
        {
            "Score": 0.8757727146148682,
            "Text": "Trump supporter",
            "BeginOffset": 0,
            "EndOffset": 15
        },
        {
            "Score": 0.8322031497955322,
            "Text": "CNN",
            "BeginOffset": 19,
            "EndOffset": 22
        },
        {
            "Score": 0.8229479789733887,
            "Text": "stranger",
            "BeginOffset": 24,
            "EndOffset": 32
        },
        {
            "Score": 0.9267165660858154,
            "Text": "mom",
            "BeginOffset": 36,
            "EndOffset": 39
        }
    ]
}
