{
    "KeyPhrases": [
        {
            "Score": 0.7152894735336304,
            "Text": "Media",
            "BeginOffset": 8,
            "EndOffset": 13
        },
        {
            "Score": 0.9946343302726746,
            "Text": "reaction",
            "BeginOffset": 16,
            "EndOffset": 24
        },
        {
            "Score": 0.9996342062950134,
            "Text": "Trump",
            "BeginOffset": 28,
            "EndOffset": 33
        },
        {
            "Score": 0.9972643256187439,
            "Text": "an earpiece",
            "BeginOffset": 53,
            "EndOffset": 64
        }
    ]
}
