{
    "KeyPhrases": [
        {
            "Score": 0.9127046465873718,
            "Text": "#2016",
            "BeginOffset": 0,
            "EndOffset": 5
        },
        {
            "Score": 0.9057284593582153,
            "Text": "4Words Hillary",
            "BeginOffset": 7,
            "EndOffset": 21
        }
    ]
}
