{
    "KeyPhrases": [
        {
            "Score": 0.8560644388198853,
            "Text": "RT @SarahEV64",
            "BeginOffset": 0,
            "EndOffset": 13
        },
        {
            "Score": 0.9928749799728394,
            "Text": "yesterday",
            "BeginOffset": 38,
            "EndOffset": 47
        },
        {
            "Score": 0.9655558466911316,
            "Text": "Today",
            "BeginOffset": 49,
            "EndOffset": 54
        },
        {
            "Score": 0.9948313236236572,
            "Text": "all bets",
            "BeginOffset": 56,
            "EndOffset": 64
        }
    ]
}
