{
    "KeyPhrases": [
        {
            "Score": 0.6060609817504883,
            "Text": "Pastor",
            "BeginOffset": 0,
            "EndOffset": 6
        },
        {
            "Score": 0.9762223958969116,
            "Text": "8 others",
            "BeginOffset": 11,
            "EndOffset": 19
        },
        {
            "Score": 0.8489757776260376,
            "Text": "that scum",
            "BeginOffset": 31,
            "EndOffset": 40
        }
    ]
}
