{
    "KeyPhrases": [
        {
            "Score": 0.8022979497909546,
            "Text": "RT @tan123",
            "BeginOffset": 0,
            "EndOffset": 10
        },
        {
            "Score": 0.8503756523132324,
            "Text": "Hooray",
            "BeginOffset": 12,
            "EndOffset": 18
        }
    ]
}
