{
    "KeyPhrases": [
        {
            "Score": 0.8600594997406006,
            "Text": "RT @MissJupiter1957",
            "BeginOffset": 0,
            "EndOffset": 19
        },
        {
            "Score": 0.5751670002937317,
            "Text": "joy",
            "BeginOffset": 25,
            "EndOffset": 28
        },
        {
            "Score": 0.9526644349098206,
            "Text": "Matthew Heimbach",
            "BeginOffset": 30,
            "EndOffset": 46
        }
    ]
}
