{
    "KeyPhrases": [
        {
            "Score": 0.9516786932945251,
            "Text": "RT @TheOnion",
            "BeginOffset": 0,
            "EndOffset": 12
        },
        {
            "Score": 0.9795214533805847,
            "Text": "The Week",
            "BeginOffset": 14,
            "EndOffset": 22
        },
        {
            "Score": 0.9390291571617126,
            "Text": "Pictures – Week",
            "BeginOffset": 26,
            "EndOffset": 41
        },
        {
            "Score": 0.9927772879600525,
            "Text": "January 16, 2017",
            "BeginOffset": 45,
            "EndOffset": 61
        }
    ]
}
