{
    "KeyPhrases": [
        {
            "Score": 0.8393770456314087,
            "Text": "1",
            "BeginOffset": 0,
            "EndOffset": 1
        },
        {
            "Score": 0.8784348964691162,
            "Text": "1 Prayer",
            "BeginOffset": 7,
            "EndOffset": 15
        },
        {
            "Score": 0.9773932695388794,
            "Text": "Allen Iverson",
            "BeginOffset": 20,
            "EndOffset": 33
        },
        {
            "Score": 0.8782097697257996,
            "Text": "😂#prayer",
            "BeginOffset": 35,
            "EndOffset": 43
        }
    ]
}
