{
    "KeyPhrases": [
        {
            "Score": 0.8172536492347717,
            "Text": "GOP",
            "BeginOffset": 0,
            "EndOffset": 3
        },
        {
            "Score": 0.9784653782844543,
            "Text": "Obama",
            "BeginOffset": 10,
            "EndOffset": 15
        },
        {
            "Score": 0.9853907823562622,
            "Text": "explanation",
            "BeginOffset": 22,
            "EndOffset": 33
        },
        {
            "Score": 0.9868715405464172,
            "Text": "00M payment",
            "BeginOffset": 37,
            "EndOffset": 48
        }
    ]
}
