{
    "KeyPhrases": [
        {
            "Score": 0.9277839064598083,
            "Text": "RT @KellyannePolls",
            "BeginOffset": 0,
            "EndOffset": 18
        },
        {
            "Score": 0.9974954724311829,
            "Text": "2012",
            "BeginOffset": 62,
            "EndOffset": 66
        },
        {
            "Score": 0.9917104244232178,
            "Text": "Bill Clinton",
            "BeginOffset": 77,
            "EndOffset": 89
        },
        {
            "Score": 0.9847350120544434,
            "Text": "96",
            "BeginOffset": 94,
            "EndOffset": 96
        }
    ]
}
