{
    "KeyPhrases": [
        {
            "Score": 0.9369326233863831,
            "Text": "RT @blicqer",
            "BeginOffset": 0,
            "EndOffset": 11
        },
        {
            "Score": 0.8468735218048096,
            "Text": "▶ 11th Council meeting",
            "BeginOffset": 13,
            "EndOffset": 35
        },
        {
            "Score": 0.9920821785926819,
            "Text": "July 2016",
            "BeginOffset": 37,
            "EndOffset": 46
        },
        {
            "Score": 0.9801561832427979,
            "Text": "Eric McDonough",
            "BeginOffset": 48,
            "EndOffset": 62
        }
    ]
}
