{
    "KeyPhrases": [
        {
            "Score": 0.7245503067970276,
            "Text": "RT @wanderingstarz",
            "BeginOffset": 0,
            "EndOffset": 18
        },
        {
            "Score": 0.8271895051002502,
            "Text": "1",
            "BeginOffset": 18,
            "EndOffset": 19
        },
        {
            "Score": 0.9329696893692017,
            "Text": "@OnlyGod85908339 @richo2015_tom @QueenD007 @sweetsexy_39 @Ruby2211250220 @vron1234 @SamTumblin @Baby_Pauly_ @steventea",
            "BeginOffset": 21,
            "EndOffset": 139
        }
    ]
}
