{
    "KeyPhrases": [
        {
            "Score": 0.8325883746147156,
            "Text": "RT @pearly2004",
            "BeginOffset": 0,
            "EndOffset": 14
        },
        {
            "Score": 0.5757268667221069,
            "Text": "Melania",
            "BeginOffset": 16,
            "EndOffset": 23
        },
        {
            "Score": 0.8498188853263855,
            "Text": "DC Together",
            "BeginOffset": 39,
            "EndOffset": 50
        }
    ]
}
