{
    "KeyPhrases": [
        {
            "Score": 0.7670339941978455,
            "Text": "RT @CJperkins",
            "BeginOffset": 0,
            "EndOffset": 13
        },
        {
            "Score": 0.8698703646659851,
            "Text": "48",
            "BeginOffset": 13,
            "EndOffset": 15
        }
    ]
}
