{
    "KeyPhrases": [
        {
            "Score": 0.7054217457771301,
            "Text": "RT @geoffclark",
            "BeginOffset": 0,
            "EndOffset": 14
        },
        {
            "Score": 0.8332405090332031,
            "Text": "37",
            "BeginOffset": 14,
            "EndOffset": 16
        },
        {
            "Score": 0.998781144618988,
            "Text": "any real importance",
            "BeginOffset": 30,
            "EndOffset": 49
        },
        {
            "Score": 0.9892944693565369,
            "Text": "future",
            "BeginOffset": 53,
            "EndOffset": 59
        }
    ]
}
