{
    "KeyPhrases": [
        {
            "Score": 0.9974924325942993,
            "Text": "Chelsea Manning",
            "BeginOffset": 0,
            "EndOffset": 15
        },
        {
            "Score": 0.9883739352226257,
            "Text": "Obama",
            "BeginOffset": 21,
            "EndOffset": 26
        },
        {
            "Score": 0.9847062826156616,
            "Text": "sentence",
            "BeginOffset": 34,
            "EndOffset": 42
        },
        {
            "Score": 0.9689155220985413,
            "Text": "time",
            "BeginOffset": 46,
            "EndOffset": 50
        }
    ]
}
