{
    "KeyPhrases": [
        {
            "Score": 0.8675804734230042,
            "Text": "RT @Natire2u",
            "BeginOffset": 0,
            "EndOffset": 12
        },
        {
            "Score": 0.9179422855377197,
            "Text": "results",
            "BeginOffset": 38,
            "EndOffset": 45
        },
        {
            "Score": 0.9986150860786438,
            "Text": "your actions",
            "BeginOffset": 54,
            "EndOffset": 66
        },
        {
            "Score": 0.987346887588501,
            "Text": "no results",
            "BeginOffset": 105,
            "EndOffset": 115
        }
    ]
}
