{
    "KeyPhrases": [
        {
            "Score": 0.8822097778320312,
            "Text": "RT @Emmabel44506803",
            "BeginOffset": 0,
            "EndOffset": 19
        },
        {
            "Score": 0.999177098274231,
            "Text": "Last year",
            "BeginOffset": 21,
            "EndOffset": 30
        }
    ]
}
