{
    "KeyPhrases": [
        {
            "Score": 0.5872731804847717,
            "Text": ",000 Trump supporters",
            "BeginOffset": 21,
            "EndOffset": 42
        },
        {
            "Score": 0.8474025726318359,
            "Text": "CNN Sucks",
            "BeginOffset": 50,
            "EndOffset": 59
        },
        {
            "Score": 0.8094334006309509,
            "Text": "Trump rally",
            "BeginOffset": 64,
            "EndOffset": 75
        },
        {
            "Score": 0.9943063855171204,
            "Text": "PA",
            "BeginOffset": 79,
            "EndOffset": 81
        }
    ]
}
