{
    "KeyPhrases": [
        {
            "Score": 0.8827540874481201,
            "Text": "Polls",
            "BeginOffset": 0,
            "EndOffset": 5
        },
        {
            "Score": 0.821027398109436,
            "Text": "the lines",
            "BeginOffset": 28,
            "EndOffset": 37
        },
        {
            "Score": 0.8228719830513,
            "Text": "#TrumpPence16",
            "BeginOffset": 48,
            "EndOffset": 61
        },
        {
            "Score": 0.6969168782234192,
            "Text": "2016 #HillaryForPrison2016",
            "BeginOffset": 68,
            "EndOffset": 94
        }
    ]
}
