{
    "KeyPhrases": [
        {
            "Score": 0.8139500021934509,
            "Text": "RT @os4185",
            "BeginOffset": 0,
            "EndOffset": 10
        },
        {
            "Score": 0.9334955811500549,
            "Text": "#McCain",
            "BeginOffset": 12,
            "EndOffset": 19
        },
        {
            "Score": 0.9905609488487244,
            "Text": "pure Garbage",
            "BeginOffset": 23,
            "EndOffset": 35
        },
        {
            "Score": 0.988765299320221,
            "Text": "the Australians",
            "BeginOffset": 66,
            "EndOffset": 81
        }
    ]
}
