{
    "KeyPhrases": [
        {
            "Score": 0.9314382672309875,
            "Text": "RT @FeministaJones",
            "BeginOffset": 0,
            "EndOffset": 18
        },
        {
            "Score": 0.7385761141777039,
            "Text": "snores",
            "BeginOffset": 21,
            "EndOffset": 27
        },
        {
            "Score": 0.5336635112762451,
            "Text": "chokes",
            "BeginOffset": 30,
            "EndOffset": 36
        },
        {
            "Score": 0.7315062284469604,
            "Text": "January 21st",
            "BeginOffset": 48,
            "EndOffset": 60
        }
    ]
}
