{
    "KeyPhrases": [
        {
            "Score": 0.9893603920936584,
            "Text": "the retard",
            "BeginOffset": 7,
            "EndOffset": 17
        },
        {
            "Score": 0.999292254447937,
            "Text": "Donald Trump",
            "BeginOffset": 36,
            "EndOffset": 48
        },
        {
            "Score": 0.9971979260444641,
            "Text": "Ohio",
            "BeginOffset": 52,
            "EndOffset": 56
        },
        {
            "Score": 0.9661763310432434,
            "Text": "a knife",
            "BeginOffset": 69,
            "EndOffset": 76
        }
    ]
}
