{
    "KeyPhrases": [
        {
            "Score": 0.9250624179840088,
            "Text": "RT @tctagc",
            "BeginOffset": 0,
            "EndOffset": 10
        },
        {
            "Score": 0.9981017708778381,
            "Text": "Trump",
            "BeginOffset": 49,
            "EndOffset": 54
        },
        {
            "Score": 0.9615166187286377,
            "Text": "hell",
            "BeginOffset": 110,
            "EndOffset": 114
        }
    ]
}
