{
    "KeyPhrases": [
        {
            "Score": 0.93503737449646,
            "Text": "RT @daniecal",
            "BeginOffset": 0,
            "EndOffset": 12
        },
        {
            "Score": 0.9893242716789246,
            "Text": "race car jackets",
            "BeginOffset": 38,
            "EndOffset": 54
        },
        {
            "Score": 0.9982622265815735,
            "Text": "2016",
            "BeginOffset": 58,
            "EndOffset": 62
        },
        {
            "Score": 0.9981739521026611,
            "Text": "sale",
            "BeginOffset": 93,
            "EndOffset": 97
        }
    ]
}
