{
    "KeyPhrases": [
        {
            "Score": 0.7756013870239258,
            "Text": "RT @mrshobbs",
            "BeginOffset": 0,
            "EndOffset": 12
        },
        {
            "Score": 0.898411750793457,
            "Text": "58",
            "BeginOffset": 12,
            "EndOffset": 14
        },
        {
            "Score": 0.9586440920829773,
            "Text": "MI",
            "BeginOffset": 34,
            "EndOffset": 36
        }
    ]
}
