{
    "KeyPhrases": [
        {
            "Score": 0.7982617616653442,
            "Text": "N.J. voting booth",
            "BeginOffset": 0,
            "EndOffset": 17
        },
        {
            "Score": 0.7650064826011658,
            "Text": "ban",
            "BeginOffset": 25,
            "EndOffset": 28
        },
        {
            "Score": 0.9955939650535583,
            "Text": "the books",
            "BeginOffset": 38,
            "EndOffset": 47
        },
        {
            "Score": 0.7808266878128052,
            "Text": "2016 election",
            "BeginOffset": 52,
            "EndOffset": 65
        }
    ]
}
