{
    "KeyPhrases": [
        {
            "Score": 0.8853278756141663,
            "Text": "RT @DBloom451",
            "BeginOffset": 0,
            "EndOffset": 13
        },
        {
            "Score": 0.7979572415351868,
            "Text": "one",
            "BeginOffset": 49,
            "EndOffset": 52
        },
        {
            "Score": 0.7130886316299438,
            "Text": "some guy w",
            "BeginOffset": 64,
            "EndOffset": 74
        }
    ]
}
