{
    "KeyPhrases": [
        {
            "Score": 0.9073129296302795,
            "Text": "1",
            "BeginOffset": 0,
            "EndOffset": 1
        },
        {
            "Score": 0.8790925741195679,
            "Text": "2",
            "BeginOffset": 10,
            "EndOffset": 11
        },
        {
            "Score": 0.8257158994674683,
            "Text": "nothing 3",
            "BeginOffset": 15,
            "EndOffset": 24
        }
    ]
}
