{
    "KeyPhrases": [
        {
            "Score": 0.8656622767448425,
            "Text": "RT @BigKahuna919191",
            "BeginOffset": 0,
            "EndOffset": 19
        },
        {
            "Score": 0.958217442035675,
            "Text": "Obama",
            "BeginOffset": 21,
            "EndOffset": 26
        }
    ]
}
