{
    "KeyPhrases": [
        {
            "Score": 0.8116689324378967,
            "Text": "MT @sdv92",
            "BeginOffset": 0,
            "EndOffset": 9
        },
        {
            "Score": 0.9919729232788086,
            "Text": "Liberty",
            "BeginOffset": 11,
            "EndOffset": 18
        },
        {
            "Score": 0.9864253401756287,
            "Text": "Government",
            "BeginOffset": 35,
            "EndOffset": 45
        }
    ]
}
