{
    "KeyPhrases": [
        {
            "Score": 0.9363177418708801,
            "Text": "RT @MixAffiliates",
            "BeginOffset": 0,
            "EndOffset": 17
        },
        {
            "Score": 0.7967586517333984,
            "Text": "Tee Munee ft",
            "BeginOffset": 19,
            "EndOffset": 31
        },
        {
            "Score": 0.44604572653770447,
            "Text": "Jetes",
            "BeginOffset": 33,
            "EndOffset": 38
        },
        {
            "Score": 0.9838871359825134,
            "Text": "Video",
            "BeginOffset": 47,
            "EndOffset": 52
        }
    ]
}
