{
    "KeyPhrases": [
        {
            "Score": 0.9967888593673706,
            "Text": "Trump",
            "BeginOffset": 0,
            "EndOffset": 5
        },
        {
            "Score": 0.9745524525642395,
            "Text": "2016 results",
            "BeginOffset": 37,
            "EndOffset": 49
        }
    ]
}
