{
    "KeyPhrases": [
        {
            "Score": 0.7104520797729492,
            "Text": "RT @kenosh",
            "BeginOffset": 0,
            "EndOffset": 10
        },
        {
            "Score": 0.9299488067626953,
            "Text": "5",
            "BeginOffset": 10,
            "EndOffset": 11
        }
    ]
}
