{
    "KeyPhrases": [
        {
            "Score": 0.9996611475944519,
            "Text": "This guy",
            "BeginOffset": 0,
            "EndOffset": 8
        },
        {
            "Score": 0.9942622780799866,
            "Text": "Trump",
            "BeginOffset": 45,
            "EndOffset": 50
        },
        {
            "Score": 0.7506603598594666,
            "Text": "Piss dems",
            "BeginOffset": 52,
            "EndOffset": 61
        },
        {
            "Score": 0.9737979769706726,
            "Text": "this pic",
            "BeginOffset": 77,
            "EndOffset": 85
        }
    ]
}
