{
    "KeyPhrases": [
        {
            "Score": 0.9505999088287354,
            "Text": "Muslims",
            "BeginOffset": 12,
            "EndOffset": 19
        },
        {
            "Score": 0.9280362725257874,
            "Text": "&amp;",
            "BeginOffset": 25,
            "EndOffset": 30
        },
        {
            "Score": 0.987657368183136,
            "Text": "America",
            "BeginOffset": 65,
            "EndOffset": 72
        }
    ]
}
