{
    "KeyPhrases": [
        {
            "Score": 0.9070826172828674,
            "Text": "@carrieffisher gary",
            "BeginOffset": 0,
            "EndOffset": 19
        },
        {
            "Score": 0.9286608099937439,
            "Text": "a hitlery presidency",
            "BeginOffset": 43,
            "EndOffset": 63
        },
        {
            "Score": 0.7297025322914124,
            "Text": "Trump/Pence",
            "BeginOffset": 66,
            "EndOffset": 77
        },
        {
            "Score": 0.6770111918449402,
            "Text": "2016-2024",
            "BeginOffset": 78,
            "EndOffset": 87
        }
    ]
}
