{
    "KeyPhrases": [
        {
            "Score": 0.7411781549453735,
            "Text": "RT @bobbygould5",
            "BeginOffset": 0,
            "EndOffset": 15
        },
        {
            "Score": 0.9773856997489929,
            "Text": "#2016",
            "BeginOffset": 17,
            "EndOffset": 22
        },
        {
            "Score": 0.9526062607765198,
            "Text": "4Words",
            "BeginOffset": 24,
            "EndOffset": 30
        }
    ]
}
