{
    "KeyPhrases": [
        {
            "Score": 0.9317353367805481,
            "Text": "RT @AlexaKaySam",
            "BeginOffset": 0,
            "EndOffset": 15
        },
        {
            "Score": 0.8993390798568726,
            "Text": "Slap",
            "BeginOffset": 17,
            "EndOffset": 21
        },
        {
            "Score": 0.9896905422210693,
            "Text": "the face",
            "BeginOffset": 25,
            "EndOffset": 33
        },
        {
            "Score": 0.8659695982933044,
            "Text": "#2016",
            "BeginOffset": 34,
            "EndOffset": 39
        }
    ]
}
