{
    "KeyPhrases": [
        {
            "Score": 0.9040367603302002,
            "Text": "Years",
            "BeginOffset": 0,
            "EndOffset": 5
        },
        {
            "Score": 0.9263623952865601,
            "Text": "casino",
            "BeginOffset": 12,
            "EndOffset": 18
        },
        {
            "Score": 0.9285805821418762,
            "Text": "bust",
            "BeginOffset": 24,
            "EndOffset": 28
        },
        {
            "Score": 0.9785014986991882,
            "Text": "Gary",
            "BeginOffset": 30,
            "EndOffset": 34
        }
    ]
}
