{
    "KeyPhrases": [
        {
            "Score": 0.994478702545166,
            "Text": "Sex",
            "BeginOffset": 0,
            "EndOffset": 3
        },
        {
            "Score": 0.9924584627151489,
            "Text": "part",
            "BeginOffset": 7,
            "EndOffset": 11
        },
        {
            "Score": 0.9978969693183899,
            "Text": "nature",
            "BeginOffset": 15,
            "EndOffset": 21
        },
        {
            "Score": 0.9880818128585815,
            "Text": "nature",
            "BeginOffset": 39,
            "EndOffset": 45
        }
    ]
}
