{
    "KeyPhrases": [
        {
            "Score": 0.9355983734130859,
            "Text": "RT @Godly_Life",
            "BeginOffset": 0,
            "EndOffset": 14
        },
        {
            "Score": 0.7376219630241394,
            "Text": "Knock",
            "BeginOffset": 16,
            "EndOffset": 21
        },
        {
            "Score": 0.7810075283050537,
            "Text": "&amp;",
            "BeginOffset": 23,
            "EndOffset": 28
        },
        {
            "Score": 0.9994039535522461,
            "Text": "the door",
            "BeginOffset": 29,
            "EndOffset": 37
        }
    ]
}
