{
    "KeyPhrases": [
        {
            "Score": 0.8193309903144836,
            "Text": "RT @TeamBarb1",
            "BeginOffset": 0,
            "EndOffset": 13
        },
        {
            "Score": 0.9788650870323181,
            "Text": "rides",
            "BeginOffset": 36,
            "EndOffset": 41
        },
        {
            "Score": 0.904273271560669,
            "Text": "seven days",
            "BeginOffset": 48,
            "EndOffset": 58
        },
        {
            "Score": 0.9974771738052368,
            "Text": "advance",
            "BeginOffset": 62,
            "EndOffset": 69
        }
    ]
}
