{
    "KeyPhrases": [
        {
            "Score": 0.9994707107543945,
            "Text": "women",
            "BeginOffset": 30,
            "EndOffset": 35
        },
        {
            "Score": 0.9070662260055542,
            "Text": "democrats",
            "BeginOffset": 48,
            "EndOffset": 57
        },
        {
            "Score": 0.9286782145500183,
            "Text": "All democrats",
            "BeginOffset": 58,
            "EndOffset": 71
        },
        {
            "Score": 0.9505622982978821,
            "Text": "Muslims",
            "BeginOffset": 80,
            "EndOffset": 87
        }
    ]
}
