{
    "KeyPhrases": [
        {
            "Score": 0.8628351092338562,
            "Text": "@BSdetector8000",
            "BeginOffset": 0,
            "EndOffset": 15
        },
        {
            "Score": 0.9967826008796692,
            "Text": "this land",
            "BeginOffset": 59,
            "EndOffset": 68
        },
        {
            "Score": 0.9975371360778809,
            "Text": "a book",
            "BeginOffset": 95,
            "EndOffset": 101
        },
        {
            "Score": 0.9817922115325928,
            "Text": "a little",
            "BeginOffset": 112,
            "EndOffset": 120
        }
    ]
}
