{
    "KeyPhrases": [
        {
            "Score": 0.9255352020263672,
            "Text": "RT @semirose",
            "BeginOffset": 0,
            "EndOffset": 12
        },
        {
            "Score": 0.8611143231391907,
            "Text": "Vox",
            "BeginOffset": 74,
            "EndOffset": 77
        },
        {
            "Score": 0.8729377388954163,
            "Text": "hey",
            "BeginOffset": 80,
            "EndOffset": 83
        },
        {
            "Score": 0.9848602414131165,
            "Text": "a Star War hottake",
            "BeginOffset": 117,
            "EndOffset": 135
        }
    ]
}
