{
    "KeyPhrases": [
        {
            "Score": 0.902830183506012,
            "Text": "RT @guardian",
            "BeginOffset": 0,
            "EndOffset": 12
        },
        {
            "Score": 0.8742286562919617,
            "Text": "No 10",
            "BeginOffset": 14,
            "EndOffset": 19
        },
        {
            "Score": 0.9678213000297546,
            "Text": "reports",
            "BeginOffset": 27,
            "EndOffset": 34
        },
        {
            "Score": 0.9091609120368958,
            "Text": "plans",
            "BeginOffset": 54,
            "EndOffset": 59
        }
    ]
}
