{
    "KeyPhrases": [
        {
            "Score": 0.9006720781326294,
            "Text": "RT @Pamela_Moore13",
            "BeginOffset": 0,
            "EndOffset": 18
        },
        {
            "Score": 0.8342293500900269,
            "Text": "Trump",
            "BeginOffset": 20,
            "EndOffset": 25
        },
        {
            "Score": 0.9903408885002136,
            "Text": "plan",
            "BeginOffset": 34,
            "EndOffset": 38
        },
        {
            "Score": 0.9681215882301331,
            "Text": "US military",
            "BeginOffset": 48,
            "EndOffset": 59
        }
    ]
}
