{
    "KeyPhrases": [
        {
            "Score": 0.8876667022705078,
            "Text": "moderate women",
            "BeginOffset": 19,
            "EndOffset": 33
        },
        {
            "Score": 0.9953268766403198,
            "Text": "Trump",
            "BeginOffset": 35,
            "EndOffset": 40
        },
        {
            "Score": 0.9993109107017517,
            "Text": "subsidies",
            "BeginOffset": 50,
            "EndOffset": 59
        },
        {
            "Score": 0.9930875897407532,
            "Text": "child care",
            "BeginOffset": 64,
            "EndOffset": 74
        }
    ]
}
