{
    "KeyPhrases": [
        {
            "Score": 0.8396372199058533,
            "Text": "@mfore0142 @JjMicka Ok",
            "BeginOffset": 0,
            "EndOffset": 22
        },
        {
            "Score": 0.9990677833557129,
            "Text": "Hillary",
            "BeginOffset": 32,
            "EndOffset": 39
        },
        {
            "Score": 0.9696382284164429,
            "Text": "pneumonia",
            "BeginOffset": 42,
            "EndOffset": 51
        },
        {
            "Score": 0.9884687662124634,
            "Text": "the atmosphere",
            "BeginOffset": 63,
            "EndOffset": 77
        }
    ]
}
