{
    "KeyPhrases": [
        {
            "Score": 0.9090935587882996,
            "Text": "2 Chainz",
            "BeginOffset": 0,
            "EndOffset": 8
        },
        {
            "Score": 0.9688238501548767,
            "Text": "47 gears",
            "BeginOffset": 10,
            "EndOffset": 18
        },
        {
            "Score": 0.9990684986114502,
            "Text": "a shitload",
            "BeginOffset": 23,
            "EndOffset": 33
        },
        {
            "Score": 0.997828483581543,
            "Text": "wires",
            "BeginOffset": 37,
            "EndOffset": 42
        }
    ]
}
