{
    "KeyPhrases": [
        {
            "Score": 0.8493338823318481,
            "Text": "RT @felicia014",
            "BeginOffset": 0,
            "EndOffset": 14
        },
        {
            "Score": 0.9280773997306824,
            "Text": "fun",
            "BeginOffset": 45,
            "EndOffset": 48
        },
        {
            "Score": 0.8339560627937317,
            "Text": "real fun",
            "BeginOffset": 69,
            "EndOffset": 77
        }
    ]
}
