{
    "KeyPhrases": [
        {
            "Score": 0.8474759459495544,
            "Text": "RT @Will3K85",
            "BeginOffset": 0,
            "EndOffset": 12
        },
        {
            "Score": 0.9283714294433594,
            "Text": "3:10",
            "BeginOffset": 14,
            "EndOffset": 18
        }
    ]
}
