{
    "KeyPhrases": [
        {
            "Score": 0.8397542834281921,
            "Text": "RT @La1N5yKiVG1Mzwf",
            "BeginOffset": 0,
            "EndOffset": 19
        },
        {
            "Score": 0.9414244294166565,
            "Text": "Congressional Black Caucus",
            "BeginOffset": 36,
            "EndOffset": 62
        },
        {
            "Score": 0.6861354112625122,
            "Text": "lol",
            "BeginOffset": 63,
            "EndOffset": 66
        },
        {
            "Score": 0.9746983051300049,
            "Text": "5 mil",
            "BeginOffset": 120,
            "EndOffset": 125
        }
    ]
}
