{
    "KeyPhrases": [
        {
            "Score": 0.853188693523407,
            "Text": "RT @lynb362002",
            "BeginOffset": 0,
            "EndOffset": 14
        },
        {
            "Score": 0.6855631470680237,
            "Text": "@charliesheen",
            "BeginOffset": 16,
            "EndOffset": 29
        },
        {
            "Score": 0.9194029569625854,
            "Text": "urself dumbass",
            "BeginOffset": 44,
            "EndOffset": 58
        },
        {
            "Score": 0.9935659766197205,
            "Text": "your Dad",
            "BeginOffset": 97,
            "EndOffset": 105
        }
    ]
}
