{
    "KeyPhrases": [
        {
            "Score": 0.7840671539306641,
            "Text": "RT @1",
            "BeginOffset": 0,
            "EndOffset": 5
        },
        {
            "Score": 0.9373540282249451,
            "Text": "the amount",
            "BeginOffset": 36,
            "EndOffset": 46
        },
        {
            "Score": 0.9994744062423706,
            "Text": "stickers",
            "BeginOffset": 50,
            "EndOffset": 58
        },
        {
            "Score": 0.9982316493988037,
            "Text": "a new car",
            "BeginOffset": 60,
            "EndOffset": 69
        }
    ]
}
