{
    "KeyPhrases": [
        {
            "Score": 0.923512876033783,
            "Text": "RT @blicqer",
            "BeginOffset": 0,
            "EndOffset": 11
        },
        {
            "Score": 0.9991023540496826,
            "Text": "People",
            "BeginOffset": 114,
            "EndOffset": 120
        },
        {
            "Score": 0.978477418422699,
            "Text": "people",
            "BeginOffset": 125,
            "EndOffset": 131
        }
    ]
}
