{
    "KeyPhrases": [
        {
            "Score": 0.7423218488693237,
            "Text": "RT @sandeebabygrl",
            "BeginOffset": 0,
            "EndOffset": 17
        },
        {
            "Score": 0.7854833602905273,
            "Text": "50",
            "BeginOffset": 17,
            "EndOffset": 19
        },
        {
            "Score": 0.7588582634925842,
            "Text": "@jstines3 / Amen",
            "BeginOffset": 21,
            "EndOffset": 37
        }
    ]
}
