{
    "KeyPhrases": [
        {
            "Score": 0.9461608529090881,
            "Text": "RT @StopEatingBees",
            "BeginOffset": 0,
            "EndOffset": 18
        },
        {
            "Score": 0.9732242226600647,
            "Text": "all his dentist appointments",
            "BeginOffset": 33,
            "EndOffset": 61
        },
        {
            "Score": 0.9972138404846191,
            "Text": "2:30",
            "BeginOffset": 66,
            "EndOffset": 70
        },
        {
            "Score": 0.9284506440162659,
            "Text": "joke",
            "BeginOffset": 105,
            "EndOffset": 109
        }
    ]
}
