{
    "KeyPhrases": [
        {
            "Score": 0.8757877349853516,
            "Text": "RT @JLew3000",
            "BeginOffset": 0,
            "EndOffset": 12
        },
        {
            "Score": 0.9761077761650085,
            "Text": "obama",
            "BeginOffset": 14,
            "EndOffset": 19
        },
        {
            "Score": 0.9994186162948608,
            "Text": "the fool",
            "BeginOffset": 40,
            "EndOffset": 48
        }
    ]
}
