{
    "KeyPhrases": [
        {
            "Score": 0.8661059141159058,
            "Text": "RT @1063atl",
            "BeginOffset": 0,
            "EndOffset": 11
        },
        {
            "Score": 0.8457480072975159,
            "Text": "Metro Boomin",
            "BeginOffset": 26,
            "EndOffset": 38
        },
        {
            "Score": 0.9292140007019043,
            "Text": "No Complaints  ft Drake",
            "BeginOffset": 41,
            "EndOffset": 64
        },
        {
            "Score": 0.5014987587928772,
            "Text": "Offset",
            "BeginOffset": 66,
            "EndOffset": 72
        }
    ]
}
