{
    "KeyPhrases": [
        {
            "Score": 0.8114340901374817,
            "Text": "MT @jstines",
            "BeginOffset": 0,
            "EndOffset": 11
        },
        {
            "Score": 0.9147992730140686,
            "Text": "3",
            "BeginOffset": 11,
            "EndOffset": 12
        },
        {
            "Score": 0.9565389156341553,
            "Text": "Dear LORD",
            "BeginOffset": 14,
            "EndOffset": 23
        }
    ]
}
