{
    "KeyPhrases": [
        {
            "Score": 0.9996772408485413,
            "Text": "the pain",
            "BeginOffset": 20,
            "EndOffset": 28
        },
        {
            "Score": 0.9691864252090454,
            "Text": "hard work",
            "BeginOffset": 32,
            "EndOffset": 41
        },
        {
            "Score": 0.9996113777160645,
            "Text": "the pain",
            "BeginOffset": 63,
            "EndOffset": 71
        },
        {
            "Score": 0.9116675853729248,
            "Text": "regret",
            "BeginOffset": 75,
            "EndOffset": 81
        }
    ]
}
