{
    "KeyPhrases": [
        {
            "Score": 0.9493201971054077,
            "Text": "RT @GirlCodeAPage",
            "BeginOffset": 0,
            "EndOffset": 17
        },
        {
            "Score": 0.9246168732643127,
            "Text": "Celebs",
            "BeginOffset": 19,
            "EndOffset": 25
        },
        {
            "Score": 0.8723165392875671,
            "Text": "makeup",
            "BeginOffset": 43,
            "EndOffset": 49
        },
        {
            "Score": 0.9788277745246887,
            "Text": "#3",
            "BeginOffset": 52,
            "EndOffset": 54
        }
    ]
}
