{
    "KeyPhrases": [
        {
            "Score": 0.9996355175971985,
            "Text": "Clinton",
            "BeginOffset": 8,
            "EndOffset": 15
        },
        {
            "Score": 0.9947882294654846,
            "Text": "Libya emails",
            "BeginOffset": 18,
            "EndOffset": 30
        },
        {
            "Score": 0.9892047643661499,
            "Text": "Benghazi Committee",
            "BeginOffset": 56,
            "EndOffset": 74
        },
        {
            "Score": 0.7470354437828064,
            "Text": "#2016",
            "BeginOffset": 75,
            "EndOffset": 80
        }
    ]
}
