{
    "KeyPhrases": [
        {
            "Score": 0.9174200892448425,
            "Text": "RT @cmdorsey",
            "BeginOffset": 0,
            "EndOffset": 12
        },
        {
            "Score": 0.9939684867858887,
            "Text": "ERROR",
            "BeginOffset": 23,
            "EndOffset": 28
        },
        {
            "Score": 0.8615639209747314,
            "Text": "Obama &amp;",
            "BeginOffset": 32,
            "EndOffset": 43
        },
        {
            "Score": 0.8003059029579163,
            "Text": "WE CAN",
            "BeginOffset": 44,
            "EndOffset": 50
        }
    ]
}
