{
    "KeyPhrases": [
        {
            "Score": 0.8493963479995728,
            "Text": "RT @FrankSharps1874",
            "BeginOffset": 0,
            "EndOffset": 19
        },
        {
            "Score": 0.8329461812973022,
            "Text": "@crosshairsonyou",
            "BeginOffset": 21,
            "EndOffset": 37
        },
        {
            "Score": 0.9960945844650269,
            "Text": "China",
            "BeginOffset": 46,
            "EndOffset": 51
        },
        {
            "Score": 0.9337910413742065,
            "Text": "babies and pets",
            "BeginOffset": 88,
            "EndOffset": 103
        }
    ]
}
