{
    "KeyPhrases": [
        {
            "Score": 0.9145295023918152,
            "Text": "RT @210_Ice",
            "BeginOffset": 0,
            "EndOffset": 11
        },
        {
            "Score": 0.9537729024887085,
            "Text": "people",
            "BeginOffset": 40,
            "EndOffset": 46
        }
    ]
}
