{
    "KeyPhrases": [
        {
            "Score": 0.7304627299308777,
            "Text": "RT @laughingskull",
            "BeginOffset": 0,
            "EndOffset": 17
        },
        {
            "Score": 0.8883122801780701,
            "Text": "59",
            "BeginOffset": 17,
            "EndOffset": 19
        },
        {
            "Score": 0.8287167549133301,
            "Text": "No need",
            "BeginOffset": 21,
            "EndOffset": 28
        },
        {
            "Score": 0.8143112659454346,
            "Text": "petty",
            "BeginOffset": 36,
            "EndOffset": 41
        }
    ]
}
