{
    "KeyPhrases": [
        {
            "Score": 0.8623495101928711,
            "Text": "RT @bfraser747",
            "BeginOffset": 0,
            "EndOffset": 14
        },
        {
            "Score": 0.8559588193893433,
            "Text": "legitimate reason for",
            "BeginOffset": 67,
            "EndOffset": 88
        },
        {
            "Score": 0.7344222664833069,
            "Text": "&amp;",
            "BeginOffset": 105,
            "EndOffset": 110
        }
    ]
}
