{
    "KeyPhrases": [
        {
            "Score": 0.8379114270210266,
            "Text": "RT @MattMurph24",
            "BeginOffset": 0,
            "EndOffset": 15
        },
        {
            "Score": 0.9711196422576904,
            "Text": "TOP",
            "BeginOffset": 17,
            "EndOffset": 20
        },
        {
            "Score": 0.8220645189285278,
            "Text": "LEAGUE",
            "BeginOffset": 31,
            "EndOffset": 37
        }
    ]
}
