{
    "KeyPhrases": [
        {
            "Score": 0.9270544648170471,
            "Text": "RT @Danzig303",
            "BeginOffset": 0,
            "EndOffset": 13
        },
        {
            "Score": 0.6604167819023132,
            "Text": "#IdRunForPresidentIf I",
            "BeginOffset": 15,
            "EndOffset": 37
        },
        {
            "Score": 0.9678468704223633,
            "Text": "vests",
            "BeginOffset": 54,
            "EndOffset": 59
        },
        {
            "Score": 0.9724187254905701,
            "Text": "my right",
            "BeginOffset": 77,
            "EndOffset": 85
        }
    ]
}
