{
    "KeyPhrases": [
        {
            "Score": 0.9950143098831177,
            "Text": "God",
            "BeginOffset": 3,
            "EndOffset": 6
        },
        {
            "Score": 0.9520676136016846,
            "Text": "men",
            "BeginOffset": 27,
            "EndOffset": 30
        },
        {
            "Score": 0.9956140518188477,
            "Text": "the airport",
            "BeginOffset": 69,
            "EndOffset": 80
        }
    ]
}
