{
    "KeyPhrases": [
        {
            "Score": 0.9438633322715759,
            "Text": "RT @RealRupertX",
            "BeginOffset": 0,
            "EndOffset": 15
        },
        {
            "Score": 0.41313520073890686,
            "Text": "time",
            "BeginOffset": 35,
            "EndOffset": 39
        },
        {
            "Score": 0.9938552379608154,
            "Text": "the riots",
            "BeginOffset": 40,
            "EndOffset": 49
        },
        {
            "Score": 0.9656245708465576,
            "Text": "Wednesday",
            "BeginOffset": 59,
            "EndOffset": 68
        }
    ]
}
