{
    "KeyPhrases": [
        {
            "Score": 0.802271842956543,
            "Text": "RT @TomMcMurray10",
            "BeginOffset": 0,
            "EndOffset": 17
        },
        {
            "Score": 0.9260514378547668,
            "Text": "@PoliticalShort @JL02048628 @CNN",
            "BeginOffset": 19,
            "EndOffset": 51
        },
        {
            "Score": 0.9854726195335388,
            "Text": "cable",
            "BeginOffset": 78,
            "EndOffset": 83
        },
        {
            "Score": 0.825996994972229,
            "Text": "Bye CNN",
            "BeginOffset": 85,
            "EndOffset": 92
        }
    ]
}
