{
    "KeyPhrases": [
        {
            "Score": 0.9317427277565002,
            "Text": "RT @Harrynotlarry",
            "BeginOffset": 0,
            "EndOffset": 17
        },
        {
            "Score": 0.38482892513275146,
            "Text": "Hey",
            "BeginOffset": 19,
            "EndOffset": 22
        },
        {
            "Score": 0.7939535975456238,
            "Text": "@RMTunion",
            "BeginOffset": 24,
            "EndOffset": 33
        },
        {
            "Score": 0.9832920432090759,
            "Text": "a brother",
            "BeginOffset": 62,
            "EndOffset": 71
        }
    ]
}
