{
    "KeyPhrases": [
        {
            "Score": 0.9941916465759277,
            "Text": "GEORGE SOROS",
            "BeginOffset": 0,
            "EndOffset": 12
        },
        {
            "Score": 0.9985788464546204,
            "Text": "Hillary",
            "BeginOffset": 18,
            "EndOffset": 25
        },
        {
            "Score": 0.9989038705825806,
            "Text": "the election",
            "BeginOffset": 42,
            "EndOffset": 54
        },
        {
            "Score": 0.9948136210441589,
            "Text": "USA",
            "BeginOffset": 99,
            "EndOffset": 102
        }
    ]
}
