{
    "KeyPhrases": [
        {
            "Score": 0.7853646278381348,
            "Text": "RT @h8mpy",
            "BeginOffset": 0,
            "EndOffset": 9
        },
        {
            "Score": 0.4355468153953552,
            "Text": "Size",
            "BeginOffset": 11,
            "EndOffset": 15
        },
        {
            "Score": 0.7495815753936768,
            "Text": "17 shoes",
            "BeginOffset": 16,
            "EndOffset": 24
        }
    ]
}
