{
    "KeyPhrases": [
        {
            "Score": 0.9067808985710144,
            "Text": "RT @TheTruth24US",
            "BeginOffset": 0,
            "EndOffset": 16
        },
        {
            "Score": 0.9886628985404968,
            "Text": "Follies",
            "BeginOffset": 18,
            "EndOffset": 25
        },
        {
            "Score": 0.9988024234771729,
            "Text": "Denial",
            "BeginOffset": 29,
            "EndOffset": 35
        },
        {
            "Score": 0.9789102673530579,
            "Text": "Women",
            "BeginOffset": 37,
            "EndOffset": 42
        }
    ]
}
