{
    "KeyPhrases": [
        {
            "Score": 0.9995272755622864,
            "Text": "Michelle Obama",
            "BeginOffset": 0,
            "EndOffset": 14
        },
        {
            "Score": 0.9593759775161743,
            "Text": "the White House",
            "BeginOffset": 26,
            "EndOffset": 41
        },
        {
            "Score": 0.9910247325897217,
            "Text": "slaves",
            "BeginOffset": 62,
            "EndOffset": 68
        },
        {
            "Score": 0.8811833262443542,
            "Text": "1792",
            "BeginOffset": 81,
            "EndOffset": 85
        }
    ]
}
