{
    "KeyPhrases": [
        {
            "Score": 0.9405390024185181,
            "Text": "RT @Siggmak",
            "BeginOffset": 0,
            "EndOffset": 11
        },
        {
            "Score": 0.48096075654029846,
            "Text": "REMINDER",
            "BeginOffset": 13,
            "EndOffset": 21
        },
        {
            "Score": 0.6214956641197205,
            "Text": "#2",
            "BeginOffset": 22,
            "EndOffset": 24
        },
        {
            "Score": 0.9729620814323425,
            "Text": "good blood pressure",
            "BeginOffset": 26,
            "EndOffset": 45
        }
    ]
}
