{
    "KeyPhrases": [
        {
            "Score": 0.9206826090812683,
            "Text": "RT @kerpen",
            "BeginOffset": 0,
            "EndOffset": 10
        },
        {
            "Score": 0.9910041689872742,
            "Text": "Mr. Trump",
            "BeginOffset": 27,
            "EndOffset": 36
        },
        {
            "Score": 0.9969890117645264,
            "Text": "some places",
            "BeginOffset": 55,
            "EndOffset": 66
        },
        {
            "Score": 0.950704038143158,
            "Text": "100%",
            "BeginOffset": 77,
            "EndOffset": 81
        }
    ]
}
