{
    "KeyPhrases": [
        {
            "Score": 0.8542896509170532,
            "Text": "#2016",
            "BeginOffset": 14,
            "EndOffset": 19
        },
        {
            "Score": 0.6633001565933228,
            "Text": "ElectionIn3",
            "BeginOffset": 19,
            "EndOffset": 30
        }
    ]
}
