{
    "KeyPhrases": [
        {
            "Score": 0.8918071389198303,
            "Text": "RT @astrologistic",
            "BeginOffset": 0,
            "EndOffset": 17
        },
        {
            "Score": 0.8491677045822144,
            "Text": "@XLNB",
            "BeginOffset": 19,
            "EndOffset": 24
        },
        {
            "Score": 0.9156474471092224,
            "Text": "prom pics",
            "BeginOffset": 39,
            "EndOffset": 48
        },
        {
            "Score": 0.9555615782737732,
            "Text": "GA",
            "BeginOffset": 63,
            "EndOffset": 65
        }
    ]
}
