{
    "KeyPhrases": [
        {
            "Score": 0.9883893728256226,
            "Text": "guys",
            "BeginOffset": 21,
            "EndOffset": 25
        },
        {
            "Score": 0.8511819839477539,
            "Text": "#Trump2K16",
            "BeginOffset": 27,
            "EndOffset": 37
        }
    ]
}
