{
    "KeyPhrases": [
        {
            "Score": 0.5862492918968201,
            "Text": "#2016",
            "BeginOffset": 0,
            "EndOffset": 5
        },
        {
            "Score": 0.9217012524604797,
            "Text": "ElectionIn3Words",
            "BeginOffset": 5,
            "EndOffset": 21
        }
    ]
}
