{
    "KeyPhrases": [
        {
            "Score": 0.42755261063575745,
            "Text": "#StopIslam",
            "BeginOffset": 0,
            "EndOffset": 10
        },
        {
            "Score": 0.9951789975166321,
            "Text": "These people",
            "BeginOffset": 11,
            "EndOffset": 23
        },
        {
            "Score": 0.9969210028648376,
            "Text": "America",
            "BeginOffset": 44,
            "EndOffset": 51
        },
        {
            "Score": 0.9821752309799194,
            "Text": "animals",
            "BeginOffset": 62,
            "EndOffset": 69
        }
    ]
}
