{
    "KeyPhrases": [
        {
            "Score": 0.9293068647384644,
            "Text": "RT @TYCASHH",
            "BeginOffset": 0,
            "EndOffset": 11
        },
        {
            "Score": 0.4399801194667816,
            "Text": "Bless",
            "BeginOffset": 13,
            "EndOffset": 18
        },
        {
            "Score": 0.9901293516159058,
            "Text": "my friends",
            "BeginOffset": 23,
            "EndOffset": 33
        },
        {
            "Score": 0.9392479062080383,
            "Text": "#God",
            "BeginOffset": 35,
            "EndOffset": 39
        }
    ]
}
