{
    "KeyPhrases": [
        {
            "Score": 0.5363984107971191,
            "Text": "warning",
            "BeginOffset": 7,
            "EndOffset": 14
        },
        {
            "Score": 0.9931120872497559,
            "Text": "effect",
            "BeginOffset": 18,
            "EndOffset": 24
        },
        {
            "Score": 0.9989141821861267,
            "Text": "parts",
            "BeginOffset": 29,
            "EndOffset": 34
        }
    ]
}
