{
    "KeyPhrases": [
        {
            "Score": 0.9285700917243958,
            "Text": "RT @crosswindlive",
            "BeginOffset": 0,
            "EndOffset": 17
        },
        {
            "Score": 0.7743372917175293,
            "Text": "MT @jstines",
            "BeginOffset": 19,
            "EndOffset": 30
        },
        {
            "Score": 0.9645629525184631,
            "Text": "3",
            "BeginOffset": 30,
            "EndOffset": 31
        },
        {
            "Score": 0.9536646008491516,
            "Text": "Dear LORD",
            "BeginOffset": 33,
            "EndOffset": 42
        }
    ]
}
