{
    "KeyPhrases": [
        {
            "Score": 0.9288615584373474,
            "Text": "RT @erinkellyd",
            "BeginOffset": 0,
            "EndOffset": 14
        },
        {
            "Score": 0.7845562100410461,
            "Text": "MT @jstines",
            "BeginOffset": 16,
            "EndOffset": 27
        },
        {
            "Score": 0.9651486873626709,
            "Text": "3",
            "BeginOffset": 27,
            "EndOffset": 28
        },
        {
            "Score": 0.9532012343406677,
            "Text": "Dear LORD",
            "BeginOffset": 30,
            "EndOffset": 39
        }
    ]
}
