{
    "KeyPhrases": [
        {
            "Score": 0.8658411502838135,
            "Text": "RT @StopTrump2020",
            "BeginOffset": 0,
            "EndOffset": 17
        },
        {
            "Score": 0.9968345165252686,
            "Text": "This Church",
            "BeginOffset": 19,
            "EndOffset": 30
        },
        {
            "Score": 0.9927900433540344,
            "Text": "the truth",
            "BeginOffset": 42,
            "EndOffset": 51
        }
    ]
}
