{
    "KeyPhrases": [
        {
            "Score": 0.8222361207008362,
            "Text": "RT @Gop42016",
            "BeginOffset": 0,
            "EndOffset": 12
        },
        {
            "Score": 0.9924716353416443,
            "Text": "Jim Rogers",
            "BeginOffset": 14,
            "EndOffset": 24
        },
        {
            "Score": 0.9673970341682434,
            "Text": "a 100% Probability",
            "BeginOffset": 34,
            "EndOffset": 52
        },
        {
            "Score": 0.9937399625778198,
            "Text": "a U.S. Recession",
            "BeginOffset": 56,
            "EndOffset": 72
        }
    ]
}
