{
    "KeyPhrases": [
        {
            "Score": 0.9461347460746765,
            "Text": "his ass",
            "BeginOffset": 26,
            "EndOffset": 33
        },
        {
            "Score": 0.8526802659034729,
            "Text": "shot",
            "BeginOffset": 48,
            "EndOffset": 52
        }
    ]
}
