{
    "KeyPhrases": [
        {
            "Score": 0.9467982649803162,
            "Text": "RT @QFT_Scott",
            "BeginOffset": 0,
            "EndOffset": 13
        },
        {
            "Score": 0.9897810220718384,
            "Text": "CNN",
            "BeginOffset": 25,
            "EndOffset": 28
        },
        {
            "Score": 0.9990726709365845,
            "Text": "the video",
            "BeginOffset": 36,
            "EndOffset": 45
        },
        {
            "Score": 0.9299914240837097,
            "Text": "PC Gamer",
            "BeginOffset": 52,
            "EndOffset": 60
        }
    ]
}
