{
    "KeyPhrases": [
        {
            "Score": 0.8991313576698303,
            "Text": "RT @liamstack",
            "BeginOffset": 0,
            "EndOffset": 13
        },
        {
            "Score": 0.9971378445625305,
            "Text": "15 women",
            "BeginOffset": 15,
            "EndOffset": 23
        },
        {
            "Score": 0.9977482557296753,
            "Text": "Trump",
            "BeginOffset": 37,
            "EndOffset": 42
        }
    ]
}
