{
    "KeyPhrases": [
        {
            "Score": 0.8487449288368225,
            "Text": "RT @foxfire2112",
            "BeginOffset": 0,
            "EndOffset": 15
        },
        {
            "Score": 0.9994730949401855,
            "Text": "The time",
            "BeginOffset": 17,
            "EndOffset": 25
        },
        {
            "Score": 0.857602596282959,
            "Text": "Berners",
            "BeginOffset": 33,
            "EndOffset": 40
        },
        {
            "Score": 0.9750191569328308,
            "Text": "@TheDemocrats",
            "BeginOffset": 45,
            "EndOffset": 58
        }
    ]
}
