{
    "KeyPhrases": [
        {
            "Score": 0.9007840156555176,
            "Text": "Illusion",
            "BeginOffset": 0,
            "EndOffset": 8
        },
        {
            "Score": 0.8594237565994263,
            "Text": "Choice",
            "BeginOffset": 12,
            "EndOffset": 18
        },
        {
            "Score": 0.5877023339271545,
            "Text": "#2016",
            "BeginOffset": 19,
            "EndOffset": 24
        }
    ]
}
