{
    "KeyPhrases": [
        {
            "Score": 0.7312780022621155,
            "Text": "RT @coolcam",
            "BeginOffset": 0,
            "EndOffset": 11
        },
        {
            "Score": 0.9548863768577576,
            "Text": "101",
            "BeginOffset": 11,
            "EndOffset": 14
        },
        {
            "Score": 0.9865857362747192,
            "Text": "#ToFeelBetterI",
            "BeginOffset": 16,
            "EndOffset": 30
        }
    ]
}
