{
    "KeyPhrases": [
        {
            "Score": 0.9994938373565674,
            "Text": "People",
            "BeginOffset": 0,
            "EndOffset": 6
        },
        {
            "Score": 0.9968159198760986,
            "Text": "the necessity",
            "BeginOffset": 25,
            "EndOffset": 38
        },
        {
            "Score": 0.9959779381752014,
            "Text": "gun usage",
            "BeginOffset": 42,
            "EndOffset": 51
        },
        {
            "Score": 0.8216269016265869,
            "Text": "#2",
            "BeginOffset": 90,
            "EndOffset": 92
        }
    ]
}
