{
    "KeyPhrases": [
        {
            "Score": 0.8468988537788391,
            "Text": "#2017SurvivalTips",
            "BeginOffset": 0,
            "EndOffset": 17
        },
        {
            "Score": 0.9756709337234497,
            "Text": "respek",
            "BeginOffset": 22,
            "EndOffset": 28
        },
        {
            "Score": 0.9956091046333313,
            "Text": "people",
            "BeginOffset": 32,
            "EndOffset": 38
        },
        {
            "Score": 0.9080991744995117,
            "Text": "’s names",
            "BeginOffset": 38,
            "EndOffset": 46
        }
    ]
}
