{
    "KeyPhrases": [
        {
            "Score": 0.9516134858131409,
            "Text": "the judge",
            "BeginOffset": 4,
            "EndOffset": 13
        },
        {
            "Score": 0.9995477795600891,
            "Text": "the jury",
            "BeginOffset": 19,
            "EndOffset": 27
        },
        {
            "Score": 0.988160252571106,
            "Text": "a bunch",
            "BeginOffset": 45,
            "EndOffset": 52
        },
        {
            "Score": 0.9938154220581055,
            "Text": "dumb fcks",
            "BeginOffset": 56,
            "EndOffset": 65
        }
    ]
}
