{
    "KeyPhrases": [
        {
            "Score": 0.7512064576148987,
            "Text": "RT @ARnews",
            "BeginOffset": 0,
            "EndOffset": 10
        },
        {
            "Score": 0.8355105519294739,
            "Text": "1936",
            "BeginOffset": 10,
            "EndOffset": 14
        },
        {
            "Score": 0.9990261793136597,
            "Text": "Jews",
            "BeginOffset": 16,
            "EndOffset": 20
        },
        {
            "Score": 0.9039127826690674,
            "Text": "16 Muslim countries",
            "BeginOffset": 46,
            "EndOffset": 65
        }
    ]
}
