{
    "KeyPhrases": [
        {
            "Score": 0.7225374579429626,
            "Text": "RT @timwagner",
            "BeginOffset": 0,
            "EndOffset": 13
        },
        {
            "Score": 0.9492171406745911,
            "Text": "66",
            "BeginOffset": 13,
            "EndOffset": 15
        }
    ]
}
