{
    "KeyPhrases": [
        {
            "Score": 0.8474434614181519,
            "Text": "RT @PolakPotrafi333",
            "BeginOffset": 0,
            "EndOffset": 19
        },
        {
            "Score": 0.7094176411628723,
            "Text": "@JenaC2",
            "BeginOffset": 21,
            "EndOffset": 28
        },
        {
            "Score": 0.8799945712089539,
            "Text": "Good morning",
            "BeginOffset": 29,
            "EndOffset": 41
        }
    ]
}
