{
    "KeyPhrases": [
        {
            "Score": 0.9132398366928101,
            "Text": "RT @ringgoldsandra",
            "BeginOffset": 0,
            "EndOffset": 18
        },
        {
            "Score": 0.8803707361221313,
            "Text": "#My2017Resolution",
            "BeginOffset": 20,
            "EndOffset": 37
        },
        {
            "Score": 0.9722763895988464,
            "Text": "my motto",
            "BeginOffset": 43,
            "EndOffset": 51
        },
        {
            "Score": 0.9058628082275391,
            "Text": "Mondays",
            "BeginOffset": 55,
            "EndOffset": 62
        }
    ]
}
