{
    "KeyPhrases": [
        {
            "Score": 0.9258332848548889,
            "Text": "RT @BigEnuff",
            "BeginOffset": 0,
            "EndOffset": 12
        },
        {
            "Score": 0.9810656309127808,
            "Text": "#2016",
            "BeginOffset": 14,
            "EndOffset": 19
        },
        {
            "Score": 0.8857905268669128,
            "Text": "4Words",
            "BeginOffset": 21,
            "EndOffset": 27
        },
        {
            "Score": 0.816840648651123,
            "Text": "Mine",
            "BeginOffset": 34,
            "EndOffset": 38
        }
    ]
}
