{
    "KeyPhrases": [
        {
            "Score": 0.921769917011261,
            "Text": "RT @TYCASHH",
            "BeginOffset": 0,
            "EndOffset": 11
        },
        {
            "Score": 0.9247251152992249,
            "Text": "#God",
            "BeginOffset": 13,
            "EndOffset": 17
        },
        {
            "Score": 0.9991371631622314,
            "Text": "the time",
            "BeginOffset": 45,
            "EndOffset": 53
        },
        {
            "Score": 0.9967763423919678,
            "Text": "trouble",
            "BeginOffset": 57,
            "EndOffset": 64
        }
    ]
}
