{
    "KeyPhrases": [
        {
            "Score": 0.8046714067459106,
            "Text": "RT @th1eves",
            "BeginOffset": 0,
            "EndOffset": 11
        },
        {
            "Score": 0.9850913286209106,
            "Text": "a car",
            "BeginOffset": 16,
            "EndOffset": 21
        },
        {
            "Score": 0.9990565776824951,
            "Text": "thousands",
            "BeginOffset": 36,
            "EndOffset": 45
        },
        {
            "Score": 0.9993821382522583,
            "Text": "cars",
            "BeginOffset": 49,
            "EndOffset": 53
        }
    ]
}
