{
    "KeyPhrases": [
        {
            "Score": 0.7838470339775085,
            "Text": "RT @Northquahog48",
            "BeginOffset": 0,
            "EndOffset": 17
        },
        {
            "Score": 0.9957733750343323,
            "Text": "The Twilight Zone",
            "BeginOffset": 19,
            "EndOffset": 36
        },
        {
            "Score": 0.9487996697425842,
            "Text": "the Republican Zone",
            "BeginOffset": 44,
            "EndOffset": 63
        },
        {
            "Score": 0.650820255279541,
            "Text": "#2016",
            "BeginOffset": 64,
            "EndOffset": 69
        }
    ]
}
