{
    "KeyPhrases": [
        {
            "Score": 0.9909117817878723,
            "Text": "your Chapter 1",
            "BeginOffset": 14,
            "EndOffset": 28
        },
        {
            "Score": 0.9822636246681213,
            "Text": "someone else",
            "BeginOffset": 32,
            "EndOffset": 44
        },
        {
            "Score": 0.9689538478851318,
            "Text": "Chapter 20",
            "BeginOffset": 47,
            "EndOffset": 57
        }
    ]
}
