{
    "KeyPhrases": [
        {
            "Score": 0.9213442206382751,
            "Text": "RT @yoelamite",
            "BeginOffset": 0,
            "EndOffset": 13
        },
        {
            "Score": 0.6870257258415222,
            "Text": "@blackmoses",
            "BeginOffset": 15,
            "EndOffset": 26
        },
        {
            "Score": 0.7670554518699646,
            "Text": "2015 @nook",
            "BeginOffset": 26,
            "EndOffset": 36
        },
        {
            "Score": 0.40420934557914734,
            "Text": "71715",
            "BeginOffset": 36,
            "EndOffset": 41
        }
    ]
}
