{
    "KeyPhrases": [
        {
            "Score": 0.6972516179084778,
            "Text": "change",
            "BeginOffset": 12,
            "EndOffset": 18
        },
        {
            "Score": 0.9937394857406616,
            "Text": "a 0",
            "BeginOffset": 23,
            "EndOffset": 26
        }
    ]
}
