{
    "KeyPhrases": [
        {
            "Score": 0.9777334332466125,
            "Text": "GOP lawmaker",
            "BeginOffset": 0,
            "EndOffset": 12
        },
        {
            "Score": 0.9897698163986206,
            "Text": "firing",
            "BeginOffset": 19,
            "EndOffset": 25
        },
        {
            "Score": 0.9742801189422607,
            "Text": "aide",
            "BeginOffset": 29,
            "EndOffset": 33
        },
        {
            "Score": 0.7701371908187866,
            "Text": "'100 percent",
            "BeginOffset": 34,
            "EndOffset": 46
        }
    ]
}
