{
    "KeyPhrases": [
        {
            "Score": 0.9651259183883667,
            "Text": "Trump",
            "BeginOffset": 0,
            "EndOffset": 5
        },
        {
            "Score": 0.9468076229095459,
            "Text": "'gold card",
            "BeginOffset": 6,
            "EndOffset": 16
        },
        {
            "Score": 0.9227395057678223,
            "Text": "65%",
            "BeginOffset": 22,
            "EndOffset": 25
        }
    ]
}
