{
    "KeyPhrases": [
        {
            "Score": 0.9265264868736267,
            "Text": "RT @postpolitics",
            "BeginOffset": 0,
            "EndOffset": 16
        },
        {
            "Score": 0.974547803401947,
            "Text": "See Jeb Bush",
            "BeginOffset": 18,
            "EndOffset": 30
        },
        {
            "Score": 0.9852273464202881,
            "Text": "’s tax returns",
            "BeginOffset": 30,
            "EndOffset": 44
        },
        {
            "Score": 0.7566986083984375,
            "Text": "1981",
            "BeginOffset": 49,
            "EndOffset": 53
        }
    ]
}
