{
    "KeyPhrases": [
        {
            "Score": 0.9126026630401611,
            "Text": "@Jenn_Abrams",
            "BeginOffset": 0,
            "EndOffset": 12
        },
        {
            "Score": 0.9334171414375305,
            "Text": "some places",
            "BeginOffset": 16,
            "EndOffset": 27
        },
        {
            "Score": 0.8750607371330261,
            "Text": "15",
            "BeginOffset": 33,
            "EndOffset": 35
        }
    ]
}
