{
    "Sentiment": "NEUTRAL",
    "SentimentScore": {
        "Positive": 0.018611691892147064,
        "Negative": 0.10716657340526581,
        "Neutral": 0.8529773950576782,
        "Mixed": 0.021244267001748085
    }
}
