{
    "Sentiment": "NEUTRAL",
    "SentimentScore": {
        "Positive": 0.012006901204586029,
        "Negative": 0.043634213507175446,
        "Neutral": 0.9364674687385559,
        "Mixed": 0.007891443558037281
    }
}
