{
    "Sentiment": "NEUTRAL",
    "SentimentScore": {
        "Positive": 0.00774237047880888,
        "Negative": 0.055756647139787674,
        "Neutral": 0.9309279918670654,
        "Mixed": 0.005572938360273838
    }
}
