{
    "Sentiment": "NEUTRAL",
    "SentimentScore": {
        "Positive": 0.15333989262580872,
        "Negative": 0.08609980344772339,
        "Neutral": 0.7401321530342102,
        "Mixed": 0.020428111776709557
    }
}
