{
    "Sentiment": "NEUTRAL",
    "SentimentScore": {
        "Positive": 0.006857039872556925,
        "Negative": 0.00521485973149538,
        "Neutral": 0.9870103597640991,
        "Mixed": 0.0009177062893286347
    }
}
