{
    "Sentiment": "NEUTRAL",
    "SentimentScore": {
        "Positive": 0.01264707650989294,
        "Negative": 0.018305156379938126,
        "Neutral": 0.9655279517173767,
        "Mixed": 0.0035198593977838755
    }
}
