{
    "Sentiment": "NEUTRAL",
    "SentimentScore": {
        "Positive": 0.010499369353055954,
        "Negative": 0.01792294532060623,
        "Neutral": 0.9693360328674316,
        "Mixed": 0.002241633366793394
    }
}
