{
    "Sentiment": "NEUTRAL",
    "SentimentScore": {
        "Positive": 0.005955750122666359,
        "Negative": 0.001815195893868804,
        "Neutral": 0.9917682409286499,
        "Mixed": 0.00046079757157713175
    }
}
