{
    "Sentiment": "NEUTRAL",
    "SentimentScore": {
        "Positive": 0.09087469428777695,
        "Negative": 0.03670092672109604,
        "Neutral": 0.8455050587654114,
        "Mixed": 0.02691936492919922
    }
}
