{
    "Sentiment": "NEUTRAL",
    "SentimentScore": {
        "Positive": 0.01759188435971737,
        "Negative": 0.006073574535548687,
        "Neutral": 0.9749721884727478,
        "Mixed": 0.0013624064158648252
    }
}
