{
    "Sentiment": "NEUTRAL",
    "SentimentScore": {
        "Positive": 0.003157214727252722,
        "Negative": 0.03973781317472458,
        "Neutral": 0.9527465105056763,
        "Mixed": 0.004358531441539526
    }
}
