{
    "Sentiment": "NEUTRAL",
    "SentimentScore": {
        "Positive": 0.3112070560455322,
        "Negative": 0.28499722480773926,
        "Neutral": 0.35937371850013733,
        "Mixed": 0.04442199692130089
    }
}
