{
    "Sentiment": "NEUTRAL",
    "SentimentScore": {
        "Positive": 0.019069572910666466,
        "Negative": 0.03360285609960556,
        "Neutral": 0.9444907307624817,
        "Mixed": 0.0028368490748107433
    }
}
