{
    "Sentiment": "NEUTRAL",
    "SentimentScore": {
        "Positive": 0.03572233393788338,
        "Negative": 0.01854594051837921,
        "Neutral": 0.9410752058029175,
        "Mixed": 0.004656452219933271
    }
}
