{
    "Sentiment": "NEUTRAL",
    "SentimentScore": {
        "Positive": 0.009927891194820404,
        "Negative": 0.014954221434891224,
        "Neutral": 0.9742035865783691,
        "Mixed": 0.0009142831549979746
    }
}
