{
    "Sentiment": "NEUTRAL",
    "SentimentScore": {
        "Positive": 0.2649194300174713,
        "Negative": 0.006892499513924122,
        "Neutral": 0.7198836803436279,
        "Mixed": 0.008304368704557419
    }
}
