{
    "Sentiment": "NEUTRAL",
    "SentimentScore": {
        "Positive": 0.02894696593284607,
        "Negative": 0.006026024464517832,
        "Neutral": 0.9624502062797546,
        "Mixed": 0.002576818224042654
    }
}
