{
    "Sentiment": "NEUTRAL",
    "SentimentScore": {
        "Positive": 0.013280236162245274,
        "Negative": 0.11201710999011993,
        "Neutral": 0.8713487982749939,
        "Mixed": 0.0033538267016410828
    }
}
