{
    "Sentiment": "NEUTRAL",
    "SentimentScore": {
        "Positive": 0.006354843731969595,
        "Negative": 0.0033063252922147512,
        "Neutral": 0.9898249506950378,
        "Mixed": 0.0005138731794431806
    }
}
