{
    "Sentiment": "POSITIVE",
    "SentimentScore": {
        "Positive": 0.530174970626831,
        "Negative": 0.011938377283513546,
        "Neutral": 0.4444255828857422,
        "Mixed": 0.013461045920848846
    }
}
