{
    "Sentiment": "POSITIVE",
    "SentimentScore": {
        "Positive": 0.5553719401359558,
        "Negative": 0.0013906452804803848,
        "Neutral": 0.4400942325592041,
        "Mixed": 0.0031432679388672113
    }
}
