{
    "Sentiment": "NEUTRAL",
    "SentimentScore": {
        "Positive": 0.09415531158447266,
        "Negative": 0.06212080270051956,
        "Neutral": 0.803584098815918,
        "Mixed": 0.04013977572321892
    }
}
