{
    "Sentiment": "NEUTRAL",
    "SentimentScore": {
        "Positive": 0.006361520849168301,
        "Negative": 0.22244924306869507,
        "Neutral": 0.7579895853996277,
        "Mixed": 0.013199579901993275
    }
}
