{
    "Sentiment": "NEUTRAL",
    "SentimentScore": {
        "Positive": 0.005941102281212807,
        "Negative": 0.006677748169749975,
        "Neutral": 0.9864612221717834,
        "Mixed": 0.0009199973428621888
    }
}
