{
    "Sentiment": "NEUTRAL",
    "SentimentScore": {
        "Positive": 0.002211343264207244,
        "Negative": 0.01035912986844778,
        "Neutral": 0.9862298965454102,
        "Mixed": 0.0011996281100437045
    }
}
