{
    "Sentiment": "NEUTRAL",
    "SentimentScore": {
        "Positive": 0.0034766430035233498,
        "Negative": 0.007484192959964275,
        "Neutral": 0.9877793192863464,
        "Mixed": 0.0012598587200045586
    }
}
