{
    "Sentiment": "NEUTRAL",
    "SentimentScore": {
        "Positive": 0.01753331534564495,
        "Negative": 0.1557832956314087,
        "Neutral": 0.8122816681861877,
        "Mixed": 0.014401749707758427
    }
}
