{
    "Sentiment": "NEUTRAL",
    "SentimentScore": {
        "Positive": 0.00222880020737648,
        "Negative": 0.0030368403531610966,
        "Neutral": 0.9944629073143005,
        "Mixed": 0.0002715210721362382
    }
}
