{
    "Sentiment": "NEUTRAL",
    "SentimentScore": {
        "Positive": 0.002734251320362091,
        "Negative": 0.024843154475092888,
        "Neutral": 0.9682315587997437,
        "Mixed": 0.004191061016172171
    }
}
