{
    "Sentiment": "NEUTRAL",
    "SentimentScore": {
        "Positive": 0.01334806066006422,
        "Negative": 0.07086847722530365,
        "Neutral": 0.8965080380439758,
        "Mixed": 0.019275479018688202
    }
}
