{
    "Sentiment": "NEUTRAL",
    "SentimentScore": {
        "Positive": 0.004871521610766649,
        "Negative": 0.002474515000358224,
        "Neutral": 0.9919610619544983,
        "Mixed": 0.0006929558585397899
    }
}
