{
    "Sentiment": "NEUTRAL",
    "SentimentScore": {
        "Positive": 0.02469826303422451,
        "Negative": 0.0028197909705340862,
        "Neutral": 0.9708612561225891,
        "Mixed": 0.0016207954613491893
    }
}
