{
    "Sentiment": "NEUTRAL",
    "SentimentScore": {
        "Positive": 0.0052348109893500805,
        "Negative": 0.040848344564437866,
        "Neutral": 0.9498628377914429,
        "Mixed": 0.004054007586091757
    }
}
