{
    "Sentiment": "NEGATIVE",
    "SentimentScore": {
        "Positive": 0.10183774679899216,
        "Negative": 0.4166913330554962,
        "Neutral": 0.3831638693809509,
        "Mixed": 0.0983070358633995
    }
}
