{
    "Sentiment": "NEUTRAL",
    "SentimentScore": {
        "Positive": 0.014595389366149902,
        "Negative": 0.04656257480382919,
        "Neutral": 0.9358842968940735,
        "Mixed": 0.0029577193781733513
    }
}
