{
    "Sentiment": "NEGATIVE",
    "SentimentScore": {
        "Positive": 0.0369088277220726,
        "Negative": 0.49438977241516113,
        "Neutral": 0.4394172430038452,
        "Mixed": 0.029284214600920677
    }
}
