{
    "Sentiment": "NEUTRAL",
    "SentimentScore": {
        "Positive": 0.005499658174812794,
        "Negative": 0.07019522786140442,
        "Neutral": 0.9171199202537537,
        "Mixed": 0.007185175083577633
    }
}
