{
    "Sentiment": "NEUTRAL",
    "SentimentScore": {
        "Positive": 0.04162941873073578,
        "Negative": 0.02640063688158989,
        "Neutral": 0.9279991984367371,
        "Mixed": 0.003970689605921507
    }
}
