{
    "Sentiment": "NEUTRAL",
    "SentimentScore": {
        "Positive": 0.004234222695231438,
        "Negative": 0.0046383654698729515,
        "Neutral": 0.9902207851409912,
        "Mixed": 0.000906619185116142
    }
}
