{
    "Sentiment": "NEUTRAL",
    "SentimentScore": {
        "Positive": 0.12179261445999146,
        "Negative": 0.118390291929245,
        "Neutral": 0.6745090484619141,
        "Mixed": 0.0853080004453659
    }
}
