{
    "Sentiment": "NEUTRAL",
    "SentimentScore": {
        "Positive": 0.039985764771699905,
        "Negative": 0.009737754240632057,
        "Neutral": 0.9472854733467102,
        "Mixed": 0.00299102277494967
    }
}
