{
    "Sentiment": "NEUTRAL",
    "SentimentScore": {
        "Positive": 0.010150616988539696,
        "Negative": 0.08566953241825104,
        "Neutral": 0.8932603597640991,
        "Mixed": 0.010919547639787197
    }
}
