{
    "Sentiment": "NEUTRAL",
    "SentimentScore": {
        "Positive": 0.019710445776581764,
        "Negative": 0.04320482537150383,
        "Neutral": 0.9304112195968628,
        "Mixed": 0.006673451513051987
    }
}
