{
    "Sentiment": "NEUTRAL",
    "SentimentScore": {
        "Positive": 0.1002056896686554,
        "Negative": 0.056159745901823044,
        "Neutral": 0.8378857374191284,
        "Mixed": 0.0057488130405545235
    }
}
