{
    "Sentiment": "NEUTRAL",
    "SentimentScore": {
        "Positive": 0.007233253680169582,
        "Negative": 0.0630950853228569,
        "Neutral": 0.9234522581100464,
        "Mixed": 0.006219461094588041
    }
}
