{
    "Sentiment": "NEUTRAL",
    "SentimentScore": {
        "Positive": 0.006452363450080156,
        "Negative": 0.0016313266241922975,
        "Neutral": 0.9913113117218018,
        "Mixed": 0.0006049933144822717
    }
}
