{
    "Sentiment": "NEUTRAL",
    "SentimentScore": {
        "Positive": 0.02128012292087078,
        "Negative": 0.00899329874664545,
        "Neutral": 0.9642541408538818,
        "Mixed": 0.005472478922456503
    }
}
