{
    "Sentiment": "NEUTRAL",
    "SentimentScore": {
        "Positive": 0.011117495596408844,
        "Negative": 0.02495567314326763,
        "Neutral": 0.9579567909240723,
        "Mixed": 0.00597016979008913
    }
}
