{
    "Sentiment": "NEUTRAL",
    "SentimentScore": {
        "Positive": 0.23438963294029236,
        "Negative": 0.00395542848855257,
        "Neutral": 0.7582955956459045,
        "Mixed": 0.003359356429427862
    }
}
