{
    "Sentiment": "NEUTRAL",
    "SentimentScore": {
        "Positive": 0.02473282441496849,
        "Negative": 0.001962078735232353,
        "Neutral": 0.9715992212295532,
        "Mixed": 0.0017058805096894503
    }
}
