{
    "Sentiment": "NEGATIVE",
    "SentimentScore": {
        "Positive": 0.010448112152516842,
        "Negative": 0.5043524503707886,
        "Neutral": 0.4467328190803528,
        "Mixed": 0.03846660256385803
    }
}
