{
    "Sentiment": "NEUTRAL",
    "SentimentScore": {
        "Positive": 0.007948577404022217,
        "Negative": 0.014255024492740631,
        "Neutral": 0.9757100939750671,
        "Mixed": 0.002086315071210265
    }
}
