{
    "Sentiment": "NEUTRAL",
    "SentimentScore": {
        "Positive": 0.0032068130094558,
        "Negative": 0.42695745825767517,
        "Neutral": 0.5498005747795105,
        "Mixed": 0.02003512904047966
    }
}
