{
    "Sentiment": "NEUTRAL",
    "SentimentScore": {
        "Positive": 0.007320994511246681,
        "Negative": 0.12118058651685715,
        "Neutral": 0.8659746646881104,
        "Mixed": 0.005523742642253637
    }
}
