{
    "Sentiment": "NEUTRAL",
    "SentimentScore": {
        "Positive": 0.012890649028122425,
        "Negative": 0.04719970375299454,
        "Neutral": 0.9372487664222717,
        "Mixed": 0.002660853788256645
    }
}
