{
    "Sentiment": "NEUTRAL",
    "SentimentScore": {
        "Positive": 0.003949626814574003,
        "Negative": 0.16533751785755157,
        "Neutral": 0.8167288303375244,
        "Mixed": 0.01398404035717249
    }
}
