{
    "Sentiment": "NEUTRAL",
    "SentimentScore": {
        "Positive": 0.05602985620498657,
        "Negative": 0.20564758777618408,
        "Neutral": 0.7197031378746033,
        "Mixed": 0.018619440495967865
    }
}
