{
    "Sentiment": "NEUTRAL",
    "SentimentScore": {
        "Positive": 0.3403095602989197,
        "Negative": 0.008596651256084442,
        "Neutral": 0.6375564932823181,
        "Mixed": 0.01353727001696825
    }
}
