{
    "Sentiment": "NEUTRAL",
    "SentimentScore": {
        "Positive": 0.10487153381109238,
        "Negative": 0.026480525732040405,
        "Neutral": 0.865597128868103,
        "Mixed": 0.003050874685868621
    }
}
