{
    "Sentiment": "NEUTRAL",
    "SentimentScore": {
        "Positive": 0.3543689250946045,
        "Negative": 0.0035583176650106907,
        "Neutral": 0.6354473829269409,
        "Mixed": 0.0066253915429115295
    }
}
