{
    "Sentiment": "NEUTRAL",
    "SentimentScore": {
        "Positive": 0.02445169910788536,
        "Negative": 0.00884336419403553,
        "Neutral": 0.9635133147239685,
        "Mixed": 0.003191587748005986
    }
}
