{
    "Sentiment": "NEUTRAL",
    "SentimentScore": {
        "Positive": 0.031381756067276,
        "Negative": 0.027812493965029716,
        "Neutral": 0.9360097050666809,
        "Mixed": 0.004796127323061228
    }
}
