{
    "Sentiment": "NEUTRAL",
    "SentimentScore": {
        "Positive": 0.002991886343806982,
        "Negative": 0.02514580637216568,
        "Neutral": 0.9696930646896362,
        "Mixed": 0.002169328508898616
    }
}
