{
    "Sentiment": "NEUTRAL",
    "SentimentScore": {
        "Positive": 0.109024278819561,
        "Negative": 0.05761546269059181,
        "Neutral": 0.828138530254364,
        "Mixed": 0.005221716593950987
    }
}
