{
    "Sentiment": "NEUTRAL",
    "SentimentScore": {
        "Positive": 0.01324035320430994,
        "Negative": 0.15473219752311707,
        "Neutral": 0.8186022639274597,
        "Mixed": 0.013425125740468502
    }
}
