{
    "Sentiment": "NEUTRAL",
    "SentimentScore": {
        "Positive": 0.03037205897271633,
        "Negative": 0.0028643968980759382,
        "Neutral": 0.9654589295387268,
        "Mixed": 0.0013046864187344909
    }
}
