{
    "Sentiment": "NEUTRAL",
    "SentimentScore": {
        "Positive": 0.005814983043819666,
        "Negative": 0.029535088688135147,
        "Neutral": 0.9608687162399292,
        "Mixed": 0.0037812700029462576
    }
}
