{
    "Sentiment": "NEUTRAL",
    "SentimentScore": {
        "Positive": 0.013513101264834404,
        "Negative": 0.15932081639766693,
        "Neutral": 0.821772038936615,
        "Mixed": 0.00539407879114151
    }
}
