{
    "Sentiment": "NEUTRAL",
    "SentimentScore": {
        "Positive": 0.04392113536596298,
        "Negative": 0.4028826057910919,
        "Neutral": 0.521790623664856,
        "Mixed": 0.03140561655163765
    }
}
