{
    "Sentiment": "NEUTRAL",
    "SentimentScore": {
        "Positive": 0.007441017776727676,
        "Negative": 0.07766019552946091,
        "Neutral": 0.9043700098991394,
        "Mixed": 0.01052872184664011
    }
}
