{
    "Sentiment": "NEUTRAL",
    "SentimentScore": {
        "Positive": 0.27715304493904114,
        "Negative": 0.008364535868167877,
        "Neutral": 0.705366849899292,
        "Mixed": 0.0091155506670475
    }
}
