{
    "Sentiment": "NEUTRAL",
    "SentimentScore": {
        "Positive": 0.0037786029279232025,
        "Negative": 0.04655187949538231,
        "Neutral": 0.9467002749443054,
        "Mixed": 0.0029691816307604313
    }
}
