{
    "Sentiment": "NEUTRAL",
    "SentimentScore": {
        "Positive": 0.011686506681144238,
        "Negative": 0.02907535247504711,
        "Neutral": 0.9520219564437866,
        "Mixed": 0.0072162258438766
    }
}
