{
    "Sentiment": "NEUTRAL",
    "SentimentScore": {
        "Positive": 0.003359470283612609,
        "Negative": 0.0009090907406061888,
        "Neutral": 0.9954892992973328,
        "Mixed": 0.00024211540585383773
    }
}
