{
    "Sentiment": "NEUTRAL",
    "SentimentScore": {
        "Positive": 0.007719884160906076,
        "Negative": 0.044602181762456894,
        "Neutral": 0.944080114364624,
        "Mixed": 0.0035977293737232685
    }
}
