{
    "Sentiment": "POSITIVE",
    "SentimentScore": {
        "Positive": 0.8947564363479614,
        "Negative": 0.0033388687297701836,
        "Neutral": 0.06588723510503769,
        "Mixed": 0.03601747378706932
    }
}
