{
    "Sentiment": "NEUTRAL",
    "SentimentScore": {
        "Positive": 0.015752112492918968,
        "Negative": 0.007219656836241484,
        "Neutral": 0.975292980670929,
        "Mixed": 0.0017352476716041565
    }
}
