{
    "Sentiment": "NEUTRAL",
    "SentimentScore": {
        "Positive": 0.2252008616924286,
        "Negative": 0.022537097334861755,
        "Neutral": 0.7489466071128845,
        "Mixed": 0.0033153672702610493
    }
}
