{
    "Sentiment": "NEUTRAL",
    "SentimentScore": {
        "Positive": 0.03499038517475128,
        "Negative": 0.0019142673118039966,
        "Neutral": 0.9620617628097534,
        "Mixed": 0.0010335894767194986
    }
}
