{
    "Sentiment": "NEUTRAL",
    "SentimentScore": {
        "Positive": 0.0017935646465048194,
        "Negative": 0.004671583417803049,
        "Neutral": 0.9929117560386658,
        "Mixed": 0.0006231056177057326
    }
}
