{
    "Sentiment": "NEUTRAL",
    "SentimentScore": {
        "Positive": 0.012450975365936756,
        "Negative": 0.06334661692380905,
        "Neutral": 0.9216451644897461,
        "Mixed": 0.002557183848693967
    }
}
