{
    "Sentiment": "NEUTRAL",
    "SentimentScore": {
        "Positive": 0.018276162445545197,
        "Negative": 0.011360151693224907,
        "Neutral": 0.9662978053092957,
        "Mixed": 0.0040659052319824696
    }
}
