{
    "Sentiment": "NEUTRAL",
    "SentimentScore": {
        "Positive": 0.004141853656619787,
        "Negative": 0.006127132568508387,
        "Neutral": 0.9881681799888611,
        "Mixed": 0.0015628343680873513
    }
}
