{
    "Sentiment": "NEUTRAL",
    "SentimentScore": {
        "Positive": 0.017488112673163414,
        "Negative": 0.0236909668892622,
        "Neutral": 0.9547376036643982,
        "Mixed": 0.0040833111852407455
    }
}
