{
    "Sentiment": "NEUTRAL",
    "SentimentScore": {
        "Positive": 0.025633269920945168,
        "Negative": 0.08900568634271622,
        "Neutral": 0.8807858824729919,
        "Mixed": 0.004575155675411224
    }
}
