{
    "Sentiment": "NEUTRAL",
    "SentimentScore": {
        "Positive": 0.008279910311102867,
        "Negative": 0.07102106511592865,
        "Neutral": 0.9180194139480591,
        "Mixed": 0.002679667202755809
    }
}
