{
    "Sentiment": "NEUTRAL",
    "SentimentScore": {
        "Positive": 0.009840346872806549,
        "Negative": 0.0025706482119858265,
        "Neutral": 0.9863666892051697,
        "Mixed": 0.0012223399244248867
    }
}
