{
    "Sentiment": "NEUTRAL",
    "SentimentScore": {
        "Positive": 0.009362177923321724,
        "Negative": 0.01725415140390396,
        "Neutral": 0.9710025191307068,
        "Mixed": 0.0023811396677047014
    }
}
