{
    "Sentiment": "NEUTRAL",
    "SentimentScore": {
        "Positive": 0.0016038879984989762,
        "Negative": 0.0077796755358576775,
        "Neutral": 0.9901346564292908,
        "Mixed": 0.00048180558951571584
    }
}
