{
    "Sentiment": "NEUTRAL",
    "SentimentScore": {
        "Positive": 0.036878108978271484,
        "Negative": 0.0007709829369559884,
        "Neutral": 0.9617873430252075,
        "Mixed": 0.0005636173882521689
    }
}
