{
    "Sentiment": "NEUTRAL",
    "SentimentScore": {
        "Positive": 0.0032249917276203632,
        "Negative": 0.03441593796014786,
        "Neutral": 0.9607780575752258,
        "Mixed": 0.0015810253098607063
    }
}
