{
    "Sentiment": "NEUTRAL",
    "SentimentScore": {
        "Positive": 0.3555404543876648,
        "Negative": 0.007899806834757328,
        "Neutral": 0.6297816038131714,
        "Mixed": 0.006778122391551733
    }
}
