{
    "Sentiment": "NEUTRAL",
    "SentimentScore": {
        "Positive": 0.008867190219461918,
        "Negative": 0.05510744825005531,
        "Neutral": 0.9203266501426697,
        "Mixed": 0.015698684379458427
    }
}
