{
    "Sentiment": "NEUTRAL",
    "SentimentScore": {
        "Positive": 0.07940500974655151,
        "Negative": 0.006348588038235903,
        "Neutral": 0.9098070859909058,
        "Mixed": 0.004439260344952345
    }
}
