{
    "Sentiment": "NEUTRAL",
    "SentimentScore": {
        "Positive": 0.004528484772890806,
        "Negative": 0.012734068557620049,
        "Neutral": 0.9817376732826233,
        "Mixed": 0.0009997182060033083
    }
}
