{
    "Sentiment": "NEUTRAL",
    "SentimentScore": {
        "Positive": 0.017473334446549416,
        "Negative": 0.18258847296237946,
        "Neutral": 0.7786940932273865,
        "Mixed": 0.021244117990136147
    }
}
