{
    "Sentiment": "NEUTRAL",
    "SentimentScore": {
        "Positive": 0.024452704936265945,
        "Negative": 0.023865897208452225,
        "Neutral": 0.946083128452301,
        "Mixed": 0.0055982195772230625
    }
}
