{
    "Sentiment": "NEGATIVE",
    "SentimentScore": {
        "Positive": 0.01673411764204502,
        "Negative": 0.48680973052978516,
        "Neutral": 0.47346267104148865,
        "Mixed": 0.02299349755048752
    }
}
