{
    "Sentiment": "NEUTRAL",
    "SentimentScore": {
        "Positive": 0.007580302190035582,
        "Negative": 0.0031361416913568974,
        "Neutral": 0.9887403845787048,
        "Mixed": 0.000543150759767741
    }
}
