{
    "Sentiment": "NEUTRAL",
    "SentimentScore": {
        "Positive": 0.00725336279720068,
        "Negative": 0.007851065136492252,
        "Neutral": 0.9832682013511658,
        "Mixed": 0.0016273573273792863
    }
}
