{
    "Sentiment": "NEUTRAL",
    "SentimentScore": {
        "Positive": 0.15439565479755402,
        "Negative": 0.0024449985940009356,
        "Neutral": 0.8401823043823242,
        "Mixed": 0.00297693838365376
    }
}
