{
    "Sentiment": "POSITIVE",
    "SentimentScore": {
        "Positive": 0.48447516560554504,
        "Negative": 0.023279475048184395,
        "Neutral": 0.37966299057006836,
        "Mixed": 0.11258242279291153
    }
}
