{
    "Sentiment": "NEGATIVE",
    "SentimentScore": {
        "Positive": 0.0004935930483043194,
        "Negative": 0.9092199802398682,
        "Neutral": 0.08215128630399704,
        "Mixed": 0.008135168813169003
    }
}
