{
    "Sentiment": "NEUTRAL",
    "SentimentScore": {
        "Positive": 0.04517659544944763,
        "Negative": 0.002123784041032195,
        "Neutral": 0.951604425907135,
        "Mixed": 0.0010951755102723837
    }
}
