{
    "Sentiment": "NEUTRAL",
    "SentimentScore": {
        "Positive": 0.019177310168743134,
        "Negative": 0.036177702248096466,
        "Neutral": 0.934684157371521,
        "Mixed": 0.009960882365703583
    }
}
