{
    "Sentiment": "NEUTRAL",
    "SentimentScore": {
        "Positive": 0.00563451275229454,
        "Negative": 0.10834285616874695,
        "Neutral": 0.8804376125335693,
        "Mixed": 0.005585045088082552
    }
}
