{
    "Sentiment": "NEUTRAL",
    "SentimentScore": {
        "Positive": 0.011828804388642311,
        "Negative": 0.013899702578783035,
        "Neutral": 0.9696516990661621,
        "Mixed": 0.004619897808879614
    }
}
