{
    "Sentiment": "NEGATIVE",
    "SentimentScore": {
        "Positive": 0.19706770777702332,
        "Negative": 0.4764483571052551,
        "Neutral": 0.2747282385826111,
        "Mixed": 0.05175561457872391
    }
}
