{
    "Sentiment": "NEUTRAL",
    "SentimentScore": {
        "Positive": 0.0057922787964344025,
        "Negative": 0.20414410531520844,
        "Neutral": 0.7778917551040649,
        "Mixed": 0.012171882204711437
    }
}
