{
    "Sentiment": "NEUTRAL",
    "SentimentScore": {
        "Positive": 0.0026101074181497097,
        "Negative": 0.037539828568696976,
        "Neutral": 0.9569683074951172,
        "Mixed": 0.002881767228245735
    }
}
