{
    "Sentiment": "NEUTRAL",
    "SentimentScore": {
        "Positive": 0.03119509480893612,
        "Negative": 0.0059334635734558105,
        "Neutral": 0.9598568081855774,
        "Mixed": 0.0030146597418934107
    }
}
