{
    "Sentiment": "NEUTRAL",
    "SentimentScore": {
        "Positive": 0.003510046750307083,
        "Negative": 0.03949690982699394,
        "Neutral": 0.953935444355011,
        "Mixed": 0.0030575182754546404
    }
}
