{
    "Sentiment": "NEUTRAL",
    "SentimentScore": {
        "Positive": 0.008503858931362629,
        "Negative": 0.005018976051360369,
        "Neutral": 0.9855378270149231,
        "Mixed": 0.0009394322987645864
    }
}
