{
    "Sentiment": "NEUTRAL",
    "SentimentScore": {
        "Positive": 0.029057616367936134,
        "Negative": 0.21192626655101776,
        "Neutral": 0.7364299297332764,
        "Mixed": 0.02258615382015705
    }
}
