{
    "Sentiment": "NEUTRAL",
    "SentimentScore": {
        "Positive": 0.0022920735646039248,
        "Negative": 0.0045891753397881985,
        "Neutral": 0.9925754070281982,
        "Mixed": 0.0005433505866676569
    }
}
