{
    "Sentiment": "NEUTRAL",
    "SentimentScore": {
        "Positive": 0.020273800939321518,
        "Negative": 0.23570533096790314,
        "Neutral": 0.7327972650527954,
        "Mixed": 0.011223629117012024
    }
}
