{
    "Sentiment": "POSITIVE",
    "SentimentScore": {
        "Positive": 0.5621964931488037,
        "Negative": 0.0059024677611887455,
        "Neutral": 0.3715904653072357,
        "Mixed": 0.060310546308755875
    }
}
