{
    "Sentiment": "NEUTRAL",
    "SentimentScore": {
        "Positive": 0.0022240118123590946,
        "Negative": 0.01820148341357708,
        "Neutral": 0.9788541793823242,
        "Mixed": 0.0007203057175502181
    }
}
