{
    "Sentiment": "NEUTRAL",
    "SentimentScore": {
        "Positive": 0.25211265683174133,
        "Negative": 0.011235162615776062,
        "Neutral": 0.7281767725944519,
        "Mixed": 0.008475425653159618
    }
}
