{
    "Sentiment": "NEUTRAL",
    "SentimentScore": {
        "Positive": 0.2407401204109192,
        "Negative": 0.007612114306539297,
        "Neutral": 0.7485756874084473,
        "Mixed": 0.0030721204821020365
    }
}
