{
    "Sentiment": "POSITIVE",
    "SentimentScore": {
        "Positive": 0.6854124069213867,
        "Negative": 0.02968832105398178,
        "Neutral": 0.2531590461730957,
        "Mixed": 0.03174016624689102
    }
}
