{
    "Sentiment": "NEUTRAL",
    "SentimentScore": {
        "Positive": 0.027274543419480324,
        "Negative": 0.08934937417507172,
        "Neutral": 0.8740402460098267,
        "Mixed": 0.009335808455944061
    }
}
