{
    "Sentiment": "NEUTRAL",
    "SentimentScore": {
        "Positive": 0.02738148719072342,
        "Negative": 0.05348249152302742,
        "Neutral": 0.8948348760604858,
        "Mixed": 0.02430119924247265
    }
}
