{
    "Sentiment": "NEUTRAL",
    "SentimentScore": {
        "Positive": 0.004224404226988554,
        "Negative": 0.014488495886325836,
        "Neutral": 0.9786560535430908,
        "Mixed": 0.002631021663546562
    }
}
