{
    "Sentiment": "NEUTRAL",
    "SentimentScore": {
        "Positive": 0.03768477961421013,
        "Negative": 0.03832753375172615,
        "Neutral": 0.9102882146835327,
        "Mixed": 0.013699432834982872
    }
}
