{
    "Sentiment": "NEUTRAL",
    "SentimentScore": {
        "Positive": 0.05731299892067909,
        "Negative": 0.0018427047180011868,
        "Neutral": 0.9387157559394836,
        "Mixed": 0.0021284697577357292
    }
}
