{
    "Sentiment": "NEUTRAL",
    "SentimentScore": {
        "Positive": 0.009167499840259552,
        "Negative": 0.16090895235538483,
        "Neutral": 0.8261451125144958,
        "Mixed": 0.003778437850996852
    }
}
