{
    "Sentiment": "NEUTRAL",
    "SentimentScore": {
        "Positive": 0.09525744616985321,
        "Negative": 0.14505189657211304,
        "Neutral": 0.7350214123725891,
        "Mixed": 0.024669265374541283
    }
}
