{
    "Sentiment": "NEUTRAL",
    "SentimentScore": {
        "Positive": 0.005798928439617157,
        "Negative": 0.004374585580080748,
        "Neutral": 0.9893478155136108,
        "Mixed": 0.00047870047274045646
    }
}
