{
    "Sentiment": "NEUTRAL",
    "SentimentScore": {
        "Positive": 0.13861694931983948,
        "Negative": 0.0025702936109155416,
        "Neutral": 0.8561446666717529,
        "Mixed": 0.0026680424343794584
    }
}
