{
    "Sentiment": "NEUTRAL",
    "SentimentScore": {
        "Positive": 0.03986196219921112,
        "Negative": 0.0003279229567851871,
        "Neutral": 0.959408700466156,
        "Mixed": 0.0004014280275441706
    }
}
