{
    "Sentiment": "NEUTRAL",
    "SentimentScore": {
        "Positive": 0.0038662662263959646,
        "Negative": 0.018328361213207245,
        "Neutral": 0.9752903580665588,
        "Mixed": 0.002514961175620556
    }
}
