{
    "Sentiment": "NEUTRAL",
    "SentimentScore": {
        "Positive": 0.008306752890348434,
        "Negative": 0.010005657561123371,
        "Neutral": 0.9801455736160278,
        "Mixed": 0.0015420690178871155
    }
}
