{
    "Sentiment": "NEUTRAL",
    "SentimentScore": {
        "Positive": 0.005123512353748083,
        "Negative": 0.11869417876005173,
        "Neutral": 0.8688442707061768,
        "Mixed": 0.007338000927120447
    }
}
