{
    "Sentiment": "NEUTRAL",
    "SentimentScore": {
        "Positive": 0.0025039727333933115,
        "Negative": 0.04632869362831116,
        "Neutral": 0.9474426507949829,
        "Mixed": 0.003724653273820877
    }
}
