{
    "Sentiment": "NEUTRAL",
    "SentimentScore": {
        "Positive": 0.011248989962041378,
        "Negative": 0.13629448413848877,
        "Neutral": 0.839515209197998,
        "Mixed": 0.012941273860633373
    }
}
