{
    "Sentiment": "NEUTRAL",
    "SentimentScore": {
        "Positive": 0.051611535251140594,
        "Negative": 0.012998726218938828,
        "Neutral": 0.9301592707633972,
        "Mixed": 0.005230514332652092
    }
}
