{
    "Sentiment": "NEUTRAL",
    "SentimentScore": {
        "Positive": 0.049220822751522064,
        "Negative": 0.025037072598934174,
        "Neutral": 0.9171475172042847,
        "Mixed": 0.00859460886567831
    }
}
