{
    "Sentiment": "NEUTRAL",
    "SentimentScore": {
        "Positive": 0.023474834859371185,
        "Negative": 0.0013990749139338732,
        "Neutral": 0.9740259051322937,
        "Mixed": 0.0011001229286193848
    }
}
