{
    "Sentiment": "POSITIVE",
    "SentimentScore": {
        "Positive": 0.9166681170463562,
        "Negative": 0.0002468978054821491,
        "Neutral": 0.08205749839544296,
        "Mixed": 0.0010274751111865044
    }
}
