{
    "Sentiment": "NEUTRAL",
    "SentimentScore": {
        "Positive": 0.0038395612500607967,
        "Negative": 0.00975734181702137,
        "Neutral": 0.9853025674819946,
        "Mixed": 0.001100524328649044
    }
}
