{
    "Sentiment": "NEUTRAL",
    "SentimentScore": {
        "Positive": 0.0010586048010736704,
        "Negative": 0.004109013359993696,
        "Neutral": 0.9944056272506714,
        "Mixed": 0.0004267363401595503
    }
}
