{
    "Sentiment": "NEUTRAL",
    "SentimentScore": {
        "Positive": 0.0014485223218798637,
        "Negative": 0.0076694670133292675,
        "Neutral": 0.9900879263877869,
        "Mixed": 0.0007941218791529536
    }
}
