{
    "Sentiment": "POSITIVE",
    "SentimentScore": {
        "Positive": 0.5926881432533264,
        "Negative": 0.0006361213745549321,
        "Neutral": 0.4049554765224457,
        "Mixed": 0.0017202998278662562
    }
}
