{
    "Sentiment": "NEUTRAL",
    "SentimentScore": {
        "Positive": 0.1173553317785263,
        "Negative": 0.014208771288394928,
        "Neutral": 0.8652693629264832,
        "Mixed": 0.003166514914482832
    }
}
