{
    "Sentiment": "NEUTRAL",
    "SentimentScore": {
        "Positive": 0.003944265656173229,
        "Negative": 0.36164459586143494,
        "Neutral": 0.6256332993507385,
        "Mixed": 0.008777866140007973
    }
}
