{
    "Sentiment": "POSITIVE",
    "SentimentScore": {
        "Positive": 0.8840728402137756,
        "Negative": 0.004329833667725325,
        "Neutral": 0.10533740371465683,
        "Mixed": 0.006259945686906576
    }
}
