{
    "Sentiment": "NEUTRAL",
    "SentimentScore": {
        "Positive": 0.009654351510107517,
        "Negative": 0.004157998599112034,
        "Neutral": 0.9851970672607422,
        "Mixed": 0.000990597764030099
    }
}
