{
    "Sentiment": "NEUTRAL",
    "SentimentScore": {
        "Positive": 0.14708489179611206,
        "Negative": 0.009322545491158962,
        "Neutral": 0.8407396674156189,
        "Mixed": 0.0028529097326099873
    }
}
