{
    "Sentiment": "NEUTRAL",
    "SentimentScore": {
        "Positive": 0.072862409055233,
        "Negative": 0.0007208517054095864,
        "Neutral": 0.925399124622345,
        "Mixed": 0.0010175482602789998
    }
}
