{
    "Sentiment": "NEUTRAL",
    "SentimentScore": {
        "Positive": 0.004195297136902809,
        "Negative": 0.001682292204350233,
        "Neutral": 0.9938639402389526,
        "Mixed": 0.00025847795768640935
    }
}
