{
    "Sentiment": "NEUTRAL",
    "SentimentScore": {
        "Positive": 0.01648671180009842,
        "Negative": 0.004982505924999714,
        "Neutral": 0.9770914912223816,
        "Mixed": 0.0014393460005521774
    }
}
