{
    "Sentiment": "NEUTRAL",
    "SentimentScore": {
        "Positive": 0.02392217144370079,
        "Negative": 0.03783775120973587,
        "Neutral": 0.9250776767730713,
        "Mixed": 0.01316241268068552
    }
}
