{
    "Sentiment": "NEUTRAL",
    "SentimentScore": {
        "Positive": 0.026597950607538223,
        "Negative": 0.06935606151819229,
        "Neutral": 0.8860025405883789,
        "Mixed": 0.018043387681245804
    }
}
