{
    "Sentiment": "NEUTRAL",
    "SentimentScore": {
        "Positive": 0.002670019632205367,
        "Negative": 0.0032208473421633244,
        "Neutral": 0.9934992790222168,
        "Mixed": 0.0006098533631302416
    }
}
