{
    "Sentiment": "NEUTRAL",
    "SentimentScore": {
        "Positive": 0.031959857791662216,
        "Negative": 0.009836368262767792,
        "Neutral": 0.9555235505104065,
        "Mixed": 0.0026802776847034693
    }
}
