{
    "Sentiment": "NEUTRAL",
    "SentimentScore": {
        "Positive": 0.00332244741730392,
        "Negative": 0.006923703011125326,
        "Neutral": 0.9884821176528931,
        "Mixed": 0.0012717931531369686
    }
}
