{
    "Sentiment": "NEUTRAL",
    "SentimentScore": {
        "Positive": 0.005727927200496197,
        "Negative": 0.12138921022415161,
        "Neutral": 0.8658015131950378,
        "Mixed": 0.0070813847705721855
    }
}
