{
    "Sentiment": "NEUTRAL",
    "SentimentScore": {
        "Positive": 0.025806376710534096,
        "Negative": 0.0033705688547343016,
        "Neutral": 0.9694883227348328,
        "Mixed": 0.0013347044587135315
    }
}
