{
    "Sentiment": "NEUTRAL",
    "SentimentScore": {
        "Positive": 0.00209580990485847,
        "Negative": 0.00852916669100523,
        "Neutral": 0.9885684251785278,
        "Mixed": 0.0008067001472227275
    }
}
