{
    "Sentiment": "NEUTRAL",
    "SentimentScore": {
        "Positive": 0.015990547835826874,
        "Negative": 0.05227796733379364,
        "Neutral": 0.9273831248283386,
        "Mixed": 0.0043484182097017765
    }
}
