{
    "Sentiment": "NEUTRAL",
    "SentimentScore": {
        "Positive": 0.0031512603163719177,
        "Negative": 0.013588896952569485,
        "Neutral": 0.9815244078636169,
        "Mixed": 0.0017354467418044806
    }
}
