{
    "Sentiment": "NEUTRAL",
    "SentimentScore": {
        "Positive": 0.0025943664368242025,
        "Negative": 0.0026300186291337013,
        "Neutral": 0.994390070438385,
        "Mixed": 0.0003855503164231777
    }
}
