{
    "Sentiment": "NEUTRAL",
    "SentimentScore": {
        "Positive": 0.007967519573867321,
        "Negative": 0.06620009243488312,
        "Neutral": 0.9143975377082825,
        "Mixed": 0.01143475528806448
    }
}
