{
    "Sentiment": "NEUTRAL",
    "SentimentScore": {
        "Positive": 0.21194379031658173,
        "Negative": 0.16388805210590363,
        "Neutral": 0.6045478582382202,
        "Mixed": 0.01962032914161682
    }
}
