{
    "Sentiment": "NEUTRAL",
    "SentimentScore": {
        "Positive": 0.023302270099520683,
        "Negative": 0.055470168590545654,
        "Neutral": 0.9150906801223755,
        "Mixed": 0.0061368816532194614
    }
}
