{
    "Sentiment": "NEUTRAL",
    "SentimentScore": {
        "Positive": 0.00255093933083117,
        "Negative": 0.18441446125507355,
        "Neutral": 0.8046393394470215,
        "Mixed": 0.00839525181800127
    }
}
