{
    "Sentiment": "NEUTRAL",
    "SentimentScore": {
        "Positive": 0.0025561200454831123,
        "Negative": 0.0022056051529943943,
        "Neutral": 0.994763970375061,
        "Mixed": 0.00047431106213480234
    }
}
