{
    "Sentiment": "NEUTRAL",
    "SentimentScore": {
        "Positive": 0.015073629096150398,
        "Negative": 0.13957466185092926,
        "Neutral": 0.8313829898834229,
        "Mixed": 0.013968663290143013
    }
}
