{
    "Sentiment": "NEUTRAL",
    "SentimentScore": {
        "Positive": 0.008100216276943684,
        "Negative": 0.03115813061594963,
        "Neutral": 0.956106960773468,
        "Mixed": 0.004634728189557791
    }
}
