{
    "Sentiment": "NEUTRAL",
    "SentimentScore": {
        "Positive": 0.007741150446236134,
        "Negative": 0.04729766026139259,
        "Neutral": 0.93467777967453,
        "Mixed": 0.010283396579325199
    }
}
