{
    "Sentiment": "NEUTRAL",
    "SentimentScore": {
        "Positive": 0.002185884164646268,
        "Negative": 0.002169732004404068,
        "Neutral": 0.9952918291091919,
        "Mixed": 0.0003526087384670973
    }
}
