{
    "Sentiment": "POSITIVE",
    "SentimentScore": {
        "Positive": 0.8106564283370972,
        "Negative": 0.009259134531021118,
        "Neutral": 0.15137626230716705,
        "Mixed": 0.0287081990391016
    }
}
