{
    "Sentiment": "NEUTRAL",
    "SentimentScore": {
        "Positive": 0.009959650225937366,
        "Negative": 0.009038413874804974,
        "Neutral": 0.9784391522407532,
        "Mixed": 0.002562791807577014
    }
}
