{
    "Sentiment": "NEUTRAL",
    "SentimentScore": {
        "Positive": 0.0021007866598665714,
        "Negative": 0.06597196310758591,
        "Neutral": 0.9296034574508667,
        "Mixed": 0.002323676133528352
    }
}
