{
    "Sentiment": "NEUTRAL",
    "SentimentScore": {
        "Positive": 0.0039062120486050844,
        "Negative": 0.02341444231569767,
        "Neutral": 0.9705173969268799,
        "Mixed": 0.002161953132599592
    }
}
