{
    "Sentiment": "NEUTRAL",
    "SentimentScore": {
        "Positive": 0.004038983024656773,
        "Negative": 0.04316839948296547,
        "Neutral": 0.9487000703811646,
        "Mixed": 0.00409257598221302
    }
}
