{
    "Sentiment": "NEUTRAL",
    "SentimentScore": {
        "Positive": 0.01302491594105959,
        "Negative": 0.011202097870409489,
        "Neutral": 0.9741722345352173,
        "Mixed": 0.0016007679514586926
    }
}
