{
    "Sentiment": "NEUTRAL",
    "SentimentScore": {
        "Positive": 0.08870894461870193,
        "Negative": 0.018056455999612808,
        "Neutral": 0.8882962465286255,
        "Mixed": 0.004938330966979265
    }
}
