{
    "Sentiment": "NEUTRAL",
    "SentimentScore": {
        "Positive": 0.002225599018856883,
        "Negative": 0.01109654176980257,
        "Neutral": 0.985577404499054,
        "Mixed": 0.0011003693798556924
    }
}
