{
    "Sentiment": "NEUTRAL",
    "SentimentScore": {
        "Positive": 0.01339476928114891,
        "Negative": 0.015736423432826996,
        "Neutral": 0.9680216908454895,
        "Mixed": 0.002847028896212578
    }
}
