{
    "Sentiment": "NEUTRAL",
    "SentimentScore": {
        "Positive": 0.024164337664842606,
        "Negative": 0.04607238247990608,
        "Neutral": 0.9230800271034241,
        "Mixed": 0.006683221086859703
    }
}
