{
    "Sentiment": "NEUTRAL",
    "SentimentScore": {
        "Positive": 0.029655734077095985,
        "Negative": 0.001386782038025558,
        "Neutral": 0.9672315716743469,
        "Mixed": 0.0017258336301892996
    }
}
