{
    "Sentiment": "NEUTRAL",
    "SentimentScore": {
        "Positive": 0.0012733848998323083,
        "Negative": 0.017605740576982498,
        "Neutral": 0.9800888895988464,
        "Mixed": 0.0010320143774151802
    }
}
