{
    "Sentiment": "NEUTRAL",
    "SentimentScore": {
        "Positive": 0.4003008306026459,
        "Negative": 0.00416624965146184,
        "Neutral": 0.5918019413948059,
        "Mixed": 0.0037309424951672554
    }
}
