{
    "Sentiment": "NEUTRAL",
    "SentimentScore": {
        "Positive": 0.00609799288213253,
        "Negative": 0.003586791455745697,
        "Neutral": 0.9898039102554321,
        "Mixed": 0.000511295918840915
    }
}
