{
    "Sentiment": "NEUTRAL",
    "SentimentScore": {
        "Positive": 0.038139745593070984,
        "Negative": 0.03573122248053551,
        "Neutral": 0.9193542003631592,
        "Mixed": 0.006774885579943657
    }
}
