{
    "Sentiment": "NEUTRAL",
    "SentimentScore": {
        "Positive": 0.003915328066796064,
        "Negative": 0.0106123061850667,
        "Neutral": 0.984161376953125,
        "Mixed": 0.0013109467690810561
    }
}
