{
    "Sentiment": "NEUTRAL",
    "SentimentScore": {
        "Positive": 0.0823441669344902,
        "Negative": 0.0021400752011686563,
        "Neutral": 0.9135695695877075,
        "Mixed": 0.0019461148185655475
    }
}
