{
    "Sentiment": "NEGATIVE",
    "SentimentScore": {
        "Positive": 0.05886070802807808,
        "Negative": 0.4677950143814087,
        "Neutral": 0.4418431520462036,
        "Mixed": 0.0315011702477932
    }
}
