{
    "Sentiment": "NEUTRAL",
    "SentimentScore": {
        "Positive": 0.004094142932444811,
        "Negative": 0.002884706249460578,
        "Neutral": 0.9926733374595642,
        "Mixed": 0.00034775646054185927
    }
}
