{
    "Sentiment": "NEUTRAL",
    "SentimentScore": {
        "Positive": 0.0017374103190377355,
        "Negative": 0.0007449816912412643,
        "Neutral": 0.9973917007446289,
        "Mixed": 0.00012592734128702432
    }
}
