{
    "Sentiment": "NEUTRAL",
    "SentimentScore": {
        "Positive": 0.14069972932338715,
        "Negative": 0.0019257869571447372,
        "Neutral": 0.8547115921974182,
        "Mixed": 0.002662916202098131
    }
}
