{
    "Sentiment": "NEUTRAL",
    "SentimentScore": {
        "Positive": 0.014725562185049057,
        "Negative": 0.011789440177381039,
        "Neutral": 0.9723683595657349,
        "Mixed": 0.0011165615869686007
    }
}
