{
    "Sentiment": "NEUTRAL",
    "SentimentScore": {
        "Positive": 0.014235054142773151,
        "Negative": 0.08500590920448303,
        "Neutral": 0.8964751958847046,
        "Mixed": 0.004283769056200981
    }
}
