{
    "Sentiment": "NEUTRAL",
    "SentimentScore": {
        "Positive": 0.0038845003582537174,
        "Negative": 0.18037380278110504,
        "Neutral": 0.8101571202278137,
        "Mixed": 0.00558465626090765
    }
}
