{
    "Sentiment": "NEUTRAL",
    "SentimentScore": {
        "Positive": 0.014059299603104591,
        "Negative": 0.017878631129860878,
        "Neutral": 0.9636969566345215,
        "Mixed": 0.004365187603980303
    }
}
