{
    "Sentiment": "NEUTRAL",
    "SentimentScore": {
        "Positive": 0.005911214277148247,
        "Negative": 0.05543140694499016,
        "Neutral": 0.93647301197052,
        "Mixed": 0.0021843716967850924
    }
}
