{
    "Sentiment": "NEUTRAL",
    "SentimentScore": {
        "Positive": 0.009615398943424225,
        "Negative": 0.3889622688293457,
        "Neutral": 0.5468679666519165,
        "Mixed": 0.05455438047647476
    }
}
