{
    "Sentiment": "NEUTRAL",
    "SentimentScore": {
        "Positive": 0.04701796919107437,
        "Negative": 0.007758224382996559,
        "Neutral": 0.9413154721260071,
        "Mixed": 0.0039083524607121944
    }
}
