{
    "Sentiment": "NEUTRAL",
    "SentimentScore": {
        "Positive": 0.0025628998409956694,
        "Negative": 0.1702941656112671,
        "Neutral": 0.8189949989318848,
        "Mixed": 0.00814798939973116
    }
}
