{
    "Sentiment": "NEUTRAL",
    "SentimentScore": {
        "Positive": 0.026078712195158005,
        "Negative": 0.052184902131557465,
        "Neutral": 0.9151397347450256,
        "Mixed": 0.006596628576517105
    }
}
