{
    "Sentiment": "NEUTRAL",
    "SentimentScore": {
        "Positive": 0.01782109960913658,
        "Negative": 0.04551688954234123,
        "Neutral": 0.934380054473877,
        "Mixed": 0.0022819575387984514
    }
}
