{
    "Sentiment": "NEUTRAL",
    "SentimentScore": {
        "Positive": 0.005463816691190004,
        "Negative": 0.0026831647846847773,
        "Neutral": 0.9912527203559875,
        "Mixed": 0.0006002852460369468
    }
}
