{
    "Sentiment": "NEUTRAL",
    "SentimentScore": {
        "Positive": 0.10616122931241989,
        "Negative": 0.09985855221748352,
        "Neutral": 0.786554217338562,
        "Mixed": 0.007425970863550901
    }
}
