{
    "Sentiment": "NEUTRAL",
    "SentimentScore": {
        "Positive": 0.01672862470149994,
        "Negative": 0.05366812273859978,
        "Neutral": 0.921596348285675,
        "Mixed": 0.008006936870515347
    }
}
