{
    "Sentiment": "NEUTRAL",
    "SentimentScore": {
        "Positive": 0.005565322004258633,
        "Negative": 0.02879130095243454,
        "Neutral": 0.9629233479499817,
        "Mixed": 0.002720005577430129
    }
}
