{
    "Sentiment": "NEUTRAL",
    "SentimentScore": {
        "Positive": 0.0057909926399588585,
        "Negative": 0.1910618245601654,
        "Neutral": 0.7891215085983276,
        "Mixed": 0.014025642536580563
    }
}
