{
    "Sentiment": "NEUTRAL",
    "SentimentScore": {
        "Positive": 0.009873606264591217,
        "Negative": 0.07659692317247391,
        "Neutral": 0.9016733765602112,
        "Mixed": 0.011856166645884514
    }
}
