{
    "Sentiment": "NEUTRAL",
    "SentimentScore": {
        "Positive": 0.021198395639657974,
        "Negative": 0.0364929735660553,
        "Neutral": 0.9326051473617554,
        "Mixed": 0.009703461080789566
    }
}
