{
    "Sentiment": "NEUTRAL",
    "SentimentScore": {
        "Positive": 0.005664633121341467,
        "Negative": 0.0037379947025328875,
        "Neutral": 0.9901981353759766,
        "Mixed": 0.00039921386633068323
    }
}
