{
    "Sentiment": "NEUTRAL",
    "SentimentScore": {
        "Positive": 0.1161242201924324,
        "Negative": 0.00752814719453454,
        "Neutral": 0.8698990345001221,
        "Mixed": 0.006448561791330576
    }
}
