{
    "Sentiment": "NEUTRAL",
    "SentimentScore": {
        "Positive": 0.020761976018548012,
        "Negative": 0.0036944022867828608,
        "Neutral": 0.9741342663764954,
        "Mixed": 0.0014094075886532664
    }
}
