{
    "Sentiment": "NEUTRAL",
    "SentimentScore": {
        "Positive": 0.0035086676944047213,
        "Negative": 0.005162165965884924,
        "Neutral": 0.9905863404273987,
        "Mixed": 0.0007428943063132465
    }
}
