{
    "Sentiment": "NEGATIVE",
    "SentimentScore": {
        "Positive": 0.009002180770039558,
        "Negative": 0.5102688074111938,
        "Neutral": 0.43099743127822876,
        "Mixed": 0.0497315414249897
    }
}
