{
    "Sentiment": "NEUTRAL",
    "SentimentScore": {
        "Positive": 0.011090080253779888,
        "Negative": 0.028879426419734955,
        "Neutral": 0.9538017511367798,
        "Mixed": 0.006228703074157238
    }
}
