{
    "Sentiment": "POSITIVE",
    "SentimentScore": {
        "Positive": 0.5587798953056335,
        "Negative": 0.020732656121253967,
        "Neutral": 0.3905426859855652,
        "Mixed": 0.02994472160935402
    }
}
