{
    "Sentiment": "NEUTRAL",
    "SentimentScore": {
        "Positive": 0.31858164072036743,
        "Negative": 0.029180971905589104,
        "Neutral": 0.6414162516593933,
        "Mixed": 0.010821077041327953
    }
}
