{
    "Sentiment": "NEUTRAL",
    "SentimentScore": {
        "Positive": 0.36370405554771423,
        "Negative": 0.019441233947873116,
        "Neutral": 0.5018044710159302,
        "Mixed": 0.11505022644996643
    }
}
