{
    "Sentiment": "NEUTRAL",
    "SentimentScore": {
        "Positive": 0.0041844649240374565,
        "Negative": 0.006603768561035395,
        "Neutral": 0.9882347583770752,
        "Mixed": 0.0009769500466063619
    }
}
