{
    "Sentiment": "NEUTRAL",
    "SentimentScore": {
        "Positive": 0.005135918967425823,
        "Negative": 0.01753264106810093,
        "Neutral": 0.9753059148788452,
        "Mixed": 0.002025556517764926
    }
}
