{
    "Sentiment": "NEUTRAL",
    "SentimentScore": {
        "Positive": 0.010295878164470196,
        "Negative": 0.04756991192698479,
        "Neutral": 0.9325888752937317,
        "Mixed": 0.009545333683490753
    }
}
