{
    "Sentiment": "NEUTRAL",
    "SentimentScore": {
        "Positive": 0.044371504336595535,
        "Negative": 0.033792462199926376,
        "Neutral": 0.9107100963592529,
        "Mixed": 0.011125927790999413
    }
}
