{
    "Sentiment": "NEUTRAL",
    "SentimentScore": {
        "Positive": 0.004440156277269125,
        "Negative": 0.02522778883576393,
        "Neutral": 0.9671021103858948,
        "Mixed": 0.0032298925798386335
    }
}
