{
    "Sentiment": "NEUTRAL",
    "SentimentScore": {
        "Positive": 0.015160169452428818,
        "Negative": 0.005004657432436943,
        "Neutral": 0.9762881994247437,
        "Mixed": 0.0035470048896968365
    }
}
