{
    "Sentiment": "NEUTRAL",
    "SentimentScore": {
        "Positive": 0.003694197628647089,
        "Negative": 0.19301006197929382,
        "Neutral": 0.7975046634674072,
        "Mixed": 0.00579112907871604
    }
}
