{
    "Sentiment": "NEUTRAL",
    "SentimentScore": {
        "Positive": 0.0017084073042497039,
        "Negative": 0.017042359337210655,
        "Neutral": 0.980686366558075,
        "Mixed": 0.0005628431681543589
    }
}
