{
    "Sentiment": "NEUTRAL",
    "SentimentScore": {
        "Positive": 0.3562442362308502,
        "Negative": 0.008390410803258419,
        "Neutral": 0.6197859644889832,
        "Mixed": 0.015579351224005222
    }
}
