{
    "Sentiment": "NEUTRAL",
    "SentimentScore": {
        "Positive": 0.0034391204826533794,
        "Negative": 0.009496943093836308,
        "Neutral": 0.9850901365280151,
        "Mixed": 0.0019738220144063234
    }
}
