{
    "Sentiment": "NEUTRAL",
    "SentimentScore": {
        "Positive": 0.18432220816612244,
        "Negative": 0.018505839630961418,
        "Neutral": 0.7866737246513367,
        "Mixed": 0.01049826480448246
    }
}
