{
    "Sentiment": "NEUTRAL",
    "SentimentScore": {
        "Positive": 0.0023806444369256496,
        "Negative": 0.006963808089494705,
        "Neutral": 0.9897756576538086,
        "Mixed": 0.000879801285918802
    }
}
