{
    "Sentiment": "NEUTRAL",
    "SentimentScore": {
        "Positive": 0.0019456188892945647,
        "Negative": 0.01279564667493105,
        "Neutral": 0.9841396808624268,
        "Mixed": 0.0011189746437594295
    }
}
