{
    "Sentiment": "NEUTRAL",
    "SentimentScore": {
        "Positive": 0.021237675100564957,
        "Negative": 0.028533563017845154,
        "Neutral": 0.942757785320282,
        "Mixed": 0.007470940239727497
    }
}
