{
    "Sentiment": "NEUTRAL",
    "SentimentScore": {
        "Positive": 0.003975258208811283,
        "Negative": 0.024420561268925667,
        "Neutral": 0.9696437120437622,
        "Mixed": 0.001960457069799304
    }
}
