{
    "Sentiment": "NEUTRAL",
    "SentimentScore": {
        "Positive": 0.004763992968946695,
        "Negative": 0.010275809094309807,
        "Neutral": 0.9836153388023376,
        "Mixed": 0.0013447587843984365
    }
}
