{
    "Sentiment": "POSITIVE",
    "SentimentScore": {
        "Positive": 0.49915677309036255,
        "Negative": 0.0037359397392719984,
        "Neutral": 0.4887126386165619,
        "Mixed": 0.008394616656005383
    }
}
