{
    "Sentiment": "NEUTRAL",
    "SentimentScore": {
        "Positive": 0.0035954974591732025,
        "Negative": 0.07209858298301697,
        "Neutral": 0.9222961068153381,
        "Mixed": 0.002009795745834708
    }
}
