{
    "Sentiment": "NEUTRAL",
    "SentimentScore": {
        "Positive": 0.00509272888302803,
        "Negative": 0.07439656555652618,
        "Neutral": 0.9142060875892639,
        "Mixed": 0.006304608657956123
    }
}
