{
    "Sentiment": "NEUTRAL",
    "SentimentScore": {
        "Positive": 0.05956895649433136,
        "Negative": 0.049206800758838654,
        "Neutral": 0.8522911071777344,
        "Mixed": 0.03893306106328964
    }
}
