{
    "Sentiment": "NEUTRAL",
    "SentimentScore": {
        "Positive": 0.007497747894376516,
        "Negative": 0.003137812949717045,
        "Neutral": 0.9885849356651306,
        "Mixed": 0.0007794873672537506
    }
}
