{
    "Sentiment": "NEUTRAL",
    "SentimentScore": {
        "Positive": 0.0027249380946159363,
        "Negative": 0.0027254449669271708,
        "Neutral": 0.9940412640571594,
        "Mixed": 0.0005083797732368112
    }
}
