{
    "Sentiment": "NEUTRAL",
    "SentimentScore": {
        "Positive": 0.006977730896323919,
        "Negative": 0.06331098079681396,
        "Neutral": 0.9238867163658142,
        "Mixed": 0.005824518855661154
    }
}
