{
    "Sentiment": "NEUTRAL",
    "SentimentScore": {
        "Positive": 0.0010225921869277954,
        "Negative": 0.0005753450095653534,
        "Neutral": 0.9982935786247253,
        "Mixed": 0.0001084762261598371
    }
}
