{
    "Sentiment": "NEUTRAL",
    "SentimentScore": {
        "Positive": 0.005646048579365015,
        "Negative": 0.09392121434211731,
        "Neutral": 0.8937586545944214,
        "Mixed": 0.006674051750451326
    }
}
