{
    "Sentiment": "NEUTRAL",
    "SentimentScore": {
        "Positive": 0.0013539441861212254,
        "Negative": 0.0061948103830218315,
        "Neutral": 0.9917829036712646,
        "Mixed": 0.0006683868123218417
    }
}
