{
    "Sentiment": "NEGATIVE",
    "SentimentScore": {
        "Positive": 0.0012743085389956832,
        "Negative": 0.4996953010559082,
        "Neutral": 0.49000588059425354,
        "Mixed": 0.009024424478411674
    }
}
