{
    "Sentiment": "NEUTRAL",
    "SentimentScore": {
        "Positive": 0.004855117294937372,
        "Negative": 0.0020709477830678225,
        "Neutral": 0.9926283359527588,
        "Mixed": 0.00044548753066919744
    }
}
