{
    "Sentiment": "NEUTRAL",
    "SentimentScore": {
        "Positive": 0.0036752456799149513,
        "Negative": 0.0012616283493116498,
        "Neutral": 0.9948169589042664,
        "Mixed": 0.000246218842221424
    }
}
