{
    "Sentiment": "NEUTRAL",
    "SentimentScore": {
        "Positive": 0.003108670236542821,
        "Negative": 0.002076602540910244,
        "Neutral": 0.9944591522216797,
        "Mixed": 0.00035551644396036863
    }
}
