{
    "Sentiment": "NEUTRAL",
    "SentimentScore": {
        "Positive": 0.18518267571926117,
        "Negative": 0.017823729664087296,
        "Neutral": 0.781025767326355,
        "Mixed": 0.015967894345521927
    }
}
