{
    "Sentiment": "NEUTRAL",
    "SentimentScore": {
        "Positive": 0.0037838874850422144,
        "Negative": 0.005449081305414438,
        "Neutral": 0.9902848601341248,
        "Mixed": 0.0004820832109544426
    }
}
