{
    "Sentiment": "NEUTRAL",
    "SentimentScore": {
        "Positive": 0.4272562861442566,
        "Negative": 0.02908393368124962,
        "Neutral": 0.528302013874054,
        "Mixed": 0.015357766300439835
    }
}
