{
    "Sentiment": "NEUTRAL",
    "SentimentScore": {
        "Positive": 0.24660658836364746,
        "Negative": 0.07763859629631042,
        "Neutral": 0.6287783980369568,
        "Mixed": 0.04697640612721443
    }
}
