{
    "Sentiment": "NEUTRAL",
    "SentimentScore": {
        "Positive": 0.00232525821775198,
        "Negative": 0.07336815446615219,
        "Neutral": 0.9217718839645386,
        "Mixed": 0.002534654922783375
    }
}
