{
    "Sentiment": "NEUTRAL",
    "SentimentScore": {
        "Positive": 0.002306628506630659,
        "Negative": 0.0048966072499752045,
        "Neutral": 0.9924405813217163,
        "Mixed": 0.0003562172641977668
    }
}
