{
    "Sentiment": "NEUTRAL",
    "SentimentScore": {
        "Positive": 0.005933576729148626,
        "Negative": 0.028712768107652664,
        "Neutral": 0.9635472893714905,
        "Mixed": 0.0018063185270875692
    }
}
