{
    "Sentiment": "NEUTRAL",
    "SentimentScore": {
        "Positive": 0.17743317782878876,
        "Negative": 0.10947221517562866,
        "Neutral": 0.6742115020751953,
        "Mixed": 0.03888311609625816
    }
}
