{
    "Sentiment": "NEUTRAL",
    "SentimentScore": {
        "Positive": 0.0038375628646463156,
        "Negative": 0.22611825168132782,
        "Neutral": 0.760701060295105,
        "Mixed": 0.009343165904283524
    }
}
