{
    "Sentiment": "NEUTRAL",
    "SentimentScore": {
        "Positive": 0.002225506817921996,
        "Negative": 0.0020082907285541296,
        "Neutral": 0.9954635500907898,
        "Mixed": 0.0003025980549864471
    }
}
