{
    "Sentiment": "NEUTRAL",
    "SentimentScore": {
        "Positive": 0.001767641631886363,
        "Negative": 0.0042633311823010445,
        "Neutral": 0.9934725761413574,
        "Mixed": 0.0004964397521689534
    }
}
