{
    "Sentiment": "NEUTRAL",
    "SentimentScore": {
        "Positive": 0.03517090901732445,
        "Negative": 0.001300197560340166,
        "Neutral": 0.9628742933273315,
        "Mixed": 0.0006545577198266983
    }
}
