{
    "Sentiment": "NEUTRAL",
    "SentimentScore": {
        "Positive": 0.004286350216716528,
        "Negative": 0.015972662717103958,
        "Neutral": 0.9778617024421692,
        "Mixed": 0.0018793500494211912
    }
}
