{
    "Sentiment": "NEUTRAL",
    "SentimentScore": {
        "Positive": 0.05472663789987564,
        "Negative": 0.20736421644687653,
        "Neutral": 0.7243542671203613,
        "Mixed": 0.013554871082305908
    }
}
