{
    "Sentiment": "NEUTRAL",
    "SentimentScore": {
        "Positive": 0.028922058641910553,
        "Negative": 0.060484740883111954,
        "Neutral": 0.903699517250061,
        "Mixed": 0.006893687881529331
    }
}
