{
    "Sentiment": "NEUTRAL",
    "SentimentScore": {
        "Positive": 0.006749264430254698,
        "Negative": 0.001973266014829278,
        "Neutral": 0.9908627271652222,
        "Mixed": 0.0004147620056755841
    }
}
