{
    "Sentiment": "NEUTRAL",
    "SentimentScore": {
        "Positive": 0.0027997042052447796,
        "Negative": 0.001631128485314548,
        "Neutral": 0.9953175783157349,
        "Mixed": 0.0002516977838240564
    }
}
