{
    "Sentiment": "MIXED",
    "SentimentScore": {
        "Positive": 0.24669203162193298,
        "Negative": 0.03877725079655647,
        "Neutral": 0.07796397805213928,
        "Mixed": 0.636566698551178
    }
}
