{
    "Sentiment": "POSITIVE",
    "SentimentScore": {
        "Positive": 0.5048956274986267,
        "Negative": 0.01052617747336626,
        "Neutral": 0.48011475801467896,
        "Mixed": 0.0044633774086833
    }
}
