{
    "Sentiment": "NEUTRAL",
    "SentimentScore": {
        "Positive": 0.1346275359392166,
        "Negative": 0.012150485999882221,
        "Neutral": 0.8458128571510315,
        "Mixed": 0.007409147918224335
    }
}
