{
    "Sentiment": "NEUTRAL",
    "SentimentScore": {
        "Positive": 0.05108791962265968,
        "Negative": 0.2731081545352936,
        "Neutral": 0.6479244232177734,
        "Mixed": 0.027879493311047554
    }
}
