{
    "Sentiment": "NEUTRAL",
    "SentimentScore": {
        "Positive": 0.008095864206552505,
        "Negative": 0.37323281168937683,
        "Neutral": 0.605307936668396,
        "Mixed": 0.013363368809223175
    }
}
