{
    "Sentiment": "NEUTRAL",
    "SentimentScore": {
        "Positive": 0.00790061429142952,
        "Negative": 0.23557056486606598,
        "Neutral": 0.7221384644508362,
        "Mixed": 0.03439033776521683
    }
}
