{
    "Sentiment": "NEGATIVE",
    "SentimentScore": {
        "Positive": 0.03061629645526409,
        "Negative": 0.7138145565986633,
        "Neutral": 0.19005092978477478,
        "Mixed": 0.06551821529865265
    }
}
