{
    "Sentiment": "NEUTRAL",
    "SentimentScore": {
        "Positive": 0.027685055509209633,
        "Negative": 0.022025752812623978,
        "Neutral": 0.9407092332839966,
        "Mixed": 0.009580004028975964
    }
}
