{
    "Sentiment": "NEUTRAL",
    "SentimentScore": {
        "Positive": 0.0501299686729908,
        "Negative": 0.00786504428833723,
        "Neutral": 0.9356607794761658,
        "Mixed": 0.006344173103570938
    }
}
