{
    "Sentiment": "NEUTRAL",
    "SentimentScore": {
        "Positive": 0.0016696578823029995,
        "Negative": 0.005988585762679577,
        "Neutral": 0.9915825724601746,
        "Mixed": 0.0007592622423544526
    }
}
