{
    "Sentiment": "NEUTRAL",
    "SentimentScore": {
        "Positive": 0.007552349008619785,
        "Negative": 0.02336478792130947,
        "Neutral": 0.9656949639320374,
        "Mixed": 0.0033879138063639402
    }
}
