{
    "Sentiment": "NEGATIVE",
    "SentimentScore": {
        "Positive": 0.038726821541786194,
        "Negative": 0.6932695508003235,
        "Neutral": 0.23311039805412292,
        "Mixed": 0.03489328920841217
    }
}
