{
    "Sentiment": "NEUTRAL",
    "SentimentScore": {
        "Positive": 0.021384911611676216,
        "Negative": 0.021673478186130524,
        "Neutral": 0.9522737264633179,
        "Mixed": 0.00466787489131093
    }
}
