{
    "Sentiment": "NEUTRAL",
    "SentimentScore": {
        "Positive": 0.009981442242860794,
        "Negative": 0.006444398779422045,
        "Neutral": 0.983002245426178,
        "Mixed": 0.0005718867178075016
    }
}
