{
    "Sentiment": "NEUTRAL",
    "SentimentScore": {
        "Positive": 0.03418838232755661,
        "Negative": 0.03557389974594116,
        "Neutral": 0.9124183058738708,
        "Mixed": 0.017819344997406006
    }
}
