{
    "Sentiment": "NEUTRAL",
    "SentimentScore": {
        "Positive": 0.0016827876679599285,
        "Negative": 0.0035812424030154943,
        "Neutral": 0.9944292306900024,
        "Mixed": 0.0003067523939535022
    }
}
