{
    "Sentiment": "NEUTRAL",
    "SentimentScore": {
        "Positive": 0.03961010277271271,
        "Negative": 0.01364467479288578,
        "Neutral": 0.9430457353591919,
        "Mixed": 0.0036995236296206713
    }
}
