{
    "Sentiment": "NEUTRAL",
    "SentimentScore": {
        "Positive": 0.2364444136619568,
        "Negative": 0.0008818974602036178,
        "Neutral": 0.7591944932937622,
        "Mixed": 0.0034791650250554085
    }
}
