{
    "Sentiment": "NEUTRAL",
    "SentimentScore": {
        "Positive": 0.037843555212020874,
        "Negative": 0.011930814012885094,
        "Neutral": 0.9488636255264282,
        "Mixed": 0.0013620051322504878
    }
}
