{
    "Sentiment": "NEUTRAL",
    "SentimentScore": {
        "Positive": 0.09908783435821533,
        "Negative": 0.005111863370984793,
        "Neutral": 0.8920853137969971,
        "Mixed": 0.003715003840625286
    }
}
