{
    "Sentiment": "NEUTRAL",
    "SentimentScore": {
        "Positive": 0.007544062566012144,
        "Negative": 0.024387313053011894,
        "Neutral": 0.9647789001464844,
        "Mixed": 0.0032895912881940603
    }
}
