{
    "Sentiment": "NEUTRAL",
    "SentimentScore": {
        "Positive": 0.12313608080148697,
        "Negative": 0.004477468319237232,
        "Neutral": 0.8698742389678955,
        "Mixed": 0.0025121159851551056
    }
}
