{
    "Sentiment": "NEUTRAL",
    "SentimentScore": {
        "Positive": 0.0014430691953748465,
        "Negative": 0.030267516151070595,
        "Neutral": 0.9665528535842896,
        "Mixed": 0.001736483070999384
    }
}
