{
    "Sentiment": "NEUTRAL",
    "SentimentScore": {
        "Positive": 0.021596061065793037,
        "Negative": 0.00141453358810395,
        "Neutral": 0.9762069582939148,
        "Mixed": 0.0007825113134458661
    }
}
