{
    "Sentiment": "NEUTRAL",
    "SentimentScore": {
        "Positive": 0.015982506796717644,
        "Negative": 0.04998479038476944,
        "Neutral": 0.9286718368530273,
        "Mixed": 0.005360790528357029
    }
}
