{
    "Sentiment": "NEUTRAL",
    "SentimentScore": {
        "Positive": 0.024747364223003387,
        "Negative": 0.04491960629820824,
        "Neutral": 0.9253958463668823,
        "Mixed": 0.004937216639518738
    }
}
