{
    "Sentiment": "NEUTRAL",
    "SentimentScore": {
        "Positive": 0.0016508422559127212,
        "Negative": 0.23564964532852173,
        "Neutral": 0.7552101612091064,
        "Mixed": 0.007489354815334082
    }
}
