{
    "Sentiment": "NEUTRAL",
    "SentimentScore": {
        "Positive": 0.00565703958272934,
        "Negative": 0.0025011806283146143,
        "Neutral": 0.9914622902870178,
        "Mixed": 0.0003795356606133282
    }
}
