{
    "Sentiment": "NEUTRAL",
    "SentimentScore": {
        "Positive": 0.04635637626051903,
        "Negative": 0.06298687309026718,
        "Neutral": 0.8427941799163818,
        "Mixed": 0.04786258935928345
    }
}
