{
    "Sentiment": "NEUTRAL",
    "SentimentScore": {
        "Positive": 0.020907582715153694,
        "Negative": 0.17165832221508026,
        "Neutral": 0.792082667350769,
        "Mixed": 0.015351401641964912
    }
}
