{
    "Sentiment": "NEUTRAL",
    "SentimentScore": {
        "Positive": 0.0035121252294629812,
        "Negative": 0.0026739053428173065,
        "Neutral": 0.9931950569152832,
        "Mixed": 0.0006188819534145296
    }
}
