{
    "Sentiment": "NEUTRAL",
    "SentimentScore": {
        "Positive": 0.00881440844386816,
        "Negative": 0.001778599340468645,
        "Neutral": 0.9887843132019043,
        "Mixed": 0.0006226037512533367
    }
}
