{
    "Sentiment": "NEUTRAL",
    "SentimentScore": {
        "Positive": 0.006891733966767788,
        "Negative": 0.003272485453635454,
        "Neutral": 0.9893273115158081,
        "Mixed": 0.0005085269804112613
    }
}
