{
    "Sentiment": "NEUTRAL",
    "SentimentScore": {
        "Positive": 0.016108741983771324,
        "Negative": 0.0016144929686561227,
        "Neutral": 0.9814258813858032,
        "Mixed": 0.0008508729515597224
    }
}
