{
    "Sentiment": "NEUTRAL",
    "SentimentScore": {
        "Positive": 0.05044212564826012,
        "Negative": 0.003704842645674944,
        "Neutral": 0.944432258605957,
        "Mixed": 0.0014207024360075593
    }
}
