{
    "Sentiment": "NEUTRAL",
    "SentimentScore": {
        "Positive": 0.04195219278335571,
        "Negative": 0.006929628551006317,
        "Neutral": 0.9481724500656128,
        "Mixed": 0.0029456508345901966
    }
}
