{
    "Sentiment": "NEGATIVE",
    "SentimentScore": {
        "Positive": 0.04110192507505417,
        "Negative": 0.47173812985420227,
        "Neutral": 0.4628343880176544,
        "Mixed": 0.024325592443346977
    }
}
