{
    "Sentiment": "NEUTRAL",
    "SentimentScore": {
        "Positive": 0.0016436227597296238,
        "Negative": 0.0016292138025164604,
        "Neutral": 0.9963541030883789,
        "Mixed": 0.00037308246828615665
    }
}
