{
    "Sentiment": "POSITIVE",
    "SentimentScore": {
        "Positive": 0.8147131204605103,
        "Negative": 0.0003764501307159662,
        "Neutral": 0.18173284828662872,
        "Mixed": 0.003177650971338153
    }
}
