{
    "Sentiment": "NEUTRAL",
    "SentimentScore": {
        "Positive": 0.004039569292217493,
        "Negative": 0.03185680881142616,
        "Neutral": 0.9600818753242493,
        "Mixed": 0.004021721892058849
    }
}
