{
    "Sentiment": "NEUTRAL",
    "SentimentScore": {
        "Positive": 0.0953371673822403,
        "Negative": 0.016458746045827866,
        "Neutral": 0.878981351852417,
        "Mixed": 0.009222720749676228
    }
}
