{
    "Sentiment": "NEUTRAL",
    "SentimentScore": {
        "Positive": 0.0028073452413082123,
        "Negative": 0.04740900546312332,
        "Neutral": 0.9446749687194824,
        "Mixed": 0.005108668934553862
    }
}
