{
    "Sentiment": "NEUTRAL",
    "SentimentScore": {
        "Positive": 0.0043152752332389355,
        "Negative": 0.0014030506135895848,
        "Neutral": 0.9939678907394409,
        "Mixed": 0.0003138075117021799
    }
}
