{
    "Sentiment": "NEUTRAL",
    "SentimentScore": {
        "Positive": 0.004154937341809273,
        "Negative": 0.001990482211112976,
        "Neutral": 0.9933504462242126,
        "Mixed": 0.0005040460382588208
    }
}
