{
    "Sentiment": "NEUTRAL",
    "SentimentScore": {
        "Positive": 0.019790276885032654,
        "Negative": 0.002713338239118457,
        "Neutral": 0.976123034954071,
        "Mixed": 0.0013733524829149246
    }
}
