{
    "Sentiment": "NEUTRAL",
    "SentimentScore": {
        "Positive": 0.03412999212741852,
        "Negative": 0.153760626912117,
        "Neutral": 0.785584032535553,
        "Mixed": 0.026525266468524933
    }
}
