{
    "Sentiment": "NEUTRAL",
    "SentimentScore": {
        "Positive": 0.007971172221004963,
        "Negative": 0.052749790251255035,
        "Neutral": 0.9352409243583679,
        "Mixed": 0.004038110375404358
    }
}
