{
    "Sentiment": "NEUTRAL",
    "SentimentScore": {
        "Positive": 0.004222170915454626,
        "Negative": 0.2878856658935547,
        "Neutral": 0.6941190361976624,
        "Mixed": 0.01377316378057003
    }
}
