{
    "Sentiment": "NEUTRAL",
    "SentimentScore": {
        "Positive": 0.02196011133491993,
        "Negative": 0.04492819681763649,
        "Neutral": 0.9232357740402222,
        "Mixed": 0.009875821880996227
    }
}
