{
    "Sentiment": "NEUTRAL",
    "SentimentScore": {
        "Positive": 0.0019038977334275842,
        "Negative": 0.04008548706769943,
        "Neutral": 0.9549741744995117,
        "Mixed": 0.003036424284800887
    }
}
