{
    "Sentiment": "NEUTRAL",
    "SentimentScore": {
        "Positive": 0.01735926978290081,
        "Negative": 0.0024579791352152824,
        "Neutral": 0.9785897135734558,
        "Mixed": 0.0015930430963635445
    }
}
