{
    "Sentiment": "NEUTRAL",
    "SentimentScore": {
        "Positive": 0.002387982327491045,
        "Negative": 0.028443174436688423,
        "Neutral": 0.9674521088600159,
        "Mixed": 0.0017167215701192617
    }
}
