{
    "Sentiment": "NEUTRAL",
    "SentimentScore": {
        "Positive": 0.0012607300886884332,
        "Negative": 0.013590322807431221,
        "Neutral": 0.984410285949707,
        "Mixed": 0.000738572096452117
    }
}
