{
    "Sentiment": "NEUTRAL",
    "SentimentScore": {
        "Positive": 0.010369339026510715,
        "Negative": 0.003796366276219487,
        "Neutral": 0.984693169593811,
        "Mixed": 0.0011411473387852311
    }
}
