{
    "Sentiment": "NEUTRAL",
    "SentimentScore": {
        "Positive": 0.007183417212218046,
        "Negative": 0.003471920033916831,
        "Neutral": 0.9884394407272339,
        "Mixed": 0.0009051483357325196
    }
}
