{
    "Sentiment": "POSITIVE",
    "SentimentScore": {
        "Positive": 0.6215344667434692,
        "Negative": 0.00835967343300581,
        "Neutral": 0.3571823835372925,
        "Mixed": 0.01292350422590971
    }
}
