{
    "Sentiment": "NEUTRAL",
    "SentimentScore": {
        "Positive": 0.04149489477276802,
        "Negative": 0.04282808303833008,
        "Neutral": 0.9098474383354187,
        "Mixed": 0.005829538218677044
    }
}
