{
    "Sentiment": "NEGATIVE",
    "SentimentScore": {
        "Positive": 0.02159772999584675,
        "Negative": 0.8317354321479797,
        "Neutral": 0.10059191286563873,
        "Mixed": 0.04607490450143814
    }
}
