{
    "Sentiment": "NEUTRAL",
    "SentimentScore": {
        "Positive": 0.0032659464050084352,
        "Negative": 0.011204631067812443,
        "Neutral": 0.9845436215400696,
        "Mixed": 0.0009857324184849858
    }
}
