{
    "Sentiment": "POSITIVE",
    "SentimentScore": {
        "Positive": 0.5328647494316101,
        "Negative": 0.013365733437240124,
        "Neutral": 0.4423340857028961,
        "Mixed": 0.011435423046350479
    }
}
