{
    "Sentiment": "NEUTRAL",
    "SentimentScore": {
        "Positive": 0.00850621983408928,
        "Negative": 0.03419683873653412,
        "Neutral": 0.9543956518173218,
        "Mixed": 0.002901333151385188
    }
}
