{
    "Sentiment": "NEUTRAL",
    "SentimentScore": {
        "Positive": 0.020642809569835663,
        "Negative": 0.047054167836904526,
        "Neutral": 0.9132473468780518,
        "Mixed": 0.0190556850284338
    }
}
