{
    "Sentiment": "NEUTRAL",
    "SentimentScore": {
        "Positive": 0.028183260932564735,
        "Negative": 0.047857437282800674,
        "Neutral": 0.9115597605705261,
        "Mixed": 0.012399505823850632
    }
}
