{
    "Sentiment": "NEUTRAL",
    "SentimentScore": {
        "Positive": 0.005035037640482187,
        "Negative": 0.004722739104181528,
        "Neutral": 0.9894132614135742,
        "Mixed": 0.0008289383840747178
    }
}
