{
    "Sentiment": "NEUTRAL",
    "SentimentScore": {
        "Positive": 0.0057853227481245995,
        "Negative": 0.0034909246023744345,
        "Neutral": 0.9902142286300659,
        "Mixed": 0.0005095263477414846
    }
}
