{
    "Sentiment": "NEUTRAL",
    "SentimentScore": {
        "Positive": 0.019563239067792892,
        "Negative": 0.01629047468304634,
        "Neutral": 0.9614741206169128,
        "Mixed": 0.002672140719369054
    }
}
