{
    "Sentiment": "NEUTRAL",
    "SentimentScore": {
        "Positive": 0.002231609309092164,
        "Negative": 0.0070826951414346695,
        "Neutral": 0.9895301461219788,
        "Mixed": 0.001155590987764299
    }
}
