{
    "Sentiment": "NEUTRAL",
    "SentimentScore": {
        "Positive": 0.004350793547928333,
        "Negative": 0.005947487894445658,
        "Neutral": 0.9886956214904785,
        "Mixed": 0.001006089965812862
    }
}
