{
    "Sentiment": "NEUTRAL",
    "SentimentScore": {
        "Positive": 0.0020564880687743425,
        "Negative": 0.04596410691738129,
        "Neutral": 0.949589192867279,
        "Mixed": 0.00239018932916224
    }
}
