{
    "Sentiment": "NEUTRAL",
    "SentimentScore": {
        "Positive": 0.0018016040557995439,
        "Negative": 0.04697079211473465,
        "Neutral": 0.9500570893287659,
        "Mixed": 0.001170475035905838
    }
}
