{
    "Sentiment": "NEUTRAL",
    "SentimentScore": {
        "Positive": 0.07390452176332474,
        "Negative": 0.003547301748767495,
        "Neutral": 0.9200115203857422,
        "Mixed": 0.0025366200134158134
    }
}
