{
    "Sentiment": "NEUTRAL",
    "SentimentScore": {
        "Positive": 0.046773262321949005,
        "Negative": 0.02311454713344574,
        "Neutral": 0.9270930886268616,
        "Mixed": 0.0030191130936145782
    }
}
