{
    "Sentiment": "NEUTRAL",
    "SentimentScore": {
        "Positive": 0.2093621790409088,
        "Negative": 0.03106699138879776,
        "Neutral": 0.7422224879264832,
        "Mixed": 0.017348282039165497
    }
}
