{
    "Sentiment": "NEUTRAL",
    "SentimentScore": {
        "Positive": 0.002301100641489029,
        "Negative": 0.04049573093652725,
        "Neutral": 0.9541181921958923,
        "Mixed": 0.0030849548056721687
    }
}
