{
    "Sentiment": "NEUTRAL",
    "SentimentScore": {
        "Positive": 0.029427511617541313,
        "Negative": 0.24355779588222504,
        "Neutral": 0.7024693489074707,
        "Mixed": 0.024545375257730484
    }
}
