{
    "Sentiment": "NEUTRAL",
    "SentimentScore": {
        "Positive": 0.005318089388310909,
        "Negative": 0.11576159298419952,
        "Neutral": 0.8750091791152954,
        "Mixed": 0.003911182284355164
    }
}
