{
    "Sentiment": "NEUTRAL",
    "SentimentScore": {
        "Positive": 0.003433656645938754,
        "Negative": 0.03209671750664711,
        "Neutral": 0.9620643854141235,
        "Mixed": 0.0024052548687905073
    }
}
