{
    "Sentiment": "NEUTRAL",
    "SentimentScore": {
        "Positive": 0.003123002825304866,
        "Negative": 0.03889941796660423,
        "Neutral": 0.9562578797340393,
        "Mixed": 0.0017197299748659134
    }
}
