{
    "Sentiment": "NEUTRAL",
    "SentimentScore": {
        "Positive": 0.19900758564472198,
        "Negative": 0.039532553404569626,
        "Neutral": 0.7380720973014832,
        "Mixed": 0.02338770590722561
    }
}
