{
    "Sentiment": "NEUTRAL",
    "SentimentScore": {
        "Positive": 0.06814298033714294,
        "Negative": 0.04063906520605087,
        "Neutral": 0.8720743656158447,
        "Mixed": 0.01914362609386444
    }
}
