{
    "Sentiment": "NEUTRAL",
    "SentimentScore": {
        "Positive": 0.005352484993636608,
        "Negative": 0.17065273225307465,
        "Neutral": 0.8129208087921143,
        "Mixed": 0.01107394602149725
    }
}
