{
    "Sentiment": "NEUTRAL",
    "SentimentScore": {
        "Positive": 0.011052712798118591,
        "Negative": 0.010425609536468983,
        "Neutral": 0.9759269952774048,
        "Mixed": 0.0025945950765162706
    }
}
