{
    "Sentiment": "NEUTRAL",
    "SentimentScore": {
        "Positive": 0.019387397915124893,
        "Negative": 0.004639574326574802,
        "Neutral": 0.9743635058403015,
        "Mixed": 0.0016095445025712252
    }
}
