{
    "Sentiment": "NEUTRAL",
    "SentimentScore": {
        "Positive": 0.006180888041853905,
        "Negative": 0.0398046150803566,
        "Neutral": 0.9514464139938354,
        "Mixed": 0.002568058902397752
    }
}
