{
    "Sentiment": "NEUTRAL",
    "SentimentScore": {
        "Positive": 0.1642443835735321,
        "Negative": 0.031626053154468536,
        "Neutral": 0.7999804615974426,
        "Mixed": 0.004149178974330425
    }
}
