{
    "Sentiment": "NEUTRAL",
    "SentimentScore": {
        "Positive": 0.005128095392137766,
        "Negative": 0.0027809301391243935,
        "Neutral": 0.9915953278541565,
        "Mixed": 0.0004956638440489769
    }
}
