{
    "Sentiment": "NEUTRAL",
    "SentimentScore": {
        "Positive": 0.0028207653667777777,
        "Negative": 0.0012377932434901595,
        "Neutral": 0.9957172274589539,
        "Mixed": 0.00022425332281272858
    }
}
