{
    "Sentiment": "NEUTRAL",
    "SentimentScore": {
        "Positive": 0.011047341860830784,
        "Negative": 0.12436817586421967,
        "Neutral": 0.8521912097930908,
        "Mixed": 0.01239330880343914
    }
}
