{
    "Sentiment": "NEUTRAL",
    "SentimentScore": {
        "Positive": 0.4066349267959595,
        "Negative": 0.059183865785598755,
        "Neutral": 0.5081689953804016,
        "Mixed": 0.026012184098362923
    }
}
