{
    "Sentiment": "NEUTRAL",
    "SentimentScore": {
        "Positive": 0.002349571557715535,
        "Negative": 0.07461162656545639,
        "Neutral": 0.9201353192329407,
        "Mixed": 0.0029034495819360018
    }
}
