{
    "Sentiment": "NEUTRAL",
    "SentimentScore": {
        "Positive": 0.0011857100762426853,
        "Negative": 0.05624115467071533,
        "Neutral": 0.9408259391784668,
        "Mixed": 0.0017472493927925825
    }
}
