{
    "Sentiment": "NEUTRAL",
    "SentimentScore": {
        "Positive": 0.0014270951505750418,
        "Negative": 0.005632330663502216,
        "Neutral": 0.9925578832626343,
        "Mixed": 0.000382698344765231
    }
}
