{
    "Sentiment": "NEUTRAL",
    "SentimentScore": {
        "Positive": 0.05768650770187378,
        "Negative": 0.21808317303657532,
        "Neutral": 0.7049705982208252,
        "Mixed": 0.019259750843048096
    }
}
