{
    "Sentiment": "POSITIVE",
    "SentimentScore": {
        "Positive": 0.5158131718635559,
        "Negative": 0.004171911161392927,
        "Neutral": 0.47436514496803284,
        "Mixed": 0.0056498171761631966
    }
}
