{
    "Sentiment": "NEUTRAL",
    "SentimentScore": {
        "Positive": 0.06442120671272278,
        "Negative": 0.4399683177471161,
        "Neutral": 0.4723299741744995,
        "Mixed": 0.023280451074242592
    }
}
