{
    "Sentiment": "NEUTRAL",
    "SentimentScore": {
        "Positive": 0.004419992677867413,
        "Negative": 0.0016977230552583933,
        "Neutral": 0.9935291409492493,
        "Mixed": 0.00035318080335855484
    }
}
