{
    "Sentiment": "NEUTRAL",
    "SentimentScore": {
        "Positive": 0.012125104665756226,
        "Negative": 0.002593817887827754,
        "Neutral": 0.9846867918968201,
        "Mixed": 0.0005943701253272593
    }
}
