{
    "Sentiment": "NEUTRAL",
    "SentimentScore": {
        "Positive": 0.05583449453115463,
        "Negative": 0.008299770765006542,
        "Neutral": 0.9327137470245361,
        "Mixed": 0.003152070799842477
    }
}
