{
    "Sentiment": "NEUTRAL",
    "SentimentScore": {
        "Positive": 0.036203812807798386,
        "Negative": 0.07084045559167862,
        "Neutral": 0.8145943880081177,
        "Mixed": 0.0783613920211792
    }
}
