{
    "Sentiment": "NEUTRAL",
    "SentimentScore": {
        "Positive": 0.0060215359553694725,
        "Negative": 0.03761407732963562,
        "Neutral": 0.9524006843566895,
        "Mixed": 0.003963746130466461
    }
}
