{
    "Sentiment": "NEUTRAL",
    "SentimentScore": {
        "Positive": 0.0036207926459610462,
        "Negative": 0.03737859055399895,
        "Neutral": 0.9555853605270386,
        "Mixed": 0.003415219485759735
    }
}
