{
    "Sentiment": "NEUTRAL",
    "SentimentScore": {
        "Positive": 0.0037812809459865093,
        "Negative": 0.00350266695022583,
        "Neutral": 0.9923627376556396,
        "Mixed": 0.00035334430867806077
    }
}
