{
    "Sentiment": "NEUTRAL",
    "SentimentScore": {
        "Positive": 0.004542355425655842,
        "Negative": 0.014561641961336136,
        "Neutral": 0.9785566329956055,
        "Mixed": 0.0023394019808620214
    }
}
