{
    "Sentiment": "NEUTRAL",
    "SentimentScore": {
        "Positive": 0.1757078766822815,
        "Negative": 0.006881529465317726,
        "Neutral": 0.8138622045516968,
        "Mixed": 0.003548386972397566
    }
}
