{
    "Sentiment": "NEUTRAL",
    "SentimentScore": {
        "Positive": 0.05530296638607979,
        "Negative": 0.007859843783080578,
        "Neutral": 0.9278947114944458,
        "Mixed": 0.00894244760274887
    }
}
