{
    "Sentiment": "NEUTRAL",
    "SentimentScore": {
        "Positive": 0.009050934575498104,
        "Negative": 0.031332843005657196,
        "Neutral": 0.957565188407898,
        "Mixed": 0.0020510773174464703
    }
}
