{
    "Sentiment": "NEUTRAL",
    "SentimentScore": {
        "Positive": 0.00650721974670887,
        "Negative": 0.042592160403728485,
        "Neutral": 0.9486558437347412,
        "Mixed": 0.00224477332085371
    }
}
