{
    "Sentiment": "NEUTRAL",
    "SentimentScore": {
        "Positive": 0.008780669420957565,
        "Negative": 0.42692509293556213,
        "Neutral": 0.5519218444824219,
        "Mixed": 0.012372399680316448
    }
}
