{
    "Sentiment": "NEUTRAL",
    "SentimentScore": {
        "Positive": 0.004119940102100372,
        "Negative": 0.015860540792346,
        "Neutral": 0.9786607027053833,
        "Mixed": 0.0013588302535936236
    }
}
