{
    "Sentiment": "NEUTRAL",
    "SentimentScore": {
        "Positive": 0.008931734599173069,
        "Negative": 0.0017881798557937145,
        "Neutral": 0.988723635673523,
        "Mixed": 0.0005564631428569555
    }
}
