{
    "Sentiment": "NEUTRAL",
    "SentimentScore": {
        "Positive": 0.003025951562449336,
        "Negative": 0.04043344035744667,
        "Neutral": 0.9531673789024353,
        "Mixed": 0.003373181214556098
    }
}
