{
    "Sentiment": "NEUTRAL",
    "SentimentScore": {
        "Positive": 0.08385104686021805,
        "Negative": 0.026021378114819527,
        "Neutral": 0.8852965235710144,
        "Mixed": 0.004831013269722462
    }
}
