{
    "Sentiment": "NEUTRAL",
    "SentimentScore": {
        "Positive": 0.07526879012584686,
        "Negative": 0.07953284680843353,
        "Neutral": 0.7632350325584412,
        "Mixed": 0.08196328580379486
    }
}
