{
    "Sentiment": "NEUTRAL",
    "SentimentScore": {
        "Positive": 0.13588100671768188,
        "Negative": 0.026080342009663582,
        "Neutral": 0.8345050811767578,
        "Mixed": 0.0035335489083081484
    }
}
