{
    "Sentiment": "NEUTRAL",
    "SentimentScore": {
        "Positive": 0.004229969345033169,
        "Negative": 0.041131891310214996,
        "Neutral": 0.9511289000511169,
        "Mixed": 0.003509176429361105
    }
}
