{
    "Sentiment": "NEUTRAL",
    "SentimentScore": {
        "Positive": 0.10635645687580109,
        "Negative": 0.03300470486283302,
        "Neutral": 0.8453057408332825,
        "Mixed": 0.015333143062889576
    }
}
