{
    "Sentiment": "NEUTRAL",
    "SentimentScore": {
        "Positive": 0.028002703562378883,
        "Negative": 0.0036037496756762266,
        "Neutral": 0.9671609997749329,
        "Mixed": 0.0012326233554631472
    }
}
