{
    "Sentiment": "NEUTRAL",
    "SentimentScore": {
        "Positive": 0.010158705525100231,
        "Negative": 0.04808509722352028,
        "Neutral": 0.9368434548377991,
        "Mixed": 0.0049127195961773396
    }
}
