{
    "Sentiment": "NEUTRAL",
    "SentimentScore": {
        "Positive": 0.011166248470544815,
        "Negative": 0.132040336728096,
        "Neutral": 0.8466325402259827,
        "Mixed": 0.010160907171666622
    }
}
