{
    "Sentiment": "NEUTRAL",
    "SentimentScore": {
        "Positive": 0.007379275280982256,
        "Negative": 0.01668655499815941,
        "Neutral": 0.9728621244430542,
        "Mixed": 0.003072077641263604
    }
}
