{
    "Sentiment": "NEUTRAL",
    "SentimentScore": {
        "Positive": 0.16816474497318268,
        "Negative": 0.004951051902025938,
        "Neutral": 0.821963369846344,
        "Mixed": 0.004920796025544405
    }
}
