{
    "Sentiment": "NEUTRAL",
    "SentimentScore": {
        "Positive": 0.001351059996522963,
        "Negative": 0.007972470484673977,
        "Neutral": 0.9901955723762512,
        "Mixed": 0.00048092211363837123
    }
}
