{
    "Sentiment": "NEUTRAL",
    "SentimentScore": {
        "Positive": 0.0019094193121418357,
        "Negative": 0.009680956602096558,
        "Neutral": 0.9878320097923279,
        "Mixed": 0.0005775875179097056
    }
}
