{
    "Sentiment": "NEUTRAL",
    "SentimentScore": {
        "Positive": 0.008780092000961304,
        "Negative": 0.0016785761108621955,
        "Neutral": 0.9890975952148438,
        "Mixed": 0.000443729804828763
    }
}
