{
    "Sentiment": "NEUTRAL",
    "SentimentScore": {
        "Positive": 0.02414669841527939,
        "Negative": 0.1339951604604721,
        "Neutral": 0.811977207660675,
        "Mixed": 0.02988097071647644
    }
}
