{
    "Sentiment": "NEUTRAL",
    "SentimentScore": {
        "Positive": 0.009123016148805618,
        "Negative": 0.14926651120185852,
        "Neutral": 0.812930166721344,
        "Mixed": 0.028680259361863136
    }
}
