{
    "Sentiment": "NEUTRAL",
    "SentimentScore": {
        "Positive": 0.17180390655994415,
        "Negative": 0.03389013186097145,
        "Neutral": 0.7887844443321228,
        "Mixed": 0.005521594546735287
    }
}
