{
    "Sentiment": "NEUTRAL",
    "SentimentScore": {
        "Positive": 0.002654355252161622,
        "Negative": 0.01464932318776846,
        "Neutral": 0.9819135069847107,
        "Mixed": 0.0007828036905266345
    }
}
