{
    "Sentiment": "NEUTRAL",
    "SentimentScore": {
        "Positive": 0.018816301599144936,
        "Negative": 0.137327179312706,
        "Neutral": 0.8301118612289429,
        "Mixed": 0.013744652271270752
    }
}
