{
    "Sentiment": "NEUTRAL",
    "SentimentScore": {
        "Positive": 0.006309077609330416,
        "Negative": 0.0036236478481441736,
        "Neutral": 0.9896092414855957,
        "Mixed": 0.0004579512169584632
    }
}
