{
    "Sentiment": "NEUTRAL",
    "SentimentScore": {
        "Positive": 0.003355276770889759,
        "Negative": 0.013805129565298557,
        "Neutral": 0.9809994697570801,
        "Mixed": 0.001840090611949563
    }
}
