{
    "Sentiment": "NEUTRAL",
    "SentimentScore": {
        "Positive": 0.02523048222064972,
        "Negative": 0.03672511875629425,
        "Neutral": 0.9352660775184631,
        "Mixed": 0.0027783294208347797
    }
}
