{
    "Sentiment": "NEUTRAL",
    "SentimentScore": {
        "Positive": 0.01691901683807373,
        "Negative": 0.020882535725831985,
        "Neutral": 0.957036554813385,
        "Mixed": 0.005161889363080263
    }
}
