{
    "Sentiment": "NEUTRAL",
    "SentimentScore": {
        "Positive": 0.00587166054174304,
        "Negative": 0.009115708991885185,
        "Neutral": 0.9828447103500366,
        "Mixed": 0.0021678744815289974
    }
}
