{
    "Sentiment": "NEUTRAL",
    "SentimentScore": {
        "Positive": 0.12382037937641144,
        "Negative": 0.011861506849527359,
        "Neutral": 0.8598960041999817,
        "Mixed": 0.004422046709805727
    }
}
