{
    "Sentiment": "NEUTRAL",
    "SentimentScore": {
        "Positive": 0.003987434785813093,
        "Negative": 0.011535918340086937,
        "Neutral": 0.9825984239578247,
        "Mixed": 0.0018783073173835874
    }
}
