{
    "Sentiment": "NEUTRAL",
    "SentimentScore": {
        "Positive": 0.00440660584717989,
        "Negative": 0.016750266775488853,
        "Neutral": 0.9776198863983154,
        "Mixed": 0.0012232718290761113
    }
}
