{
    "Sentiment": "NEUTRAL",
    "SentimentScore": {
        "Positive": 0.011164180003106594,
        "Negative": 0.045705053955316544,
        "Neutral": 0.935404360294342,
        "Mixed": 0.0077264271676540375
    }
}
