{
    "Sentiment": "NEUTRAL",
    "SentimentScore": {
        "Positive": 0.00604003481566906,
        "Negative": 0.014244677498936653,
        "Neutral": 0.9771648049354553,
        "Mixed": 0.0025504762306809425
    }
}
