{
    "Sentiment": "NEUTRAL",
    "SentimentScore": {
        "Positive": 0.005578923504799604,
        "Negative": 0.31406939029693604,
        "Neutral": 0.6586882472038269,
        "Mixed": 0.02166346274316311
    }
}
