{
    "Sentiment": "NEUTRAL",
    "SentimentScore": {
        "Positive": 0.1996312439441681,
        "Negative": 0.0029892618767917156,
        "Neutral": 0.7941306829452515,
        "Mixed": 0.003248765831813216
    }
}
