{
    "Sentiment": "NEUTRAL",
    "SentimentScore": {
        "Positive": 0.053521379828453064,
        "Negative": 0.03429747745394707,
        "Neutral": 0.8941872715950012,
        "Mixed": 0.017993824556469917
    }
}
