{
    "Sentiment": "NEUTRAL",
    "SentimentScore": {
        "Positive": 0.010234106332063675,
        "Negative": 0.017130838707089424,
        "Neutral": 0.9709979891777039,
        "Mixed": 0.0016370767261832952
    }
}
