{
    "Sentiment": "NEUTRAL",
    "SentimentScore": {
        "Positive": 0.013932771980762482,
        "Negative": 0.00396002596244216,
        "Neutral": 0.9812493920326233,
        "Mixed": 0.0008577479748055339
    }
}
