{
    "Sentiment": "NEUTRAL",
    "SentimentScore": {
        "Positive": 0.06620339304208755,
        "Negative": 0.0030995116103440523,
        "Neutral": 0.9289498925209045,
        "Mixed": 0.0017472420586273074
    }
}
