{
    "Sentiment": "NEUTRAL",
    "SentimentScore": {
        "Positive": 0.03033103048801422,
        "Negative": 0.09271567314863205,
        "Neutral": 0.850500226020813,
        "Mixed": 0.026453010737895966
    }
}
