{
    "Sentiment": "NEUTRAL",
    "SentimentScore": {
        "Positive": 0.0021316008642315865,
        "Negative": 0.02488139271736145,
        "Neutral": 0.971642017364502,
        "Mixed": 0.001344958902336657
    }
}
