{
    "Sentiment": "NEUTRAL",
    "SentimentScore": {
        "Positive": 0.019872233271598816,
        "Negative": 0.06844005733728409,
        "Neutral": 0.8972030282020569,
        "Mixed": 0.014484728686511517
    }
}
