{
    "Sentiment": "NEUTRAL",
    "SentimentScore": {
        "Positive": 0.017022397369146347,
        "Negative": 0.0755712017416954,
        "Neutral": 0.8918365240097046,
        "Mixed": 0.015569821000099182
    }
}
