{
    "Sentiment": "NEUTRAL",
    "SentimentScore": {
        "Positive": 0.4203889071941376,
        "Negative": 0.03116905502974987,
        "Neutral": 0.5235631465911865,
        "Mixed": 0.024878935888409615
    }
}
