{
    "Sentiment": "NEUTRAL",
    "SentimentScore": {
        "Positive": 0.004032202996313572,
        "Negative": 0.008201497606933117,
        "Neutral": 0.9870089888572693,
        "Mixed": 0.0007573323673568666
    }
}
