{
    "Sentiment": "POSITIVE",
    "SentimentScore": {
        "Positive": 0.8714504241943359,
        "Negative": 0.002818870125338435,
        "Neutral": 0.1155690997838974,
        "Mixed": 0.010161480866372585
    }
}
