{
    "Sentiment": "NEUTRAL",
    "SentimentScore": {
        "Positive": 0.0031587129924446344,
        "Negative": 0.00097962177824229,
        "Neutral": 0.995552122592926,
        "Mixed": 0.0003094577987212688
    }
}
