{
    "Sentiment": "NEUTRAL",
    "SentimentScore": {
        "Positive": 0.009500330314040184,
        "Negative": 0.07521026581525803,
        "Neutral": 0.9091086983680725,
        "Mixed": 0.006180691998451948
    }
}
