{
    "Sentiment": "NEUTRAL",
    "SentimentScore": {
        "Positive": 0.02112506330013275,
        "Negative": 0.2045266181230545,
        "Neutral": 0.7598647475242615,
        "Mixed": 0.014483564533293247
    }
}
