{
    "Sentiment": "NEUTRAL",
    "SentimentScore": {
        "Positive": 0.2380978912115097,
        "Negative": 0.054808150976896286,
        "Neutral": 0.6960971355438232,
        "Mixed": 0.010996848344802856
    }
}
