{
    "Sentiment": "NEUTRAL",
    "SentimentScore": {
        "Positive": 0.004874597769230604,
        "Negative": 0.0035574017092585564,
        "Neutral": 0.9911723732948303,
        "Mixed": 0.00039555251714773476
    }
}
