{
    "Sentiment": "NEUTRAL",
    "SentimentScore": {
        "Positive": 0.29417479038238525,
        "Negative": 0.0405789315700531,
        "Neutral": 0.5728545188903809,
        "Mixed": 0.09239178150892258
    }
}
