{
    "Sentiment": "NEUTRAL",
    "SentimentScore": {
        "Positive": 0.016554921865463257,
        "Negative": 0.0099187595769763,
        "Neutral": 0.9712092280387878,
        "Mixed": 0.002317029982805252
    }
}
