{
    "Sentiment": "NEUTRAL",
    "SentimentScore": {
        "Positive": 0.005210595205426216,
        "Negative": 0.002782962052151561,
        "Neutral": 0.9914770722389221,
        "Mixed": 0.0005293876165524125
    }
}
