{
    "Sentiment": "NEUTRAL",
    "SentimentScore": {
        "Positive": 0.008557110093533993,
        "Negative": 0.02992299757897854,
        "Neutral": 0.9589844346046448,
        "Mixed": 0.002535451902076602
    }
}
