{
    "Sentiment": "NEUTRAL",
    "SentimentScore": {
        "Positive": 0.04503955319523811,
        "Negative": 0.001588693936355412,
        "Neutral": 0.9523777365684509,
        "Mixed": 0.000993921421468258
    }
}
