{
    "Sentiment": "NEUTRAL",
    "SentimentScore": {
        "Positive": 0.003023953177034855,
        "Negative": 0.20381657779216766,
        "Neutral": 0.78143709897995,
        "Mixed": 0.011722266674041748
    }
}
