{
    "Sentiment": "NEUTRAL",
    "SentimentScore": {
        "Positive": 0.011271078139543533,
        "Negative": 0.0027716178447008133,
        "Neutral": 0.9851855635643005,
        "Mixed": 0.0007716613472439349
    }
}
