{
    "Sentiment": "NEUTRAL",
    "SentimentScore": {
        "Positive": 0.0774412453174591,
        "Negative": 0.02800639718770981,
        "Neutral": 0.8791057467460632,
        "Mixed": 0.015446629375219345
    }
}
