{
    "Sentiment": "NEUTRAL",
    "SentimentScore": {
        "Positive": 0.2771579623222351,
        "Negative": 0.0037214045878499746,
        "Neutral": 0.715103805065155,
        "Mixed": 0.00401683896780014
    }
}
