{
    "Sentiment": "NEUTRAL",
    "SentimentScore": {
        "Positive": 0.007243492640554905,
        "Negative": 0.06767295300960541,
        "Neutral": 0.9224647879600525,
        "Mixed": 0.0026187386829406023
    }
}
