{
    "Sentiment": "NEUTRAL",
    "SentimentScore": {
        "Positive": 0.0037273564375936985,
        "Negative": 0.22572173178195953,
        "Neutral": 0.7540613412857056,
        "Mixed": 0.016489634290337563
    }
}
