{
    "Sentiment": "NEUTRAL",
    "SentimentScore": {
        "Positive": 0.0051118796691298485,
        "Negative": 0.0038446306716650724,
        "Neutral": 0.9898086786270142,
        "Mixed": 0.001234756549820304
    }
}
