{
    "Sentiment": "NEUTRAL",
    "SentimentScore": {
        "Positive": 0.12545832991600037,
        "Negative": 0.005496108438819647,
        "Neutral": 0.8668240904808044,
        "Mixed": 0.0022215053904801607
    }
}
