{
    "Sentiment": "NEUTRAL",
    "SentimentScore": {
        "Positive": 0.1438162922859192,
        "Negative": 0.006596410647034645,
        "Neutral": 0.8451038599014282,
        "Mixed": 0.00448340130969882
    }
}
