{
    "Sentiment": "NEUTRAL",
    "SentimentScore": {
        "Positive": 0.016981104388833046,
        "Negative": 0.2423202246427536,
        "Neutral": 0.6485722064971924,
        "Mixed": 0.09212643653154373
    }
}
