{
    "Sentiment": "NEUTRAL",
    "SentimentScore": {
        "Positive": 0.002558984560891986,
        "Negative": 0.005771668627858162,
        "Neutral": 0.9910364151000977,
        "Mixed": 0.0006328708259388804
    }
}
