{
    "Sentiment": "NEUTRAL",
    "SentimentScore": {
        "Positive": 0.0024035938549786806,
        "Negative": 0.2695424258708954,
        "Neutral": 0.7148478031158447,
        "Mixed": 0.013206139206886292
    }
}
