{
    "Sentiment": "NEUTRAL",
    "SentimentScore": {
        "Positive": 0.17427754402160645,
        "Negative": 0.004617343191057444,
        "Neutral": 0.8151887655258179,
        "Mixed": 0.005916289519518614
    }
}
