{
    "Sentiment": "NEUTRAL",
    "SentimentScore": {
        "Positive": 0.006022918503731489,
        "Negative": 0.0186116024851799,
        "Neutral": 0.9739577174186707,
        "Mixed": 0.001407763920724392
    }
}
