{
    "Sentiment": "NEUTRAL",
    "SentimentScore": {
        "Positive": 0.0028846950735896826,
        "Negative": 0.003387012518942356,
        "Neutral": 0.9933186769485474,
        "Mixed": 0.0004096308257430792
    }
}
