{
    "Sentiment": "NEUTRAL",
    "SentimentScore": {
        "Positive": 0.22429916262626648,
        "Negative": 0.010929322801530361,
        "Neutral": 0.7608237266540527,
        "Mixed": 0.003947803284972906
    }
}
