{
    "Sentiment": "NEUTRAL",
    "SentimentScore": {
        "Positive": 0.04350639134645462,
        "Negative": 0.11162678152322769,
        "Neutral": 0.829330563545227,
        "Mixed": 0.015536277554929256
    }
}
