{
    "Sentiment": "NEUTRAL",
    "SentimentScore": {
        "Positive": 0.04105061665177345,
        "Negative": 0.03425616770982742,
        "Neutral": 0.9219180345535278,
        "Mixed": 0.0027751203160732985
    }
}
