{
    "Sentiment": "NEUTRAL",
    "SentimentScore": {
        "Positive": 0.01590619422495365,
        "Negative": 0.019411595538258553,
        "Neutral": 0.9580051302909851,
        "Mixed": 0.006677106488496065
    }
}
