{
    "Sentiment": "NEUTRAL",
    "SentimentScore": {
        "Positive": 0.056703753769397736,
        "Negative": 0.051016759127378464,
        "Neutral": 0.8736383318901062,
        "Mixed": 0.01864120177924633
    }
}
