{
    "Sentiment": "NEUTRAL",
    "SentimentScore": {
        "Positive": 0.004976903088390827,
        "Negative": 0.002101757563650608,
        "Neutral": 0.9925923347473145,
        "Mixed": 0.00032907570130191743
    }
}
