{
    "Sentiment": "NEUTRAL",
    "SentimentScore": {
        "Positive": 0.0042749978601932526,
        "Negative": 0.14545859396457672,
        "Neutral": 0.8445467352867126,
        "Mixed": 0.0057196845300495625
    }
}
