{
    "Sentiment": "NEGATIVE",
    "SentimentScore": {
        "Positive": 0.010824101977050304,
        "Negative": 0.6897016167640686,
        "Neutral": 0.2860299348831177,
        "Mixed": 0.013444313779473305
    }
}
