{
    "Sentiment": "NEUTRAL",
    "SentimentScore": {
        "Positive": 0.052348192781209946,
        "Negative": 0.08822496980428696,
        "Neutral": 0.8394510746002197,
        "Mixed": 0.019975753501057625
    }
}
