{
    "Sentiment": "NEUTRAL",
    "SentimentScore": {
        "Positive": 0.008847556076943874,
        "Negative": 0.004772029351443052,
        "Neutral": 0.9857877492904663,
        "Mixed": 0.0005926068988628685
    }
}
