{
    "Sentiment": "NEUTRAL",
    "SentimentScore": {
        "Positive": 0.02355407550930977,
        "Negative": 0.07354039698839188,
        "Neutral": 0.8989818096160889,
        "Mixed": 0.003923702519387007
    }
}
