{
    "Sentiment": "NEUTRAL",
    "SentimentScore": {
        "Positive": 0.011524071916937828,
        "Negative": 0.0013691387139260769,
        "Neutral": 0.9862463474273682,
        "Mixed": 0.0008604535250924528
    }
}
