{
    "Sentiment": "NEGATIVE",
    "SentimentScore": {
        "Positive": 0.024468330666422844,
        "Negative": 0.5102284550666809,
        "Neutral": 0.4363420903682709,
        "Mixed": 0.028961099684238434
    }
}
