{
    "Sentiment": "NEUTRAL",
    "SentimentScore": {
        "Positive": 0.00865976233035326,
        "Negative": 0.26512300968170166,
        "Neutral": 0.7094817757606506,
        "Mixed": 0.016735482960939407
    }
}
