{
    "Sentiment": "NEUTRAL",
    "SentimentScore": {
        "Positive": 0.010865484364330769,
        "Negative": 0.04303695261478424,
        "Neutral": 0.9433257579803467,
        "Mixed": 0.002771843923255801
    }
}
