{
    "Sentiment": "NEUTRAL",
    "SentimentScore": {
        "Positive": 0.0290767103433609,
        "Negative": 0.008001107722520828,
        "Neutral": 0.9603087306022644,
        "Mixed": 0.0026134608779102564
    }
}
