{
    "Sentiment": "NEUTRAL",
    "SentimentScore": {
        "Positive": 0.038193464279174805,
        "Negative": 0.007247800938785076,
        "Neutral": 0.952035665512085,
        "Mixed": 0.002523064147680998
    }
}
