{
    "Sentiment": "NEUTRAL",
    "SentimentScore": {
        "Positive": 0.00521794892847538,
        "Negative": 0.1075601801276207,
        "Neutral": 0.8817949295043945,
        "Mixed": 0.005426900461316109
    }
}
