{
    "Sentiment": "NEUTRAL",
    "SentimentScore": {
        "Positive": 0.40772902965545654,
        "Negative": 0.0036260555498301983,
        "Neutral": 0.5851739048957825,
        "Mixed": 0.003471058327704668
    }
}
