{
    "Sentiment": "NEUTRAL",
    "SentimentScore": {
        "Positive": 0.027205247431993484,
        "Negative": 0.009900074452161789,
        "Neutral": 0.9580174684524536,
        "Mixed": 0.0048772250302135944
    }
}
