{
    "Sentiment": "NEUTRAL",
    "SentimentScore": {
        "Positive": 0.043858326971530914,
        "Negative": 0.03535132855176926,
        "Neutral": 0.8969862461090088,
        "Mixed": 0.02380411885678768
    }
}
