{
    "Sentiment": "POSITIVE",
    "SentimentScore": {
        "Positive": 0.7650703191757202,
        "Negative": 0.0005599992000497878,
        "Neutral": 0.23115432262420654,
        "Mixed": 0.0032154081854969263
    }
}
