{
    "Sentiment": "NEUTRAL",
    "SentimentScore": {
        "Positive": 0.004229329992085695,
        "Negative": 0.38320061564445496,
        "Neutral": 0.5942396521568298,
        "Mixed": 0.018330402672290802
    }
}
