{
    "Sentiment": "NEGATIVE",
    "SentimentScore": {
        "Positive": 0.01022281963378191,
        "Negative": 0.5223698616027832,
        "Neutral": 0.4311252534389496,
        "Mixed": 0.036282017827034
    }
}
