{
    "Sentiment": "NEUTRAL",
    "SentimentScore": {
        "Positive": 0.1858082413673401,
        "Negative": 0.009927011094987392,
        "Neutral": 0.8013802170753479,
        "Mixed": 0.0028844596818089485
    }
}
