{
    "Sentiment": "NEUTRAL",
    "SentimentScore": {
        "Positive": 0.22492732107639313,
        "Negative": 0.31140655279159546,
        "Neutral": 0.4523429274559021,
        "Mixed": 0.01132319588214159
    }
}
