{
    "Sentiment": "POSITIVE",
    "SentimentScore": {
        "Positive": 0.9426672458648682,
        "Negative": 0.003553711110725999,
        "Neutral": 0.032297056168317795,
        "Mixed": 0.021481994539499283
    }
}
