{
    "Sentiment": "NEUTRAL",
    "SentimentScore": {
        "Positive": 0.0070732878521084785,
        "Negative": 0.23242177069187164,
        "Neutral": 0.7471612095832825,
        "Mixed": 0.013343813829123974
    }
}
