{
    "Sentiment": "NEUTRAL",
    "SentimentScore": {
        "Positive": 0.026097776368260384,
        "Negative": 0.040433064103126526,
        "Neutral": 0.9240657687187195,
        "Mixed": 0.009403351694345474
    }
}
