{
    "Sentiment": "NEUTRAL",
    "SentimentScore": {
        "Positive": 0.009366652928292751,
        "Negative": 0.012025127187371254,
        "Neutral": 0.9778728485107422,
        "Mixed": 0.0007352849352173507
    }
}
