{
    "Sentiment": "NEUTRAL",
    "SentimentScore": {
        "Positive": 0.0409611351788044,
        "Negative": 0.0023875164333730936,
        "Neutral": 0.9557828903198242,
        "Mixed": 0.0008683843770995736
    }
}
