{
    "Sentiment": "NEUTRAL",
    "SentimentScore": {
        "Positive": 0.007255643606185913,
        "Negative": 0.0463067851960659,
        "Neutral": 0.9429585933685303,
        "Mixed": 0.003478995757177472
    }
}
