{
    "Sentiment": "NEUTRAL",
    "SentimentScore": {
        "Positive": 0.008693302981555462,
        "Negative": 0.019703667610883713,
        "Neutral": 0.9692893624305725,
        "Mixed": 0.002313704928383231
    }
}
