{
    "Sentiment": "NEUTRAL",
    "SentimentScore": {
        "Positive": 0.0106519665569067,
        "Negative": 0.038458388298749924,
        "Neutral": 0.9441161751747131,
        "Mixed": 0.006773414555937052
    }
}
