{
    "Sentiment": "NEUTRAL",
    "SentimentScore": {
        "Positive": 0.00905737653374672,
        "Negative": 0.0018902269657701254,
        "Neutral": 0.988618016242981,
        "Mixed": 0.00043445127084851265
    }
}
