{
    "Sentiment": "NEUTRAL",
    "SentimentScore": {
        "Positive": 0.006156309507787228,
        "Negative": 0.023081345483660698,
        "Neutral": 0.9638954997062683,
        "Mixed": 0.006866831332445145
    }
}
