{
    "Sentiment": "NEGATIVE",
    "SentimentScore": {
        "Positive": 0.00998635683208704,
        "Negative": 0.5111700892448425,
        "Neutral": 0.4642481207847595,
        "Mixed": 0.014595525339245796
    }
}
