{
    "Sentiment": "NEUTRAL",
    "SentimentScore": {
        "Positive": 0.0019843841437250376,
        "Negative": 0.04011208191514015,
        "Neutral": 0.9566858410835266,
        "Mixed": 0.0012176218442618847
    }
}
