{
    "Sentiment": "NEUTRAL",
    "SentimentScore": {
        "Positive": 0.2736862301826477,
        "Negative": 0.12860964238643646,
        "Neutral": 0.5719547867774963,
        "Mixed": 0.02574933134019375
    }
}
