{
    "Sentiment": "NEUTRAL",
    "SentimentScore": {
        "Positive": 0.019513875246047974,
        "Negative": 0.030152568593621254,
        "Neutral": 0.9459923505783081,
        "Mixed": 0.00434126565232873
    }
}
