{
    "Sentiment": "NEUTRAL",
    "SentimentScore": {
        "Positive": 0.0071111503057181835,
        "Negative": 0.04316030442714691,
        "Neutral": 0.9434887170791626,
        "Mixed": 0.006239835638552904
    }
}
