{
    "Sentiment": "NEUTRAL",
    "SentimentScore": {
        "Positive": 0.01466444879770279,
        "Negative": 0.0013927618274465203,
        "Neutral": 0.9833797812461853,
        "Mixed": 0.0005630793748423457
    }
}
