{
    "Sentiment": "NEUTRAL",
    "SentimentScore": {
        "Positive": 0.0018107921350747347,
        "Negative": 0.007575162686407566,
        "Neutral": 0.9898728132247925,
        "Mixed": 0.0007411948754452169
    }
}
