{
    "Sentiment": "NEUTRAL",
    "SentimentScore": {
        "Positive": 0.0034518404863774776,
        "Negative": 0.0034849438816308975,
        "Neutral": 0.9926862716674805,
        "Mixed": 0.0003768950991798192
    }
}
