{
    "Sentiment": "NEUTRAL",
    "SentimentScore": {
        "Positive": 0.45454150438308716,
        "Negative": 0.02453356795012951,
        "Neutral": 0.4944789409637451,
        "Mixed": 0.026445990428328514
    }
}
