{
    "Sentiment": "NEUTRAL",
    "SentimentScore": {
        "Positive": 0.007941755466163158,
        "Negative": 0.003792080096900463,
        "Neutral": 0.987191915512085,
        "Mixed": 0.0010742300655692816
    }
}
