{
    "Sentiment": "NEUTRAL",
    "SentimentScore": {
        "Positive": 0.013262574560940266,
        "Negative": 0.015086092054843903,
        "Neutral": 0.969763994216919,
        "Mixed": 0.0018874085508286953
    }
}
