{
    "Sentiment": "NEUTRAL",
    "SentimentScore": {
        "Positive": 0.013226574286818504,
        "Negative": 0.014197353273630142,
        "Neutral": 0.9672594666481018,
        "Mixed": 0.005316637456417084
    }
}
