{
    "Sentiment": "NEUTRAL",
    "SentimentScore": {
        "Positive": 0.006798106245696545,
        "Negative": 0.1301635503768921,
        "Neutral": 0.8487590551376343,
        "Mixed": 0.014279322698712349
    }
}
