{
    "Sentiment": "NEUTRAL",
    "SentimentScore": {
        "Positive": 0.09132818132638931,
        "Negative": 0.009794443845748901,
        "Neutral": 0.8924486041069031,
        "Mixed": 0.006428868975490332
    }
}
