{
    "Sentiment": "NEUTRAL",
    "SentimentScore": {
        "Positive": 0.0036018730606883764,
        "Negative": 0.3708652853965759,
        "Neutral": 0.613586962223053,
        "Mixed": 0.011945883743464947
    }
}
