{
    "Sentiment": "NEUTRAL",
    "SentimentScore": {
        "Positive": 0.0024921393487602472,
        "Negative": 0.009198278188705444,
        "Neutral": 0.9873161315917969,
        "Mixed": 0.0009934662375599146
    }
}
