{
    "Sentiment": "NEUTRAL",
    "SentimentScore": {
        "Positive": 0.004889427684247494,
        "Negative": 0.015944676473736763,
        "Neutral": 0.9779280424118042,
        "Mixed": 0.0012378665851429105
    }
}
