{
    "Sentiment": "NEUTRAL",
    "SentimentScore": {
        "Positive": 0.06264188885688782,
        "Negative": 0.01889229379594326,
        "Neutral": 0.913579523563385,
        "Mixed": 0.004886188078671694
    }
}
