{
    "Sentiment": "NEUTRAL",
    "SentimentScore": {
        "Positive": 0.004547319374978542,
        "Negative": 0.0033839987590909004,
        "Neutral": 0.9916121959686279,
        "Mixed": 0.00045644701458513737
    }
}
