{
    "Sentiment": "NEUTRAL",
    "SentimentScore": {
        "Positive": 0.00968956295400858,
        "Negative": 0.2228754609823227,
        "Neutral": 0.7484900951385498,
        "Mixed": 0.018944846466183662
    }
}
