{
    "Sentiment": "NEUTRAL",
    "SentimentScore": {
        "Positive": 0.081938736140728,
        "Negative": 0.03142542764544487,
        "Neutral": 0.8822259306907654,
        "Mixed": 0.004409936722368002
    }
}
