{
    "Sentiment": "NEUTRAL",
    "SentimentScore": {
        "Positive": 0.042437199503183365,
        "Negative": 0.09810236841440201,
        "Neutral": 0.8506129384040833,
        "Mixed": 0.008847517892718315
    }
}
