{
    "Sentiment": "NEUTRAL",
    "SentimentScore": {
        "Positive": 0.027908246964216232,
        "Negative": 0.029655035585165024,
        "Neutral": 0.9385939240455627,
        "Mixed": 0.003842830192297697
    }
}
