{
    "Sentiment": "NEUTRAL",
    "SentimentScore": {
        "Positive": 0.009037472307682037,
        "Negative": 0.0009396484820172191,
        "Neutral": 0.9896685481071472,
        "Mixed": 0.00035422871587798
    }
}
