{
    "Sentiment": "NEUTRAL",
    "SentimentScore": {
        "Positive": 0.0038992210756987333,
        "Negative": 0.037507493048906326,
        "Neutral": 0.9550473690032959,
        "Mixed": 0.0035459143109619617
    }
}
