{
    "Sentiment": "NEUTRAL",
    "SentimentScore": {
        "Positive": 0.011614290997385979,
        "Negative": 0.07778174430131912,
        "Neutral": 0.9009698033332825,
        "Mixed": 0.009634128771722317
    }
}
