{
    "Sentiment": "NEUTRAL",
    "SentimentScore": {
        "Positive": 0.01780480518937111,
        "Negative": 0.1494617909193039,
        "Neutral": 0.8061960935592651,
        "Mixed": 0.02653728611767292
    }
}
