{
    "Sentiment": "NEUTRAL",
    "SentimentScore": {
        "Positive": 0.011852235533297062,
        "Negative": 0.00598977180197835,
        "Neutral": 0.9814133644104004,
        "Mixed": 0.0007446120725944638
    }
}
