{
    "Sentiment": "NEUTRAL",
    "SentimentScore": {
        "Positive": 0.008342493325471878,
        "Negative": 0.002153097651898861,
        "Neutral": 0.9878106117248535,
        "Mixed": 0.0016938395565375686
    }
}
