{
    "Sentiment": "NEUTRAL",
    "SentimentScore": {
        "Positive": 0.027519190683960915,
        "Negative": 0.01769600436091423,
        "Neutral": 0.9528878331184387,
        "Mixed": 0.0018970317905768752
    }
}
