{
    "Sentiment": "NEUTRAL",
    "SentimentScore": {
        "Positive": 0.0047958362847566605,
        "Negative": 0.0015746377175673842,
        "Neutral": 0.9930638670921326,
        "Mixed": 0.0005656119319610298
    }
}
