{
    "Sentiment": "NEUTRAL",
    "SentimentScore": {
        "Positive": 0.21701979637145996,
        "Negative": 0.005392435006797314,
        "Neutral": 0.7744458317756653,
        "Mixed": 0.0031419345177710056
    }
}
