{
    "Sentiment": "NEUTRAL",
    "SentimentScore": {
        "Positive": 0.015673523768782616,
        "Negative": 0.008798143826425076,
        "Neutral": 0.973652720451355,
        "Mixed": 0.0018756184726953506
    }
}
