{
    "Sentiment": "NEUTRAL",
    "SentimentScore": {
        "Positive": 0.026563923805952072,
        "Negative": 0.022527411580085754,
        "Neutral": 0.9468324780464172,
        "Mixed": 0.004076176322996616
    }
}
