{
    "Sentiment": "NEUTRAL",
    "SentimentScore": {
        "Positive": 0.005408631172031164,
        "Negative": 0.21511514484882355,
        "Neutral": 0.7633877396583557,
        "Mixed": 0.01608848012983799
    }
}
