{
    "Sentiment": "NEUTRAL",
    "SentimentScore": {
        "Positive": 0.001598963513970375,
        "Negative": 0.00482177035883069,
        "Neutral": 0.9932268261909485,
        "Mixed": 0.00035249735810793936
    }
}
