{
    "Sentiment": "NEUTRAL",
    "SentimentScore": {
        "Positive": 0.003641810268163681,
        "Negative": 0.04245620593428612,
        "Neutral": 0.9512197375297546,
        "Mixed": 0.0026821838691830635
    }
}
