{
    "Sentiment": "NEUTRAL",
    "SentimentScore": {
        "Positive": 0.014062188565731049,
        "Negative": 0.11604100465774536,
        "Neutral": 0.8594617247581482,
        "Mixed": 0.010435033589601517
    }
}
