{
    "Sentiment": "NEUTRAL",
    "SentimentScore": {
        "Positive": 0.005303095560520887,
        "Negative": 0.004920551553368568,
        "Neutral": 0.98899906873703,
        "Mixed": 0.0007772768731229007
    }
}
