{
    "Sentiment": "NEUTRAL",
    "SentimentScore": {
        "Positive": 0.004875205922871828,
        "Negative": 0.0023311267141252756,
        "Neutral": 0.9923345446586609,
        "Mixed": 0.00045907884486950934
    }
}
