{
    "Sentiment": "NEUTRAL",
    "SentimentScore": {
        "Positive": 0.006838066503405571,
        "Negative": 0.03309960663318634,
        "Neutral": 0.956520140171051,
        "Mixed": 0.0035422327928245068
    }
}
