{
    "Sentiment": "NEUTRAL",
    "SentimentScore": {
        "Positive": 0.19030195474624634,
        "Negative": 0.07137929648160934,
        "Neutral": 0.6879067420959473,
        "Mixed": 0.05041201040148735
    }
}
