{
    "Sentiment": "NEUTRAL",
    "SentimentScore": {
        "Positive": 0.05331513658165932,
        "Negative": 0.060302238911390305,
        "Neutral": 0.8753906488418579,
        "Mixed": 0.010991859249770641
    }
}
