{
    "Sentiment": "NEUTRAL",
    "SentimentScore": {
        "Positive": 0.024535099044442177,
        "Negative": 0.08441438525915146,
        "Neutral": 0.8745124936103821,
        "Mixed": 0.01653801091015339
    }
}
