{
    "Sentiment": "NEUTRAL",
    "SentimentScore": {
        "Positive": 0.02087417058646679,
        "Negative": 0.08824997395277023,
        "Neutral": 0.8757010102272034,
        "Mixed": 0.015174830332398415
    }
}
