{
    "Sentiment": "NEUTRAL",
    "SentimentScore": {
        "Positive": 0.00466163782402873,
        "Negative": 0.007895484566688538,
        "Neutral": 0.986594557762146,
        "Mixed": 0.000848348019644618
    }
}
