{
    "Sentiment": "NEUTRAL",
    "SentimentScore": {
        "Positive": 0.01569807343184948,
        "Negative": 0.013128403574228287,
        "Neutral": 0.9674828052520752,
        "Mixed": 0.0036908250767737627
    }
}
