{
    "Sentiment": "NEUTRAL",
    "SentimentScore": {
        "Positive": 0.006694259587675333,
        "Negative": 0.0020083573181182146,
        "Neutral": 0.9905134439468384,
        "Mixed": 0.000783936120569706
    }
}
