{
    "Sentiment": "NEUTRAL",
    "SentimentScore": {
        "Positive": 0.003120118984952569,
        "Negative": 0.07252391427755356,
        "Neutral": 0.91981440782547,
        "Mixed": 0.0045415605418384075
    }
}
