{
    "Sentiment": "NEUTRAL",
    "SentimentScore": {
        "Positive": 0.010634941048920155,
        "Negative": 0.046464141458272934,
        "Neutral": 0.9313398599624634,
        "Mixed": 0.011561124585568905
    }
}
