{
    "Sentiment": "NEUTRAL",
    "SentimentScore": {
        "Positive": 0.021488483995199203,
        "Negative": 0.004865406546741724,
        "Neutral": 0.971606969833374,
        "Mixed": 0.002039056271314621
    }
}
