{
    "Sentiment": "NEUTRAL",
    "SentimentScore": {
        "Positive": 0.07086077332496643,
        "Negative": 0.03564728796482086,
        "Neutral": 0.882510781288147,
        "Mixed": 0.010981273837387562
    }
}
