{
    "Sentiment": "NEUTRAL",
    "SentimentScore": {
        "Positive": 0.027713164687156677,
        "Negative": 0.10255485773086548,
        "Neutral": 0.8423904180526733,
        "Mixed": 0.027341552078723907
    }
}
