{
    "Sentiment": "NEUTRAL",
    "SentimentScore": {
        "Positive": 0.029228998348116875,
        "Negative": 0.0011417767964303493,
        "Neutral": 0.9685954451560974,
        "Mixed": 0.0010337310377508402
    }
}
