{
    "Sentiment": "NEUTRAL",
    "SentimentScore": {
        "Positive": 0.00760736595839262,
        "Negative": 0.05641219764947891,
        "Neutral": 0.9309493899345398,
        "Mixed": 0.00503105903044343
    }
}
