{
    "Sentiment": "POSITIVE",
    "SentimentScore": {
        "Positive": 0.7840998768806458,
        "Negative": 0.0010540218790993094,
        "Neutral": 0.20904727280139923,
        "Mixed": 0.005798774305731058
    }
}
