{
    "Sentiment": "NEUTRAL",
    "SentimentScore": {
        "Positive": 0.011384351179003716,
        "Negative": 0.01394195482134819,
        "Neutral": 0.9728580713272095,
        "Mixed": 0.001815617666579783
    }
}
