{
    "Sentiment": "NEUTRAL",
    "SentimentScore": {
        "Positive": 0.010324460454285145,
        "Negative": 0.06393332779407501,
        "Neutral": 0.919836699962616,
        "Mixed": 0.005905527155846357
    }
}
