{
    "Sentiment": "NEUTRAL",
    "SentimentScore": {
        "Positive": 0.005209148861467838,
        "Negative": 0.001839508768171072,
        "Neutral": 0.9925791621208191,
        "Mixed": 0.0003722389810718596
    }
}
