{
    "Sentiment": "NEUTRAL",
    "SentimentScore": {
        "Positive": 0.0028356004040688276,
        "Negative": 0.08201047778129578,
        "Neutral": 0.9129709601402283,
        "Mixed": 0.0021829758770763874
    }
}
