{
    "Sentiment": "NEUTRAL",
    "SentimentScore": {
        "Positive": 0.0020226084161549807,
        "Negative": 0.0006243675015866756,
        "Neutral": 0.9971838593482971,
        "Mixed": 0.0001691078650765121
    }
}
