{
    "Sentiment": "NEUTRAL",
    "SentimentScore": {
        "Positive": 0.01845434494316578,
        "Negative": 0.10665392130613327,
        "Neutral": 0.8604961633682251,
        "Mixed": 0.014395557343959808
    }
}
