{
    "Sentiment": "NEUTRAL",
    "SentimentScore": {
        "Positive": 0.006722952704876661,
        "Negative": 0.015473050996661186,
        "Neutral": 0.9759047627449036,
        "Mixed": 0.001899229595437646
    }
}
