{
    "Sentiment": "NEUTRAL",
    "SentimentScore": {
        "Positive": 0.0029921182431280613,
        "Negative": 0.00962034147232771,
        "Neutral": 0.9867401719093323,
        "Mixed": 0.0006473134271800518
    }
}
