{
    "Sentiment": "NEUTRAL",
    "SentimentScore": {
        "Positive": 0.005186762195080519,
        "Negative": 0.0018205043161287904,
        "Neutral": 0.9925441741943359,
        "Mixed": 0.00044860446359962225
    }
}
