{
    "Sentiment": "NEUTRAL",
    "SentimentScore": {
        "Positive": 0.00372187583707273,
        "Negative": 0.024900225922465324,
        "Neutral": 0.9694240093231201,
        "Mixed": 0.001953929429873824
    }
}
