{
    "Sentiment": "NEUTRAL",
    "SentimentScore": {
        "Positive": 0.050986479967832565,
        "Negative": 0.0027549653314054012,
        "Neutral": 0.9445035457611084,
        "Mixed": 0.0017549676122143865
    }
}
