{
    "Sentiment": "NEUTRAL",
    "SentimentScore": {
        "Positive": 0.002016887068748474,
        "Negative": 0.0016401336761191487,
        "Neutral": 0.9961361289024353,
        "Mixed": 0.00020683315233327448
    }
}
