{
    "Sentiment": "NEUTRAL",
    "SentimentScore": {
        "Positive": 0.010358472354710102,
        "Negative": 0.05193799361586571,
        "Neutral": 0.9245865345001221,
        "Mixed": 0.013116933405399323
    }
}
