{
    "Sentiment": "NEUTRAL",
    "SentimentScore": {
        "Positive": 0.005712743382900953,
        "Negative": 0.014776790514588356,
        "Neutral": 0.9761368632316589,
        "Mixed": 0.003373599611222744
    }
}
