{
    "Sentiment": "NEUTRAL",
    "SentimentScore": {
        "Positive": 0.02437765710055828,
        "Negative": 0.028271323069930077,
        "Neutral": 0.9411110877990723,
        "Mixed": 0.00623992970213294
    }
}
