{
    "Sentiment": "NEUTRAL",
    "SentimentScore": {
        "Positive": 0.04258784279227257,
        "Negative": 0.0891922190785408,
        "Neutral": 0.7615552544593811,
        "Mixed": 0.10666467249393463
    }
}
