{
    "Sentiment": "NEUTRAL",
    "SentimentScore": {
        "Positive": 0.0038655863609164953,
        "Negative": 0.06145491823554039,
        "Neutral": 0.9311143159866333,
        "Mixed": 0.0035651905927807093
    }
}
