{
    "Sentiment": "NEUTRAL",
    "SentimentScore": {
        "Positive": 0.0031010021921247244,
        "Negative": 0.0018442162545397878,
        "Neutral": 0.9947971701622009,
        "Mixed": 0.0002576392435003072
    }
}
