{
    "Sentiment": "NEUTRAL",
    "SentimentScore": {
        "Positive": 0.013809422962367535,
        "Negative": 0.008218234404921532,
        "Neutral": 0.9770305156707764,
        "Mixed": 0.0009417769033461809
    }
}
