{
    "Sentiment": "NEUTRAL",
    "SentimentScore": {
        "Positive": 0.0034052166156470776,
        "Negative": 0.029050379991531372,
        "Neutral": 0.9651671051979065,
        "Mixed": 0.002377342199906707
    }
}
