{
    "Sentiment": "NEUTRAL",
    "SentimentScore": {
        "Positive": 0.03283078595995903,
        "Negative": 0.006107240449637175,
        "Neutral": 0.9574725031852722,
        "Mixed": 0.003589443163946271
    }
}
