{
    "Sentiment": "NEUTRAL",
    "SentimentScore": {
        "Positive": 0.03436726704239845,
        "Negative": 0.015077546238899231,
        "Neutral": 0.9453955292701721,
        "Mixed": 0.005159671418368816
    }
}
