{
    "Sentiment": "NEUTRAL",
    "SentimentScore": {
        "Positive": 0.002390662208199501,
        "Negative": 0.1946854591369629,
        "Neutral": 0.7949958443641663,
        "Mixed": 0.007927925325930119
    }
}
