{
    "Sentiment": "POSITIVE",
    "SentimentScore": {
        "Positive": 0.7700040936470032,
        "Negative": 0.0013349379878491163,
        "Neutral": 0.22572079300880432,
        "Mixed": 0.002940154867246747
    }
}
