{
    "Sentiment": "NEUTRAL",
    "SentimentScore": {
        "Positive": 0.0053520421497523785,
        "Negative": 0.006710945628583431,
        "Neutral": 0.9864329695701599,
        "Mixed": 0.0015040852595120668
    }
}
