{
    "Sentiment": "NEUTRAL",
    "SentimentScore": {
        "Positive": 0.12043610215187073,
        "Negative": 0.013986441306769848,
        "Neutral": 0.8508619666099548,
        "Mixed": 0.014715421013534069
    }
}
