{
    "Sentiment": "NEUTRAL",
    "SentimentScore": {
        "Positive": 0.02786983735859394,
        "Negative": 0.13184750080108643,
        "Neutral": 0.8243963718414307,
        "Mixed": 0.01588631421327591
    }
}
