{
    "Sentiment": "NEUTRAL",
    "SentimentScore": {
        "Positive": 0.002355663338676095,
        "Negative": 0.0028768288902938366,
        "Neutral": 0.9943444728851318,
        "Mixed": 0.0004230110498610884
    }
}
