{
    "Sentiment": "NEUTRAL",
    "SentimentScore": {
        "Positive": 0.011884147301316261,
        "Negative": 0.026008935645222664,
        "Neutral": 0.9573016166687012,
        "Mixed": 0.004805308301001787
    }
}
