{
    "Sentiment": "NEUTRAL",
    "SentimentScore": {
        "Positive": 0.00883187260478735,
        "Negative": 0.014391589909791946,
        "Neutral": 0.9743527173995972,
        "Mixed": 0.002423857105895877
    }
}
