{
    "Sentiment": "NEUTRAL",
    "SentimentScore": {
        "Positive": 0.002240448957309127,
        "Negative": 0.006434668321162462,
        "Neutral": 0.9908646941184998,
        "Mixed": 0.00046024343464523554
    }
}
