{
    "Sentiment": "NEUTRAL",
    "SentimentScore": {
        "Positive": 0.005066662095487118,
        "Negative": 0.005239785648882389,
        "Neutral": 0.9885703921318054,
        "Mixed": 0.0011231391690671444
    }
}
