{
    "Sentiment": "NEUTRAL",
    "SentimentScore": {
        "Positive": 0.004110550042241812,
        "Negative": 0.001685395953245461,
        "Neutral": 0.9937775135040283,
        "Mixed": 0.0004266573814675212
    }
}
