{
    "Sentiment": "NEUTRAL",
    "SentimentScore": {
        "Positive": 0.12868158519268036,
        "Negative": 0.006258077919483185,
        "Neutral": 0.8536673188209534,
        "Mixed": 0.011392991989850998
    }
}
