{
    "Sentiment": "NEUTRAL",
    "SentimentScore": {
        "Positive": 0.009351599030196667,
        "Negative": 0.00815445464104414,
        "Neutral": 0.9815105199813843,
        "Mixed": 0.0009834729135036469
    }
}
