{
    "Sentiment": "POSITIVE",
    "SentimentScore": {
        "Positive": 0.8565513491630554,
        "Negative": 0.0025061380583792925,
        "Neutral": 0.12169162184000015,
        "Mixed": 0.019250893965363503
    }
}
