{
    "Sentiment": "NEUTRAL",
    "SentimentScore": {
        "Positive": 0.012739872559905052,
        "Negative": 0.2897781431674957,
        "Neutral": 0.6872013807296753,
        "Mixed": 0.010280551388859749
    }
}
