{
    "Sentiment": "POSITIVE",
    "SentimentScore": {
        "Positive": 0.6692080497741699,
        "Negative": 0.027822813019156456,
        "Neutral": 0.2901814579963684,
        "Mixed": 0.012787701562047005
    }
}
