{
    "Sentiment": "POSITIVE",
    "SentimentScore": {
        "Positive": 0.8012020587921143,
        "Negative": 0.0021463034208863974,
        "Neutral": 0.18742147088050842,
        "Mixed": 0.009230176918208599
    }
}
