{
    "Sentiment": "NEUTRAL",
    "SentimentScore": {
        "Positive": 0.0057402015663683414,
        "Negative": 0.011699171736836433,
        "Neutral": 0.9810606241226196,
        "Mixed": 0.0015000380808487535
    }
}
