{
    "Sentiment": "NEUTRAL",
    "SentimentScore": {
        "Positive": 0.20454391837120056,
        "Negative": 0.22957535088062286,
        "Neutral": 0.34847572445869446,
        "Mixed": 0.21740500628948212
    }
}
