{
    "Sentiment": "NEUTRAL",
    "SentimentScore": {
        "Positive": 0.010364827699959278,
        "Negative": 0.1416178196668625,
        "Neutral": 0.8410701155662537,
        "Mixed": 0.006947234272956848
    }
}
