{
    "Sentiment": "NEUTRAL",
    "SentimentScore": {
        "Positive": 0.014821522869169712,
        "Negative": 0.0029599557165056467,
        "Neutral": 0.9807478189468384,
        "Mixed": 0.0014707198133692145
    }
}
