{
    "Sentiment": "NEUTRAL",
    "SentimentScore": {
        "Positive": 0.0097113735973835,
        "Negative": 0.012756111100316048,
        "Neutral": 0.9741883277893066,
        "Mixed": 0.003344132099300623
    }
}
