{
    "Sentiment": "NEUTRAL",
    "SentimentScore": {
        "Positive": 0.34338119626045227,
        "Negative": 0.23072756826877594,
        "Neutral": 0.386173278093338,
        "Mixed": 0.03971799463033676
    }
}
