{
    "Sentiment": "NEUTRAL",
    "SentimentScore": {
        "Positive": 0.006907150149345398,
        "Negative": 0.10389231890439987,
        "Neutral": 0.8749662041664124,
        "Mixed": 0.01423435378819704
    }
}
