{
    "Sentiment": "NEUTRAL",
    "SentimentScore": {
        "Positive": 0.013654449954628944,
        "Negative": 0.0099073750898242,
        "Neutral": 0.9755218625068665,
        "Mixed": 0.0009163895156234503
    }
}
