{
    "Sentiment": "NEUTRAL",
    "SentimentScore": {
        "Positive": 0.03842608258128166,
        "Negative": 0.009556458331644535,
        "Neutral": 0.9486218690872192,
        "Mixed": 0.0033956081606447697
    }
}
