{
    "Sentiment": "NEUTRAL",
    "SentimentScore": {
        "Positive": 0.024476487189531326,
        "Negative": 0.011622128076851368,
        "Neutral": 0.9602285027503967,
        "Mixed": 0.00367294205352664
    }
}
