{
    "Sentiment": "NEUTRAL",
    "SentimentScore": {
        "Positive": 0.12969788908958435,
        "Negative": 0.006055876147001982,
        "Neutral": 0.857744038105011,
        "Mixed": 0.0065021454356610775
    }
}
