{
    "Sentiment": "NEUTRAL",
    "SentimentScore": {
        "Positive": 0.010353469289839268,
        "Negative": 0.0028661778196692467,
        "Neutral": 0.9861417412757874,
        "Mixed": 0.0006385741871781647
    }
}
