{
    "Sentiment": "NEUTRAL",
    "SentimentScore": {
        "Positive": 0.002821129048243165,
        "Negative": 0.008397283963859081,
        "Neutral": 0.9875636100769043,
        "Mixed": 0.00121798284817487
    }
}
