{
    "Sentiment": "POSITIVE",
    "SentimentScore": {
        "Positive": 0.7070654034614563,
        "Negative": 0.0038217087276279926,
        "Neutral": 0.26895567774772644,
        "Mixed": 0.020157162100076675
    }
}
