{
    "Sentiment": "NEUTRAL",
    "SentimentScore": {
        "Positive": 0.011290417052805424,
        "Negative": 0.3955517113208771,
        "Neutral": 0.584354043006897,
        "Mixed": 0.008803842589259148
    }
}
