{
    "Sentiment": "NEUTRAL",
    "SentimentScore": {
        "Positive": 0.07526525855064392,
        "Negative": 0.016389857977628708,
        "Neutral": 0.9054413437843323,
        "Mixed": 0.0029035236220806837
    }
}
