{
    "Sentiment": "POSITIVE",
    "SentimentScore": {
        "Positive": 0.533771276473999,
        "Negative": 0.0013936038594692945,
        "Neutral": 0.46177780628204346,
        "Mixed": 0.003057237947359681
    }
}
