{
    "Sentiment": "NEUTRAL",
    "SentimentScore": {
        "Positive": 0.10414779931306839,
        "Negative": 0.00955282710492611,
        "Neutral": 0.8740355968475342,
        "Mixed": 0.012263884767889977
    }
}
