{
    "Sentiment": "NEUTRAL",
    "SentimentScore": {
        "Positive": 0.12570782005786896,
        "Negative": 0.002297302708029747,
        "Neutral": 0.8697706460952759,
        "Mixed": 0.0022242492996156216
    }
}
