{
    "Sentiment": "NEUTRAL",
    "SentimentScore": {
        "Positive": 0.003916034009307623,
        "Negative": 0.0076113007962703705,
        "Neutral": 0.9867233633995056,
        "Mixed": 0.0017493391642346978
    }
}
