{
    "Sentiment": "NEUTRAL",
    "SentimentScore": {
        "Positive": 0.03385580703616142,
        "Negative": 0.12928937375545502,
        "Neutral": 0.8044764995574951,
        "Mixed": 0.03237833455204964
    }
}
