{
    "Sentiment": "NEUTRAL",
    "SentimentScore": {
        "Positive": 0.010245331563055515,
        "Negative": 0.02469203993678093,
        "Neutral": 0.9593400955200195,
        "Mixed": 0.005722589325159788
    }
}
