{
    "Sentiment": "NEUTRAL",
    "SentimentScore": {
        "Positive": 0.0035538284573704004,
        "Negative": 0.006423903163522482,
        "Neutral": 0.9889135956764221,
        "Mixed": 0.0011086439481005073
    }
}
