{
    "Sentiment": "NEUTRAL",
    "SentimentScore": {
        "Positive": 0.0021241256035864353,
        "Negative": 0.02827477641403675,
        "Neutral": 0.9672451615333557,
        "Mixed": 0.0023559420369565487
    }
}
