{
    "Sentiment": "NEUTRAL",
    "SentimentScore": {
        "Positive": 0.003944321069866419,
        "Negative": 0.14877168834209442,
        "Neutral": 0.8401209712028503,
        "Mixed": 0.007163054775446653
    }
}
