{
    "Sentiment": "NEUTRAL",
    "SentimentScore": {
        "Positive": 0.007465079892426729,
        "Negative": 0.012003369629383087,
        "Neutral": 0.9795178771018982,
        "Mixed": 0.0010136945638805628
    }
}
