{
    "Sentiment": "NEGATIVE",
    "SentimentScore": {
        "Positive": 0.24708592891693115,
        "Negative": 0.367257684469223,
        "Neutral": 0.34270232915878296,
        "Mixed": 0.04295400530099869
    }
}
