{
    "Sentiment": "NEUTRAL",
    "SentimentScore": {
        "Positive": 0.1332920640707016,
        "Negative": 0.011969131417572498,
        "Neutral": 0.8522319197654724,
        "Mixed": 0.002506968332454562
    }
}
