{
    "Sentiment": "NEUTRAL",
    "SentimentScore": {
        "Positive": 0.024106465280056,
        "Negative": 0.0403800867497921,
        "Neutral": 0.9214765429496765,
        "Mixed": 0.014036868698894978
    }
}
