{
    "Sentiment": "NEUTRAL",
    "SentimentScore": {
        "Positive": 0.2629338502883911,
        "Negative": 0.05933613330125809,
        "Neutral": 0.6535924673080444,
        "Mixed": 0.024137552827596664
    }
}
