{
    "Sentiment": "NEUTRAL",
    "SentimentScore": {
        "Positive": 0.29078546166419983,
        "Negative": 0.03699878230690956,
        "Neutral": 0.6651907563209534,
        "Mixed": 0.007024976424872875
    }
}
