{
    "Sentiment": "NEUTRAL",
    "SentimentScore": {
        "Positive": 0.007757514715194702,
        "Negative": 0.12974488735198975,
        "Neutral": 0.8570301532745361,
        "Mixed": 0.005467408336699009
    }
}
