{
    "Sentiment": "NEUTRAL",
    "SentimentScore": {
        "Positive": 0.4211304485797882,
        "Negative": 0.009288395754992962,
        "Neutral": 0.55661541223526,
        "Mixed": 0.012965759262442589
    }
}
