{
    "Sentiment": "NEUTRAL",
    "SentimentScore": {
        "Positive": 0.0035340378526598215,
        "Negative": 0.0004073424788657576,
        "Neutral": 0.9958938360214233,
        "Mixed": 0.0001647530443733558
    }
}
