{
    "Sentiment": "NEUTRAL",
    "SentimentScore": {
        "Positive": 0.019368907436728477,
        "Negative": 0.10364498198032379,
        "Neutral": 0.8539807796478271,
        "Mixed": 0.023005271330475807
    }
}
