{
    "Sentiment": "NEUTRAL",
    "SentimentScore": {
        "Positive": 0.08824774622917175,
        "Negative": 0.006855391897261143,
        "Neutral": 0.9020529389381409,
        "Mixed": 0.0028438924346119165
    }
}
