{
    "Sentiment": "NEUTRAL",
    "SentimentScore": {
        "Positive": 0.023499570786952972,
        "Negative": 0.12824532389640808,
        "Neutral": 0.8372189402580261,
        "Mixed": 0.011036112904548645
    }
}
