{
    "Sentiment": "NEUTRAL",
    "SentimentScore": {
        "Positive": 0.01819201186299324,
        "Negative": 0.014314414002001286,
        "Neutral": 0.9658646583557129,
        "Mixed": 0.0016289377817884088
    }
}
