{
    "Sentiment": "NEUTRAL",
    "SentimentScore": {
        "Positive": 0.0017838156782090664,
        "Negative": 0.012586429715156555,
        "Neutral": 0.9847103953361511,
        "Mixed": 0.0009193927980959415
    }
}
