{
    "Sentiment": "NEUTRAL",
    "SentimentScore": {
        "Positive": 0.05790649726986885,
        "Negative": 0.01163112185895443,
        "Neutral": 0.9230281114578247,
        "Mixed": 0.0074341739527881145
    }
}
