{
    "Sentiment": "NEUTRAL",
    "SentimentScore": {
        "Positive": 0.0015757119981572032,
        "Negative": 0.009370015002787113,
        "Neutral": 0.9884116053581238,
        "Mixed": 0.0006426627514883876
    }
}
