{
    "Sentiment": "NEUTRAL",
    "SentimentScore": {
        "Positive": 0.010370653122663498,
        "Negative": 0.029232468456029892,
        "Neutral": 0.9589654803276062,
        "Mixed": 0.0014313753927126527
    }
}
