{
    "Sentiment": "NEUTRAL",
    "SentimentScore": {
        "Positive": 0.026058416813611984,
        "Negative": 0.015826694667339325,
        "Neutral": 0.9550469517707825,
        "Mixed": 0.0030678934417665005
    }
}
