{
    "Sentiment": "NEUTRAL",
    "SentimentScore": {
        "Positive": 0.047814782708883286,
        "Negative": 0.1896435022354126,
        "Neutral": 0.7498983144760132,
        "Mixed": 0.012643376365303993
    }
}
