{
    "Sentiment": "POSITIVE",
    "SentimentScore": {
        "Positive": 0.5540562272071838,
        "Negative": 0.017360201105475426,
        "Neutral": 0.37609773874282837,
        "Mixed": 0.05248576030135155
    }
}
