{
    "Sentiment": "NEUTRAL",
    "SentimentScore": {
        "Positive": 0.03796302154660225,
        "Negative": 0.07321340590715408,
        "Neutral": 0.8697939515113831,
        "Mixed": 0.019029615446925163
    }
}
