{
    "Sentiment": "NEUTRAL",
    "SentimentScore": {
        "Positive": 0.37948736548423767,
        "Negative": 0.00510790292173624,
        "Neutral": 0.6097493171691895,
        "Mixed": 0.005655375774949789
    }
}
