{
    "Sentiment": "NEUTRAL",
    "SentimentScore": {
        "Positive": 0.01687149703502655,
        "Negative": 0.008297166787087917,
        "Neutral": 0.9729041457176208,
        "Mixed": 0.0019272725330665708
    }
}
