{
    "Sentiment": "NEUTRAL",
    "SentimentScore": {
        "Positive": 0.0028354162350296974,
        "Negative": 0.11152394115924835,
        "Neutral": 0.8826456665992737,
        "Mixed": 0.0029949864838272333
    }
}
