{
    "Sentiment": "NEUTRAL",
    "SentimentScore": {
        "Positive": 0.03536801412701607,
        "Negative": 0.006072001997381449,
        "Neutral": 0.9563005566596985,
        "Mixed": 0.0022594330366700888
    }
}
