{
    "Sentiment": "NEGATIVE",
    "SentimentScore": {
        "Positive": 0.004053732845932245,
        "Negative": 0.49373742938041687,
        "Neutral": 0.490369588136673,
        "Mixed": 0.01183928269892931
    }
}
