{
    "Sentiment": "NEUTRAL",
    "SentimentScore": {
        "Positive": 0.046572692692279816,
        "Negative": 0.005237674340605736,
        "Neutral": 0.9461429119110107,
        "Mixed": 0.002046737354248762
    }
}
