{
    "Sentiment": "POSITIVE",
    "SentimentScore": {
        "Positive": 0.48992255330085754,
        "Negative": 0.03404663875699043,
        "Neutral": 0.453479140996933,
        "Mixed": 0.022551732137799263
    }
}
