{
    "Sentiment": "NEUTRAL",
    "SentimentScore": {
        "Positive": 0.39368265867233276,
        "Negative": 0.00204475037753582,
        "Neutral": 0.6012280583381653,
        "Mixed": 0.003044447163119912
    }
}
