{
    "Sentiment": "POSITIVE",
    "SentimentScore": {
        "Positive": 0.5135797262191772,
        "Negative": 0.026639197021722794,
        "Neutral": 0.4041661024093628,
        "Mixed": 0.055614955723285675
    }
}
