{
    "Sentiment": "NEUTRAL",
    "SentimentScore": {
        "Positive": 0.1320752054452896,
        "Negative": 0.07562461495399475,
        "Neutral": 0.784579336643219,
        "Mixed": 0.007720811292529106
    }
}
