{
    "Sentiment": "NEUTRAL",
    "SentimentScore": {
        "Positive": 0.007695394102483988,
        "Negative": 0.0031715889926999807,
        "Neutral": 0.9886205196380615,
        "Mixed": 0.0005125938914716244
    }
}
