{
    "Sentiment": "NEUTRAL",
    "SentimentScore": {
        "Positive": 0.004809242207556963,
        "Negative": 0.0010648315073922276,
        "Neutral": 0.9937346577644348,
        "Mixed": 0.00039124261820688844
    }
}
