{
    "Sentiment": "NEUTRAL",
    "SentimentScore": {
        "Positive": 0.19050616025924683,
        "Negative": 0.002704471815377474,
        "Neutral": 0.8036542534828186,
        "Mixed": 0.0031351903453469276
    }
}
