{
    "Sentiment": "NEUTRAL",
    "SentimentScore": {
        "Positive": 0.04637088254094124,
        "Negative": 0.01296896580606699,
        "Neutral": 0.9357289671897888,
        "Mixed": 0.004931194242089987
    }
}
