{
    "Sentiment": "NEUTRAL",
    "SentimentScore": {
        "Positive": 0.2846417725086212,
        "Negative": 0.0025651061441749334,
        "Neutral": 0.7086397409439087,
        "Mixed": 0.004153354559093714
    }
}
