{
    "Sentiment": "POSITIVE",
    "SentimentScore": {
        "Positive": 0.7499571442604065,
        "Negative": 0.002218986162915826,
        "Neutral": 0.23418183624744415,
        "Mixed": 0.013642054051160812
    }
}
