{
    "Sentiment": "NEUTRAL",
    "SentimentScore": {
        "Positive": 0.015345015563070774,
        "Negative": 0.023324821144342422,
        "Neutral": 0.9574368596076965,
        "Mixed": 0.003893309971317649
    }
}
