{
    "Sentiment": "NEUTRAL",
    "SentimentScore": {
        "Positive": 0.03187713027000427,
        "Negative": 0.27680283784866333,
        "Neutral": 0.6354390978813171,
        "Mixed": 0.055880963802337646
    }
}
