{
    "Sentiment": "NEUTRAL",
    "SentimentScore": {
        "Positive": 0.3346148729324341,
        "Negative": 0.011485595256090164,
        "Neutral": 0.6404290795326233,
        "Mixed": 0.013470456935465336
    }
}
