{
    "Sentiment": "NEUTRAL",
    "SentimentScore": {
        "Positive": 0.004258481785655022,
        "Negative": 0.005112568847835064,
        "Neutral": 0.9897915124893188,
        "Mixed": 0.0008373931632377207
    }
}
