{
    "Sentiment": "NEUTRAL",
    "SentimentScore": {
        "Positive": 0.04922203719615936,
        "Negative": 0.17195530235767365,
        "Neutral": 0.7534711360931396,
        "Mixed": 0.025351572781801224
    }
}
