{
    "Sentiment": "NEUTRAL",
    "SentimentScore": {
        "Positive": 0.029728155583143234,
        "Negative": 0.023178091272711754,
        "Neutral": 0.940498948097229,
        "Mixed": 0.006594836246222258
    }
}
