{
    "Sentiment": "NEUTRAL",
    "SentimentScore": {
        "Positive": 0.013358036987483501,
        "Negative": 0.036745455116033554,
        "Neutral": 0.942029595375061,
        "Mixed": 0.007866914384067059
    }
}
