{
    "Sentiment": "NEUTRAL",
    "SentimentScore": {
        "Positive": 0.0024276887997984886,
        "Negative": 0.0048478334210813046,
        "Neutral": 0.9922304749488831,
        "Mixed": 0.0004940801882185042
    }
}
