{
    "Sentiment": "NEUTRAL",
    "SentimentScore": {
        "Positive": 0.0023289171513170004,
        "Negative": 0.00872487761080265,
        "Neutral": 0.9880021810531616,
        "Mixed": 0.0009440272115170956
    }
}
