{
    "Sentiment": "NEUTRAL",
    "SentimentScore": {
        "Positive": 0.0069825672544538975,
        "Negative": 0.002669482259079814,
        "Neutral": 0.9898571968078613,
        "Mixed": 0.0004907628172077239
    }
}
