{
    "Sentiment": "NEUTRAL",
    "SentimentScore": {
        "Positive": 0.001443450222723186,
        "Negative": 0.04990503191947937,
        "Neutral": 0.9464243650436401,
        "Mixed": 0.0022270879708230495
    }
}
