{
    "Sentiment": "NEUTRAL",
    "SentimentScore": {
        "Positive": 0.004296626430004835,
        "Negative": 0.13931502401828766,
        "Neutral": 0.8495241403579712,
        "Mixed": 0.006864248309284449
    }
}
