{
    "Sentiment": "NEUTRAL",
    "SentimentScore": {
        "Positive": 0.004494055174291134,
        "Negative": 0.053730353713035583,
        "Neutral": 0.9372125267982483,
        "Mixed": 0.004563084803521633
    }
}
