{
    "Sentiment": "NEUTRAL",
    "SentimentScore": {
        "Positive": 0.024637553840875626,
        "Negative": 0.1231665164232254,
        "Neutral": 0.8346143364906311,
        "Mixed": 0.017581548541784286
    }
}
