{
    "Sentiment": "NEUTRAL",
    "SentimentScore": {
        "Positive": 0.01895197294652462,
        "Negative": 0.006052855402231216,
        "Neutral": 0.972634494304657,
        "Mixed": 0.002360663376748562
    }
}
