{
    "Sentiment": "NEUTRAL",
    "SentimentScore": {
        "Positive": 0.17381124198436737,
        "Negative": 0.003600831376388669,
        "Neutral": 0.8152748346328735,
        "Mixed": 0.00731309549883008
    }
}
