{
    "Sentiment": "NEUTRAL",
    "SentimentScore": {
        "Positive": 0.00410715164616704,
        "Negative": 0.010373113676905632,
        "Neutral": 0.9837785363197327,
        "Mixed": 0.001741201733238995
    }
}
