{
    "Sentiment": "NEUTRAL",
    "SentimentScore": {
        "Positive": 0.1268722414970398,
        "Negative": 0.002156205242499709,
        "Neutral": 0.8691401481628418,
        "Mixed": 0.001831418601796031
    }
}
