{
    "Sentiment": "NEUTRAL",
    "SentimentScore": {
        "Positive": 0.04927143082022667,
        "Negative": 0.04617539048194885,
        "Neutral": 0.8816737532615662,
        "Mixed": 0.0228794664144516
    }
}
