{
    "Sentiment": "NEUTRAL",
    "SentimentScore": {
        "Positive": 0.00800734106451273,
        "Negative": 0.09746601432561874,
        "Neutral": 0.8818578124046326,
        "Mixed": 0.012668819166719913
    }
}
