{
    "Sentiment": "NEUTRAL",
    "SentimentScore": {
        "Positive": 0.02320183627307415,
        "Negative": 0.010590731166303158,
        "Neutral": 0.9648067951202393,
        "Mixed": 0.0014006649143993855
    }
}
