{
    "Sentiment": "NEUTRAL",
    "SentimentScore": {
        "Positive": 0.03491446375846863,
        "Negative": 0.035944994539022446,
        "Neutral": 0.8920460343360901,
        "Mixed": 0.03709448501467705
    }
}
