{
    "Sentiment": "NEUTRAL",
    "SentimentScore": {
        "Positive": 0.012285396456718445,
        "Negative": 0.018878234550356865,
        "Neutral": 0.9647278785705566,
        "Mixed": 0.004108520224690437
    }
}
