{
    "Sentiment": "NEUTRAL",
    "SentimentScore": {
        "Positive": 0.011719919741153717,
        "Negative": 0.03464486077427864,
        "Neutral": 0.948787271976471,
        "Mixed": 0.004847879055887461
    }
}
