{
    "Sentiment": "NEUTRAL",
    "SentimentScore": {
        "Positive": 0.0309646874666214,
        "Negative": 0.2742883563041687,
        "Neutral": 0.669106662273407,
        "Mixed": 0.02564028650522232
    }
}
