{
    "Sentiment": "NEUTRAL",
    "SentimentScore": {
        "Positive": 0.013165202923119068,
        "Negative": 0.0026307289954274893,
        "Neutral": 0.9834625720977783,
        "Mixed": 0.0007415865547955036
    }
}
