{
    "Sentiment": "NEUTRAL",
    "SentimentScore": {
        "Positive": 0.055218953639268875,
        "Negative": 0.05250585079193115,
        "Neutral": 0.872390866279602,
        "Mixed": 0.019884340465068817
    }
}
