{
    "Sentiment": "NEUTRAL",
    "SentimentScore": {
        "Positive": 0.025285491719841957,
        "Negative": 0.01806812919676304,
        "Neutral": 0.9531619548797607,
        "Mixed": 0.0034844104666262865
    }
}
