{
    "Sentiment": "NEUTRAL",
    "SentimentScore": {
        "Positive": 0.25478318333625793,
        "Negative": 0.02353619411587715,
        "Neutral": 0.7051432728767395,
        "Mixed": 0.016537344083189964
    }
}
