{
    "Sentiment": "NEGATIVE",
    "SentimentScore": {
        "Positive": 0.019216885790228844,
        "Negative": 0.848529040813446,
        "Neutral": 0.08486080914735794,
        "Mixed": 0.04739326983690262
    }
}
