{
    "Sentiment": "NEUTRAL",
    "SentimentScore": {
        "Positive": 0.021649491041898727,
        "Negative": 0.008840097114443779,
        "Neutral": 0.9677822589874268,
        "Mixed": 0.0017281128093600273
    }
}
