{
    "Sentiment": "NEUTRAL",
    "SentimentScore": {
        "Positive": 0.12936627864837646,
        "Negative": 0.0036438037641346455,
        "Neutral": 0.8615507483482361,
        "Mixed": 0.005439160391688347
    }
}
