{
    "Sentiment": "NEUTRAL",
    "SentimentScore": {
        "Positive": 0.015577560290694237,
        "Negative": 0.015866154804825783,
        "Neutral": 0.9672217965126038,
        "Mixed": 0.00133453996386379
    }
}
