{
    "Sentiment": "NEUTRAL",
    "SentimentScore": {
        "Positive": 0.002874515950679779,
        "Negative": 0.05117389187216759,
        "Neutral": 0.9424348473548889,
        "Mixed": 0.003516711527481675
    }
}
