{
    "Sentiment": "NEUTRAL",
    "SentimentScore": {
        "Positive": 0.05352893844246864,
        "Negative": 0.012087119743227959,
        "Neutral": 0.9320805072784424,
        "Mixed": 0.0023034773766994476
    }
}
