{
    "Sentiment": "NEUTRAL",
    "SentimentScore": {
        "Positive": 0.025797896087169647,
        "Negative": 0.021518763154745102,
        "Neutral": 0.9444193840026855,
        "Mixed": 0.008263975381851196
    }
}
