{
    "Sentiment": "POSITIVE",
    "SentimentScore": {
        "Positive": 0.7850539684295654,
        "Negative": 0.0042981975711882114,
        "Neutral": 0.18816334009170532,
        "Mixed": 0.02248440869152546
    }
}
