{
    "Sentiment": "NEUTRAL",
    "SentimentScore": {
        "Positive": 0.0035119387321174145,
        "Negative": 0.037335991859436035,
        "Neutral": 0.9561231732368469,
        "Mixed": 0.003028901293873787
    }
}
