{
    "Sentiment": "NEUTRAL",
    "SentimentScore": {
        "Positive": 0.002604517387226224,
        "Negative": 0.01913514733314514,
        "Neutral": 0.9770234227180481,
        "Mixed": 0.0012369563337415457
    }
}
