{
    "Sentiment": "NEUTRAL",
    "SentimentScore": {
        "Positive": 0.004891503136605024,
        "Negative": 0.021976180374622345,
        "Neutral": 0.9707786440849304,
        "Mixed": 0.002353622578084469
    }
}
