{
    "Sentiment": "NEUTRAL",
    "SentimentScore": {
        "Positive": 0.006204115226864815,
        "Negative": 0.024585675448179245,
        "Neutral": 0.9661526679992676,
        "Mixed": 0.003057562280446291
    }
}
