{
    "Sentiment": "NEUTRAL",
    "SentimentScore": {
        "Positive": 0.05734028294682503,
        "Negative": 0.08588108420372009,
        "Neutral": 0.8350030183792114,
        "Mixed": 0.021775562316179276
    }
}
