{
    "Sentiment": "NEUTRAL",
    "SentimentScore": {
        "Positive": 0.009116626344621181,
        "Negative": 0.08073946088552475,
        "Neutral": 0.8953555226325989,
        "Mixed": 0.014788455329835415
    }
}
