{
    "Sentiment": "NEUTRAL",
    "SentimentScore": {
        "Positive": 0.03502139449119568,
        "Negative": 0.07171718776226044,
        "Neutral": 0.8735057711601257,
        "Mixed": 0.019755642861127853
    }
}
