{
    "Sentiment": "NEUTRAL",
    "SentimentScore": {
        "Positive": 0.012408179230988026,
        "Negative": 0.007913949899375439,
        "Neutral": 0.9786585569381714,
        "Mixed": 0.001019245944917202
    }
}
