{
    "Sentiment": "NEUTRAL",
    "SentimentScore": {
        "Positive": 0.049407217651605606,
        "Negative": 0.2517084777355194,
        "Neutral": 0.6839658617973328,
        "Mixed": 0.014918471686542034
    }
}
