{
    "Sentiment": "NEUTRAL",
    "SentimentScore": {
        "Positive": 0.01937950775027275,
        "Negative": 0.043067727237939835,
        "Neutral": 0.9328673481941223,
        "Mixed": 0.00468548433855176
    }
}
