{
    "Sentiment": "NEUTRAL",
    "SentimentScore": {
        "Positive": 0.038958415389060974,
        "Negative": 0.040022436529397964,
        "Neutral": 0.9103343486785889,
        "Mixed": 0.0106848469004035
    }
}
