{
    "Sentiment": "NEUTRAL",
    "SentimentScore": {
        "Positive": 0.00401842687278986,
        "Negative": 0.03446880355477333,
        "Neutral": 0.9589623212814331,
        "Mixed": 0.0025505346711724997
    }
}
