{
    "Sentiment": "NEUTRAL",
    "SentimentScore": {
        "Positive": 0.002860048320144415,
        "Negative": 0.03903336450457573,
        "Neutral": 0.9547356367111206,
        "Mixed": 0.003370952093973756
    }
}
