{
    "Sentiment": "NEUTRAL",
    "SentimentScore": {
        "Positive": 0.14238159358501434,
        "Negative": 0.1377234309911728,
        "Neutral": 0.6590678095817566,
        "Mixed": 0.06082712858915329
    }
}
