{
    "Sentiment": "POSITIVE",
    "SentimentScore": {
        "Positive": 0.5382459759712219,
        "Negative": 0.004291763994842768,
        "Neutral": 0.44942906498908997,
        "Mixed": 0.008033202961087227
    }
}
