{
    "Sentiment": "NEUTRAL",
    "SentimentScore": {
        "Positive": 0.1980525404214859,
        "Negative": 0.04180320352315903,
        "Neutral": 0.7545347213745117,
        "Mixed": 0.005609485786408186
    }
}
