{
    "Sentiment": "NEUTRAL",
    "SentimentScore": {
        "Positive": 0.08511462807655334,
        "Negative": 0.02283252403140068,
        "Neutral": 0.8795386552810669,
        "Mixed": 0.012514189817011356
    }
}
