{
    "Sentiment": "NEUTRAL",
    "SentimentScore": {
        "Positive": 0.24106307327747345,
        "Negative": 0.022198030725121498,
        "Neutral": 0.7278441786766052,
        "Mixed": 0.008894744329154491
    }
}
