{
    "Sentiment": "NEUTRAL",
    "SentimentScore": {
        "Positive": 0.02244504913687706,
        "Negative": 0.07501981407403946,
        "Neutral": 0.8948708772659302,
        "Mixed": 0.0076643372885882854
    }
}
