{
    "Sentiment": "NEUTRAL",
    "SentimentScore": {
        "Positive": 0.02525172010064125,
        "Negative": 0.016388313844799995,
        "Neutral": 0.9568029046058655,
        "Mixed": 0.0015569941606372595
    }
}
