{
    "Sentiment": "NEUTRAL",
    "SentimentScore": {
        "Positive": 0.007688587997108698,
        "Negative": 0.14466345310211182,
        "Neutral": 0.8353329300880432,
        "Mixed": 0.012314964085817337
    }
}
