{
    "Sentiment": "NEUTRAL",
    "SentimentScore": {
        "Positive": 0.003989694640040398,
        "Negative": 0.1236533671617508,
        "Neutral": 0.8634065985679626,
        "Mixed": 0.008950321935117245
    }
}
