{
    "Sentiment": "NEUTRAL",
    "SentimentScore": {
        "Positive": 0.06916550546884537,
        "Negative": 0.15244610607624054,
        "Neutral": 0.7650619149208069,
        "Mixed": 0.013326422311365604
    }
}
