{
    "Sentiment": "NEUTRAL",
    "SentimentScore": {
        "Positive": 0.005825586151331663,
        "Negative": 0.04155183956027031,
        "Neutral": 0.9489330649375916,
        "Mixed": 0.0036896290257573128
    }
}
