{
    "Sentiment": "NEUTRAL",
    "SentimentScore": {
        "Positive": 0.2666319012641907,
        "Negative": 0.02386692352592945,
        "Neutral": 0.693061113357544,
        "Mixed": 0.01644011400640011
    }
}
