{
    "Sentiment": "NEUTRAL",
    "SentimentScore": {
        "Positive": 0.03414413332939148,
        "Negative": 0.0030846716836094856,
        "Neutral": 0.9613426923751831,
        "Mixed": 0.0014284653589129448
    }
}
