{
    "Sentiment": "NEUTRAL",
    "SentimentScore": {
        "Positive": 0.006639170926064253,
        "Negative": 0.0022071541752666235,
        "Neutral": 0.9907121062278748,
        "Mixed": 0.0004415529256220907
    }
}
