{
    "Sentiment": "NEUTRAL",
    "SentimentScore": {
        "Positive": 0.01640588976442814,
        "Negative": 0.10399316251277924,
        "Neutral": 0.8681687712669373,
        "Mixed": 0.01143214013427496
    }
}
