{
    "Sentiment": "NEUTRAL",
    "SentimentScore": {
        "Positive": 0.009806039743125439,
        "Negative": 0.026364140212535858,
        "Neutral": 0.9620869159698486,
        "Mixed": 0.0017429160652682185
    }
}
