{
    "Sentiment": "NEGATIVE",
    "SentimentScore": {
        "Positive": 0.05414538457989693,
        "Negative": 0.5191081166267395,
        "Neutral": 0.40846171975135803,
        "Mixed": 0.018284745514392853
    }
}
