{
    "Sentiment": "NEUTRAL",
    "SentimentScore": {
        "Positive": 0.02427816390991211,
        "Negative": 0.10186956077814102,
        "Neutral": 0.8628830313682556,
        "Mixed": 0.010969306342303753
    }
}
