{
    "Sentiment": "NEUTRAL",
    "SentimentScore": {
        "Positive": 0.0030513491947203875,
        "Negative": 0.10340230166912079,
        "Neutral": 0.8879886865615845,
        "Mixed": 0.005557699128985405
    }
}
