{
    "Sentiment": "NEUTRAL",
    "SentimentScore": {
        "Positive": 0.005034420173615217,
        "Negative": 0.08067549765110016,
        "Neutral": 0.9071572422981262,
        "Mixed": 0.007132918108254671
    }
}
