{
    "Sentiment": "NEUTRAL",
    "SentimentScore": {
        "Positive": 0.019195973873138428,
        "Negative": 0.047390006482601166,
        "Neutral": 0.9241500496864319,
        "Mixed": 0.009264019317924976
    }
}
