{
    "Sentiment": "NEUTRAL",
    "SentimentScore": {
        "Positive": 0.009202114306390285,
        "Negative": 0.2232855260372162,
        "Neutral": 0.7613471150398254,
        "Mixed": 0.006165229249745607
    }
}
