{
    "Sentiment": "NEUTRAL",
    "SentimentScore": {
        "Positive": 0.0036287042312324047,
        "Negative": 0.14077095687389374,
        "Neutral": 0.8463439345359802,
        "Mixed": 0.009256487712264061
    }
}
