{
    "Sentiment": "NEUTRAL",
    "SentimentScore": {
        "Positive": 0.007556045427918434,
        "Negative": 0.03008110448718071,
        "Neutral": 0.956775963306427,
        "Mixed": 0.005586863029748201
    }
}
