{
    "Sentiment": "NEUTRAL",
    "SentimentScore": {
        "Positive": 0.0058877901174128056,
        "Negative": 0.007316370960325003,
        "Neutral": 0.9846314787864685,
        "Mixed": 0.002164421370252967
    }
}
