{
    "Sentiment": "NEUTRAL",
    "SentimentScore": {
        "Positive": 0.007658036891371012,
        "Negative": 0.006385344080626965,
        "Neutral": 0.9842984676361084,
        "Mixed": 0.0016581499949097633
    }
}
