{
    "Sentiment": "NEUTRAL",
    "SentimentScore": {
        "Positive": 0.05133112147450447,
        "Negative": 0.00983493309468031,
        "Neutral": 0.9357613921165466,
        "Mixed": 0.0030726210679858923
    }
}
