{
    "Sentiment": "NEUTRAL",
    "SentimentScore": {
        "Positive": 0.013662083074450493,
        "Negative": 0.16462673246860504,
        "Neutral": 0.8098740577697754,
        "Mixed": 0.011837120167911053
    }
}
