{
    "Sentiment": "NEUTRAL",
    "SentimentScore": {
        "Positive": 0.014807924628257751,
        "Negative": 0.004630935378372669,
        "Neutral": 0.9782341122627258,
        "Mixed": 0.002327102003619075
    }
}
