{
    "Sentiment": "NEUTRAL",
    "SentimentScore": {
        "Positive": 0.011918353848159313,
        "Negative": 0.10415171086788177,
        "Neutral": 0.8803436756134033,
        "Mixed": 0.0035862599033862352
    }
}
