{
    "Sentiment": "NEUTRAL",
    "SentimentScore": {
        "Positive": 0.0047189099714159966,
        "Negative": 0.004474929068237543,
        "Neutral": 0.9902166128158569,
        "Mixed": 0.0005895091453567147
    }
}
