{
    "Sentiment": "NEUTRAL",
    "SentimentScore": {
        "Positive": 0.0029128561727702618,
        "Negative": 0.1671871840953827,
        "Neutral": 0.8216406106948853,
        "Mixed": 0.00825943797826767
    }
}
