{
    "Sentiment": "NEUTRAL",
    "SentimentScore": {
        "Positive": 0.02561085857450962,
        "Negative": 0.0019148332066833973,
        "Neutral": 0.9707924723625183,
        "Mixed": 0.0016818101285025477
    }
}
