{
    "Sentiment": "NEUTRAL",
    "SentimentScore": {
        "Positive": 0.009129868820309639,
        "Negative": 0.011161351576447487,
        "Neutral": 0.978648841381073,
        "Mixed": 0.0010598718654364347
    }
}
