{
    "Sentiment": "NEUTRAL",
    "SentimentScore": {
        "Positive": 0.0018626948585733771,
        "Negative": 0.004457606468349695,
        "Neutral": 0.9931318163871765,
        "Mixed": 0.0005479092360474169
    }
}
