{
    "Sentiment": "NEUTRAL",
    "SentimentScore": {
        "Positive": 0.048463959246873856,
        "Negative": 0.007963390089571476,
        "Neutral": 0.9418009519577026,
        "Mixed": 0.0017716533038765192
    }
}
