{
    "Sentiment": "NEUTRAL",
    "SentimentScore": {
        "Positive": 0.003924442920833826,
        "Negative": 0.0014118336839601398,
        "Neutral": 0.9942955374717712,
        "Mixed": 0.00036815169733017683
    }
}
