{
    "Sentiment": "NEUTRAL",
    "SentimentScore": {
        "Positive": 0.0029702624306082726,
        "Negative": 0.11217695474624634,
        "Neutral": 0.8774994611740112,
        "Mixed": 0.007353303954005241
    }
}
