{
    "Sentiment": "NEUTRAL",
    "SentimentScore": {
        "Positive": 0.01060051191598177,
        "Negative": 0.01194041594862938,
        "Neutral": 0.9745317101478577,
        "Mixed": 0.002927383640781045
    }
}
