{
    "Sentiment": "NEUTRAL",
    "SentimentScore": {
        "Positive": 0.020140396431088448,
        "Negative": 0.014510752633213997,
        "Neutral": 0.9611148238182068,
        "Mixed": 0.0042340741492807865
    }
}
