{
    "Sentiment": "NEUTRAL",
    "SentimentScore": {
        "Positive": 0.007277098949998617,
        "Negative": 0.0016259204130619764,
        "Neutral": 0.990676999092102,
        "Mixed": 0.0004200043622404337
    }
}
