{
    "Sentiment": "NEUTRAL",
    "SentimentScore": {
        "Positive": 0.002095847623422742,
        "Negative": 0.007781583815813065,
        "Neutral": 0.9892736077308655,
        "Mixed": 0.0008490234613418579
    }
}
