{
    "Sentiment": "NEUTRAL",
    "SentimentScore": {
        "Positive": 0.044201068580150604,
        "Negative": 0.0045679048635065556,
        "Neutral": 0.9502534866333008,
        "Mixed": 0.0009774912614375353
    }
}
