{
    "Sentiment": "NEUTRAL",
    "SentimentScore": {
        "Positive": 0.015375697985291481,
        "Negative": 0.011018696241080761,
        "Neutral": 0.9704177975654602,
        "Mixed": 0.0031877087894827127
    }
}
