{
    "Sentiment": "NEUTRAL",
    "SentimentScore": {
        "Positive": 0.009569560177624226,
        "Negative": 0.004810207057744265,
        "Neutral": 0.9847020506858826,
        "Mixed": 0.0009181618224829435
    }
}
