{
    "Sentiment": "NEUTRAL",
    "SentimentScore": {
        "Positive": 0.011363344267010689,
        "Negative": 0.04654597491025925,
        "Neutral": 0.9386358261108398,
        "Mixed": 0.003454839810729027
    }
}
