{
    "Sentiment": "NEUTRAL",
    "SentimentScore": {
        "Positive": 0.031003549695014954,
        "Negative": 0.01392269879579544,
        "Neutral": 0.9509417414665222,
        "Mixed": 0.0041320123709738255
    }
}
