{
    "Sentiment": "POSITIVE",
    "SentimentScore": {
        "Positive": 0.628281831741333,
        "Negative": 0.04637320712208748,
        "Neutral": 0.2462666779756546,
        "Mixed": 0.07907824963331223
    }
}
