{
    "Sentiment": "NEUTRAL",
    "SentimentScore": {
        "Positive": 0.013431161642074585,
        "Negative": 0.011190345510840416,
        "Neutral": 0.9693266153335571,
        "Mixed": 0.006051892880350351
    }
}
