{
    "Sentiment": "NEUTRAL",
    "SentimentScore": {
        "Positive": 0.0063493638299405575,
        "Negative": 0.023759640753269196,
        "Neutral": 0.9670647978782654,
        "Mixed": 0.00282623921521008
    }
}
