{
    "Sentiment": "NEUTRAL",
    "SentimentScore": {
        "Positive": 0.20315788686275482,
        "Negative": 0.017196252942085266,
        "Neutral": 0.7706021666526794,
        "Mixed": 0.009043649770319462
    }
}
