{
    "Sentiment": "NEUTRAL",
    "SentimentScore": {
        "Positive": 0.0025575358886271715,
        "Negative": 0.0017077064840123057,
        "Neutral": 0.9954724907875061,
        "Mixed": 0.0002622415195219219
    }
}
