{
    "Sentiment": "NEUTRAL",
    "SentimentScore": {
        "Positive": 0.028351575136184692,
        "Negative": 0.10693981498479843,
        "Neutral": 0.8443924188613892,
        "Mixed": 0.02031618356704712
    }
}
