{
    "Sentiment": "NEUTRAL",
    "SentimentScore": {
        "Positive": 0.009578550234436989,
        "Negative": 0.006710811983793974,
        "Neutral": 0.980531632900238,
        "Mixed": 0.0031789939384907484
    }
}
