{
    "Sentiment": "NEUTRAL",
    "SentimentScore": {
        "Positive": 0.002301648259162903,
        "Negative": 0.04697578027844429,
        "Neutral": 0.9483418464660645,
        "Mixed": 0.002380700083449483
    }
}
