{
    "Sentiment": "NEUTRAL",
    "SentimentScore": {
        "Positive": 0.005414669401943684,
        "Negative": 0.002549285301938653,
        "Neutral": 0.9912747144699097,
        "Mixed": 0.0007612948538735509
    }
}
