{
    "Sentiment": "NEUTRAL",
    "SentimentScore": {
        "Positive": 0.02514984831213951,
        "Negative": 0.04513239860534668,
        "Neutral": 0.9205657243728638,
        "Mixed": 0.009152083657681942
    }
}
