{
    "Sentiment": "NEUTRAL",
    "SentimentScore": {
        "Positive": 0.4528978765010834,
        "Negative": 0.03025704436004162,
        "Neutral": 0.5048178434371948,
        "Mixed": 0.012027176097035408
    }
}
