{
    "Sentiment": "NEUTRAL",
    "SentimentScore": {
        "Positive": 0.004858361557126045,
        "Negative": 0.016754532232880592,
        "Neutral": 0.9753019213676453,
        "Mixed": 0.0030851541087031364
    }
}
