{
    "Sentiment": "NEUTRAL",
    "SentimentScore": {
        "Positive": 0.008736299350857735,
        "Negative": 0.04012303426861763,
        "Neutral": 0.9424353837966919,
        "Mixed": 0.008705281652510166
    }
}
