{
    "Sentiment": "NEUTRAL",
    "SentimentScore": {
        "Positive": 0.005990445148199797,
        "Negative": 0.27963846921920776,
        "Neutral": 0.7001526951789856,
        "Mixed": 0.014218405820429325
    }
}
