{
    "Sentiment": "NEUTRAL",
    "SentimentScore": {
        "Positive": 0.018457576632499695,
        "Negative": 0.026785001158714294,
        "Neutral": 0.9443024396896362,
        "Mixed": 0.010454952716827393
    }
}
