{
    "Sentiment": "NEUTRAL",
    "SentimentScore": {
        "Positive": 0.003411727724596858,
        "Negative": 0.01848418265581131,
        "Neutral": 0.9759818315505981,
        "Mixed": 0.0021222722716629505
    }
}
