{
    "Sentiment": "NEUTRAL",
    "SentimentScore": {
        "Positive": 0.03931574150919914,
        "Negative": 0.01279413141310215,
        "Neutral": 0.9454543590545654,
        "Mixed": 0.002435813657939434
    }
}
