{
    "Sentiment": "NEUTRAL",
    "SentimentScore": {
        "Positive": 0.004230931866914034,
        "Negative": 0.007529526017606258,
        "Neutral": 0.9873764514923096,
        "Mixed": 0.0008631145465187728
    }
}
