{
    "Sentiment": "NEUTRAL",
    "SentimentScore": {
        "Positive": 0.14200714230537415,
        "Negative": 0.09112263470888138,
        "Neutral": 0.7162033319473267,
        "Mixed": 0.05066687986254692
    }
}
