{
    "Sentiment": "NEUTRAL",
    "SentimentScore": {
        "Positive": 0.009580341167747974,
        "Negative": 0.22914130985736847,
        "Neutral": 0.7472158074378967,
        "Mixed": 0.014062528498470783
    }
}
