{
    "Sentiment": "NEUTRAL",
    "SentimentScore": {
        "Positive": 0.0029228103812783957,
        "Negative": 0.008612839505076408,
        "Neutral": 0.9875819683074951,
        "Mixed": 0.0008823686512187123
    }
}
