{
    "Sentiment": "NEUTRAL",
    "SentimentScore": {
        "Positive": 0.007350545842200518,
        "Negative": 0.006976577918976545,
        "Neutral": 0.9843296408653259,
        "Mixed": 0.0013432381674647331
    }
}
