{
    "Sentiment": "NEUTRAL",
    "SentimentScore": {
        "Positive": 0.0021828263998031616,
        "Negative": 0.02040017768740654,
        "Neutral": 0.9753470420837402,
        "Mixed": 0.002069988055154681
    }
}
