{
    "Sentiment": "NEUTRAL",
    "SentimentScore": {
        "Positive": 0.022161850705742836,
        "Negative": 0.01847979798913002,
        "Neutral": 0.953544020652771,
        "Mixed": 0.0058142514899373055
    }
}
