{
    "Sentiment": "NEUTRAL",
    "SentimentScore": {
        "Positive": 0.003799684578552842,
        "Negative": 0.006583860144019127,
        "Neutral": 0.9884771108627319,
        "Mixed": 0.001139319036155939
    }
}
