{
    "Sentiment": "NEUTRAL",
    "SentimentScore": {
        "Positive": 0.005161615088582039,
        "Negative": 0.04084097594022751,
        "Neutral": 0.9507566690444946,
        "Mixed": 0.0032406870741397142
    }
}
