{
    "Sentiment": "NEUTRAL",
    "SentimentScore": {
        "Positive": 0.02194472774863243,
        "Negative": 0.01710866391658783,
        "Neutral": 0.9583089351654053,
        "Mixed": 0.002637647558003664
    }
}
