{
    "Sentiment": "NEUTRAL",
    "SentimentScore": {
        "Positive": 0.006323465146124363,
        "Negative": 0.0012442437000572681,
        "Neutral": 0.9918334484100342,
        "Mixed": 0.0005988401244394481
    }
}
