{
    "Sentiment": "NEUTRAL",
    "SentimentScore": {
        "Positive": 0.002285835100337863,
        "Negative": 0.0038428930565714836,
        "Neutral": 0.9931640028953552,
        "Mixed": 0.0007073094602674246
    }
}
