{
    "Sentiment": "NEUTRAL",
    "SentimentScore": {
        "Positive": 0.03345693647861481,
        "Negative": 0.04062449932098389,
        "Neutral": 0.9163417220115662,
        "Mixed": 0.0095768291503191
    }
}
