{
    "Sentiment": "NEUTRAL",
    "SentimentScore": {
        "Positive": 0.0031159191858023405,
        "Negative": 0.018463002517819405,
        "Neutral": 0.9761077761650085,
        "Mixed": 0.0023132446222007275
    }
}
