{
    "Sentiment": "NEUTRAL",
    "SentimentScore": {
        "Positive": 0.0010710492497310042,
        "Negative": 0.019418705254793167,
        "Neutral": 0.9785222411155701,
        "Mixed": 0.0009879784192889929
    }
}
