{
    "Sentiment": "NEUTRAL",
    "SentimentScore": {
        "Positive": 0.015373235568404198,
        "Negative": 0.07679825276136398,
        "Neutral": 0.9003508687019348,
        "Mixed": 0.0074776047840714455
    }
}
