{
    "Sentiment": "NEUTRAL",
    "SentimentScore": {
        "Positive": 0.005232735071331263,
        "Negative": 0.0500890351831913,
        "Neutral": 0.941612184047699,
        "Mixed": 0.00306610856205225
    }
}
