{
    "Sentiment": "NEUTRAL",
    "SentimentScore": {
        "Positive": 0.0040840888395905495,
        "Negative": 0.0006568975513800979,
        "Neutral": 0.995000422000885,
        "Mixed": 0.0002585608744993806
    }
}
