{
    "Sentiment": "NEUTRAL",
    "SentimentScore": {
        "Positive": 0.006913129705935717,
        "Negative": 0.008398347534239292,
        "Neutral": 0.982995331287384,
        "Mixed": 0.0016931435093283653
    }
}
