{
    "Sentiment": "NEUTRAL",
    "SentimentScore": {
        "Positive": 0.06882338970899582,
        "Negative": 0.0056475140154361725,
        "Neutral": 0.922324001789093,
        "Mixed": 0.0032050390727818012
    }
}
