{
    "Sentiment": "NEUTRAL",
    "SentimentScore": {
        "Positive": 0.012907943688333035,
        "Negative": 0.027263915166258812,
        "Neutral": 0.9500481486320496,
        "Mixed": 0.00977993756532669
    }
}
