{
    "Sentiment": "NEUTRAL",
    "SentimentScore": {
        "Positive": 0.09421975165605545,
        "Negative": 0.003842042526230216,
        "Neutral": 0.8987783789634705,
        "Mixed": 0.0031598068308085203
    }
}
