{
    "Sentiment": "POSITIVE",
    "SentimentScore": {
        "Positive": 0.6379851698875427,
        "Negative": 0.04744934290647507,
        "Neutral": 0.2956494390964508,
        "Mixed": 0.01891605369746685
    }
}
