{
    "Sentiment": "NEUTRAL",
    "SentimentScore": {
        "Positive": 0.013760446570813656,
        "Negative": 0.05199725925922394,
        "Neutral": 0.9259143471717834,
        "Mixed": 0.008327973075211048
    }
}
