{
    "Sentiment": "NEUTRAL",
    "SentimentScore": {
        "Positive": 0.41977986693382263,
        "Negative": 0.00183629069942981,
        "Neutral": 0.5737435221672058,
        "Mixed": 0.004640274215489626
    }
}
