{
    "Sentiment": "NEUTRAL",
    "SentimentScore": {
        "Positive": 0.022867834195494652,
        "Negative": 0.005327816586941481,
        "Neutral": 0.9696496725082397,
        "Mixed": 0.0021547346841543913
    }
}
