{
    "Sentiment": "NEUTRAL",
    "SentimentScore": {
        "Positive": 0.0030671111308038235,
        "Negative": 0.039083268493413925,
        "Neutral": 0.9534872174263,
        "Mixed": 0.0043624816462397575
    }
}
