{
    "Sentiment": "NEUTRAL",
    "SentimentScore": {
        "Positive": 0.0027308205608278513,
        "Negative": 0.0031669933814555407,
        "Neutral": 0.9936518669128418,
        "Mixed": 0.0004502675146795809
    }
}
