{
    "Sentiment": "NEUTRAL",
    "SentimentScore": {
        "Positive": 0.00469199800863862,
        "Negative": 0.002396636875346303,
        "Neutral": 0.9923369288444519,
        "Mixed": 0.0005744467489421368
    }
}
