{
    "Sentiment": "NEUTRAL",
    "SentimentScore": {
        "Positive": 0.024166686460375786,
        "Negative": 0.004552152007818222,
        "Neutral": 0.9700673818588257,
        "Mixed": 0.001213720766827464
    }
}
