{
    "Sentiment": "NEUTRAL",
    "SentimentScore": {
        "Positive": 0.012524783611297607,
        "Negative": 0.013091269880533218,
        "Neutral": 0.9713054895401001,
        "Mixed": 0.003078447189182043
    }
}
