{
    "Sentiment": "NEUTRAL",
    "SentimentScore": {
        "Positive": 0.021752506494522095,
        "Negative": 0.012959115207195282,
        "Neutral": 0.9637545347213745,
        "Mixed": 0.0015338201774284244
    }
}
