{
    "Sentiment": "NEUTRAL",
    "SentimentScore": {
        "Positive": 0.02742087095975876,
        "Negative": 0.2493966817855835,
        "Neutral": 0.6956416964530945,
        "Mixed": 0.027540745213627815
    }
}
