{
    "Sentiment": "NEUTRAL",
    "SentimentScore": {
        "Positive": 0.00768138887360692,
        "Negative": 0.005655855406075716,
        "Neutral": 0.9846144318580627,
        "Mixed": 0.0020482910331338644
    }
}
