{
    "Sentiment": "NEUTRAL",
    "SentimentScore": {
        "Positive": 0.04367629438638687,
        "Negative": 0.032814979553222656,
        "Neutral": 0.9006993174552917,
        "Mixed": 0.022809438407421112
    }
}
