{
    "Sentiment": "NEUTRAL",
    "SentimentScore": {
        "Positive": 0.005953214131295681,
        "Negative": 0.00693579763174057,
        "Neutral": 0.9860821962356567,
        "Mixed": 0.00102878303732723
    }
}
