{
    "Sentiment": "NEUTRAL",
    "SentimentScore": {
        "Positive": 0.006227524951100349,
        "Negative": 0.15001535415649414,
        "Neutral": 0.8398164510726929,
        "Mixed": 0.003940643277019262
    }
}
