{
    "Sentiment": "NEUTRAL",
    "SentimentScore": {
        "Positive": 0.04326342046260834,
        "Negative": 0.0012076880084350705,
        "Neutral": 0.9542271494865417,
        "Mixed": 0.0013017604360356927
    }
}
