{
    "Sentiment": "NEGATIVE",
    "SentimentScore": {
        "Positive": 0.01361234299838543,
        "Negative": 0.6538749933242798,
        "Neutral": 0.31695252656936646,
        "Mixed": 0.015560104511678219
    }
}
