{
    "Sentiment": "NEUTRAL",
    "SentimentScore": {
        "Positive": 0.0017385544488206506,
        "Negative": 0.008594661951065063,
        "Neutral": 0.9881646633148193,
        "Mixed": 0.001502173370681703
    }
}
