{
    "Sentiment": "NEUTRAL",
    "SentimentScore": {
        "Positive": 0.003933851607143879,
        "Negative": 0.00288857682608068,
        "Neutral": 0.9925541281700134,
        "Mixed": 0.0006234731408767402
    }
}
