{
    "Sentiment": "NEUTRAL",
    "SentimentScore": {
        "Positive": 0.1329810917377472,
        "Negative": 0.26574212312698364,
        "Neutral": 0.5845974087715149,
        "Mixed": 0.016679370775818825
    }
}
