{
    "Sentiment": "NEUTRAL",
    "SentimentScore": {
        "Positive": 0.0032873484306037426,
        "Negative": 0.03051629289984703,
        "Neutral": 0.9638632535934448,
        "Mixed": 0.0023330296389758587
    }
}
