{
    "Sentiment": "NEUTRAL",
    "SentimentScore": {
        "Positive": 0.0063477386720478535,
        "Negative": 0.07327470183372498,
        "Neutral": 0.9155340194702148,
        "Mixed": 0.004843509290367365
    }
}
