{
    "Sentiment": "NEUTRAL",
    "SentimentScore": {
        "Positive": 0.03484537824988365,
        "Negative": 0.0016433628043159842,
        "Neutral": 0.962521493434906,
        "Mixed": 0.0009897503769025207
    }
}
