{
    "Sentiment": "NEUTRAL",
    "SentimentScore": {
        "Positive": 0.002509121783077717,
        "Negative": 0.07252578437328339,
        "Neutral": 0.9216794967651367,
        "Mixed": 0.003285531420260668
    }
}
