{
    "Sentiment": "NEUTRAL",
    "SentimentScore": {
        "Positive": 0.0341062992811203,
        "Negative": 0.01707308366894722,
        "Neutral": 0.9454746842384338,
        "Mixed": 0.003345916047692299
    }
}
