{
    "Sentiment": "NEUTRAL",
    "SentimentScore": {
        "Positive": 0.00597030995413661,
        "Negative": 0.11978268623352051,
        "Neutral": 0.8704455494880676,
        "Mixed": 0.0038014689926058054
    }
}
