{
    "Sentiment": "NEUTRAL",
    "SentimentScore": {
        "Positive": 0.09873717278242111,
        "Negative": 0.013957050628960133,
        "Neutral": 0.8729461431503296,
        "Mixed": 0.01435969490557909
    }
}
