{
    "Sentiment": "NEUTRAL",
    "SentimentScore": {
        "Positive": 0.0035828303080052137,
        "Negative": 0.008899585343897343,
        "Neutral": 0.9863996505737305,
        "Mixed": 0.0011179012944921851
    }
}
