{
    "Sentiment": "NEUTRAL",
    "SentimentScore": {
        "Positive": 0.0038821189664304256,
        "Negative": 0.040269721299409866,
        "Neutral": 0.9533265233039856,
        "Mixed": 0.0025216443464159966
    }
}
