{
    "Sentiment": "NEUTRAL",
    "SentimentScore": {
        "Positive": 0.08243650943040848,
        "Negative": 0.010000539943575859,
        "Neutral": 0.9005865454673767,
        "Mixed": 0.006976323667913675
    }
}
