{
    "Sentiment": "NEUTRAL",
    "SentimentScore": {
        "Positive": 0.004172815475612879,
        "Negative": 0.04057079181075096,
        "Neutral": 0.9506050944328308,
        "Mixed": 0.004651251249015331
    }
}
