{
    "Sentiment": "POSITIVE",
    "SentimentScore": {
        "Positive": 0.5941645503044128,
        "Negative": 0.151468887925148,
        "Neutral": 0.15332476794719696,
        "Mixed": 0.10104171186685562
    }
}
