{
    "Sentiment": "NEUTRAL",
    "SentimentScore": {
        "Positive": 0.0240328349173069,
        "Negative": 0.003249171655625105,
        "Neutral": 0.9714140295982361,
        "Mixed": 0.00130396184977144
    }
}
