{
    "Sentiment": "NEUTRAL",
    "SentimentScore": {
        "Positive": 0.005297185853123665,
        "Negative": 0.006098567508161068,
        "Neutral": 0.9877188205718994,
        "Mixed": 0.0008854060433804989
    }
}
