{
    "Sentiment": "NEUTRAL",
    "SentimentScore": {
        "Positive": 0.0033709879498928785,
        "Negative": 0.030509361997246742,
        "Neutral": 0.9634267687797546,
        "Mixed": 0.002692877547815442
    }
}
