{
    "Sentiment": "NEUTRAL",
    "SentimentScore": {
        "Positive": 0.001551590277813375,
        "Negative": 0.0007228189497254789,
        "Neutral": 0.9976153373718262,
        "Mixed": 0.00011019912199117243
    }
}
