{
    "Sentiment": "NEUTRAL",
    "SentimentScore": {
        "Positive": 0.03513569384813309,
        "Negative": 0.006415506824851036,
        "Neutral": 0.9550102949142456,
        "Mixed": 0.0034384794998914003
    }
}
