{
    "Sentiment": "NEUTRAL",
    "SentimentScore": {
        "Positive": 0.000834769569337368,
        "Negative": 0.0013134472537785769,
        "Neutral": 0.9977055191993713,
        "Mixed": 0.00014629238285124302
    }
}
