{
    "Sentiment": "NEUTRAL",
    "SentimentScore": {
        "Positive": 0.019152432680130005,
        "Negative": 0.08388195931911469,
        "Neutral": 0.8771008253097534,
        "Mixed": 0.019864782691001892
    }
}
