{
    "Sentiment": "NEUTRAL",
    "SentimentScore": {
        "Positive": 0.03755763918161392,
        "Negative": 0.1886984258890152,
        "Neutral": 0.761706531047821,
        "Mixed": 0.012037456966936588
    }
}
