{
    "Sentiment": "NEUTRAL",
    "SentimentScore": {
        "Positive": 0.0027055921964347363,
        "Negative": 0.010649895295500755,
        "Neutral": 0.9856187701225281,
        "Mixed": 0.0010257852263748646
    }
}
