{
    "Sentiment": "NEUTRAL",
    "SentimentScore": {
        "Positive": 0.010454656556248665,
        "Negative": 0.009599222801625729,
        "Neutral": 0.9790231585502625,
        "Mixed": 0.0009229580755345523
    }
}
