{
    "Sentiment": "NEUTRAL",
    "SentimentScore": {
        "Positive": 0.005760375875979662,
        "Negative": 0.0014916261425241828,
        "Neutral": 0.9923499226570129,
        "Mixed": 0.0003980601322837174
    }
}
