{
    "Sentiment": "NEUTRAL",
    "SentimentScore": {
        "Positive": 0.004857514053583145,
        "Negative": 0.01660199835896492,
        "Neutral": 0.9769999980926514,
        "Mixed": 0.0015405049780383706
    }
}
