{
    "Sentiment": "NEUTRAL",
    "SentimentScore": {
        "Positive": 0.004628850147128105,
        "Negative": 0.0016223290003836155,
        "Neutral": 0.9933820962905884,
        "Mixed": 0.0003667192650027573
    }
}
