{
    "Sentiment": "NEUTRAL",
    "SentimentScore": {
        "Positive": 0.10694625973701477,
        "Negative": 0.08041400462388992,
        "Neutral": 0.7909459471702576,
        "Mixed": 0.021693794056773186
    }
}
