{
    "Sentiment": "NEUTRAL",
    "SentimentScore": {
        "Positive": 0.004816189408302307,
        "Negative": 0.01434420607984066,
        "Neutral": 0.977473258972168,
        "Mixed": 0.0033663762733340263
    }
}
