{
    "Sentiment": "NEUTRAL",
    "SentimentScore": {
        "Positive": 0.0076789939776062965,
        "Negative": 0.029367249459028244,
        "Neutral": 0.9602002501487732,
        "Mixed": 0.0027534225955605507
    }
}
