{
    "Sentiment": "NEUTRAL",
    "SentimentScore": {
        "Positive": 0.4198665916919708,
        "Negative": 0.01731390692293644,
        "Neutral": 0.5349606275558472,
        "Mixed": 0.027858832851052284
    }
}
