{
    "Sentiment": "NEUTRAL",
    "SentimentScore": {
        "Positive": 0.01976146548986435,
        "Negative": 0.005928083788603544,
        "Neutral": 0.9729630351066589,
        "Mixed": 0.0013473560102283955
    }
}
