{
    "Sentiment": "NEUTRAL",
    "SentimentScore": {
        "Positive": 0.10564503818750381,
        "Negative": 0.3371579945087433,
        "Neutral": 0.5253576040267944,
        "Mixed": 0.03183940425515175
    }
}
