{
    "Sentiment": "NEUTRAL",
    "SentimentScore": {
        "Positive": 0.34073516726493835,
        "Negative": 0.06257599592208862,
        "Neutral": 0.4562714993953705,
        "Mixed": 0.14041735231876373
    }
}
