{
    "Sentiment": "NEUTRAL",
    "SentimentScore": {
        "Positive": 0.30098238587379456,
        "Negative": 0.002375122858211398,
        "Neutral": 0.6929628252983093,
        "Mixed": 0.003679669229313731
    }
}
