{
    "Sentiment": "NEUTRAL",
    "SentimentScore": {
        "Positive": 0.00811402965337038,
        "Negative": 0.004531710408627987,
        "Neutral": 0.9865497946739197,
        "Mixed": 0.0008045838912948966
    }
}
