{
    "Sentiment": "NEUTRAL",
    "SentimentScore": {
        "Positive": 0.09405703842639923,
        "Negative": 0.06225813180208206,
        "Neutral": 0.8387568593025208,
        "Mixed": 0.004927971865981817
    }
}
