{
    "Sentiment": "NEUTRAL",
    "SentimentScore": {
        "Positive": 0.009500961750745773,
        "Negative": 0.08596093207597733,
        "Neutral": 0.8965303897857666,
        "Mixed": 0.00800768006592989
    }
}
