{
    "Sentiment": "POSITIVE",
    "SentimentScore": {
        "Positive": 0.5584142804145813,
        "Negative": 0.002188736340031028,
        "Neutral": 0.4350762963294983,
        "Mixed": 0.004320689011365175
    }
}
