{
    "Sentiment": "NEUTRAL",
    "SentimentScore": {
        "Positive": 0.004567794501781464,
        "Negative": 0.0017080862307921052,
        "Neutral": 0.9933052659034729,
        "Mixed": 0.0004187913436908275
    }
}
