{
    "Sentiment": "NEUTRAL",
    "SentimentScore": {
        "Positive": 0.003110812045633793,
        "Negative": 0.0007033285801298916,
        "Neutral": 0.9960311055183411,
        "Mixed": 0.0001547617866890505
    }
}
