{
    "Sentiment": "NEUTRAL",
    "SentimentScore": {
        "Positive": 0.06937872618436813,
        "Negative": 0.029680874198675156,
        "Neutral": 0.8907235264778137,
        "Mixed": 0.010216851718723774
    }
}
