{
    "Sentiment": "NEUTRAL",
    "SentimentScore": {
        "Positive": 0.005147818010300398,
        "Negative": 0.0034597900230437517,
        "Neutral": 0.9909204244613647,
        "Mixed": 0.0004719780699815601
    }
}
