{
    "Sentiment": "NEUTRAL",
    "SentimentScore": {
        "Positive": 0.04118138924241066,
        "Negative": 0.06696745753288269,
        "Neutral": 0.8718915581703186,
        "Mixed": 0.01995961181819439
    }
}
