{
    "Sentiment": "NEUTRAL",
    "SentimentScore": {
        "Positive": 0.3546074330806732,
        "Negative": 0.09347192943096161,
        "Neutral": 0.4798734486103058,
        "Mixed": 0.0720471516251564
    }
}
