{
    "Sentiment": "NEUTRAL",
    "SentimentScore": {
        "Positive": 0.010402732528746128,
        "Negative": 0.005760875064879656,
        "Neutral": 0.9820554852485657,
        "Mixed": 0.0017808801494538784
    }
}
