{
    "Sentiment": "NEUTRAL",
    "SentimentScore": {
        "Positive": 0.014900987967848778,
        "Negative": 0.13705970346927643,
        "Neutral": 0.833515465259552,
        "Mixed": 0.01452381070703268
    }
}
