{
    "Sentiment": "POSITIVE",
    "SentimentScore": {
        "Positive": 0.9654366970062256,
        "Negative": 0.0016902937786653638,
        "Neutral": 0.028084879741072655,
        "Mixed": 0.004788156133145094
    }
}
