{
    "Sentiment": "NEUTRAL",
    "SentimentScore": {
        "Positive": 0.027681885287165642,
        "Negative": 0.06604669243097305,
        "Neutral": 0.9028722047805786,
        "Mixed": 0.0033992603421211243
    }
}
