{
    "Sentiment": "NEUTRAL",
    "SentimentScore": {
        "Positive": 0.028341732919216156,
        "Negative": 0.0031005283817648888,
        "Neutral": 0.9669463038444519,
        "Mixed": 0.001611493993550539
    }
}
