{
    "Sentiment": "NEUTRAL",
    "SentimentScore": {
        "Positive": 0.05904906243085861,
        "Negative": 0.019024603068828583,
        "Neutral": 0.9191498160362244,
        "Mixed": 0.0027765834238380194
    }
}
