{
    "Sentiment": "NEUTRAL",
    "SentimentScore": {
        "Positive": 0.012000225484371185,
        "Negative": 0.21310901641845703,
        "Neutral": 0.7436588406562805,
        "Mixed": 0.031231863424181938
    }
}
