{
    "Sentiment": "NEUTRAL",
    "SentimentScore": {
        "Positive": 0.01060463022440672,
        "Negative": 0.08514643460512161,
        "Neutral": 0.8924665451049805,
        "Mixed": 0.011782456189393997
    }
}
