{
    "Sentiment": "NEUTRAL",
    "SentimentScore": {
        "Positive": 0.017513863742351532,
        "Negative": 0.018294882029294968,
        "Neutral": 0.9613293409347534,
        "Mixed": 0.0028619442600756884
    }
}
