{
    "Sentiment": "NEUTRAL",
    "SentimentScore": {
        "Positive": 0.009143942967057228,
        "Negative": 0.0049667032435536385,
        "Neutral": 0.9848132729530334,
        "Mixed": 0.0010760242585092783
    }
}
