{
    "Sentiment": "NEUTRAL",
    "SentimentScore": {
        "Positive": 0.032782334834337234,
        "Negative": 0.007452042773365974,
        "Neutral": 0.9583315849304199,
        "Mixed": 0.0014341144124045968
    }
}
