{
    "Sentiment": "NEUTRAL",
    "SentimentScore": {
        "Positive": 0.005915676709264517,
        "Negative": 0.0030177186708897352,
        "Neutral": 0.990530788898468,
        "Mixed": 0.0005358962807804346
    }
}
