{
    "Sentiment": "NEUTRAL",
    "SentimentScore": {
        "Positive": 0.015877168625593185,
        "Negative": 0.009182306937873363,
        "Neutral": 0.9740517735481262,
        "Mixed": 0.0008887778385542333
    }
}
