{
    "Sentiment": "NEUTRAL",
    "SentimentScore": {
        "Positive": 0.0025054325815290213,
        "Negative": 0.010030990466475487,
        "Neutral": 0.9861710667610168,
        "Mixed": 0.001292455242946744
    }
}
