{
    "Sentiment": "NEUTRAL",
    "SentimentScore": {
        "Positive": 0.0619807168841362,
        "Negative": 0.009112910367548466,
        "Neutral": 0.9243980050086975,
        "Mixed": 0.004508407320827246
    }
}
