{
    "Sentiment": "POSITIVE",
    "SentimentScore": {
        "Positive": 0.48197948932647705,
        "Negative": 0.04501670226454735,
        "Neutral": 0.37580299377441406,
        "Mixed": 0.09720077365636826
    }
}
