{
    "Sentiment": "NEUTRAL",
    "SentimentScore": {
        "Positive": 0.00289403204806149,
        "Negative": 0.05837181955575943,
        "Neutral": 0.9334649443626404,
        "Mixed": 0.005269172601401806
    }
}
