{
    "Sentiment": "NEUTRAL",
    "SentimentScore": {
        "Positive": 0.026913374662399292,
        "Negative": 0.021362077444791794,
        "Neutral": 0.945283055305481,
        "Mixed": 0.006441547069698572
    }
}
