{
    "Sentiment": "NEUTRAL",
    "SentimentScore": {
        "Positive": 0.0073005701415240765,
        "Negative": 0.002309633418917656,
        "Neutral": 0.9899955987930298,
        "Mixed": 0.000394220813177526
    }
}
