{
    "Sentiment": "NEUTRAL",
    "SentimentScore": {
        "Positive": 0.28471890091896057,
        "Negative": 0.004594908095896244,
        "Neutral": 0.7007701992988586,
        "Mixed": 0.009915980510413647
    }
}
