{
    "Sentiment": "NEUTRAL",
    "SentimentScore": {
        "Positive": 0.024177946150302887,
        "Negative": 0.16206766664981842,
        "Neutral": 0.7829821109771729,
        "Mixed": 0.03077227994799614
    }
}
