{
    "Sentiment": "NEUTRAL",
    "SentimentScore": {
        "Positive": 0.023888662457466125,
        "Negative": 0.028965825214982033,
        "Neutral": 0.9365934729576111,
        "Mixed": 0.01055201143026352
    }
}
