{
    "Sentiment": "NEUTRAL",
    "SentimentScore": {
        "Positive": 0.05303877592086792,
        "Negative": 0.038554996252059937,
        "Neutral": 0.9055866003036499,
        "Mixed": 0.0028196347411721945
    }
}
