{
    "Sentiment": "NEUTRAL",
    "SentimentScore": {
        "Positive": 0.021705616265535355,
        "Negative": 0.013215241022408009,
        "Neutral": 0.9628221392631531,
        "Mixed": 0.0022569962311536074
    }
}
