{
    "Sentiment": "NEUTRAL",
    "SentimentScore": {
        "Positive": 0.02840403839945793,
        "Negative": 0.027717318385839462,
        "Neutral": 0.9291156530380249,
        "Mixed": 0.014762990176677704
    }
}
