{
    "Sentiment": "NEUTRAL",
    "SentimentScore": {
        "Positive": 0.009633777663111687,
        "Negative": 0.028810879215598106,
        "Neutral": 0.9561147093772888,
        "Mixed": 0.005440669134259224
    }
}
