{
    "Sentiment": "NEUTRAL",
    "SentimentScore": {
        "Positive": 0.02094119042158127,
        "Negative": 0.007878859527409077,
        "Neutral": 0.9685648083686829,
        "Mixed": 0.002615041099488735
    }
}
