{
    "Sentiment": "NEUTRAL",
    "SentimentScore": {
        "Positive": 0.013963371515274048,
        "Negative": 0.028443703427910805,
        "Neutral": 0.9539048671722412,
        "Mixed": 0.0036881358828395605
    }
}
