{
    "Sentiment": "NEUTRAL",
    "SentimentScore": {
        "Positive": 0.004519220441579819,
        "Negative": 0.1375541388988495,
        "Neutral": 0.8480358719825745,
        "Mixed": 0.009890853427350521
    }
}
