{
    "Sentiment": "NEUTRAL",
    "SentimentScore": {
        "Positive": 0.005940176546573639,
        "Negative": 0.018957164138555527,
        "Neutral": 0.9717133641242981,
        "Mixed": 0.0033892698120325804
    }
}
