{
    "Sentiment": "NEUTRAL",
    "SentimentScore": {
        "Positive": 0.04624887555837631,
        "Negative": 0.05233969911932945,
        "Neutral": 0.8711966872215271,
        "Mixed": 0.03021475300192833
    }
}
