{
    "Sentiment": "NEUTRAL",
    "SentimentScore": {
        "Positive": 0.0015770249301567674,
        "Negative": 0.003016464179381728,
        "Neutral": 0.9950522780418396,
        "Mixed": 0.00035418401239439845
    }
}
