{
    "Sentiment": "NEUTRAL",
    "SentimentScore": {
        "Positive": 0.07060953974723816,
        "Negative": 0.0029994426295161247,
        "Neutral": 0.9245147705078125,
        "Mixed": 0.0018761996179819107
    }
}
