{
    "Sentiment": "NEUTRAL",
    "SentimentScore": {
        "Positive": 0.007083219941705465,
        "Negative": 0.0035479115322232246,
        "Neutral": 0.988824188709259,
        "Mixed": 0.0005446661380119622
    }
}
