{
    "Sentiment": "NEUTRAL",
    "SentimentScore": {
        "Positive": 0.013712105341255665,
        "Negative": 0.051629479974508286,
        "Neutral": 0.9307293891906738,
        "Mixed": 0.003929033875465393
    }
}
