{
    "Sentiment": "NEUTRAL",
    "SentimentScore": {
        "Positive": 0.003559157717972994,
        "Negative": 0.23846085369586945,
        "Neutral": 0.7468501329421997,
        "Mixed": 0.011129811406135559
    }
}
