{
    "Sentiment": "NEUTRAL",
    "SentimentScore": {
        "Positive": 0.012068236246705055,
        "Negative": 0.06149974837899208,
        "Neutral": 0.9176579713821411,
        "Mixed": 0.00877400767058134
    }
}
