{
    "Sentiment": "NEUTRAL",
    "SentimentScore": {
        "Positive": 0.0023384082596749067,
        "Negative": 0.009604073129594326,
        "Neutral": 0.9873881936073303,
        "Mixed": 0.0006694392068311572
    }
}
