{
    "Sentiment": "NEUTRAL",
    "SentimentScore": {
        "Positive": 0.19794829189777374,
        "Negative": 0.010694654658436775,
        "Neutral": 0.7883149981498718,
        "Mixed": 0.0030420462135225534
    }
}
