{
    "Sentiment": "NEUTRAL",
    "SentimentScore": {
        "Positive": 0.007682440336793661,
        "Negative": 0.10036175698041916,
        "Neutral": 0.8784146904945374,
        "Mixed": 0.013541154563426971
    }
}
