{
    "Sentiment": "NEUTRAL",
    "SentimentScore": {
        "Positive": 0.026944266632199287,
        "Negative": 0.0494682639837265,
        "Neutral": 0.9198703765869141,
        "Mixed": 0.00371706229634583
    }
}
