{
    "Sentiment": "NEUTRAL",
    "SentimentScore": {
        "Positive": 0.111726775765419,
        "Negative": 0.26942178606987,
        "Neutral": 0.5778731107711792,
        "Mixed": 0.040978316217660904
    }
}
