{
    "Sentiment": "NEUTRAL",
    "SentimentScore": {
        "Positive": 0.0013324447209015489,
        "Negative": 0.022153187543153763,
        "Neutral": 0.9753028154373169,
        "Mixed": 0.0012114611454308033
    }
}
