{
    "Sentiment": "NEUTRAL",
    "SentimentScore": {
        "Positive": 0.02500253915786743,
        "Negative": 0.005154336802661419,
        "Neutral": 0.9665331840515137,
        "Mixed": 0.003309959080070257
    }
}
