{
    "Sentiment": "NEUTRAL",
    "SentimentScore": {
        "Positive": 0.0020665680058300495,
        "Negative": 0.03227311372756958,
        "Neutral": 0.9636853337287903,
        "Mixed": 0.001975029008463025
    }
}
