{
    "Sentiment": "NEUTRAL",
    "SentimentScore": {
        "Positive": 0.006178065203130245,
        "Negative": 0.03852235898375511,
        "Neutral": 0.9507067799568176,
        "Mixed": 0.0045928736217319965
    }
}
