{
    "Sentiment": "NEUTRAL",
    "SentimentScore": {
        "Positive": 0.0020541464909911156,
        "Negative": 0.021926384419202805,
        "Neutral": 0.973663866519928,
        "Mixed": 0.002355601405724883
    }
}
