{
    "Sentiment": "NEUTRAL",
    "SentimentScore": {
        "Positive": 0.006245902739465237,
        "Negative": 0.013387653976678848,
        "Neutral": 0.9784814715385437,
        "Mixed": 0.0018850050400942564
    }
}
