{
    "Sentiment": "NEUTRAL",
    "SentimentScore": {
        "Positive": 0.011736045591533184,
        "Negative": 0.09266548603773117,
        "Neutral": 0.8785467743873596,
        "Mixed": 0.017051680013537407
    }
}
