{
    "Sentiment": "NEUTRAL",
    "SentimentScore": {
        "Positive": 0.19147838652133942,
        "Negative": 0.034610405564308167,
        "Neutral": 0.7674254775047302,
        "Mixed": 0.006485797464847565
    }
}
