{
    "Sentiment": "NEUTRAL",
    "SentimentScore": {
        "Positive": 0.007606592960655689,
        "Negative": 0.0036075501702725887,
        "Neutral": 0.9878666400909424,
        "Mixed": 0.0009192723664455116
    }
}
