{
    "Sentiment": "NEUTRAL",
    "SentimentScore": {
        "Positive": 0.04037695750594139,
        "Negative": 0.13407699763774872,
        "Neutral": 0.7937940359115601,
        "Mixed": 0.031752001494169235
    }
}
