{
    "Sentiment": "NEUTRAL",
    "SentimentScore": {
        "Positive": 0.004889592994004488,
        "Negative": 0.2811368703842163,
        "Neutral": 0.7025412321090698,
        "Mixed": 0.011432290077209473
    }
}
