{
    "Sentiment": "NEUTRAL",
    "SentimentScore": {
        "Positive": 0.04283357784152031,
        "Negative": 0.15015335381031036,
        "Neutral": 0.7409955263137817,
        "Mixed": 0.06601762026548386
    }
}
