{
    "Sentiment": "NEUTRAL",
    "SentimentScore": {
        "Positive": 0.01770598441362381,
        "Negative": 0.03382029011845589,
        "Neutral": 0.9377906918525696,
        "Mixed": 0.010683096945285797
    }
}
