{
    "Sentiment": "NEUTRAL",
    "SentimentScore": {
        "Positive": 0.0038434970192611217,
        "Negative": 0.002816460793837905,
        "Neutral": 0.992918074131012,
        "Mixed": 0.0004219179099891335
    }
}
