{
    "Sentiment": "NEUTRAL",
    "SentimentScore": {
        "Positive": 0.04607701301574707,
        "Negative": 0.17539526522159576,
        "Neutral": 0.7558460831642151,
        "Mixed": 0.02268163673579693
    }
}
