{
    "Sentiment": "NEUTRAL",
    "SentimentScore": {
        "Positive": 0.0031184041872620583,
        "Negative": 0.026022018864750862,
        "Neutral": 0.9685227274894714,
        "Mixed": 0.0023368659894913435
    }
}
