{
    "Sentiment": "NEUTRAL",
    "SentimentScore": {
        "Positive": 0.0047464254312217236,
        "Negative": 0.003198479302227497,
        "Neutral": 0.9916340112686157,
        "Mixed": 0.00042103201849386096
    }
}
