{
    "Sentiment": "NEUTRAL",
    "SentimentScore": {
        "Positive": 0.005800025071948767,
        "Negative": 0.1065611019730568,
        "Neutral": 0.8829870820045471,
        "Mixed": 0.004651741590350866
    }
}
