{
    "Sentiment": "NEUTRAL",
    "SentimentScore": {
        "Positive": 0.0035589379258453846,
        "Negative": 0.03798871487379074,
        "Neutral": 0.9562109112739563,
        "Mixed": 0.002241334179416299
    }
}
