{
    "Sentiment": "NEUTRAL",
    "SentimentScore": {
        "Positive": 0.006366295740008354,
        "Negative": 0.1149207204580307,
        "Neutral": 0.8658410310745239,
        "Mixed": 0.01287198904901743
    }
}
