{
    "Sentiment": "NEUTRAL",
    "SentimentScore": {
        "Positive": 0.004930232651531696,
        "Negative": 0.0023515361826866865,
        "Neutral": 0.9920052886009216,
        "Mixed": 0.0007129241712391376
    }
}
