{
    "Sentiment": "POSITIVE",
    "SentimentScore": {
        "Positive": 0.5589787364006042,
        "Negative": 0.0009647739352658391,
        "Neutral": 0.4366322159767151,
        "Mixed": 0.0034243520349264145
    }
}
