{
    "Sentiment": "NEUTRAL",
    "SentimentScore": {
        "Positive": 0.006945680361241102,
        "Negative": 0.14153635501861572,
        "Neutral": 0.8348332047462463,
        "Mixed": 0.016684694215655327
    }
}
