{
    "Sentiment": "NEUTRAL",
    "SentimentScore": {
        "Positive": 0.009330600500106812,
        "Negative": 0.12250711023807526,
        "Neutral": 0.8429390788078308,
        "Mixed": 0.025223098695278168
    }
}
