{
    "Sentiment": "NEUTRAL",
    "SentimentScore": {
        "Positive": 0.00266363937407732,
        "Negative": 0.029611872509121895,
        "Neutral": 0.9656742215156555,
        "Mixed": 0.002050235169008374
    }
}
