{
    "Sentiment": "NEUTRAL",
    "SentimentScore": {
        "Positive": 0.005915757734328508,
        "Negative": 0.001987899886444211,
        "Neutral": 0.9917136430740356,
        "Mixed": 0.0003827243053819984
    }
}
