{
    "Sentiment": "NEUTRAL",
    "SentimentScore": {
        "Positive": 0.16549183428287506,
        "Negative": 0.0081258499994874,
        "Neutral": 0.8206508755683899,
        "Mixed": 0.005731374956667423
    }
}
