{
    "Sentiment": "NEUTRAL",
    "SentimentScore": {
        "Positive": 0.0032507292926311493,
        "Negative": 0.009249689057469368,
        "Neutral": 0.9863922595977783,
        "Mixed": 0.0011073664063587785
    }
}
