{
    "Sentiment": "NEUTRAL",
    "SentimentScore": {
        "Positive": 0.03610537573695183,
        "Negative": 0.0009613207657821476,
        "Neutral": 0.9617972373962402,
        "Mixed": 0.0011360668577253819
    }
}
