{
    "Sentiment": "NEUTRAL",
    "SentimentScore": {
        "Positive": 0.412911981344223,
        "Negative": 0.028326410800218582,
        "Neutral": 0.5466610789299011,
        "Mixed": 0.012100517749786377
    }
}
