{
    "Sentiment": "NEUTRAL",
    "SentimentScore": {
        "Positive": 0.02061028592288494,
        "Negative": 0.04783810302615166,
        "Neutral": 0.9214252233505249,
        "Mixed": 0.010126362554728985
    }
}
