{
    "Sentiment": "NEUTRAL",
    "SentimentScore": {
        "Positive": 0.00456082820892334,
        "Negative": 0.009224405512213707,
        "Neutral": 0.985355019569397,
        "Mixed": 0.0008597230189479887
    }
}
