{
    "Sentiment": "NEUTRAL",
    "SentimentScore": {
        "Positive": 0.42621418833732605,
        "Negative": 0.009483221918344498,
        "Neutral": 0.546122670173645,
        "Mixed": 0.01817994751036167
    }
}
