{
    "Sentiment": "NEUTRAL",
    "SentimentScore": {
        "Positive": 0.0058227102272212505,
        "Negative": 0.006676340010017157,
        "Neutral": 0.9866445660591125,
        "Mixed": 0.0008563409792259336
    }
}
