{
    "Sentiment": "NEUTRAL",
    "SentimentScore": {
        "Positive": 0.4473716914653778,
        "Negative": 0.005375513806939125,
        "Neutral": 0.5344251990318298,
        "Mixed": 0.012827561236917973
    }
}
