{
    "Sentiment": "NEUTRAL",
    "SentimentScore": {
        "Positive": 0.010342790745198727,
        "Negative": 0.06396669149398804,
        "Neutral": 0.918663740158081,
        "Mixed": 0.007026818580925465
    }
}
