{
    "Sentiment": "NEUTRAL",
    "SentimentScore": {
        "Positive": 0.07903021574020386,
        "Negative": 0.008992909453809261,
        "Neutral": 0.9087746739387512,
        "Mixed": 0.0032022485975176096
    }
}
