{
    "Sentiment": "NEUTRAL",
    "SentimentScore": {
        "Positive": 0.005774502642452717,
        "Negative": 0.04251556098461151,
        "Neutral": 0.9475658535957336,
        "Mixed": 0.00414406368508935
    }
}
