{
    "Sentiment": "NEUTRAL",
    "SentimentScore": {
        "Positive": 0.008445869199931622,
        "Negative": 0.07117683440446854,
        "Neutral": 0.9091567993164062,
        "Mixed": 0.011220518499612808
    }
}
