{
    "Sentiment": "NEUTRAL",
    "SentimentScore": {
        "Positive": 0.07883713394403458,
        "Negative": 0.005550193600356579,
        "Neutral": 0.9139450192451477,
        "Mixed": 0.0016676523955538869
    }
}
