{
    "Sentiment": "NEUTRAL",
    "SentimentScore": {
        "Positive": 0.002501338254660368,
        "Negative": 0.02905398979783058,
        "Neutral": 0.9660193920135498,
        "Mixed": 0.0024252785369753838
    }
}
