{
    "Sentiment": "NEUTRAL",
    "SentimentScore": {
        "Positive": 0.4768811762332916,
        "Negative": 0.009559460915625095,
        "Neutral": 0.5054346323013306,
        "Mixed": 0.008124719373881817
    }
}
