{
    "Sentiment": "NEUTRAL",
    "SentimentScore": {
        "Positive": 0.4266830086708069,
        "Negative": 0.002043962711468339,
        "Neutral": 0.5663800239562988,
        "Mixed": 0.004893011879175901
    }
}
