{
    "Sentiment": "POSITIVE",
    "SentimentScore": {
        "Positive": 0.5871918201446533,
        "Negative": 0.013260805048048496,
        "Neutral": 0.39147064089775085,
        "Mixed": 0.008076752535998821
    }
}
