{
    "Sentiment": "NEUTRAL",
    "SentimentScore": {
        "Positive": 0.00362995988689363,
        "Negative": 0.031433701515197754,
        "Neutral": 0.9626287817955017,
        "Mixed": 0.002307562856003642
    }
}
