{
    "Sentiment": "NEUTRAL",
    "SentimentScore": {
        "Positive": 0.31175944209098816,
        "Negative": 0.010733858682215214,
        "Neutral": 0.6733239889144897,
        "Mixed": 0.004182687494903803
    }
}
