{
    "Sentiment": "NEUTRAL",
    "SentimentScore": {
        "Positive": 0.0026536360383033752,
        "Negative": 0.07626152038574219,
        "Neutral": 0.9184874296188354,
        "Mixed": 0.002597478684037924
    }
}
