{
    "Sentiment": "NEUTRAL",
    "SentimentScore": {
        "Positive": 0.005527126602828503,
        "Negative": 0.019713742658495903,
        "Neutral": 0.9716848731040955,
        "Mixed": 0.003074228297919035
    }
}
