{
    "Sentiment": "NEUTRAL",
    "SentimentScore": {
        "Positive": 0.005117553751915693,
        "Negative": 0.05739621818065643,
        "Neutral": 0.9353080987930298,
        "Mixed": 0.002178129507228732
    }
}
