{
    "Sentiment": "NEUTRAL",
    "SentimentScore": {
        "Positive": 0.002156428759917617,
        "Negative": 0.02672691084444523,
        "Neutral": 0.9689397811889648,
        "Mixed": 0.002176803769543767
    }
}
