{
    "Sentiment": "NEUTRAL",
    "SentimentScore": {
        "Positive": 0.24922841787338257,
        "Negative": 0.31432050466537476,
        "Neutral": 0.3704078197479248,
        "Mixed": 0.06604320555925369
    }
}
