{
    "Sentiment": "NEUTRAL",
    "SentimentScore": {
        "Positive": 0.17329925298690796,
        "Negative": 0.00502941245213151,
        "Neutral": 0.8169305324554443,
        "Mixed": 0.004740786273032427
    }
}
