{
    "Sentiment": "NEUTRAL",
    "SentimentScore": {
        "Positive": 0.03158749267458916,
        "Negative": 0.0056280274875462055,
        "Neutral": 0.9603793025016785,
        "Mixed": 0.0024051168002188206
    }
}
