{
    "Sentiment": "NEUTRAL",
    "SentimentScore": {
        "Positive": 0.004065006971359253,
        "Negative": 0.0019141635857522488,
        "Neutral": 0.9937073588371277,
        "Mixed": 0.0003134641738142818
    }
}
