{
    "Sentiment": "NEUTRAL",
    "SentimentScore": {
        "Positive": 0.005448952782899141,
        "Negative": 0.0045453691855072975,
        "Neutral": 0.9894261360168457,
        "Mixed": 0.000579605286475271
    }
}
