{
    "Sentiment": "NEUTRAL",
    "SentimentScore": {
        "Positive": 0.007774982135742903,
        "Negative": 0.05666609853506088,
        "Neutral": 0.9297319650650024,
        "Mixed": 0.005826898384839296
    }
}
