{
    "Sentiment": "NEUTRAL",
    "SentimentScore": {
        "Positive": 0.10860749334096909,
        "Negative": 0.005982968956232071,
        "Neutral": 0.8816931247711182,
        "Mixed": 0.0037164108362048864
    }
}
