{
    "Sentiment": "NEUTRAL",
    "SentimentScore": {
        "Positive": 0.04751184582710266,
        "Negative": 0.022595809772610664,
        "Neutral": 0.9259670972824097,
        "Mixed": 0.003925252240151167
    }
}
