{
    "Sentiment": "POSITIVE",
    "SentimentScore": {
        "Positive": 0.42240768671035767,
        "Negative": 0.13710443675518036,
        "Neutral": 0.3800339698791504,
        "Mixed": 0.060453854501247406
    }
}
