{
    "Sentiment": "NEUTRAL",
    "SentimentScore": {
        "Positive": 0.009656255133450031,
        "Negative": 0.018045524135231972,
        "Neutral": 0.9693623781204224,
        "Mixed": 0.0029357895255088806
    }
}
