{
    "Sentiment": "NEUTRAL",
    "SentimentScore": {
        "Positive": 0.05029188469052315,
        "Negative": 0.04777254909276962,
        "Neutral": 0.8877752423286438,
        "Mixed": 0.01416028942912817
    }
}
