{
    "Sentiment": "NEUTRAL",
    "SentimentScore": {
        "Positive": 0.0028300508856773376,
        "Negative": 0.0309244804084301,
        "Neutral": 0.9642984867095947,
        "Mixed": 0.0019470021361485124
    }
}
