{
    "Sentiment": "NEUTRAL",
    "SentimentScore": {
        "Positive": 0.06210704147815704,
        "Negative": 0.003169722156599164,
        "Neutral": 0.9319042563438416,
        "Mixed": 0.0028189243748784065
    }
}
