{
    "Sentiment": "NEUTRAL",
    "SentimentScore": {
        "Positive": 0.0014069502940401435,
        "Negative": 0.00257236254401505,
        "Neutral": 0.9957310557365417,
        "Mixed": 0.00028962240321561694
    }
}
