{
    "Sentiment": "NEUTRAL",
    "SentimentScore": {
        "Positive": 0.02587241865694523,
        "Negative": 0.04014088213443756,
        "Neutral": 0.9253999590873718,
        "Mixed": 0.008586841635406017
    }
}
