{
    "Sentiment": "NEUTRAL",
    "SentimentScore": {
        "Positive": 0.0071327765472233295,
        "Negative": 0.004809491336345673,
        "Neutral": 0.9871659874916077,
        "Mixed": 0.0008917645900510252
    }
}
