{
    "Sentiment": "NEUTRAL",
    "SentimentScore": {
        "Positive": 0.002910049632191658,
        "Negative": 0.048588261008262634,
        "Neutral": 0.9465333223342896,
        "Mixed": 0.0019684156868606806
    }
}
