{
    "Sentiment": "NEUTRAL",
    "SentimentScore": {
        "Positive": 0.004204827826470137,
        "Negative": 0.006153078284114599,
        "Neutral": 0.988599419593811,
        "Mixed": 0.001042746938765049
    }
}
