{
    "Sentiment": "NEUTRAL",
    "SentimentScore": {
        "Positive": 0.11844784021377563,
        "Negative": 0.06466826051473618,
        "Neutral": 0.8067516088485718,
        "Mixed": 0.01013229601085186
    }
}
