{
    "Sentiment": "NEUTRAL",
    "SentimentScore": {
        "Positive": 0.010994150303304195,
        "Negative": 0.0018234852468594909,
        "Neutral": 0.9864072799682617,
        "Mixed": 0.000775082444306463
    }
}
