{
    "Sentiment": "NEUTRAL",
    "SentimentScore": {
        "Positive": 0.004161636345088482,
        "Negative": 0.15630315244197845,
        "Neutral": 0.8297812342643738,
        "Mixed": 0.009753999300301075
    }
}
