{
    "Sentiment": "NEUTRAL",
    "SentimentScore": {
        "Positive": 0.409999817609787,
        "Negative": 0.041434213519096375,
        "Neutral": 0.46125584840774536,
        "Mixed": 0.08731010556221008
    }
}
