{
    "Sentiment": "NEUTRAL",
    "SentimentScore": {
        "Positive": 0.02891654521226883,
        "Negative": 0.0032195686362683773,
        "Neutral": 0.9656150341033936,
        "Mixed": 0.0022488003596663475
    }
}
