{
    "Sentiment": "NEUTRAL",
    "SentimentScore": {
        "Positive": 0.05561887100338936,
        "Negative": 0.027299245819449425,
        "Neutral": 0.9055942893028259,
        "Mixed": 0.011487488634884357
    }
}
