{
    "Sentiment": "NEUTRAL",
    "SentimentScore": {
        "Positive": 0.016892926767468452,
        "Negative": 0.026733096688985825,
        "Neutral": 0.9549918174743652,
        "Mixed": 0.0013821386964991689
    }
}
