{
    "Sentiment": "NEUTRAL",
    "SentimentScore": {
        "Positive": 0.005985403899103403,
        "Negative": 0.013380925171077251,
        "Neutral": 0.9789745807647705,
        "Mixed": 0.0016590501181781292
    }
}
