{
    "Sentiment": "NEUTRAL",
    "SentimentScore": {
        "Positive": 0.05562582239508629,
        "Negative": 0.06830532848834991,
        "Neutral": 0.8693450093269348,
        "Mixed": 0.006723897997289896
    }
}
