{
    "Sentiment": "NEUTRAL",
    "SentimentScore": {
        "Positive": 0.04611017554998398,
        "Negative": 0.0045852442272007465,
        "Neutral": 0.9478461146354675,
        "Mixed": 0.0014583664014935493
    }
}
