{
    "Sentiment": "NEUTRAL",
    "SentimentScore": {
        "Positive": 0.011726079508662224,
        "Negative": 0.003089682664722204,
        "Neutral": 0.9835909008979797,
        "Mixed": 0.001593379070982337
    }
}
