{
    "Sentiment": "NEUTRAL",
    "SentimentScore": {
        "Positive": 0.03380881994962692,
        "Negative": 0.0026934004854410887,
        "Neutral": 0.9620212912559509,
        "Mixed": 0.0014764789957553148
    }
}
