{
    "Sentiment": "NEUTRAL",
    "SentimentScore": {
        "Positive": 0.038309596478939056,
        "Negative": 0.1674589365720749,
        "Neutral": 0.7716929316520691,
        "Mixed": 0.02253841608762741
    }
}
