{
    "Sentiment": "NEUTRAL",
    "SentimentScore": {
        "Positive": 0.01825774647295475,
        "Negative": 0.1610177904367447,
        "Neutral": 0.8083809018135071,
        "Mixed": 0.012343545444309711
    }
}
