{
    "Sentiment": "NEUTRAL",
    "SentimentScore": {
        "Positive": 0.0036547884810715914,
        "Negative": 0.005254858639091253,
        "Neutral": 0.989995002746582,
        "Mixed": 0.0010952576994895935
    }
}
