{
    "Sentiment": "NEUTRAL",
    "SentimentScore": {
        "Positive": 0.0052253445610404015,
        "Negative": 0.16594503819942474,
        "Neutral": 0.8131324648857117,
        "Mixed": 0.015697157010436058
    }
}
