{
    "Sentiment": "NEUTRAL",
    "SentimentScore": {
        "Positive": 0.008474811911582947,
        "Negative": 0.0035646602045744658,
        "Neutral": 0.9870561361312866,
        "Mixed": 0.0009043670143000782
    }
}
