{
    "Sentiment": "NEUTRAL",
    "SentimentScore": {
        "Positive": 0.0022235852666199207,
        "Negative": 0.015338137745857239,
        "Neutral": 0.9816853404045105,
        "Mixed": 0.0007529336144216359
    }
}
