{
    "Sentiment": "NEUTRAL",
    "SentimentScore": {
        "Positive": 0.0024997908622026443,
        "Negative": 0.004159059375524521,
        "Neutral": 0.9929746389389038,
        "Mixed": 0.00036646262742578983
    }
}
