{
    "Sentiment": "NEUTRAL",
    "SentimentScore": {
        "Positive": 0.0024352455511689186,
        "Negative": 0.017778312787413597,
        "Neutral": 0.9784985184669495,
        "Mixed": 0.0012879327405244112
    }
}
