{
    "Sentiment": "NEUTRAL",
    "SentimentScore": {
        "Positive": 0.0014500373508781195,
        "Negative": 0.09952516853809357,
        "Neutral": 0.8950493931770325,
        "Mixed": 0.003975383937358856
    }
}
