{
    "Sentiment": "NEUTRAL",
    "SentimentScore": {
        "Positive": 0.010585161857306957,
        "Negative": 0.004046774469316006,
        "Neutral": 0.9845035076141357,
        "Mixed": 0.0008644396439194679
    }
}
