{
    "Sentiment": "POSITIVE",
    "SentimentScore": {
        "Positive": 0.9241799712181091,
        "Negative": 0.0005488799070008099,
        "Neutral": 0.07262800633907318,
        "Mixed": 0.002643061801791191
    }
}
