{
    "Sentiment": "NEUTRAL",
    "SentimentScore": {
        "Positive": 0.0018157310551032424,
        "Negative": 0.018451618030667305,
        "Neutral": 0.9777323007583618,
        "Mixed": 0.002000329550355673
    }
}
