{
    "Sentiment": "NEUTRAL",
    "SentimentScore": {
        "Positive": 0.0015679150819778442,
        "Negative": 0.18408888578414917,
        "Neutral": 0.8077061176300049,
        "Mixed": 0.006637118756771088
    }
}
