{
    "Sentiment": "NEUTRAL",
    "SentimentScore": {
        "Positive": 0.01421443559229374,
        "Negative": 0.10584788769483566,
        "Neutral": 0.8490859270095825,
        "Mixed": 0.030851757153868675
    }
}
