{
    "Sentiment": "NEUTRAL",
    "SentimentScore": {
        "Positive": 0.01917366310954094,
        "Negative": 0.007858260534703732,
        "Neutral": 0.9709739685058594,
        "Mixed": 0.001994123449549079
    }
}
