{
    "Sentiment": "NEUTRAL",
    "SentimentScore": {
        "Positive": 0.0014231179375201464,
        "Negative": 0.009276854805648327,
        "Neutral": 0.9888671040534973,
        "Mixed": 0.0004329629591666162
    }
}
