{
    "Sentiment": "POSITIVE",
    "SentimentScore": {
        "Positive": 0.8164836764335632,
        "Negative": 0.0009218612685799599,
        "Neutral": 0.1784018576145172,
        "Mixed": 0.004192560911178589
    }
}
