{
    "Sentiment": "NEUTRAL",
    "SentimentScore": {
        "Positive": 0.02269607223570347,
        "Negative": 0.14901167154312134,
        "Neutral": 0.8025845885276794,
        "Mixed": 0.025707650929689407
    }
}
