{
    "Sentiment": "NEUTRAL",
    "SentimentScore": {
        "Positive": 0.0028577642515301704,
        "Negative": 0.04105450212955475,
        "Neutral": 0.9540418982505798,
        "Mixed": 0.0020458160433918238
    }
}
