{
    "Sentiment": "NEUTRAL",
    "SentimentScore": {
        "Positive": 0.0016815140843391418,
        "Negative": 0.016659695655107498,
        "Neutral": 0.9804272651672363,
        "Mixed": 0.0012314674677327275
    }
}
