{
    "Sentiment": "NEUTRAL",
    "SentimentScore": {
        "Positive": 0.02092069387435913,
        "Negative": 0.20792452991008759,
        "Neutral": 0.7173246741294861,
        "Mixed": 0.053830090910196304
    }
}
