{
    "Sentiment": "NEUTRAL",
    "SentimentScore": {
        "Positive": 0.0035058329813182354,
        "Negative": 0.014889974147081375,
        "Neutral": 0.9792973399162292,
        "Mixed": 0.0023069761227816343
    }
}
