{
    "Sentiment": "NEUTRAL",
    "SentimentScore": {
        "Positive": 0.0016548464773222804,
        "Negative": 0.06035913899540901,
        "Neutral": 0.9355855584144592,
        "Mixed": 0.002400497440248728
    }
}
