{
    "Sentiment": "NEUTRAL",
    "SentimentScore": {
        "Positive": 0.002075907541438937,
        "Negative": 0.0005543191218748689,
        "Neutral": 0.9972327351570129,
        "Mixed": 0.00013702733849640936
    }
}
