{
    "Sentiment": "NEUTRAL",
    "SentimentScore": {
        "Positive": 0.01840255595743656,
        "Negative": 0.18031662702560425,
        "Neutral": 0.7823932766914368,
        "Mixed": 0.01888752356171608
    }
}
