{
    "Sentiment": "NEUTRAL",
    "SentimentScore": {
        "Positive": 0.013297304511070251,
        "Negative": 0.0023533704224973917,
        "Neutral": 0.9836680293083191,
        "Mixed": 0.0006813281797803938
    }
}
