{
    "Sentiment": "NEUTRAL",
    "SentimentScore": {
        "Positive": 0.40493008494377136,
        "Negative": 0.009763531386852264,
        "Neutral": 0.5756442546844482,
        "Mixed": 0.009662131778895855
    }
}
