{
    "Sentiment": "NEUTRAL",
    "SentimentScore": {
        "Positive": 0.11551997065544128,
        "Negative": 0.0026949867606163025,
        "Neutral": 0.8797707557678223,
        "Mixed": 0.0020142290741205215
    }
}
