{
    "Sentiment": "POSITIVE",
    "SentimentScore": {
        "Positive": 0.5045640468597412,
        "Negative": 0.001640709931962192,
        "Neutral": 0.4869953393936157,
        "Mixed": 0.006799950730055571
    }
}
