{
    "Sentiment": "NEUTRAL",
    "SentimentScore": {
        "Positive": 0.0025367396883666515,
        "Negative": 0.02521333284676075,
        "Neutral": 0.9679812788963318,
        "Mixed": 0.0042687077075243
    }
}
