{
    "Sentiment": "NEUTRAL",
    "SentimentScore": {
        "Positive": 0.0010493315057829022,
        "Negative": 0.07470578700304031,
        "Neutral": 0.9215638637542725,
        "Mixed": 0.002680965233594179
    }
}
