{
    "Sentiment": "POSITIVE",
    "SentimentScore": {
        "Positive": 0.491379976272583,
        "Negative": 0.017558977007865906,
        "Neutral": 0.4853939116001129,
        "Mixed": 0.005667124409228563
    }
}
