{
    "Sentiment": "NEUTRAL",
    "SentimentScore": {
        "Positive": 0.009923089295625687,
        "Negative": 0.11037619411945343,
        "Neutral": 0.8670951724052429,
        "Mixed": 0.012605593539774418
    }
}
