{
    "Sentiment": "NEUTRAL",
    "SentimentScore": {
        "Positive": 0.05329974740743637,
        "Negative": 0.08731070905923843,
        "Neutral": 0.8389851450920105,
        "Mixed": 0.020404396578669548
    }
}
