{
    "Sentiment": "NEUTRAL",
    "SentimentScore": {
        "Positive": 0.023166751489043236,
        "Negative": 0.006922096014022827,
        "Neutral": 0.9673841595649719,
        "Mixed": 0.0025270499754697084
    }
}
