{
    "Sentiment": "NEUTRAL",
    "SentimentScore": {
        "Positive": 0.0024965195916593075,
        "Negative": 0.02719648741185665,
        "Neutral": 0.969276487827301,
        "Mixed": 0.0010305752512067556
    }
}
