{
    "Sentiment": "NEUTRAL",
    "SentimentScore": {
        "Positive": 0.024545008316636086,
        "Negative": 0.3199092149734497,
        "Neutral": 0.6367793083190918,
        "Mixed": 0.01876642182469368
    }
}
