{
    "Sentiment": "NEUTRAL",
    "SentimentScore": {
        "Positive": 0.0015270583098754287,
        "Negative": 0.020380470901727676,
        "Neutral": 0.9773280620574951,
        "Mixed": 0.0007644409779459238
    }
}
