{
    "Sentiment": "NEUTRAL",
    "SentimentScore": {
        "Positive": 0.03679545223712921,
        "Negative": 0.010915994644165039,
        "Neutral": 0.9486880302429199,
        "Mixed": 0.003600480267778039
    }
}
