{
    "Sentiment": "NEUTRAL",
    "SentimentScore": {
        "Positive": 0.013249671086668968,
        "Negative": 0.03506472706794739,
        "Neutral": 0.9452043175697327,
        "Mixed": 0.006481268908828497
    }
}
