{
    "Sentiment": "NEUTRAL",
    "SentimentScore": {
        "Positive": 0.0068341465666890144,
        "Negative": 0.036139342933893204,
        "Neutral": 0.9544022679328918,
        "Mixed": 0.0026242858730256557
    }
}
