{
    "Sentiment": "NEUTRAL",
    "SentimentScore": {
        "Positive": 0.0210524033755064,
        "Negative": 0.009306538850069046,
        "Neutral": 0.9679447412490845,
        "Mixed": 0.0016963649541139603
    }
}
