{
    "Sentiment": "NEUTRAL",
    "SentimentScore": {
        "Positive": 0.027926091104745865,
        "Negative": 0.04939552769064903,
        "Neutral": 0.9098262190818787,
        "Mixed": 0.012852177955210209
    }
}
