{
    "Sentiment": "NEUTRAL",
    "SentimentScore": {
        "Positive": 0.004996512085199356,
        "Negative": 0.21951456367969513,
        "Neutral": 0.7584683895111084,
        "Mixed": 0.01702049933373928
    }
}
