{
    "Sentiment": "NEUTRAL",
    "SentimentScore": {
        "Positive": 0.02521522529423237,
        "Negative": 0.06998170167207718,
        "Neutral": 0.8887674808502197,
        "Mixed": 0.016035504639148712
    }
}
