{
    "Sentiment": "NEUTRAL",
    "SentimentScore": {
        "Positive": 0.006959770806133747,
        "Negative": 0.003531545167788863,
        "Neutral": 0.9890079498291016,
        "Mixed": 0.0005006680730730295
    }
}
