{
    "Sentiment": "POSITIVE",
    "SentimentScore": {
        "Positive": 0.7523772716522217,
        "Negative": 0.0005361383082345128,
        "Neutral": 0.24461619555950165,
        "Mixed": 0.0024703412782400846
    }
}
