{
    "Sentiment": "NEUTRAL",
    "SentimentScore": {
        "Positive": 0.003137193387374282,
        "Negative": 0.001122577814385295,
        "Neutral": 0.9954831600189209,
        "Mixed": 0.0002570060605648905
    }
}
