{
    "Sentiment": "NEUTRAL",
    "SentimentScore": {
        "Positive": 0.06019427999854088,
        "Negative": 0.01776396855711937,
        "Neutral": 0.9193906784057617,
        "Mixed": 0.002651094226166606
    }
}
