{
    "Sentiment": "NEUTRAL",
    "SentimentScore": {
        "Positive": 0.003461486892774701,
        "Negative": 0.1401655375957489,
        "Neutral": 0.8493440747261047,
        "Mixed": 0.007028893567621708
    }
}
