{
    "Sentiment": "NEGATIVE",
    "SentimentScore": {
        "Positive": 0.00837298296391964,
        "Negative": 0.6075358390808105,
        "Neutral": 0.3699597716331482,
        "Mixed": 0.014131329022347927
    }
}
