{
    "Sentiment": "NEUTRAL",
    "SentimentScore": {
        "Positive": 0.0019620691891759634,
        "Negative": 0.0259363055229187,
        "Neutral": 0.9707627892494202,
        "Mixed": 0.0013388554798439145
    }
}
