{
    "Sentiment": "NEUTRAL",
    "SentimentScore": {
        "Positive": 0.011221799999475479,
        "Negative": 0.011438891291618347,
        "Neutral": 0.9753621220588684,
        "Mixed": 0.0019771961960941553
    }
}
