{
    "Sentiment": "NEUTRAL",
    "SentimentScore": {
        "Positive": 0.021725792437791824,
        "Negative": 0.0033040873240679502,
        "Neutral": 0.9732619524002075,
        "Mixed": 0.0017081652767956257
    }
}
