{
    "Sentiment": "NEUTRAL",
    "SentimentScore": {
        "Positive": 0.022578813135623932,
        "Negative": 0.1022954061627388,
        "Neutral": 0.8685247302055359,
        "Mixed": 0.006601044908165932
    }
}
