{
    "Sentiment": "NEUTRAL",
    "SentimentScore": {
        "Positive": 0.002043253742158413,
        "Negative": 0.02500382624566555,
        "Neutral": 0.9706510305404663,
        "Mixed": 0.002301886212080717
    }
}
