{
    "Sentiment": "NEUTRAL",
    "SentimentScore": {
        "Positive": 0.3630329370498657,
        "Negative": 0.0018737033242359757,
        "Neutral": 0.6296612024307251,
        "Mixed": 0.00543210981413722
    }
}
