{
    "Sentiment": "NEUTRAL",
    "SentimentScore": {
        "Positive": 0.002884830581024289,
        "Negative": 0.02239072136580944,
        "Neutral": 0.9722112417221069,
        "Mixed": 0.0025132379960268736
    }
}
