{
    "Sentiment": "NEUTRAL",
    "SentimentScore": {
        "Positive": 0.004562895279377699,
        "Negative": 0.004681358113884926,
        "Neutral": 0.9900795221328735,
        "Mixed": 0.0006763300043530762
    }
}
