{
    "Sentiment": "NEUTRAL",
    "SentimentScore": {
        "Positive": 0.0014597049448639154,
        "Negative": 0.008213547058403492,
        "Neutral": 0.9896951913833618,
        "Mixed": 0.0006315497448667884
    }
}
