{
    "Sentiment": "NEUTRAL",
    "SentimentScore": {
        "Positive": 0.005462757311761379,
        "Negative": 0.0685441866517067,
        "Neutral": 0.9213547706604004,
        "Mixed": 0.004638251382857561
    }
}
