{
    "Sentiment": "NEUTRAL",
    "SentimentScore": {
        "Positive": 0.014720304869115353,
        "Negative": 0.005494934506714344,
        "Neutral": 0.9780639410018921,
        "Mixed": 0.0017207982018589973
    }
}
