{
    "Sentiment": "NEUTRAL",
    "SentimentScore": {
        "Positive": 0.07823792099952698,
        "Negative": 0.0138253690674901,
        "Neutral": 0.9042900800704956,
        "Mixed": 0.0036466128658503294
    }
}
