{
    "Sentiment": "NEUTRAL",
    "SentimentScore": {
        "Positive": 0.19126881659030914,
        "Negative": 0.15514765679836273,
        "Neutral": 0.6365661025047302,
        "Mixed": 0.017017323523759842
    }
}
