{
    "Sentiment": "NEUTRAL",
    "SentimentScore": {
        "Positive": 0.00879480317234993,
        "Negative": 0.019189678132534027,
        "Neutral": 0.9697377681732178,
        "Mixed": 0.0022777256090193987
    }
}
