{
    "Sentiment": "NEUTRAL",
    "SentimentScore": {
        "Positive": 0.00456616748124361,
        "Negative": 0.09934703260660172,
        "Neutral": 0.886749267578125,
        "Mixed": 0.009337617084383965
    }
}
