{
    "Sentiment": "NEUTRAL",
    "SentimentScore": {
        "Positive": 0.04621787741780281,
        "Negative": 0.003743054112419486,
        "Neutral": 0.9476445317268372,
        "Mixed": 0.002394620096310973
    }
}
