{
    "Sentiment": "NEUTRAL",
    "SentimentScore": {
        "Positive": 0.012587087228894234,
        "Negative": 0.05672992765903473,
        "Neutral": 0.9089505076408386,
        "Mixed": 0.021732503548264503
    }
}
