{
    "Sentiment": "NEUTRAL",
    "SentimentScore": {
        "Positive": 0.0024733133614063263,
        "Negative": 0.026676777750253677,
        "Neutral": 0.9695513844490051,
        "Mixed": 0.0012984954519197345
    }
}
