{
    "Sentiment": "NEUTRAL",
    "SentimentScore": {
        "Positive": 0.008132030256092548,
        "Negative": 0.007766704075038433,
        "Neutral": 0.9825789928436279,
        "Mixed": 0.0015222943620756269
    }
}
