{
    "Sentiment": "NEUTRAL",
    "SentimentScore": {
        "Positive": 0.008242308162152767,
        "Negative": 0.11080020666122437,
        "Neutral": 0.8742319345474243,
        "Mixed": 0.006725463084876537
    }
}
