{
    "Sentiment": "NEUTRAL",
    "SentimentScore": {
        "Positive": 0.017830554395914078,
        "Negative": 0.00999031588435173,
        "Neutral": 0.9710083603858948,
        "Mixed": 0.0011707865633070469
    }
}
