{
    "Sentiment": "NEUTRAL",
    "SentimentScore": {
        "Positive": 0.047247253358364105,
        "Negative": 0.09500560909509659,
        "Neutral": 0.8340417742729187,
        "Mixed": 0.023705340921878815
    }
}
