{
    "Sentiment": "NEUTRAL",
    "SentimentScore": {
        "Positive": 0.001875413698144257,
        "Negative": 0.020311735570430756,
        "Neutral": 0.9768983125686646,
        "Mixed": 0.0009144971263594925
    }
}
