{
    "Sentiment": "NEUTRAL",
    "SentimentScore": {
        "Positive": 0.0013847446534782648,
        "Negative": 0.032560016959905624,
        "Neutral": 0.9648135304450989,
        "Mixed": 0.0012417068937793374
    }
}
