{
    "Sentiment": "NEUTRAL",
    "SentimentScore": {
        "Positive": 0.019514869898557663,
        "Negative": 0.05851588398218155,
        "Neutral": 0.9081153869628906,
        "Mixed": 0.01385385449975729
    }
}
