{
    "Sentiment": "NEUTRAL",
    "SentimentScore": {
        "Positive": 0.032436322420835495,
        "Negative": 0.027991434559226036,
        "Neutral": 0.9336825013160706,
        "Mixed": 0.005889745429158211
    }
}
