{
    "Sentiment": "NEUTRAL",
    "SentimentScore": {
        "Positive": 0.002890468342229724,
        "Negative": 0.0026327413506805897,
        "Neutral": 0.9939483404159546,
        "Mixed": 0.0005284191574901342
    }
}
