{
    "Sentiment": "NEUTRAL",
    "SentimentScore": {
        "Positive": 0.02669042907655239,
        "Negative": 0.02317759394645691,
        "Neutral": 0.9465083479881287,
        "Mixed": 0.0036236271262168884
    }
}
