{
    "Sentiment": "NEUTRAL",
    "SentimentScore": {
        "Positive": 0.06212349608540535,
        "Negative": 0.00044194431393407285,
        "Neutral": 0.9360678791999817,
        "Mixed": 0.0013665927108377218
    }
}
