{
    "Sentiment": "NEUTRAL",
    "SentimentScore": {
        "Positive": 0.002009487245231867,
        "Negative": 0.00980171374976635,
        "Neutral": 0.9877657890319824,
        "Mixed": 0.00042292088619433343
    }
}
