{
    "Sentiment": "NEUTRAL",
    "SentimentScore": {
        "Positive": 0.357503205537796,
        "Negative": 0.0011175954714417458,
        "Neutral": 0.6386803388595581,
        "Mixed": 0.0026988238096237183
    }
}
