{
    "Sentiment": "NEUTRAL",
    "SentimentScore": {
        "Positive": 0.0025877729058265686,
        "Negative": 0.2357579618692398,
        "Neutral": 0.7479305267333984,
        "Mixed": 0.013723703101277351
    }
}
