{
    "Sentiment": "NEUTRAL",
    "SentimentScore": {
        "Positive": 0.015875618904829025,
        "Negative": 0.006889174692332745,
        "Neutral": 0.9744472503662109,
        "Mixed": 0.002787891076877713
    }
}
