{
    "Sentiment": "NEUTRAL",
    "SentimentScore": {
        "Positive": 0.10367681831121445,
        "Negative": 0.006279984954744577,
        "Neutral": 0.8849596977233887,
        "Mixed": 0.005083519499748945
    }
}
