{
    "Sentiment": "NEUTRAL",
    "SentimentScore": {
        "Positive": 0.0028352888766676188,
        "Negative": 0.1391335427761078,
        "Neutral": 0.8516492247581482,
        "Mixed": 0.00638195313513279
    }
}
