{
    "Sentiment": "POSITIVE",
    "SentimentScore": {
        "Positive": 0.9455781579017639,
        "Negative": 0.002602526918053627,
        "Neutral": 0.04331984743475914,
        "Mixed": 0.00849946029484272
    }
}
