{
    "Sentiment": "NEUTRAL",
    "SentimentScore": {
        "Positive": 0.057811472564935684,
        "Negative": 0.03249731287360191,
        "Neutral": 0.8996847867965698,
        "Mixed": 0.010006402619183064
    }
}
