{
    "Sentiment": "NEUTRAL",
    "SentimentScore": {
        "Positive": 0.0014464769046753645,
        "Negative": 0.0016868151724338531,
        "Neutral": 0.9966509938240051,
        "Mixed": 0.00021578860469162464
    }
}
