{
    "Sentiment": "NEUTRAL",
    "SentimentScore": {
        "Positive": 0.0011182460002601147,
        "Negative": 0.014180938713252544,
        "Neutral": 0.9836958646774292,
        "Mixed": 0.0010049458360299468
    }
}
