{
    "Sentiment": "NEUTRAL",
    "SentimentScore": {
        "Positive": 0.011088083498179913,
        "Negative": 0.056409504264593124,
        "Neutral": 0.9247925281524658,
        "Mixed": 0.007709926925599575
    }
}
