{
    "Sentiment": "NEUTRAL",
    "SentimentScore": {
        "Positive": 0.02457921952009201,
        "Negative": 0.1101703941822052,
        "Neutral": 0.8330874443054199,
        "Mixed": 0.032163042575120926
    }
}
