{
    "Sentiment": "NEUTRAL",
    "SentimentScore": {
        "Positive": 0.007493623532354832,
        "Negative": 0.02319793589413166,
        "Neutral": 0.9666537642478943,
        "Mixed": 0.0026546092703938484
    }
}
