{
    "Sentiment": "NEUTRAL",
    "SentimentScore": {
        "Positive": 0.006382462102919817,
        "Negative": 0.003838896518573165,
        "Neutral": 0.9887883067131042,
        "Mixed": 0.0009903123136609793
    }
}
