{
    "Sentiment": "NEUTRAL",
    "SentimentScore": {
        "Positive": 0.013391723856329918,
        "Negative": 0.4265802800655365,
        "Neutral": 0.5384911894798279,
        "Mixed": 0.021536776795983315
    }
}
