{
    "Sentiment": "NEUTRAL",
    "SentimentScore": {
        "Positive": 0.004252380691468716,
        "Negative": 0.06894443184137344,
        "Neutral": 0.917664110660553,
        "Mixed": 0.009139102883636951
    }
}
