{
    "Sentiment": "NEUTRAL",
    "SentimentScore": {
        "Positive": 0.008294112980365753,
        "Negative": 0.0025653501506894827,
        "Neutral": 0.988666296005249,
        "Mixed": 0.0004742930468637496
    }
}
