{
    "Sentiment": "NEUTRAL",
    "SentimentScore": {
        "Positive": 0.18485160171985626,
        "Negative": 0.02353069745004177,
        "Neutral": 0.7877967357635498,
        "Mixed": 0.003820949699729681
    }
}
