{
    "Sentiment": "NEUTRAL",
    "SentimentScore": {
        "Positive": 0.0037025255151093006,
        "Negative": 0.04728692024946213,
        "Neutral": 0.9464789628982544,
        "Mixed": 0.0025315817911177874
    }
}
