{
    "Sentiment": "POSITIVE",
    "SentimentScore": {
        "Positive": 0.6301244497299194,
        "Negative": 0.005020521115511656,
        "Neutral": 0.30999937653541565,
        "Mixed": 0.05485565960407257
    }
}
