{
    "Sentiment": "NEUTRAL",
    "SentimentScore": {
        "Positive": 0.0025722691789269447,
        "Negative": 0.0015547838993370533,
        "Neutral": 0.9955529570579529,
        "Mixed": 0.00032000805367715657
    }
}
