{
    "Sentiment": "NEUTRAL",
    "SentimentScore": {
        "Positive": 0.03612247109413147,
        "Negative": 0.0350068137049675,
        "Neutral": 0.9233844876289368,
        "Mixed": 0.005486305337399244
    }
}
