{
    "Sentiment": "NEUTRAL",
    "SentimentScore": {
        "Positive": 0.00543593754991889,
        "Negative": 0.0017056517535820603,
        "Neutral": 0.9925363063812256,
        "Mixed": 0.00032212655059993267
    }
}
