{
    "Sentiment": "NEUTRAL",
    "SentimentScore": {
        "Positive": 0.004000683315098286,
        "Negative": 0.06247914582490921,
        "Neutral": 0.9283581376075745,
        "Mixed": 0.005162071902304888
    }
}
