{
    "Sentiment": "NEUTRAL",
    "SentimentScore": {
        "Positive": 0.07986088842153549,
        "Negative": 0.04859749972820282,
        "Neutral": 0.8454892039299011,
        "Mixed": 0.026052461937069893
    }
}
