{
    "Sentiment": "NEUTRAL",
    "SentimentScore": {
        "Positive": 0.002724152058362961,
        "Negative": 0.001522296923212707,
        "Neutral": 0.9954143762588501,
        "Mixed": 0.0003391689679119736
    }
}
