{
    "Sentiment": "NEUTRAL",
    "SentimentScore": {
        "Positive": 0.003952427301555872,
        "Negative": 0.21859222650527954,
        "Neutral": 0.7716056704521179,
        "Mixed": 0.005849695764482021
    }
}
