{
    "Sentiment": "NEUTRAL",
    "SentimentScore": {
        "Positive": 0.008705448359251022,
        "Negative": 0.007216547150164843,
        "Neutral": 0.9817710518836975,
        "Mixed": 0.0023070538882166147
    }
}
