{
    "Sentiment": "NEUTRAL",
    "SentimentScore": {
        "Positive": 0.007401833776384592,
        "Negative": 0.0011919495882466435,
        "Neutral": 0.9909642934799194,
        "Mixed": 0.0004419430042617023
    }
}
