{
    "Sentiment": "NEUTRAL",
    "SentimentScore": {
        "Positive": 0.005108211189508438,
        "Negative": 0.06870913505554199,
        "Neutral": 0.9159374833106995,
        "Mixed": 0.01024516113102436
    }
}
