{
    "Sentiment": "NEUTRAL",
    "SentimentScore": {
        "Positive": 0.017009718343615532,
        "Negative": 0.0032166256569325924,
        "Neutral": 0.9791503548622131,
        "Mixed": 0.0006233358872123063
    }
}
