{
    "Sentiment": "NEUTRAL",
    "SentimentScore": {
        "Positive": 0.07854984700679779,
        "Negative": 0.09008630365133286,
        "Neutral": 0.7937368750572205,
        "Mixed": 0.03762703016400337
    }
}
