{
    "Sentiment": "NEUTRAL",
    "SentimentScore": {
        "Positive": 0.0042571863159537315,
        "Negative": 0.269458532333374,
        "Neutral": 0.716701090335846,
        "Mixed": 0.009583141654729843
    }
}
