{
    "Sentiment": "NEUTRAL",
    "SentimentScore": {
        "Positive": 0.02457599900662899,
        "Negative": 0.01695811003446579,
        "Neutral": 0.951747477054596,
        "Mixed": 0.0067184092476964
    }
}
