{
    "Sentiment": "NEUTRAL",
    "SentimentScore": {
        "Positive": 0.008068980649113655,
        "Negative": 0.0021946828346699476,
        "Neutral": 0.989080548286438,
        "Mixed": 0.0006558282766491175
    }
}
