{
    "Sentiment": "NEUTRAL",
    "SentimentScore": {
        "Positive": 0.08983364701271057,
        "Negative": 0.278928279876709,
        "Neutral": 0.5809358954429626,
        "Mixed": 0.05030218884348869
    }
}
