{
    "Sentiment": "NEUTRAL",
    "SentimentScore": {
        "Positive": 0.024848291650414467,
        "Negative": 0.22128188610076904,
        "Neutral": 0.7310791015625,
        "Mixed": 0.022790729999542236
    }
}
