{
    "Sentiment": "NEUTRAL",
    "SentimentScore": {
        "Positive": 0.28606778383255005,
        "Negative": 0.04175301641225815,
        "Neutral": 0.6247371435165405,
        "Mixed": 0.04744201898574829
    }
}
