{
    "Sentiment": "NEUTRAL",
    "SentimentScore": {
        "Positive": 0.005547091830521822,
        "Negative": 0.005323301535099745,
        "Neutral": 0.9883811473846436,
        "Mixed": 0.00074856320861727
    }
}
