{
    "Sentiment": "POSITIVE",
    "SentimentScore": {
        "Positive": 0.8395711779594421,
        "Negative": 0.00341235869564116,
        "Neutral": 0.1492190808057785,
        "Mixed": 0.0077973841689527035
    }
}
