{
    "Sentiment": "POSITIVE",
    "SentimentScore": {
        "Positive": 0.7263219952583313,
        "Negative": 0.007765479385852814,
        "Neutral": 0.2562050223350525,
        "Mixed": 0.009707516059279442
    }
}
