{
    "Sentiment": "NEUTRAL",
    "SentimentScore": {
        "Positive": 0.016147658228874207,
        "Negative": 0.023083217442035675,
        "Neutral": 0.9577143788337708,
        "Mixed": 0.0030547194182872772
    }
}
