{
    "Sentiment": "NEUTRAL",
    "SentimentScore": {
        "Positive": 0.028044799342751503,
        "Negative": 0.028714461252093315,
        "Neutral": 0.9405763149261475,
        "Mixed": 0.002664404222741723
    }
}
