{
    "Sentiment": "NEUTRAL",
    "SentimentScore": {
        "Positive": 0.10558068007230759,
        "Negative": 0.288883239030838,
        "Neutral": 0.5609146952629089,
        "Mixed": 0.04462140426039696
    }
}
