{
    "Sentiment": "NEUTRAL",
    "SentimentScore": {
        "Positive": 0.021037060767412186,
        "Negative": 0.10409169644117355,
        "Neutral": 0.8714122176170349,
        "Mixed": 0.003458969993516803
    }
}
