{
    "Sentiment": "NEUTRAL",
    "SentimentScore": {
        "Positive": 0.022092729806900024,
        "Negative": 0.015902100130915642,
        "Neutral": 0.9594274163246155,
        "Mixed": 0.0025777879636734724
    }
}
