{
    "Sentiment": "NEUTRAL",
    "SentimentScore": {
        "Positive": 0.0035449217539280653,
        "Negative": 0.06348878145217896,
        "Neutral": 0.9261364936828613,
        "Mixed": 0.0068298266269266605
    }
}
