{
    "Sentiment": "NEUTRAL",
    "SentimentScore": {
        "Positive": 0.044819578528404236,
        "Negative": 0.01210738718509674,
        "Neutral": 0.9414380788803101,
        "Mixed": 0.0016349399229511619
    }
}
