{
    "Sentiment": "NEUTRAL",
    "SentimentScore": {
        "Positive": 0.007412129547446966,
        "Negative": 0.09192884713411331,
        "Neutral": 0.8960974216461182,
        "Mixed": 0.004561566282063723
    }
}
