{
    "Sentiment": "NEUTRAL",
    "SentimentScore": {
        "Positive": 0.004427612293511629,
        "Negative": 0.17317816615104675,
        "Neutral": 0.8094913959503174,
        "Mixed": 0.012902842834591866
    }
}
