{
    "Sentiment": "NEUTRAL",
    "SentimentScore": {
        "Positive": 0.005331692285835743,
        "Negative": 0.0313851460814476,
        "Neutral": 0.9599042534828186,
        "Mixed": 0.003378843190148473
    }
}
