{
    "Sentiment": "NEUTRAL",
    "SentimentScore": {
        "Positive": 0.0035375175066292286,
        "Negative": 0.19784735143184662,
        "Neutral": 0.7896423935890198,
        "Mixed": 0.008972716517746449
    }
}
