{
    "Sentiment": "NEUTRAL",
    "SentimentScore": {
        "Positive": 0.005203997250646353,
        "Negative": 0.004060310777276754,
        "Neutral": 0.9901154041290283,
        "Mixed": 0.0006203299853950739
    }
}
