{
    "Sentiment": "NEUTRAL",
    "SentimentScore": {
        "Positive": 0.0034390133805572987,
        "Negative": 0.001742638531140983,
        "Neutral": 0.9945304989814758,
        "Mixed": 0.0002878315281122923
    }
}
