{
    "Sentiment": "NEUTRAL",
    "SentimentScore": {
        "Positive": 0.14091910421848297,
        "Negative": 0.010002599097788334,
        "Neutral": 0.8427179455757141,
        "Mixed": 0.006360446102917194
    }
}
