{
    "Sentiment": "NEUTRAL",
    "SentimentScore": {
        "Positive": 0.0032325179781764746,
        "Negative": 0.03366957604885101,
        "Neutral": 0.9593976140022278,
        "Mixed": 0.0037002889439463615
    }
}
