{
    "Sentiment": "NEUTRAL",
    "SentimentScore": {
        "Positive": 0.010633459314703941,
        "Negative": 0.01427018828690052,
        "Neutral": 0.9718694090843201,
        "Mixed": 0.003226956119760871
    }
}
