{
    "Sentiment": "NEUTRAL",
    "SentimentScore": {
        "Positive": 0.018267709761857986,
        "Negative": 0.12720759212970734,
        "Neutral": 0.8313137888908386,
        "Mixed": 0.02321084588766098
    }
}
