{
    "Sentiment": "POSITIVE",
    "SentimentScore": {
        "Positive": 0.5277990698814392,
        "Negative": 0.0010317884152755141,
        "Neutral": 0.46722233295440674,
        "Mixed": 0.003946831915527582
    }
}
