{
    "Sentiment": "NEUTRAL",
    "SentimentScore": {
        "Positive": 0.3277890086174011,
        "Negative": 0.0023438490461558104,
        "Neutral": 0.6636432409286499,
        "Mixed": 0.006223865784704685
    }
}
