{
    "Sentiment": "NEUTRAL",
    "SentimentScore": {
        "Positive": 0.005262517835944891,
        "Negative": 0.021239709109067917,
        "Neutral": 0.9713661074638367,
        "Mixed": 0.0021316653583198786
    }
}
