{
    "Sentiment": "NEUTRAL",
    "SentimentScore": {
        "Positive": 0.07022351026535034,
        "Negative": 0.19757042825222015,
        "Neutral": 0.7128079533576965,
        "Mixed": 0.01939808391034603
    }
}
