{
    "Sentiment": "NEUTRAL",
    "SentimentScore": {
        "Positive": 0.0017405909020453691,
        "Negative": 0.013573536649346352,
        "Neutral": 0.9837604761123657,
        "Mixed": 0.0009254586766473949
    }
}
