{
    "Sentiment": "POSITIVE",
    "SentimentScore": {
        "Positive": 0.5974262356758118,
        "Negative": 0.001426162663847208,
        "Neutral": 0.39811673760414124,
        "Mixed": 0.0030308556742966175
    }
}
