{
    "Sentiment": "POSITIVE",
    "SentimentScore": {
        "Positive": 0.7573811411857605,
        "Negative": 0.009385064244270325,
        "Neutral": 0.21931135654449463,
        "Mixed": 0.013922427780926228
    }
}
