{
    "Sentiment": "NEUTRAL",
    "SentimentScore": {
        "Positive": 0.3335226774215698,
        "Negative": 0.16062067449092865,
        "Neutral": 0.4319358468055725,
        "Mixed": 0.07392078638076782
    }
}
