{
    "Sentiment": "NEGATIVE",
    "SentimentScore": {
        "Positive": 0.002573166275396943,
        "Negative": 0.9236193895339966,
        "Neutral": 0.06479810923337936,
        "Mixed": 0.0090093445032835
    }
}
