{
    "Sentiment": "NEUTRAL",
    "SentimentScore": {
        "Positive": 0.006180650554597378,
        "Negative": 0.013036465272307396,
        "Neutral": 0.980010449886322,
        "Mixed": 0.0007724185124970973
    }
}
