{
    "Sentiment": "NEUTRAL",
    "SentimentScore": {
        "Positive": 0.018026703968644142,
        "Negative": 0.1448250114917755,
        "Neutral": 0.8290762305259705,
        "Mixed": 0.008072157390415668
    }
}
