{
    "Sentiment": "NEUTRAL",
    "SentimentScore": {
        "Positive": 0.02166692353785038,
        "Negative": 0.005420210771262646,
        "Neutral": 0.9706284403800964,
        "Mixed": 0.002284470945596695
    }
}
