{
    "Sentiment": "NEUTRAL",
    "SentimentScore": {
        "Positive": 0.16840046644210815,
        "Negative": 0.27033719420433044,
        "Neutral": 0.38775816559791565,
        "Mixed": 0.17350415885448456
    }
}
