{
    "Sentiment": "NEUTRAL",
    "SentimentScore": {
        "Positive": 0.002756640315055847,
        "Negative": 0.08196239173412323,
        "Neutral": 0.910505473613739,
        "Mixed": 0.00477543193846941
    }
}
