{
    "Sentiment": "NEUTRAL",
    "SentimentScore": {
        "Positive": 0.25672581791877747,
        "Negative": 0.009583232924342155,
        "Neutral": 0.7135451436042786,
        "Mixed": 0.020145811140537262
    }
}
