{
    "Sentiment": "NEUTRAL",
    "SentimentScore": {
        "Positive": 0.005308231804519892,
        "Negative": 0.003003831021487713,
        "Neutral": 0.9911811351776123,
        "Mixed": 0.0005067415768280625
    }
}
