{
    "Sentiment": "NEUTRAL",
    "SentimentScore": {
        "Positive": 0.1969076693058014,
        "Negative": 0.004080670420080423,
        "Neutral": 0.7959028482437134,
        "Mixed": 0.0031087908428162336
    }
}
