{
    "Sentiment": "NEUTRAL",
    "SentimentScore": {
        "Positive": 0.004159186501055956,
        "Negative": 0.002650665817782283,
        "Neutral": 0.9926006197929382,
        "Mixed": 0.0005895195645280182
    }
}
