{
    "Sentiment": "NEUTRAL",
    "SentimentScore": {
        "Positive": 0.001821390469558537,
        "Negative": 0.009681563824415207,
        "Neutral": 0.9875525236129761,
        "Mixed": 0.0009444785537198186
    }
}
