{
    "Sentiment": "NEUTRAL",
    "SentimentScore": {
        "Positive": 0.1843152493238449,
        "Negative": 0.17608675360679626,
        "Neutral": 0.573920488357544,
        "Mixed": 0.06567752361297607
    }
}
