{
    "Sentiment": "NEUTRAL",
    "SentimentScore": {
        "Positive": 0.020455066114664078,
        "Negative": 0.19513419270515442,
        "Neutral": 0.7695951461791992,
        "Mixed": 0.014815551228821278
    }
}
