{
    "Sentiment": "NEUTRAL",
    "SentimentScore": {
        "Positive": 0.004509978927671909,
        "Negative": 0.1747843474149704,
        "Neutral": 0.812980055809021,
        "Mixed": 0.007725659757852554
    }
}
