{
    "Sentiment": "NEUTRAL",
    "SentimentScore": {
        "Positive": 0.15053147077560425,
        "Negative": 0.0007844929350540042,
        "Neutral": 0.8471966981887817,
        "Mixed": 0.0014872982865199447
    }
}
