{
    "Sentiment": "NEUTRAL",
    "SentimentScore": {
        "Positive": 0.02564479410648346,
        "Negative": 0.0017334524309262633,
        "Neutral": 0.9716793894767761,
        "Mixed": 0.0009424550225958228
    }
}
