{
    "Sentiment": "NEUTRAL",
    "SentimentScore": {
        "Positive": 0.009919132106006145,
        "Negative": 0.13280412554740906,
        "Neutral": 0.8291995525360107,
        "Mixed": 0.028077123686671257
    }
}
