{
    "Sentiment": "NEUTRAL",
    "SentimentScore": {
        "Positive": 0.0024059221614152193,
        "Negative": 0.019647827371954918,
        "Neutral": 0.9760955572128296,
        "Mixed": 0.001850712695159018
    }
}
