{
    "Sentiment": "NEUTRAL",
    "SentimentScore": {
        "Positive": 0.005147005431354046,
        "Negative": 0.3637283444404602,
        "Neutral": 0.6168030500411987,
        "Mixed": 0.014321593567728996
    }
}
