{
    "Sentiment": "NEUTRAL",
    "SentimentScore": {
        "Positive": 0.012325726449489594,
        "Negative": 0.005886758677661419,
        "Neutral": 0.9800907969474792,
        "Mixed": 0.0016966788098216057
    }
}
