{
    "Sentiment": "NEUTRAL",
    "SentimentScore": {
        "Positive": 0.01729176566004753,
        "Negative": 0.0953003540635109,
        "Neutral": 0.8695493936538696,
        "Mixed": 0.01785842888057232
    }
}
