{
    "Sentiment": "NEUTRAL",
    "SentimentScore": {
        "Positive": 0.008707008324563503,
        "Negative": 0.030171627178788185,
        "Neutral": 0.9578673839569092,
        "Mixed": 0.003253940725699067
    }
}
