{
    "Sentiment": "NEUTRAL",
    "SentimentScore": {
        "Positive": 0.007587998639792204,
        "Negative": 0.03742362558841705,
        "Neutral": 0.9480292201042175,
        "Mixed": 0.006959218531847
    }
}
