{
    "Sentiment": "NEUTRAL",
    "SentimentScore": {
        "Positive": 0.156857430934906,
        "Negative": 0.05856534466147423,
        "Neutral": 0.752129852771759,
        "Mixed": 0.03244738653302193
    }
}
