{
    "Sentiment": "POSITIVE",
    "SentimentScore": {
        "Positive": 0.5027771592140198,
        "Negative": 0.007618413306772709,
        "Neutral": 0.4761599898338318,
        "Mixed": 0.013444393873214722
    }
}
