{
    "Sentiment": "NEUTRAL",
    "SentimentScore": {
        "Positive": 0.0036497777327895164,
        "Negative": 0.005525493528693914,
        "Neutral": 0.9903098940849304,
        "Mixed": 0.0005148919299244881
    }
}
