{
    "Sentiment": "NEUTRAL",
    "SentimentScore": {
        "Positive": 0.01297743059694767,
        "Negative": 0.035028547048568726,
        "Neutral": 0.9495030641555786,
        "Mixed": 0.002490950282663107
    }
}
