{
    "Sentiment": "NEUTRAL",
    "SentimentScore": {
        "Positive": 0.002214778447523713,
        "Negative": 0.020182151347398758,
        "Neutral": 0.9756664037704468,
        "Mixed": 0.0019366273190826178
    }
}
