{
    "Sentiment": "NEUTRAL",
    "SentimentScore": {
        "Positive": 0.003010148648172617,
        "Negative": 0.20021241903305054,
        "Neutral": 0.7931317687034607,
        "Mixed": 0.0036457206588238478
    }
}
