{
    "Sentiment": "NEUTRAL",
    "SentimentScore": {
        "Positive": 0.030884424224495888,
        "Negative": 0.004431749228388071,
        "Neutral": 0.9622513651847839,
        "Mixed": 0.0024324823170900345
    }
}
