{
    "Sentiment": "NEUTRAL",
    "SentimentScore": {
        "Positive": 0.002319230465218425,
        "Negative": 0.06912579387426376,
        "Neutral": 0.9263342618942261,
        "Mixed": 0.0022206867579370737
    }
}
