{
    "Sentiment": "NEUTRAL",
    "SentimentScore": {
        "Positive": 0.0011539929546415806,
        "Negative": 0.0020252694375813007,
        "Neutral": 0.9965984225273132,
        "Mixed": 0.0002222618495579809
    }
}
