{
    "Sentiment": "NEUTRAL",
    "SentimentScore": {
        "Positive": 0.08750196546316147,
        "Negative": 0.005538669414818287,
        "Neutral": 0.9042052626609802,
        "Mixed": 0.0027541378512978554
    }
}
