{
    "Sentiment": "NEUTRAL",
    "SentimentScore": {
        "Positive": 0.00739106023684144,
        "Negative": 0.002958443481475115,
        "Neutral": 0.9890336990356445,
        "Mixed": 0.0006167775136418641
    }
}
