{
    "Sentiment": "NEUTRAL",
    "SentimentScore": {
        "Positive": 0.01291350182145834,
        "Negative": 0.15458837151527405,
        "Neutral": 0.8145465850830078,
        "Mixed": 0.01795154996216297
    }
}
