{
    "Sentiment": "NEUTRAL",
    "SentimentScore": {
        "Positive": 0.004076771438121796,
        "Negative": 0.0012131469557061791,
        "Neutral": 0.9944447875022888,
        "Mixed": 0.00026528441230766475
    }
}
