{
    "Sentiment": "NEUTRAL",
    "SentimentScore": {
        "Positive": 0.002832273719832301,
        "Negative": 0.002180854557082057,
        "Neutral": 0.9946213960647583,
        "Mixed": 0.000365459913155064
    }
}
