{
    "Sentiment": "NEUTRAL",
    "SentimentScore": {
        "Positive": 0.011078055016696453,
        "Negative": 0.004080957733094692,
        "Neutral": 0.9839889407157898,
        "Mixed": 0.0008520339615643024
    }
}
