{
    "Sentiment": "NEUTRAL",
    "SentimentScore": {
        "Positive": 0.05381196364760399,
        "Negative": 0.0690489262342453,
        "Neutral": 0.8653924465179443,
        "Mixed": 0.011746611446142197
    }
}
