{
    "Sentiment": "NEUTRAL",
    "SentimentScore": {
        "Positive": 0.009153618477284908,
        "Negative": 0.010959688574075699,
        "Neutral": 0.9757869243621826,
        "Mixed": 0.004099744372069836
    }
}
