{
    "Sentiment": "NEUTRAL",
    "SentimentScore": {
        "Positive": 0.0021537921857088804,
        "Negative": 0.07288258522748947,
        "Neutral": 0.9226575493812561,
        "Mixed": 0.0023059870582073927
    }
}
