{
    "Sentiment": "NEUTRAL",
    "SentimentScore": {
        "Positive": 0.0026204027235507965,
        "Negative": 0.004604049026966095,
        "Neutral": 0.9922588467597961,
        "Mixed": 0.0005167043418623507
    }
}
