{
    "Sentiment": "NEUTRAL",
    "SentimentScore": {
        "Positive": 0.0030630321707576513,
        "Negative": 0.0009598229080438614,
        "Neutral": 0.9957215785980225,
        "Mixed": 0.0002555401879362762
    }
}
