{
    "Sentiment": "NEUTRAL",
    "SentimentScore": {
        "Positive": 0.01075146347284317,
        "Negative": 0.16792015731334686,
        "Neutral": 0.811023473739624,
        "Mixed": 0.01030486635863781
    }
}
