{
    "Sentiment": "NEUTRAL",
    "SentimentScore": {
        "Positive": 0.02648266963660717,
        "Negative": 0.009263906627893448,
        "Neutral": 0.961230993270874,
        "Mixed": 0.0030224414076656103
    }
}
