{
    "Sentiment": "NEUTRAL",
    "SentimentScore": {
        "Positive": 0.008278492838144302,
        "Negative": 0.03985440731048584,
        "Neutral": 0.9482309818267822,
        "Mixed": 0.003636141773313284
    }
}
