{
    "Sentiment": "NEUTRAL",
    "SentimentScore": {
        "Positive": 0.0029145455919206142,
        "Negative": 0.06154177337884903,
        "Neutral": 0.9334372282028198,
        "Mixed": 0.00210647308267653
    }
}
