{
    "Sentiment": "NEUTRAL",
    "SentimentScore": {
        "Positive": 0.011742524802684784,
        "Negative": 0.10210324823856354,
        "Neutral": 0.8768386244773865,
        "Mixed": 0.009315542876720428
    }
}
