{
    "Sentiment": "NEUTRAL",
    "SentimentScore": {
        "Positive": 0.005312980618327856,
        "Negative": 0.3317648768424988,
        "Neutral": 0.6502856016159058,
        "Mixed": 0.012636518105864525
    }
}
