{
    "Sentiment": "NEUTRAL",
    "SentimentScore": {
        "Positive": 0.00401241285726428,
        "Negative": 0.014268824830651283,
        "Neutral": 0.980498731136322,
        "Mixed": 0.001220004167407751
    }
}
