{
    "Sentiment": "NEUTRAL",
    "SentimentScore": {
        "Positive": 0.0289177093654871,
        "Negative": 0.06628189235925674,
        "Neutral": 0.8815522789955139,
        "Mixed": 0.02324819006025791
    }
}
