{
    "Sentiment": "NEUTRAL",
    "SentimentScore": {
        "Positive": 0.010648381896317005,
        "Negative": 0.14921104907989502,
        "Neutral": 0.8293747305870056,
        "Mixed": 0.010765854269266129
    }
}
