{
    "Sentiment": "NEUTRAL",
    "SentimentScore": {
        "Positive": 0.005272762384265661,
        "Negative": 0.014316330663859844,
        "Neutral": 0.9794854521751404,
        "Mixed": 0.0009255102486349642
    }
}
