{
    "Sentiment": "NEUTRAL",
    "SentimentScore": {
        "Positive": 0.0024114532861858606,
        "Negative": 0.0014858345966786146,
        "Neutral": 0.995818555355072,
        "Mixed": 0.00028414689586497843
    }
}
