{
    "Sentiment": "NEUTRAL",
    "SentimentScore": {
        "Positive": 0.14710856974124908,
        "Negative": 0.004404657054692507,
        "Neutral": 0.8385058045387268,
        "Mixed": 0.009980984963476658
    }
}
