{
    "Sentiment": "NEUTRAL",
    "SentimentScore": {
        "Positive": 0.01683637872338295,
        "Negative": 0.05123617500066757,
        "Neutral": 0.9227466583251953,
        "Mixed": 0.009180725552141666
    }
}
