{
    "Sentiment": "NEUTRAL",
    "SentimentScore": {
        "Positive": 0.1491241157054901,
        "Negative": 0.01125201303511858,
        "Neutral": 0.833967924118042,
        "Mixed": 0.005656060297042131
    }
}
