{
    "Sentiment": "NEUTRAL",
    "SentimentScore": {
        "Positive": 0.002016174141317606,
        "Negative": 0.04629408195614815,
        "Neutral": 0.9492372274398804,
        "Mixed": 0.002452493878081441
    }
}
