{
    "Sentiment": "NEUTRAL",
    "SentimentScore": {
        "Positive": 0.007654269691556692,
        "Negative": 0.001920302165672183,
        "Neutral": 0.990029513835907,
        "Mixed": 0.00039590601227246225
    }
}
