{
    "Sentiment": "NEUTRAL",
    "SentimentScore": {
        "Positive": 0.005482775159180164,
        "Negative": 0.016595393419265747,
        "Neutral": 0.9740153551101685,
        "Mixed": 0.00390649726614356
    }
}
