{
    "Sentiment": "NEUTRAL",
    "SentimentScore": {
        "Positive": 0.006226093973964453,
        "Negative": 0.13600274920463562,
        "Neutral": 0.8469207882881165,
        "Mixed": 0.01085034292191267
    }
}
