{
    "Sentiment": "NEUTRAL",
    "SentimentScore": {
        "Positive": 0.002407678170129657,
        "Negative": 0.030581438913941383,
        "Neutral": 0.9640445113182068,
        "Mixed": 0.00296634528785944
    }
}
