{
    "Sentiment": "NEUTRAL",
    "SentimentScore": {
        "Positive": 0.002045691478997469,
        "Negative": 0.30188286304473877,
        "Neutral": 0.6840498447418213,
        "Mixed": 0.01202165987342596
    }
}
