{
    "Sentiment": "POSITIVE",
    "SentimentScore": {
        "Positive": 0.6999485492706299,
        "Negative": 0.012742724269628525,
        "Neutral": 0.24830928444862366,
        "Mixed": 0.03899941220879555
    }
}
