{
    "Sentiment": "NEUTRAL",
    "SentimentScore": {
        "Positive": 0.03527089208364487,
        "Negative": 0.003243294544517994,
        "Neutral": 0.9583560228347778,
        "Mixed": 0.003129804041236639
    }
}
