{
    "Sentiment": "NEUTRAL",
    "SentimentScore": {
        "Positive": 0.0015718088252469897,
        "Negative": 0.02655920200049877,
        "Neutral": 0.9704227447509766,
        "Mixed": 0.0014462640974670649
    }
}
