{
    "Sentiment": "NEUTRAL",
    "SentimentScore": {
        "Positive": 0.21619951725006104,
        "Negative": 0.02630487270653248,
        "Neutral": 0.7528960108757019,
        "Mixed": 0.004599589854478836
    }
}
