{
    "Sentiment": "NEUTRAL",
    "SentimentScore": {
        "Positive": 0.02767672948539257,
        "Negative": 0.03489924594759941,
        "Neutral": 0.9281966686248779,
        "Mixed": 0.009227439761161804
    }
}
