{
    "Sentiment": "NEUTRAL",
    "SentimentScore": {
        "Positive": 0.01852330192923546,
        "Negative": 0.028214698657393456,
        "Neutral": 0.9460209608078003,
        "Mixed": 0.007241008337587118
    }
}
