{
    "Sentiment": "NEUTRAL",
    "SentimentScore": {
        "Positive": 0.0017428741557523608,
        "Negative": 0.013566632755100727,
        "Neutral": 0.9836094379425049,
        "Mixed": 0.001081137452274561
    }
}
