{
    "Sentiment": "NEUTRAL",
    "SentimentScore": {
        "Positive": 0.06022827327251434,
        "Negative": 0.004136750008910894,
        "Neutral": 0.932091474533081,
        "Mixed": 0.0035435569006949663
    }
}
