{
    "Sentiment": "NEUTRAL",
    "SentimentScore": {
        "Positive": 0.07277318090200424,
        "Negative": 0.005462690256536007,
        "Neutral": 0.9167814254760742,
        "Mixed": 0.004982731305062771
    }
}
