{
    "Sentiment": "NEUTRAL",
    "SentimentScore": {
        "Positive": 0.19039784371852875,
        "Negative": 0.04914625734090805,
        "Neutral": 0.7229759693145752,
        "Mixed": 0.037479858845472336
    }
}
