{
    "Sentiment": "NEUTRAL",
    "SentimentScore": {
        "Positive": 0.0143278818577528,
        "Negative": 0.008548714220523834,
        "Neutral": 0.9755896925926208,
        "Mixed": 0.0015337123768404126
    }
}
