{
    "Sentiment": "NEUTRAL",
    "SentimentScore": {
        "Positive": 0.004490027669817209,
        "Negative": 0.13578566908836365,
        "Neutral": 0.8482489585876465,
        "Mixed": 0.011475291103124619
    }
}
