{
    "Sentiment": "NEUTRAL",
    "SentimentScore": {
        "Positive": 0.0037648393772542477,
        "Negative": 0.0027541592717170715,
        "Neutral": 0.9928570985794067,
        "Mixed": 0.0006239132490009069
    }
}
