{
    "Sentiment": "NEUTRAL",
    "SentimentScore": {
        "Positive": 0.013504634611308575,
        "Negative": 0.03119843825697899,
        "Neutral": 0.9528403282165527,
        "Mixed": 0.0024565611965954304
    }
}
