{
    "Sentiment": "NEUTRAL",
    "SentimentScore": {
        "Positive": 0.019614364951848984,
        "Negative": 0.2515556812286377,
        "Neutral": 0.7201754450798035,
        "Mixed": 0.008654546923935413
    }
}
