{
    "Sentiment": "NEUTRAL",
    "SentimentScore": {
        "Positive": 0.04198584333062172,
        "Negative": 0.02944245934486389,
        "Neutral": 0.9252773523330688,
        "Mixed": 0.0032944162376224995
    }
}
