{
    "Sentiment": "NEUTRAL",
    "SentimentScore": {
        "Positive": 0.0045146937482059,
        "Negative": 0.007021084427833557,
        "Neutral": 0.9876706600189209,
        "Mixed": 0.0007935243775136769
    }
}
