{
    "Sentiment": "NEUTRAL",
    "SentimentScore": {
        "Positive": 0.0014859018847346306,
        "Negative": 0.01766493357717991,
        "Neutral": 0.9802895188331604,
        "Mixed": 0.0005596824921667576
    }
}
