{
    "Sentiment": "NEUTRAL",
    "SentimentScore": {
        "Positive": 0.004710664507001638,
        "Negative": 0.007211263291537762,
        "Neutral": 0.9868983030319214,
        "Mixed": 0.0011798256309702992
    }
}
