{
    "Sentiment": "NEGATIVE",
    "SentimentScore": {
        "Positive": 0.08860092610120773,
        "Negative": 0.5471353530883789,
        "Neutral": 0.3266231119632721,
        "Mixed": 0.037640586495399475
    }
}
