{
    "Sentiment": "NEUTRAL",
    "SentimentScore": {
        "Positive": 0.16178834438323975,
        "Negative": 0.0053638797253370285,
        "Neutral": 0.8301230072975159,
        "Mixed": 0.002724848687648773
    }
}
