{
    "Sentiment": "NEUTRAL",
    "SentimentScore": {
        "Positive": 0.09370311349630356,
        "Negative": 0.21305368840694427,
        "Neutral": 0.638892412185669,
        "Mixed": 0.054350823163986206
    }
}
