{
    "Sentiment": "NEUTRAL",
    "SentimentScore": {
        "Positive": 0.0013755133841186762,
        "Negative": 0.0011848328867927194,
        "Neutral": 0.9972609281539917,
        "Mixed": 0.00017868659051600844
    }
}
