{
    "Sentiment": "NEUTRAL",
    "SentimentScore": {
        "Positive": 0.05045633390545845,
        "Negative": 0.018299411982297897,
        "Neutral": 0.9273567795753479,
        "Mixed": 0.003887429367750883
    }
}
