{
    "Sentiment": "NEUTRAL",
    "SentimentScore": {
        "Positive": 0.1325496882200241,
        "Negative": 0.005167078226804733,
        "Neutral": 0.855792224407196,
        "Mixed": 0.006490982137620449
    }
}
