{
    "Sentiment": "NEUTRAL",
    "SentimentScore": {
        "Positive": 0.3650285005569458,
        "Negative": 0.047081805765628815,
        "Neutral": 0.5692843794822693,
        "Mixed": 0.018605345860123634
    }
}
