{
    "Sentiment": "NEUTRAL",
    "SentimentScore": {
        "Positive": 0.00751657085493207,
        "Negative": 0.08673655986785889,
        "Neutral": 0.898402988910675,
        "Mixed": 0.007343958131968975
    }
}
