{
    "Sentiment": "NEUTRAL",
    "SentimentScore": {
        "Positive": 0.004340744111686945,
        "Negative": 0.024407660588622093,
        "Neutral": 0.9674174189567566,
        "Mixed": 0.0038342478219419718
    }
}
