{
    "Sentiment": "NEUTRAL",
    "SentimentScore": {
        "Positive": 0.02091185376048088,
        "Negative": 0.09467093646526337,
        "Neutral": 0.8405693173408508,
        "Mixed": 0.043847937136888504
    }
}
