{
    "Sentiment": "NEUTRAL",
    "SentimentScore": {
        "Positive": 0.004723721649497747,
        "Negative": 0.07306472957134247,
        "Neutral": 0.916698694229126,
        "Mixed": 0.005512813571840525
    }
}
