{
    "Sentiment": "NEUTRAL",
    "SentimentScore": {
        "Positive": 0.0018928729696199298,
        "Negative": 0.05655583739280701,
        "Neutral": 0.9387221336364746,
        "Mixed": 0.002829219214618206
    }
}
