{
    "Sentiment": "NEUTRAL",
    "SentimentScore": {
        "Positive": 0.0032413701992481947,
        "Negative": 0.004816201515495777,
        "Neutral": 0.9915585517883301,
        "Mixed": 0.00038386479718610644
    }
}
