{
    "Sentiment": "NEUTRAL",
    "SentimentScore": {
        "Positive": 0.0021789977326989174,
        "Negative": 0.01187023427337408,
        "Neutral": 0.9850789308547974,
        "Mixed": 0.000871828873641789
    }
}
