{
    "Sentiment": "NEUTRAL",
    "SentimentScore": {
        "Positive": 0.010921308770775795,
        "Negative": 0.07059148699045181,
        "Neutral": 0.9124895930290222,
        "Mixed": 0.005997655913233757
    }
}
