{
    "Sentiment": "NEUTRAL",
    "SentimentScore": {
        "Positive": 0.050414133816957474,
        "Negative": 0.018031354993581772,
        "Neutral": 0.925523579120636,
        "Mixed": 0.006030905060470104
    }
}
