{
    "Sentiment": "NEUTRAL",
    "SentimentScore": {
        "Positive": 0.008864873088896275,
        "Negative": 0.0704459473490715,
        "Neutral": 0.9112442135810852,
        "Mixed": 0.009444918483495712
    }
}
