{
    "Sentiment": "NEUTRAL",
    "SentimentScore": {
        "Positive": 0.11743851006031036,
        "Negative": 0.14153286814689636,
        "Neutral": 0.728393018245697,
        "Mixed": 0.012635561637580395
    }
}
