{
    "Sentiment": "NEUTRAL",
    "SentimentScore": {
        "Positive": 0.014782765880227089,
        "Negative": 0.003739242674782872,
        "Neutral": 0.9779160618782043,
        "Mixed": 0.0035618941765278578
    }
}
