{
    "Sentiment": "NEUTRAL",
    "SentimentScore": {
        "Positive": 0.016266176477074623,
        "Negative": 0.0030235974118113518,
        "Neutral": 0.9798740744590759,
        "Mixed": 0.000836074585095048
    }
}
