{
    "Sentiment": "NEUTRAL",
    "SentimentScore": {
        "Positive": 0.01004500687122345,
        "Negative": 0.06017236411571503,
        "Neutral": 0.9181810021400452,
        "Mixed": 0.011601692996919155
    }
}
