{
    "Sentiment": "NEUTRAL",
    "SentimentScore": {
        "Positive": 0.006473841145634651,
        "Negative": 0.021352754905819893,
        "Neutral": 0.970505952835083,
        "Mixed": 0.0016675138613209128
    }
}
