{
    "Sentiment": "NEUTRAL",
    "SentimentScore": {
        "Positive": 0.01345628872513771,
        "Negative": 0.16858847439289093,
        "Neutral": 0.7993737459182739,
        "Mixed": 0.018581505864858627
    }
}
