{
    "Sentiment": "NEUTRAL",
    "SentimentScore": {
        "Positive": 0.01591290906071663,
        "Negative": 0.006343565881252289,
        "Neutral": 0.9753241539001465,
        "Mixed": 0.0024193720892071724
    }
}
