{
    "Sentiment": "NEUTRAL",
    "SentimentScore": {
        "Positive": 0.004346849862486124,
        "Negative": 0.058995503932237625,
        "Neutral": 0.9312505125999451,
        "Mixed": 0.00540716340765357
    }
}
