{
    "Sentiment": "NEUTRAL",
    "SentimentScore": {
        "Positive": 0.010209526866674423,
        "Negative": 0.02192218415439129,
        "Neutral": 0.9630807042121887,
        "Mixed": 0.004787619691342115
    }
}
