{
    "Sentiment": "NEUTRAL",
    "SentimentScore": {
        "Positive": 0.17520003020763397,
        "Negative": 0.0063251229003071785,
        "Neutral": 0.8103662133216858,
        "Mixed": 0.008108663372695446
    }
}
