{
    "Sentiment": "NEUTRAL",
    "SentimentScore": {
        "Positive": 0.0357782207429409,
        "Negative": 0.0033398086670786142,
        "Neutral": 0.959558367729187,
        "Mixed": 0.0013235989026725292
    }
}
