{
    "Sentiment": "POSITIVE",
    "SentimentScore": {
        "Positive": 0.7633328437805176,
        "Negative": 0.009068778716027737,
        "Neutral": 0.2059280425310135,
        "Mixed": 0.02167033962905407
    }
}
