{
    "Sentiment": "NEUTRAL",
    "SentimentScore": {
        "Positive": 0.005384169518947601,
        "Negative": 0.06657379865646362,
        "Neutral": 0.9229188561439514,
        "Mixed": 0.0051232208497822285
    }
}
