{
    "Sentiment": "POSITIVE",
    "SentimentScore": {
        "Positive": 0.8496905565261841,
        "Negative": 0.0004035094170831144,
        "Neutral": 0.14778552949428558,
        "Mixed": 0.002120397752150893
    }
}
