{
    "Sentiment": "NEUTRAL",
    "SentimentScore": {
        "Positive": 0.05880918353796005,
        "Negative": 0.0037956482265144587,
        "Neutral": 0.9337392449378967,
        "Mixed": 0.003655834123492241
    }
}
