{
    "Sentiment": "NEUTRAL",
    "SentimentScore": {
        "Positive": 0.00731732789427042,
        "Negative": 0.018869396299123764,
        "Neutral": 0.9709785580635071,
        "Mixed": 0.002834761282429099
    }
}
