{
    "Sentiment": "NEUTRAL",
    "SentimentScore": {
        "Positive": 0.010636492632329464,
        "Negative": 0.05356026068329811,
        "Neutral": 0.9313944578170776,
        "Mixed": 0.0044088042341172695
    }
}
