{
    "Sentiment": "NEUTRAL",
    "SentimentScore": {
        "Positive": 0.002783430740237236,
        "Negative": 0.1784982681274414,
        "Neutral": 0.8091614246368408,
        "Mixed": 0.009556954726576805
    }
}
