{
    "Sentiment": "NEUTRAL",
    "SentimentScore": {
        "Positive": 0.009348518215119839,
        "Negative": 0.05988381803035736,
        "Neutral": 0.9214096069335938,
        "Mixed": 0.009358090348541737
    }
}
