{
    "Sentiment": "NEUTRAL",
    "SentimentScore": {
        "Positive": 0.05222778022289276,
        "Negative": 0.028599021956324577,
        "Neutral": 0.9084054231643677,
        "Mixed": 0.010767795145511627
    }
}
