{
    "Sentiment": "POSITIVE",
    "SentimentScore": {
        "Positive": 0.8764446973800659,
        "Negative": 0.003923124633729458,
        "Neutral": 0.11748430132865906,
        "Mixed": 0.002147926250472665
    }
}
