{
    "Sentiment": "NEUTRAL",
    "SentimentScore": {
        "Positive": 0.04215853661298752,
        "Negative": 0.01253722794353962,
        "Neutral": 0.9435723423957825,
        "Mixed": 0.0017318385653197765
    }
}
