{
    "Sentiment": "NEUTRAL",
    "SentimentScore": {
        "Positive": 0.0029140771366655827,
        "Negative": 0.10199302434921265,
        "Neutral": 0.8908253312110901,
        "Mixed": 0.004267577081918716
    }
}
