{
    "Sentiment": "NEUTRAL",
    "SentimentScore": {
        "Positive": 0.003521203761920333,
        "Negative": 0.03544672578573227,
        "Neutral": 0.9581899642944336,
        "Mixed": 0.002842098940163851
    }
}
