{
    "Sentiment": "NEUTRAL",
    "SentimentScore": {
        "Positive": 0.04000714793801308,
        "Negative": 0.011039821431040764,
        "Neutral": 0.9473469853401184,
        "Mixed": 0.0016060011694207788
    }
}
