{
    "Sentiment": "NEUTRAL",
    "SentimentScore": {
        "Positive": 0.021851861849427223,
        "Negative": 0.07021530717611313,
        "Neutral": 0.9047887921333313,
        "Mixed": 0.0031440656166523695
    }
}
