{
    "Sentiment": "NEUTRAL",
    "SentimentScore": {
        "Positive": 0.014072484336793423,
        "Negative": 0.026594253256917,
        "Neutral": 0.9577853679656982,
        "Mixed": 0.0015478471759706736
    }
}
