{
    "Sentiment": "NEUTRAL",
    "SentimentScore": {
        "Positive": 0.03277618810534477,
        "Negative": 0.23445041477680206,
        "Neutral": 0.6849269866943359,
        "Mixed": 0.047846417874097824
    }
}
