{
    "Sentiment": "NEUTRAL",
    "SentimentScore": {
        "Positive": 0.01226432528346777,
        "Negative": 0.03792563080787659,
        "Neutral": 0.9424428939819336,
        "Mixed": 0.007367080543190241
    }
}
