{
    "Sentiment": "NEUTRAL",
    "SentimentScore": {
        "Positive": 0.002749356906861067,
        "Negative": 0.0006109363748691976,
        "Neutral": 0.9964446425437927,
        "Mixed": 0.00019507092656567693
    }
}
