{
    "Sentiment": "NEUTRAL",
    "SentimentScore": {
        "Positive": 0.02468196488916874,
        "Negative": 0.05091671645641327,
        "Neutral": 0.9125034809112549,
        "Mixed": 0.011897780932486057
    }
}
