{
    "Sentiment": "POSITIVE",
    "SentimentScore": {
        "Positive": 0.45228150486946106,
        "Negative": 0.17581988871097565,
        "Neutral": 0.17053450644016266,
        "Mixed": 0.2013641744852066
    }
}
