{
    "Sentiment": "NEUTRAL",
    "SentimentScore": {
        "Positive": 0.0050886538811028,
        "Negative": 0.005601075477898121,
        "Neutral": 0.9881396293640137,
        "Mixed": 0.0011706029763445258
    }
}
