{
    "Sentiment": "POSITIVE",
    "SentimentScore": {
        "Positive": 0.7322372198104858,
        "Negative": 0.013585868291556835,
        "Neutral": 0.23008741438388824,
        "Mixed": 0.02408941276371479
    }
}
