{
    "Sentiment": "NEUTRAL",
    "SentimentScore": {
        "Positive": 0.1305406391620636,
        "Negative": 0.004355612210929394,
        "Neutral": 0.8599957823753357,
        "Mixed": 0.005107897333800793
    }
}
