{
    "Sentiment": "NEUTRAL",
    "SentimentScore": {
        "Positive": 0.003509114496409893,
        "Negative": 0.014769536443054676,
        "Neutral": 0.9800065159797668,
        "Mixed": 0.0017147214384749532
    }
}
