{
    "Sentiment": "NEUTRAL",
    "SentimentScore": {
        "Positive": 0.018139179795980453,
        "Negative": 0.0071672494523227215,
        "Neutral": 0.9725416302680969,
        "Mixed": 0.002151955384761095
    }
}
