{
    "Sentiment": "NEGATIVE",
    "SentimentScore": {
        "Positive": 0.0034003269392997026,
        "Negative": 0.8299483060836792,
        "Neutral": 0.14411070942878723,
        "Mixed": 0.02254060097038746
    }
}
