{
    "Sentiment": "NEUTRAL",
    "SentimentScore": {
        "Positive": 0.016979878768324852,
        "Negative": 0.007148993667215109,
        "Neutral": 0.9740185141563416,
        "Mixed": 0.0018525136401876807
    }
}
