{
    "Sentiment": "NEUTRAL",
    "SentimentScore": {
        "Positive": 0.045695409178733826,
        "Negative": 0.24919728934764862,
        "Neutral": 0.6800277233123779,
        "Mixed": 0.025079485028982162
    }
}
