{
    "Sentiment": "NEUTRAL",
    "SentimentScore": {
        "Positive": 0.028837930411100388,
        "Negative": 0.010603230446577072,
        "Neutral": 0.9585325121879578,
        "Mixed": 0.0020262806210666895
    }
}
