{
    "Sentiment": "NEUTRAL",
    "SentimentScore": {
        "Positive": 0.08851766586303711,
        "Negative": 0.02951010875403881,
        "Neutral": 0.8514575362205505,
        "Mixed": 0.030514750629663467
    }
}
