{
    "Sentiment": "NEUTRAL",
    "SentimentScore": {
        "Positive": 0.0019037401070818305,
        "Negative": 0.014060691930353642,
        "Neutral": 0.98301100730896,
        "Mixed": 0.0010244918521493673
    }
}
