{
    "Sentiment": "NEUTRAL",
    "SentimentScore": {
        "Positive": 0.12486770004034042,
        "Negative": 0.008365117013454437,
        "Neutral": 0.8615769743919373,
        "Mixed": 0.005190196447074413
    }
}
