{
    "Sentiment": "NEUTRAL",
    "SentimentScore": {
        "Positive": 0.004366646520793438,
        "Negative": 0.2144603282213211,
        "Neutral": 0.76853346824646,
        "Mixed": 0.01263957004994154
    }
}
