{
    "Sentiment": "NEUTRAL",
    "SentimentScore": {
        "Positive": 0.01272254716604948,
        "Negative": 0.06212208792567253,
        "Neutral": 0.9193525910377502,
        "Mixed": 0.005802697967737913
    }
}
