{
    "Sentiment": "NEUTRAL",
    "SentimentScore": {
        "Positive": 0.0025845856871455908,
        "Negative": 0.005069299601018429,
        "Neutral": 0.9919283390045166,
        "Mixed": 0.0004178033850621432
    }
}
