{
    "Sentiment": "NEUTRAL",
    "SentimentScore": {
        "Positive": 0.0031858489383012056,
        "Negative": 0.009905441664159298,
        "Neutral": 0.9862267374992371,
        "Mixed": 0.0006819984409958124
    }
}
