{
    "Sentiment": "NEUTRAL",
    "SentimentScore": {
        "Positive": 0.0030010114423930645,
        "Negative": 0.09132972359657288,
        "Neutral": 0.901145339012146,
        "Mixed": 0.004523846786469221
    }
}
