{
    "Sentiment": "NEUTRAL",
    "SentimentScore": {
        "Positive": 0.0025093297008424997,
        "Negative": 0.002237092237919569,
        "Neutral": 0.9949448704719543,
        "Mixed": 0.0003086832584813237
    }
}
