{
    "Sentiment": "NEUTRAL",
    "SentimentScore": {
        "Positive": 0.001856224611401558,
        "Negative": 0.23911701142787933,
        "Neutral": 0.7548192143440247,
        "Mixed": 0.00420755660161376
    }
}
