{
    "Sentiment": "POSITIVE",
    "SentimentScore": {
        "Positive": 0.559108555316925,
        "Negative": 0.0049337362870574,
        "Neutral": 0.4313241243362427,
        "Mixed": 0.004633541684597731
    }
}
