{
    "Sentiment": "NEUTRAL",
    "SentimentScore": {
        "Positive": 0.011682132259011269,
        "Negative": 0.039819423109292984,
        "Neutral": 0.9469393491744995,
        "Mixed": 0.0015591223491355777
    }
}
