{
    "Sentiment": "NEUTRAL",
    "SentimentScore": {
        "Positive": 0.003551693167537451,
        "Negative": 0.008876959793269634,
        "Neutral": 0.9864714741706848,
        "Mixed": 0.0010999244404956698
    }
}
