{
    "Sentiment": "NEUTRAL",
    "SentimentScore": {
        "Positive": 0.08718130737543106,
        "Negative": 0.07232103496789932,
        "Neutral": 0.8349494934082031,
        "Mixed": 0.005548238754272461
    }
}
