{
    "Sentiment": "NEUTRAL",
    "SentimentScore": {
        "Positive": 0.371033638715744,
        "Negative": 0.11840652674436569,
        "Neutral": 0.47207677364349365,
        "Mixed": 0.03848303481936455
    }
}
