{
    "Sentiment": "NEUTRAL",
    "SentimentScore": {
        "Positive": 0.030998220667243004,
        "Negative": 0.005586362909525633,
        "Neutral": 0.9606911540031433,
        "Mixed": 0.002724237972870469
    }
}
