{
    "Sentiment": "NEUTRAL",
    "SentimentScore": {
        "Positive": 0.004549890756607056,
        "Negative": 0.12685033679008484,
        "Neutral": 0.8598144054412842,
        "Mixed": 0.008785446174442768
    }
}
