{
    "Sentiment": "NEUTRAL",
    "SentimentScore": {
        "Positive": 0.054105244576931,
        "Negative": 0.11980650573968887,
        "Neutral": 0.8096634745597839,
        "Mixed": 0.01642482541501522
    }
}
