{
    "Sentiment": "NEUTRAL",
    "SentimentScore": {
        "Positive": 0.051450930535793304,
        "Negative": 0.00743695255368948,
        "Neutral": 0.9391717910766602,
        "Mixed": 0.0019403899786993861
    }
}
