{
    "Sentiment": "POSITIVE",
    "SentimentScore": {
        "Positive": 0.8966405987739563,
        "Negative": 0.004721726756542921,
        "Neutral": 0.08764652162790298,
        "Mixed": 0.010991119779646397
    }
}
