{
    "Sentiment": "NEUTRAL",
    "SentimentScore": {
        "Positive": 0.020098907873034477,
        "Negative": 0.031520694494247437,
        "Neutral": 0.9386741518974304,
        "Mixed": 0.00970617774873972
    }
}
