{
    "Sentiment": "NEUTRAL",
    "SentimentScore": {
        "Positive": 0.03849170729517937,
        "Negative": 0.13755188882350922,
        "Neutral": 0.7826488614082336,
        "Mixed": 0.041307564824819565
    }
}
