{
    "Sentiment": "NEUTRAL",
    "SentimentScore": {
        "Positive": 0.023332402110099792,
        "Negative": 0.00734694954007864,
        "Neutral": 0.9673873782157898,
        "Mixed": 0.0019332419615238905
    }
}
