{
    "Sentiment": "NEUTRAL",
    "SentimentScore": {
        "Positive": 0.0030275715980678797,
        "Negative": 0.0055255587212741375,
        "Neutral": 0.990269660949707,
        "Mixed": 0.0011772236321121454
    }
}
