{
    "Sentiment": "NEUTRAL",
    "SentimentScore": {
        "Positive": 0.004293820820748806,
        "Negative": 0.035812996327877045,
        "Neutral": 0.9569432735443115,
        "Mixed": 0.0029499295633286238
    }
}
