{
    "Sentiment": "NEUTRAL",
    "SentimentScore": {
        "Positive": 0.04378746822476387,
        "Negative": 0.17329007387161255,
        "Neutral": 0.7446002960205078,
        "Mixed": 0.03832218423485756
    }
}
