{
    "Sentiment": "NEUTRAL",
    "SentimentScore": {
        "Positive": 0.08976667374372482,
        "Negative": 0.047137219458818436,
        "Neutral": 0.7958772778511047,
        "Mixed": 0.06721879541873932
    }
}
