{
    "Sentiment": "NEUTRAL",
    "SentimentScore": {
        "Positive": 0.0022973688319325447,
        "Negative": 0.045545563101768494,
        "Neutral": 0.9500681757926941,
        "Mixed": 0.0020889481529593468
    }
}
