{
    "Sentiment": "NEUTRAL",
    "SentimentScore": {
        "Positive": 0.004259641747921705,
        "Negative": 0.0016536241164430976,
        "Neutral": 0.9937455654144287,
        "Mixed": 0.0003412013466004282
    }
}
