{
    "Sentiment": "NEUTRAL",
    "SentimentScore": {
        "Positive": 0.03587840870022774,
        "Negative": 0.0020008066203445196,
        "Neutral": 0.9608251452445984,
        "Mixed": 0.0012956265127286315
    }
}
