{
    "Sentiment": "NEUTRAL",
    "SentimentScore": {
        "Positive": 0.003231650684028864,
        "Negative": 0.003251065034419298,
        "Neutral": 0.9932001233100891,
        "Mixed": 0.00031720203696750104
    }
}
