{
    "Sentiment": "NEUTRAL",
    "SentimentScore": {
        "Positive": 0.005645882338285446,
        "Negative": 0.07116382569074631,
        "Neutral": 0.916279137134552,
        "Mixed": 0.006911146454513073
    }
}
