{
    "Sentiment": "NEUTRAL",
    "SentimentScore": {
        "Positive": 0.01368318684399128,
        "Negative": 0.04678172618150711,
        "Neutral": 0.9290490746498108,
        "Mixed": 0.010486031882464886
    }
}
