{
    "Sentiment": "NEUTRAL",
    "SentimentScore": {
        "Positive": 0.14398013055324554,
        "Negative": 0.014411943033337593,
        "Neutral": 0.8145412802696228,
        "Mixed": 0.027066705748438835
    }
}
