{
    "Sentiment": "NEUTRAL",
    "SentimentScore": {
        "Positive": 0.1318148970603943,
        "Negative": 0.16743218898773193,
        "Neutral": 0.690531313419342,
        "Mixed": 0.010221637785434723
    }
}
