{
    "Sentiment": "POSITIVE",
    "SentimentScore": {
        "Positive": 0.9623273015022278,
        "Negative": 0.0011434988118708134,
        "Neutral": 0.03273088112473488,
        "Mixed": 0.0037983779329806566
    }
}
