{
    "Sentiment": "POSITIVE",
    "SentimentScore": {
        "Positive": 0.6335952877998352,
        "Negative": 0.0025450210087001324,
        "Neutral": 0.3542618155479431,
        "Mixed": 0.009597895666956902
    }
}
