{
    "Sentiment": "NEUTRAL",
    "SentimentScore": {
        "Positive": 0.24335190653800964,
        "Negative": 0.19745151698589325,
        "Neutral": 0.4978463351726532,
        "Mixed": 0.061350271105766296
    }
}
