{
    "Sentiment": "NEUTRAL",
    "SentimentScore": {
        "Positive": 0.0030234737787395716,
        "Negative": 0.05551234260201454,
        "Neutral": 0.9379059076309204,
        "Mixed": 0.0035582701675593853
    }
}
