{
    "Sentiment": "NEUTRAL",
    "SentimentScore": {
        "Positive": 0.004133991897106171,
        "Negative": 0.005117216147482395,
        "Neutral": 0.9901594519615173,
        "Mixed": 0.0005893416237086058
    }
}
