{
    "Sentiment": "NEUTRAL",
    "SentimentScore": {
        "Positive": 0.004541152156889439,
        "Negative": 0.036724336445331573,
        "Neutral": 0.955374538898468,
        "Mixed": 0.0033599704038351774
    }
}
