{
    "Sentiment": "NEUTRAL",
    "SentimentScore": {
        "Positive": 0.009093426167964935,
        "Negative": 0.021309752017259598,
        "Neutral": 0.9680142402648926,
        "Mixed": 0.0015825945883989334
    }
}
