{
    "Sentiment": "NEUTRAL",
    "SentimentScore": {
        "Positive": 0.008118988946080208,
        "Negative": 0.07839103043079376,
        "Neutral": 0.9049288630485535,
        "Mixed": 0.008561155758798122
    }
}
