{
    "Sentiment": "NEUTRAL",
    "SentimentScore": {
        "Positive": 0.1420077085494995,
        "Negative": 0.3227814733982086,
        "Neutral": 0.43946537375450134,
        "Mixed": 0.09574544429779053
    }
}
