{
    "Sentiment": "NEUTRAL",
    "SentimentScore": {
        "Positive": 0.03948720917105675,
        "Negative": 0.3142312169075012,
        "Neutral": 0.6317839026451111,
        "Mixed": 0.01449764147400856
    }
}
