{
    "Sentiment": "NEUTRAL",
    "SentimentScore": {
        "Positive": 0.005163638852536678,
        "Negative": 0.006303132511675358,
        "Neutral": 0.9872357249259949,
        "Mixed": 0.0012974684359505773
    }
}
