{
    "Sentiment": "NEUTRAL",
    "SentimentScore": {
        "Positive": 0.037468574941158295,
        "Negative": 0.0006528494996018708,
        "Neutral": 0.9612547755241394,
        "Mixed": 0.000623807602096349
    }
}
