{
    "Sentiment": "NEUTRAL",
    "SentimentScore": {
        "Positive": 0.00680804206058383,
        "Negative": 0.0032797115854918957,
        "Neutral": 0.9891275763511658,
        "Mixed": 0.0007846601074561477
    }
}
