{
    "Sentiment": "NEUTRAL",
    "SentimentScore": {
        "Positive": 0.006493040360510349,
        "Negative": 0.002932691713795066,
        "Neutral": 0.9900667667388916,
        "Mixed": 0.0005075151566416025
    }
}
