{
    "Sentiment": "NEUTRAL",
    "SentimentScore": {
        "Positive": 0.10208750516176224,
        "Negative": 0.05670347809791565,
        "Neutral": 0.8333762884140015,
        "Mixed": 0.007832728326320648
    }
}
