{
    "Sentiment": "NEUTRAL",
    "SentimentScore": {
        "Positive": 0.4817033112049103,
        "Negative": 0.005887453909963369,
        "Neutral": 0.49977394938468933,
        "Mixed": 0.012635204009711742
    }
}
