{
    "Sentiment": "NEUTRAL",
    "SentimentScore": {
        "Positive": 0.2540893256664276,
        "Negative": 0.015008565038442612,
        "Neutral": 0.6892995834350586,
        "Mixed": 0.0416024848818779
    }
}
