{
    "Sentiment": "NEUTRAL",
    "SentimentScore": {
        "Positive": 0.0038721708115190268,
        "Negative": 0.2376805692911148,
        "Neutral": 0.7517922520637512,
        "Mixed": 0.006654954515397549
    }
}
