{
    "Sentiment": "NEUTRAL",
    "SentimentScore": {
        "Positive": 0.015929212793707848,
        "Negative": 0.02398134581744671,
        "Neutral": 0.9544306993484497,
        "Mixed": 0.0056587038561701775
    }
}
