{
    "Sentiment": "NEGATIVE",
    "SentimentScore": {
        "Positive": 0.07293760776519775,
        "Negative": 0.5843154191970825,
        "Neutral": 0.30829375982284546,
        "Mixed": 0.03445326164364815
    }
}
