{
    "Sentiment": "NEUTRAL",
    "SentimentScore": {
        "Positive": 0.016604894772171974,
        "Negative": 0.043695855885744095,
        "Neutral": 0.9278334379196167,
        "Mixed": 0.011865897104144096
    }
}
