{
    "Sentiment": "NEUTRAL",
    "SentimentScore": {
        "Positive": 0.1710752695798874,
        "Negative": 0.0016149926232174039,
        "Neutral": 0.8243680000305176,
        "Mixed": 0.0029417553450912237
    }
}
