{
    "Sentiment": "NEUTRAL",
    "SentimentScore": {
        "Positive": 0.0053546554408967495,
        "Negative": 0.008841183967888355,
        "Neutral": 0.9836788773536682,
        "Mixed": 0.002125243889167905
    }
}
