{
    "Sentiment": "NEUTRAL",
    "SentimentScore": {
        "Positive": 0.007433056365698576,
        "Negative": 0.23319964110851288,
        "Neutral": 0.7542521953582764,
        "Mixed": 0.005115102510899305
    }
}
