{
    "Sentiment": "NEUTRAL",
    "SentimentScore": {
        "Positive": 0.007714893668889999,
        "Negative": 0.007260149344801903,
        "Neutral": 0.9833536148071289,
        "Mixed": 0.0016713622026145458
    }
}
