{
    "Sentiment": "NEUTRAL",
    "SentimentScore": {
        "Positive": 0.1123504713177681,
        "Negative": 0.009287163615226746,
        "Neutral": 0.8749621510505676,
        "Mixed": 0.0034002228640019894
    }
}
