{
    "Sentiment": "NEUTRAL",
    "SentimentScore": {
        "Positive": 0.3221608102321625,
        "Negative": 0.03762143850326538,
        "Neutral": 0.5976971387863159,
        "Mixed": 0.04252060875296593
    }
}
