{
    "Sentiment": "NEUTRAL",
    "SentimentScore": {
        "Positive": 0.0035763890482485294,
        "Negative": 0.007685620337724686,
        "Neutral": 0.9877034425735474,
        "Mixed": 0.0010344987967982888
    }
}
