{
    "Sentiment": "NEUTRAL",
    "SentimentScore": {
        "Positive": 0.028249405324459076,
        "Negative": 0.015470770187675953,
        "Neutral": 0.9529993534088135,
        "Mixed": 0.0032804575748741627
    }
}
