{
    "Sentiment": "NEUTRAL",
    "SentimentScore": {
        "Positive": 0.06561503559350967,
        "Negative": 0.0059999036602675915,
        "Neutral": 0.9253571629524231,
        "Mixed": 0.0030279157217592
    }
}
