{
    "Sentiment": "NEUTRAL",
    "SentimentScore": {
        "Positive": 0.0019598461221903563,
        "Negative": 0.01642751134932041,
        "Neutral": 0.9800922870635986,
        "Mixed": 0.0015203573275357485
    }
}
