{
    "Sentiment": "NEUTRAL",
    "SentimentScore": {
        "Positive": 0.0031668622978031635,
        "Negative": 0.0011608413187786937,
        "Neutral": 0.9953905344009399,
        "Mixed": 0.00028175237821415067
    }
}
