{
    "Sentiment": "NEUTRAL",
    "SentimentScore": {
        "Positive": 0.0017497153021395206,
        "Negative": 0.06128022074699402,
        "Neutral": 0.9336782693862915,
        "Mixed": 0.0032917901407927275
    }
}
