{
    "Sentiment": "NEUTRAL",
    "SentimentScore": {
        "Positive": 0.01892196387052536,
        "Negative": 0.0088197635486722,
        "Neutral": 0.9690991044044495,
        "Mixed": 0.0031591805163770914
    }
}
