{
    "Sentiment": "NEUTRAL",
    "SentimentScore": {
        "Positive": 0.023678727447986603,
        "Negative": 0.1865219622850418,
        "Neutral": 0.7725958228111267,
        "Mixed": 0.01720353215932846
    }
}
