{
    "Sentiment": "NEUTRAL",
    "SentimentScore": {
        "Positive": 0.0072745028883218765,
        "Negative": 0.19507355988025665,
        "Neutral": 0.7895687222480774,
        "Mixed": 0.008083182387053967
    }
}
