{
    "Sentiment": "NEUTRAL",
    "SentimentScore": {
        "Positive": 0.005415072198957205,
        "Negative": 0.006850115489214659,
        "Neutral": 0.9860418438911438,
        "Mixed": 0.0016930429264903069
    }
}
