{
    "Sentiment": "NEUTRAL",
    "SentimentScore": {
        "Positive": 0.0041549792513251305,
        "Negative": 0.20977215468883514,
        "Neutral": 0.7698384523391724,
        "Mixed": 0.01623445376753807
    }
}
