{
    "Sentiment": "NEUTRAL",
    "SentimentScore": {
        "Positive": 0.02490721270442009,
        "Negative": 0.012006781995296478,
        "Neutral": 0.9604431986808777,
        "Mixed": 0.0026427218690514565
    }
}
