{
    "Sentiment": "NEUTRAL",
    "SentimentScore": {
        "Positive": 0.2793123424053192,
        "Negative": 0.016279123723506927,
        "Neutral": 0.6843646764755249,
        "Mixed": 0.020043887197971344
    }
}
