{
    "Sentiment": "NEUTRAL",
    "SentimentScore": {
        "Positive": 0.12981562316417694,
        "Negative": 0.004801624920219183,
        "Neutral": 0.8605642318725586,
        "Mixed": 0.004818556364625692
    }
}
