{
    "Sentiment": "NEUTRAL",
    "SentimentScore": {
        "Positive": 0.004573369864374399,
        "Negative": 0.008909525349736214,
        "Neutral": 0.9849923849105835,
        "Mixed": 0.001524740131571889
    }
}
