{
    "Sentiment": "NEUTRAL",
    "SentimentScore": {
        "Positive": 0.0074950456619262695,
        "Negative": 0.03911104053258896,
        "Neutral": 0.9474188089370728,
        "Mixed": 0.005975129548460245
    }
}
