{
    "Sentiment": "NEUTRAL",
    "SentimentScore": {
        "Positive": 0.019838200882077217,
        "Negative": 0.16051705181598663,
        "Neutral": 0.7953725457191467,
        "Mixed": 0.024272162467241287
    }
}
