{
    "Sentiment": "POSITIVE",
    "SentimentScore": {
        "Positive": 0.6215028762817383,
        "Negative": 0.005882927216589451,
        "Neutral": 0.3585706949234009,
        "Mixed": 0.014043480157852173
    }
}
