{
    "Sentiment": "NEUTRAL",
    "SentimentScore": {
        "Positive": 0.006845641415566206,
        "Negative": 0.1391204297542572,
        "Neutral": 0.8410335183143616,
        "Mixed": 0.0130004296079278
    }
}
