{
    "Sentiment": "NEUTRAL",
    "SentimentScore": {
        "Positive": 0.0033491163048893213,
        "Negative": 0.02291622944176197,
        "Neutral": 0.97186678647995,
        "Mixed": 0.0018678250489756465
    }
}
