{
    "Sentiment": "NEUTRAL",
    "SentimentScore": {
        "Positive": 0.012403004802763462,
        "Negative": 0.001729680341668427,
        "Neutral": 0.9853970408439636,
        "Mixed": 0.00047033256851136684
    }
}
