{
    "Sentiment": "NEUTRAL",
    "SentimentScore": {
        "Positive": 0.06376048922538757,
        "Negative": 0.059333015233278275,
        "Neutral": 0.8697811961174011,
        "Mixed": 0.007125327363610268
    }
}
