{
    "Sentiment": "NEUTRAL",
    "SentimentScore": {
        "Positive": 0.003067462705075741,
        "Negative": 0.001190577750094235,
        "Neutral": 0.9955171942710876,
        "Mixed": 0.0002247312368126586
    }
}
