{
    "Sentiment": "NEUTRAL",
    "SentimentScore": {
        "Positive": 0.0045285471715033054,
        "Negative": 0.039011310786008835,
        "Neutral": 0.9518994092941284,
        "Mixed": 0.004560642875730991
    }
}
