{
    "Sentiment": "NEUTRAL",
    "SentimentScore": {
        "Positive": 0.002468523569405079,
        "Negative": 0.0008943253196775913,
        "Neutral": 0.9964525699615479,
        "Mixed": 0.0001845856022555381
    }
}
