{
    "Sentiment": "NEUTRAL",
    "SentimentScore": {
        "Positive": 0.09105748683214188,
        "Negative": 0.03428192809224129,
        "Neutral": 0.8648697733879089,
        "Mixed": 0.009790860116481781
    }
}
