{
    "Sentiment": "NEUTRAL",
    "SentimentScore": {
        "Positive": 0.004890390206128359,
        "Negative": 0.002525649731978774,
        "Neutral": 0.9920457601547241,
        "Mixed": 0.0005381710361689329
    }
}
