{
    "Sentiment": "NEUTRAL",
    "SentimentScore": {
        "Positive": 0.01751263625919819,
        "Negative": 0.020811522379517555,
        "Neutral": 0.9582886695861816,
        "Mixed": 0.003387151751667261
    }
}
