{
    "Sentiment": "NEUTRAL",
    "SentimentScore": {
        "Positive": 0.2980664372444153,
        "Negative": 0.03597532585263252,
        "Neutral": 0.6408719420433044,
        "Mixed": 0.025086304172873497
    }
}
