{
    "Sentiment": "NEUTRAL",
    "SentimentScore": {
        "Positive": 0.005766809917986393,
        "Negative": 0.048363037407398224,
        "Neutral": 0.9419124126434326,
        "Mixed": 0.003957740496844053
    }
}
