{
    "Sentiment": "NEUTRAL",
    "SentimentScore": {
        "Positive": 0.002993942704051733,
        "Negative": 0.009010784327983856,
        "Neutral": 0.9874473214149475,
        "Mixed": 0.0005479483515955508
    }
}
