{
    "Sentiment": "NEUTRAL",
    "SentimentScore": {
        "Positive": 0.0035774570424109697,
        "Negative": 0.015989456325769424,
        "Neutral": 0.978628396987915,
        "Mixed": 0.0018046885961666703
    }
}
