{
    "Sentiment": "NEUTRAL",
    "SentimentScore": {
        "Positive": 0.0038871795404702425,
        "Negative": 0.0024189783725887537,
        "Neutral": 0.9932729005813599,
        "Mixed": 0.00042092506191693246
    }
}
