{
    "Sentiment": "NEUTRAL",
    "SentimentScore": {
        "Positive": 0.009487236849963665,
        "Negative": 0.0095136109739542,
        "Neutral": 0.978855311870575,
        "Mixed": 0.0021438372787088156
    }
}
