{
    "Sentiment": "NEUTRAL",
    "SentimentScore": {
        "Positive": 0.011877285316586494,
        "Negative": 0.016888393089175224,
        "Neutral": 0.9679607152938843,
        "Mixed": 0.0032736663706600666
    }
}
