{
    "Sentiment": "NEUTRAL",
    "SentimentScore": {
        "Positive": 0.10732264816761017,
        "Negative": 0.15441742539405823,
        "Neutral": 0.7235706448554993,
        "Mixed": 0.014689248986542225
    }
}
