{
    "Sentiment": "NEUTRAL",
    "SentimentScore": {
        "Positive": 0.010648343712091446,
        "Negative": 0.0036143632605671883,
        "Neutral": 0.9850630760192871,
        "Mixed": 0.000674265727866441
    }
}
