{
    "Sentiment": "NEUTRAL",
    "SentimentScore": {
        "Positive": 0.014595159329473972,
        "Negative": 0.3293169438838959,
        "Neutral": 0.6318827271461487,
        "Mixed": 0.02420513890683651
    }
}
