{
    "Sentiment": "NEUTRAL",
    "SentimentScore": {
        "Positive": 0.0748756006360054,
        "Negative": 0.1285189539194107,
        "Neutral": 0.7846433520317078,
        "Mixed": 0.011961997486650944
    }
}
