{
    "Sentiment": "NEUTRAL",
    "SentimentScore": {
        "Positive": 0.0022449500393122435,
        "Negative": 0.02247571013867855,
        "Neutral": 0.973812997341156,
        "Mixed": 0.0014663615729659796
    }
}
