{
    "Sentiment": "NEUTRAL",
    "SentimentScore": {
        "Positive": 0.004192322492599487,
        "Negative": 0.002100655110552907,
        "Neutral": 0.9934093952178955,
        "Mixed": 0.0002976244140882045
    }
}
