{
    "Sentiment": "NEUTRAL",
    "SentimentScore": {
        "Positive": 0.007682993076741695,
        "Negative": 0.0025251794140785933,
        "Neutral": 0.9893065094947815,
        "Mixed": 0.00048526597674936056
    }
}
