{
    "Sentiment": "NEUTRAL",
    "SentimentScore": {
        "Positive": 0.0424194298684597,
        "Negative": 0.012518628500401974,
        "Neutral": 0.9408633708953857,
        "Mixed": 0.004198573529720306
    }
}
