{
    "Sentiment": "NEUTRAL",
    "SentimentScore": {
        "Positive": 0.034864392131567,
        "Negative": 0.020823471248149872,
        "Neutral": 0.9366129636764526,
        "Mixed": 0.007699247915297747
    }
}
