{
    "Sentiment": "NEUTRAL",
    "SentimentScore": {
        "Positive": 0.16155089437961578,
        "Negative": 0.09993740916252136,
        "Neutral": 0.7310754656791687,
        "Mixed": 0.0074361758306622505
    }
}
