{
    "Sentiment": "NEUTRAL",
    "SentimentScore": {
        "Positive": 0.0025142712984234095,
        "Negative": 0.025450067594647408,
        "Neutral": 0.9700246453285217,
        "Mixed": 0.0020110649056732655
    }
}
