{
    "Sentiment": "NEUTRAL",
    "SentimentScore": {
        "Positive": 0.007581475656479597,
        "Negative": 0.003084150142967701,
        "Neutral": 0.9887604713439941,
        "Mixed": 0.0005738854524679482
    }
}
