{
    "Sentiment": "NEUTRAL",
    "SentimentScore": {
        "Positive": 0.10491160303354263,
        "Negative": 0.0036122945602983236,
        "Neutral": 0.8895847201347351,
        "Mixed": 0.0018913537496700883
    }
}
