{
    "Sentiment": "NEUTRAL",
    "SentimentScore": {
        "Positive": 0.024131188169121742,
        "Negative": 0.0544116385281086,
        "Neutral": 0.9133448004722595,
        "Mixed": 0.008112400770187378
    }
}
