{
    "Sentiment": "NEUTRAL",
    "SentimentScore": {
        "Positive": 0.026695193722844124,
        "Negative": 0.03361456096172333,
        "Neutral": 0.9325071573257446,
        "Mixed": 0.00718306377530098
    }
}
