{
    "Sentiment": "NEUTRAL",
    "SentimentScore": {
        "Positive": 0.006100825034081936,
        "Negative": 0.0033809260930866003,
        "Neutral": 0.9896249175071716,
        "Mixed": 0.0008933462086133659
    }
}
