{
    "Sentiment": "NEUTRAL",
    "SentimentScore": {
        "Positive": 0.0021559391170740128,
        "Negative": 0.014537913724780083,
        "Neutral": 0.9822713136672974,
        "Mixed": 0.0010347970528528094
    }
}
