{
    "Sentiment": "NEUTRAL",
    "SentimentScore": {
        "Positive": 0.006596377585083246,
        "Negative": 0.005598865915089846,
        "Neutral": 0.9866821765899658,
        "Mixed": 0.0011226151837036014
    }
}
