{
    "Sentiment": "NEUTRAL",
    "SentimentScore": {
        "Positive": 0.12041504681110382,
        "Negative": 0.0772399753332138,
        "Neutral": 0.7706740498542786,
        "Mixed": 0.03167097643017769
    }
}
