{
    "Sentiment": "NEUTRAL",
    "SentimentScore": {
        "Positive": 0.007083025295287371,
        "Negative": 0.025447171181440353,
        "Neutral": 0.963546872138977,
        "Mixed": 0.003922915086150169
    }
}
