{
    "Sentiment": "NEUTRAL",
    "SentimentScore": {
        "Positive": 0.0048871287144720554,
        "Negative": 0.06939443945884705,
        "Neutral": 0.9212580323219299,
        "Mixed": 0.00446046469733119
    }
}
