{
    "Sentiment": "NEUTRAL",
    "SentimentScore": {
        "Positive": 0.04197018966078758,
        "Negative": 0.024225648492574692,
        "Neutral": 0.9272516369819641,
        "Mixed": 0.006552556529641151
    }
}
