{
    "Sentiment": "NEUTRAL",
    "SentimentScore": {
        "Positive": 0.01380161289125681,
        "Negative": 0.01114683598279953,
        "Neutral": 0.9738804697990417,
        "Mixed": 0.0011710355756804347
    }
}
