{
    "Sentiment": "NEUTRAL",
    "SentimentScore": {
        "Positive": 0.0013049945700913668,
        "Negative": 0.016935810446739197,
        "Neutral": 0.9807090759277344,
        "Mixed": 0.001050116727128625
    }
}
