{
    "Sentiment": "NEUTRAL",
    "SentimentScore": {
        "Positive": 0.008844283409416676,
        "Negative": 0.4302520453929901,
        "Neutral": 0.5495863556861877,
        "Mixed": 0.011317325755953789
    }
}
