{
    "Sentiment": "NEUTRAL",
    "SentimentScore": {
        "Positive": 0.12303323298692703,
        "Negative": 0.0020340443588793278,
        "Neutral": 0.8729901909828186,
        "Mixed": 0.001942494767718017
    }
}
