{
    "Sentiment": "NEUTRAL",
    "SentimentScore": {
        "Positive": 0.001984057016670704,
        "Negative": 0.005324050318449736,
        "Neutral": 0.9921823143959045,
        "Mixed": 0.0005095431115478277
    }
}
