{
    "Sentiment": "NEUTRAL",
    "SentimentScore": {
        "Positive": 0.0017372986767441034,
        "Negative": 0.0266774520277977,
        "Neutral": 0.9700725078582764,
        "Mixed": 0.001512702088803053
    }
}
