{
    "Sentiment": "NEUTRAL",
    "SentimentScore": {
        "Positive": 0.018949439749121666,
        "Negative": 0.06478776782751083,
        "Neutral": 0.9071975350379944,
        "Mixed": 0.009065280668437481
    }
}
