{
    "Sentiment": "NEUTRAL",
    "SentimentScore": {
        "Positive": 0.0015677199698984623,
        "Negative": 0.17324130237102509,
        "Neutral": 0.8198488354682922,
        "Mixed": 0.00534213287755847
    }
}
