{
    "Sentiment": "NEUTRAL",
    "SentimentScore": {
        "Positive": 0.002903945278376341,
        "Negative": 0.0092655373737216,
        "Neutral": 0.986190915107727,
        "Mixed": 0.0016396630089730024
    }
}
