{
    "Sentiment": "NEUTRAL",
    "SentimentScore": {
        "Positive": 0.009381406009197235,
        "Negative": 0.006787881255149841,
        "Neutral": 0.9822309613227844,
        "Mixed": 0.0015997195150703192
    }
}
