{
    "Sentiment": "NEUTRAL",
    "SentimentScore": {
        "Positive": 0.04133261740207672,
        "Negative": 0.2711314857006073,
        "Neutral": 0.6762531995773315,
        "Mixed": 0.011282721534371376
    }
}
