{
    "Sentiment": "NEUTRAL",
    "SentimentScore": {
        "Positive": 0.07869872450828552,
        "Negative": 0.0032415883615612984,
        "Neutral": 0.9118615984916687,
        "Mixed": 0.006198154296725988
    }
}
