{
    "Sentiment": "NEUTRAL",
    "SentimentScore": {
        "Positive": 0.00666085397824645,
        "Negative": 0.0014634431572631001,
        "Neutral": 0.9915406107902527,
        "Mixed": 0.0003350680635776371
    }
}
