{
    "Sentiment": "NEUTRAL",
    "SentimentScore": {
        "Positive": 0.050110772252082825,
        "Negative": 0.036882732063531876,
        "Neutral": 0.9056583642959595,
        "Mixed": 0.007348218932747841
    }
}
