{
    "Sentiment": "NEUTRAL",
    "SentimentScore": {
        "Positive": 0.2535931468009949,
        "Negative": 0.05021626874804497,
        "Neutral": 0.6770574450492859,
        "Mixed": 0.019133130088448524
    }
}
