{
    "Sentiment": "POSITIVE",
    "SentimentScore": {
        "Positive": 0.460970014333725,
        "Negative": 0.011428664438426495,
        "Neutral": 0.45682743191719055,
        "Mixed": 0.07077386975288391
    }
}
