{
    "Sentiment": "NEUTRAL",
    "SentimentScore": {
        "Positive": 0.004326940514147282,
        "Negative": 0.003927213605493307,
        "Neutral": 0.9912365674972534,
        "Mixed": 0.0005093298386782408
    }
}
