{
    "Sentiment": "NEUTRAL",
    "SentimentScore": {
        "Positive": 0.009205622598528862,
        "Negative": 0.10455496609210968,
        "Neutral": 0.8795802593231201,
        "Mixed": 0.00665915384888649
    }
}
