{
    "Sentiment": "NEUTRAL",
    "SentimentScore": {
        "Positive": 0.005537922959774733,
        "Negative": 0.026658114045858383,
        "Neutral": 0.9651017189025879,
        "Mixed": 0.002702251775190234
    }
}
