{
    "Sentiment": "NEUTRAL",
    "SentimentScore": {
        "Positive": 0.020482337102293968,
        "Negative": 0.01737585850059986,
        "Neutral": 0.9567168354988098,
        "Mixed": 0.005424966104328632
    }
}
