{
    "Sentiment": "NEUTRAL",
    "SentimentScore": {
        "Positive": 0.05134891718626022,
        "Negative": 0.00720016285777092,
        "Neutral": 0.9382221102714539,
        "Mixed": 0.0032288560178130865
    }
}
