{
    "Sentiment": "NEUTRAL",
    "SentimentScore": {
        "Positive": 0.004129596520215273,
        "Negative": 0.0702693909406662,
        "Neutral": 0.9216784834861755,
        "Mixed": 0.003922542557120323
    }
}
