{
    "Sentiment": "NEUTRAL",
    "SentimentScore": {
        "Positive": 0.06998404115438461,
        "Negative": 0.04084338992834091,
        "Neutral": 0.8751898407936096,
        "Mixed": 0.013982771895825863
    }
}
