{
    "Sentiment": "NEUTRAL",
    "SentimentScore": {
        "Positive": 0.008561059832572937,
        "Negative": 0.003338246839120984,
        "Neutral": 0.987503707408905,
        "Mixed": 0.0005969692720100284
    }
}
