{
    "Sentiment": "NEUTRAL",
    "SentimentScore": {
        "Positive": 0.004743169527500868,
        "Negative": 0.03546561300754547,
        "Neutral": 0.9563299417495728,
        "Mixed": 0.003461237996816635
    }
}
