{
    "Sentiment": "NEUTRAL",
    "SentimentScore": {
        "Positive": 0.015005302615463734,
        "Negative": 0.013360089622437954,
        "Neutral": 0.9675179719924927,
        "Mixed": 0.004116564989089966
    }
}
