{
    "Sentiment": "NEUTRAL",
    "SentimentScore": {
        "Positive": 0.007148853503167629,
        "Negative": 0.06485803425312042,
        "Neutral": 0.9231663942337036,
        "Mixed": 0.00482667051255703
    }
}
