{
    "Sentiment": "NEUTRAL",
    "SentimentScore": {
        "Positive": 0.01110120676457882,
        "Negative": 0.004304304253309965,
        "Neutral": 0.9833886623382568,
        "Mixed": 0.0012057849671691656
    }
}
