{
    "Sentiment": "NEUTRAL",
    "SentimentScore": {
        "Positive": 0.1883544772863388,
        "Negative": 0.011033562012016773,
        "Neutral": 0.7973622679710388,
        "Mixed": 0.0032496729400008917
    }
}
