{
    "Sentiment": "NEUTRAL",
    "SentimentScore": {
        "Positive": 0.015626119449734688,
        "Negative": 0.1453743278980255,
        "Neutral": 0.8126272559165955,
        "Mixed": 0.02637231908738613
    }
}
