{
    "Sentiment": "NEUTRAL",
    "SentimentScore": {
        "Positive": 0.004180899355560541,
        "Negative": 0.15383309125900269,
        "Neutral": 0.8322485685348511,
        "Mixed": 0.009737425483763218
    }
}
