{
    "Sentiment": "NEUTRAL",
    "SentimentScore": {
        "Positive": 0.17695407569408417,
        "Negative": 0.009383928030729294,
        "Neutral": 0.7954222559928894,
        "Mixed": 0.01823982410132885
    }
}
