{
    "Sentiment": "NEUTRAL",
    "SentimentScore": {
        "Positive": 0.04761708527803421,
        "Negative": 0.005387837532907724,
        "Neutral": 0.9437485337257385,
        "Mixed": 0.003246523439884186
    }
}
