{
    "Sentiment": "NEUTRAL",
    "SentimentScore": {
        "Positive": 0.004434015601873398,
        "Negative": 0.10223004221916199,
        "Neutral": 0.8883263468742371,
        "Mixed": 0.005009589716792107
    }
}
