{
    "Sentiment": "NEUTRAL",
    "SentimentScore": {
        "Positive": 0.034268904477357864,
        "Negative": 0.007348536513745785,
        "Neutral": 0.955373227596283,
        "Mixed": 0.0030093358363956213
    }
}
