{
    "Sentiment": "NEUTRAL",
    "SentimentScore": {
        "Positive": 0.004883195739239454,
        "Negative": 0.06672310084104538,
        "Neutral": 0.92584228515625,
        "Mixed": 0.002551413606852293
    }
}
