{
    "Sentiment": "NEUTRAL",
    "SentimentScore": {
        "Positive": 0.0672883465886116,
        "Negative": 0.015545525588095188,
        "Neutral": 0.9113703370094299,
        "Mixed": 0.005795776844024658
    }
}
