{
    "Sentiment": "NEUTRAL",
    "SentimentScore": {
        "Positive": 0.007971029728651047,
        "Negative": 0.03249721601605415,
        "Neutral": 0.9543782472610474,
        "Mixed": 0.005153517238795757
    }
}
