{
    "Sentiment": "NEUTRAL",
    "SentimentScore": {
        "Positive": 0.05932467430830002,
        "Negative": 0.005503916647285223,
        "Neutral": 0.9323624968528748,
        "Mixed": 0.0028089238330721855
    }
}
