{
    "Sentiment": "NEUTRAL",
    "SentimentScore": {
        "Positive": 0.016214100643992424,
        "Negative": 0.011736497282981873,
        "Neutral": 0.9700657725334167,
        "Mixed": 0.001983589492738247
    }
}
