{
    "Sentiment": "NEGATIVE",
    "SentimentScore": {
        "Positive": 0.02411874383687973,
        "Negative": 0.5745728611946106,
        "Neutral": 0.3805604577064514,
        "Mixed": 0.020747961476445198
    }
}
