{
    "Sentiment": "NEUTRAL",
    "SentimentScore": {
        "Positive": 0.10632188618183136,
        "Negative": 0.0015014968812465668,
        "Neutral": 0.8903239369392395,
        "Mixed": 0.0018526386702433228
    }
}
