{
    "Sentiment": "NEUTRAL",
    "SentimentScore": {
        "Positive": 0.014483245089650154,
        "Negative": 0.07207025587558746,
        "Neutral": 0.9044387340545654,
        "Mixed": 0.009007725864648819
    }
}
