{
    "Sentiment": "NEUTRAL",
    "SentimentScore": {
        "Positive": 0.006539910566061735,
        "Negative": 0.011058060452342033,
        "Neutral": 0.9805321097373962,
        "Mixed": 0.0018699652282521129
    }
}
