{
    "Sentiment": "NEUTRAL",
    "SentimentScore": {
        "Positive": 0.1403401792049408,
        "Negative": 0.23308134078979492,
        "Neutral": 0.5965006351470947,
        "Mixed": 0.030077869072556496
    }
}
