{
    "Sentiment": "NEUTRAL",
    "SentimentScore": {
        "Positive": 0.0026015592738986015,
        "Negative": 0.3575651943683624,
        "Neutral": 0.6291977763175964,
        "Mixed": 0.010635508224368095
    }
}
