{
    "Sentiment": "NEUTRAL",
    "SentimentScore": {
        "Positive": 0.03058929182589054,
        "Negative": 0.016541261225938797,
        "Neutral": 0.9436231851577759,
        "Mixed": 0.009246360510587692
    }
}
