{
    "Sentiment": "NEUTRAL",
    "SentimentScore": {
        "Positive": 0.04538748785853386,
        "Negative": 0.09566967189311981,
        "Neutral": 0.8491954207420349,
        "Mixed": 0.009747384116053581
    }
}
