{
    "Sentiment": "NEUTRAL",
    "SentimentScore": {
        "Positive": 0.006159353535622358,
        "Negative": 0.015189371071755886,
        "Neutral": 0.9752867221832275,
        "Mixed": 0.0033645464573055506
    }
}
