{
    "Sentiment": "NEUTRAL",
    "SentimentScore": {
        "Positive": 0.023637283593416214,
        "Negative": 0.008624936453998089,
        "Neutral": 0.963995635509491,
        "Mixed": 0.003742191009223461
    }
}
