{
    "Sentiment": "POSITIVE",
    "SentimentScore": {
        "Positive": 0.5780535340309143,
        "Negative": 0.024074111133813858,
        "Neutral": 0.38249605894088745,
        "Mixed": 0.015376304276287556
    }
}
