{
    "Sentiment": "NEUTRAL",
    "SentimentScore": {
        "Positive": 0.002375513082370162,
        "Negative": 0.009083920158445835,
        "Neutral": 0.987552285194397,
        "Mixed": 0.000988337560556829
    }
}
