{
    "Sentiment": "NEUTRAL",
    "SentimentScore": {
        "Positive": 0.003994396422058344,
        "Negative": 0.025398600846529007,
        "Neutral": 0.9682924747467041,
        "Mixed": 0.002314563374966383
    }
}
