{
    "Sentiment": "NEUTRAL",
    "SentimentScore": {
        "Positive": 0.083251953125,
        "Negative": 0.005694235675036907,
        "Neutral": 0.9082362651824951,
        "Mixed": 0.002817671513184905
    }
}
