{
    "Sentiment": "NEUTRAL",
    "SentimentScore": {
        "Positive": 0.004379499237984419,
        "Negative": 0.16832950711250305,
        "Neutral": 0.8195117712020874,
        "Mixed": 0.007779193576425314
    }
}
