{
    "Sentiment": "NEUTRAL",
    "SentimentScore": {
        "Positive": 0.0016458615427836776,
        "Negative": 0.007956556044518948,
        "Neutral": 0.9895448088645935,
        "Mixed": 0.0008527036989107728
    }
}
