{
    "Sentiment": "NEUTRAL",
    "SentimentScore": {
        "Positive": 0.0037738122045993805,
        "Negative": 0.05210500210523605,
        "Neutral": 0.940318763256073,
        "Mixed": 0.003802516730502248
    }
}
