{
    "Sentiment": "NEUTRAL",
    "SentimentScore": {
        "Positive": 0.06314588338136673,
        "Negative": 0.13307033479213715,
        "Neutral": 0.7948261499404907,
        "Mixed": 0.008957665413618088
    }
}
