{
    "Sentiment": "NEUTRAL",
    "SentimentScore": {
        "Positive": 0.0024520838633179665,
        "Negative": 0.0019958128686994314,
        "Neutral": 0.9951561689376831,
        "Mixed": 0.0003960335743613541
    }
}
