{
    "Sentiment": "NEUTRAL",
    "SentimentScore": {
        "Positive": 0.011497646570205688,
        "Negative": 0.019621578976511955,
        "Neutral": 0.9672760963439941,
        "Mixed": 0.0016047836979851127
    }
}
