{
    "Sentiment": "NEUTRAL",
    "SentimentScore": {
        "Positive": 0.10147015750408173,
        "Negative": 0.06803058087825775,
        "Neutral": 0.7905721068382263,
        "Mixed": 0.03992712125182152
    }
}
