{
    "Sentiment": "NEUTRAL",
    "SentimentScore": {
        "Positive": 0.021869508549571037,
        "Negative": 0.4091609716415405,
        "Neutral": 0.5396148562431335,
        "Mixed": 0.029354654252529144
    }
}
