{
    "Sentiment": "NEUTRAL",
    "SentimentScore": {
        "Positive": 0.12719689309597015,
        "Negative": 0.019890302792191505,
        "Neutral": 0.8376176953315735,
        "Mixed": 0.015295061282813549
    }
}
