{
    "Sentiment": "NEUTRAL",
    "SentimentScore": {
        "Positive": 0.021861305460333824,
        "Negative": 0.011886868625879288,
        "Neutral": 0.9552843570709229,
        "Mixed": 0.010967413894832134
    }
}
