{
    "Sentiment": "NEUTRAL",
    "SentimentScore": {
        "Positive": 0.0026783819776028395,
        "Negative": 0.009506008587777615,
        "Neutral": 0.9872796535491943,
        "Mixed": 0.0005359548376873136
    }
}
