{
    "Sentiment": "NEUTRAL",
    "SentimentScore": {
        "Positive": 0.01517820730805397,
        "Negative": 0.00378586957231164,
        "Neutral": 0.9772233366966248,
        "Mixed": 0.0038126178551465273
    }
}
