{
    "Sentiment": "POSITIVE",
    "SentimentScore": {
        "Positive": 0.8231736421585083,
        "Negative": 0.0030266076792031527,
        "Neutral": 0.1685025840997696,
        "Mixed": 0.005297158379107714
    }
}
