{
    "Sentiment": "NEGATIVE",
    "SentimentScore": {
        "Positive": 0.014847778715193272,
        "Negative": 0.6315479278564453,
        "Neutral": 0.25971388816833496,
        "Mixed": 0.093890480697155
    }
}
