{
    "Sentiment": "NEUTRAL",
    "SentimentScore": {
        "Positive": 0.08698131889104843,
        "Negative": 0.019717132672667503,
        "Neutral": 0.8899247646331787,
        "Mixed": 0.0033767682034522295
    }
}
