{
    "Sentiment": "NEUTRAL",
    "SentimentScore": {
        "Positive": 0.0024008979089558125,
        "Negative": 0.020187541842460632,
        "Neutral": 0.9761419892311096,
        "Mixed": 0.0012695323675870895
    }
}
