{
    "Sentiment": "NEUTRAL",
    "SentimentScore": {
        "Positive": 0.025754397734999657,
        "Negative": 0.005280096083879471,
        "Neutral": 0.9660308361053467,
        "Mixed": 0.0029345902148634195
    }
}
