{
    "Sentiment": "NEUTRAL",
    "SentimentScore": {
        "Positive": 0.044050030410289764,
        "Negative": 0.010951278731226921,
        "Neutral": 0.9427489042282104,
        "Mixed": 0.0022498462349176407
    }
}
