{
    "Sentiment": "NEUTRAL",
    "SentimentScore": {
        "Positive": 0.0031361179426312447,
        "Negative": 0.017152057960629463,
        "Neutral": 0.9776010513305664,
        "Mixed": 0.0021107634529471397
    }
}
