{
    "Sentiment": "POSITIVE",
    "SentimentScore": {
        "Positive": 0.5565905570983887,
        "Negative": 0.016567252576351166,
        "Neutral": 0.4194830656051636,
        "Mixed": 0.007359123323112726
    }
}
