{
    "Sentiment": "NEGATIVE",
    "SentimentScore": {
        "Positive": 0.015837926417589188,
        "Negative": 0.5668190717697144,
        "Neutral": 0.3232816755771637,
        "Mixed": 0.09406130760908127
    }
}
