{
    "Sentiment": "NEUTRAL",
    "SentimentScore": {
        "Positive": 0.014917044900357723,
        "Negative": 0.005742168519645929,
        "Neutral": 0.9773736000061035,
        "Mixed": 0.0019672245252877474
    }
}
