{
    "Sentiment": "NEUTRAL",
    "SentimentScore": {
        "Positive": 0.32386326789855957,
        "Negative": 0.009508694522082806,
        "Neutral": 0.6589992642402649,
        "Mixed": 0.007628793828189373
    }
}
