{
    "Sentiment": "NEUTRAL",
    "SentimentScore": {
        "Positive": 0.06791776418685913,
        "Negative": 0.14851105213165283,
        "Neutral": 0.7652132511138916,
        "Mixed": 0.01835794188082218
    }
}
