{
    "Sentiment": "NEUTRAL",
    "SentimentScore": {
        "Positive": 0.041522350162267685,
        "Negative": 0.00794261321425438,
        "Neutral": 0.9469643831253052,
        "Mixed": 0.0035707412753254175
    }
}
