{
    "Sentiment": "NEUTRAL",
    "SentimentScore": {
        "Positive": 0.05982294678688049,
        "Negative": 0.046767622232437134,
        "Neutral": 0.879025936126709,
        "Mixed": 0.014383409172296524
    }
}
