{
    "Sentiment": "NEUTRAL",
    "SentimentScore": {
        "Positive": 0.017168348655104637,
        "Negative": 0.06152082234621048,
        "Neutral": 0.9131106734275818,
        "Mixed": 0.008200189098715782
    }
}
