{
    "Sentiment": "NEUTRAL",
    "SentimentScore": {
        "Positive": 0.11871252208948135,
        "Negative": 0.2912479639053345,
        "Neutral": 0.5480107665061951,
        "Mixed": 0.04202873259782791
    }
}
