{
    "Sentiment": "NEUTRAL",
    "SentimentScore": {
        "Positive": 0.01674487255513668,
        "Negative": 0.21027033030986786,
        "Neutral": 0.7561349272727966,
        "Mixed": 0.01684984751045704
    }
}
