{
    "Sentiment": "NEUTRAL",
    "SentimentScore": {
        "Positive": 0.006749817170202732,
        "Negative": 0.006929668597877026,
        "Neutral": 0.9840961694717407,
        "Mixed": 0.0022243426647037268
    }
}
