{
    "Sentiment": "NEUTRAL",
    "SentimentScore": {
        "Positive": 0.007204336579889059,
        "Negative": 0.0038290289230644703,
        "Neutral": 0.9884047508239746,
        "Mixed": 0.000561869703233242
    }
}
