{
    "Sentiment": "NEUTRAL",
    "SentimentScore": {
        "Positive": 0.06425745785236359,
        "Negative": 0.021010950207710266,
        "Neutral": 0.9008234143257141,
        "Mixed": 0.013908212073147297
    }
}
