{
    "Sentiment": "NEUTRAL",
    "SentimentScore": {
        "Positive": 0.3855937719345093,
        "Negative": 0.0021631657145917416,
        "Neutral": 0.6082981824874878,
        "Mixed": 0.003944985568523407
    }
}
