{
    "Sentiment": "NEUTRAL",
    "SentimentScore": {
        "Positive": 0.013304391875863075,
        "Negative": 0.0026978414971381426,
        "Neutral": 0.9834590554237366,
        "Mixed": 0.0005387350684031844
    }
}
