{
    "Sentiment": "NEUTRAL",
    "SentimentScore": {
        "Positive": 0.017484838142991066,
        "Negative": 0.05743054300546646,
        "Neutral": 0.9178593754768372,
        "Mixed": 0.007225270848721266
    }
}
