{
    "Sentiment": "NEUTRAL",
    "SentimentScore": {
        "Positive": 0.02034030109643936,
        "Negative": 0.0074678645469248295,
        "Neutral": 0.9708799719810486,
        "Mixed": 0.0013118908973410726
    }
}
