{
    "Sentiment": "NEUTRAL",
    "SentimentScore": {
        "Positive": 0.015890905633568764,
        "Negative": 0.07560140639543533,
        "Neutral": 0.9042177200317383,
        "Mixed": 0.004289957229048014
    }
}
