{
    "Sentiment": "NEUTRAL",
    "SentimentScore": {
        "Positive": 0.0029247147031128407,
        "Negative": 0.021572407335042953,
        "Neutral": 0.9728900194168091,
        "Mixed": 0.0026128801982849836
    }
}
