{
    "Sentiment": "POSITIVE",
    "SentimentScore": {
        "Positive": 0.5931476950645447,
        "Negative": 0.06220746785402298,
        "Neutral": 0.30075499415397644,
        "Mixed": 0.0438898541033268
    }
}
