{
    "Sentiment": "NEUTRAL",
    "SentimentScore": {
        "Positive": 0.015276768244802952,
        "Negative": 0.016089338809251785,
        "Neutral": 0.9673985838890076,
        "Mixed": 0.0012353365309536457
    }
}
