{
    "Sentiment": "NEUTRAL",
    "SentimentScore": {
        "Positive": 0.005478886421769857,
        "Negative": 0.0029052449390292168,
        "Neutral": 0.9910551309585571,
        "Mixed": 0.0005607196362689137
    }
}
