{
    "Sentiment": "POSITIVE",
    "SentimentScore": {
        "Positive": 0.894037127494812,
        "Negative": 0.0003334207576699555,
        "Neutral": 0.10427232831716537,
        "Mixed": 0.001357181230559945
    }
}
