{
    "Sentiment": "NEUTRAL",
    "SentimentScore": {
        "Positive": 0.034888312220573425,
        "Negative": 0.40378960967063904,
        "Neutral": 0.5364140272140503,
        "Mixed": 0.0249080341309309
    }
}
