{
    "Sentiment": "NEUTRAL",
    "SentimentScore": {
        "Positive": 0.0024407831951975822,
        "Negative": 0.0011841307859867811,
        "Neutral": 0.9961767196655273,
        "Mixed": 0.00019834742124658078
    }
}
