{
    "Sentiment": "NEUTRAL",
    "SentimentScore": {
        "Positive": 0.015269702300429344,
        "Negative": 0.00498414458706975,
        "Neutral": 0.9783725142478943,
        "Mixed": 0.0013737339759245515
    }
}
