{
    "Sentiment": "NEUTRAL",
    "SentimentScore": {
        "Positive": 0.00529364263638854,
        "Negative": 0.005292037036269903,
        "Neutral": 0.9886356592178345,
        "Mixed": 0.0007786349742673337
    }
}
