{
    "Sentiment": "NEUTRAL",
    "SentimentScore": {
        "Positive": 0.057840995490550995,
        "Negative": 0.15761421620845795,
        "Neutral": 0.7348788976669312,
        "Mixed": 0.0496659092605114
    }
}
