{
    "Sentiment": "NEUTRAL",
    "SentimentScore": {
        "Positive": 0.007392723113298416,
        "Negative": 0.012827877886593342,
        "Neutral": 0.9768358469009399,
        "Mixed": 0.0029435991309583187
    }
}
