{
    "Sentiment": "NEUTRAL",
    "SentimentScore": {
        "Positive": 0.006089046131819487,
        "Negative": 0.21181145310401917,
        "Neutral": 0.7720213532447815,
        "Mixed": 0.01007811538875103
    }
}
