{
    "Sentiment": "NEUTRAL",
    "SentimentScore": {
        "Positive": 0.011275778524577618,
        "Negative": 0.0012188315158709884,
        "Neutral": 0.9867335557937622,
        "Mixed": 0.0007717138505540788
    }
}
