{
    "Sentiment": "NEUTRAL",
    "SentimentScore": {
        "Positive": 0.004530124831944704,
        "Negative": 0.000988099491223693,
        "Neutral": 0.9942262768745422,
        "Mixed": 0.0002555733663029969
    }
}
