{
    "Sentiment": "NEUTRAL",
    "SentimentScore": {
        "Positive": 0.0014503593556582928,
        "Negative": 0.0060729291290044785,
        "Neutral": 0.9918258190155029,
        "Mixed": 0.0006508405203931034
    }
}
