{
    "Sentiment": "NEUTRAL",
    "SentimentScore": {
        "Positive": 0.006741676479578018,
        "Negative": 0.20824459195137024,
        "Neutral": 0.767953634262085,
        "Mixed": 0.017060110345482826
    }
}
