{
    "Sentiment": "NEUTRAL",
    "SentimentScore": {
        "Positive": 0.016825387254357338,
        "Negative": 0.06005316972732544,
        "Neutral": 0.9122113585472107,
        "Mixed": 0.01091005839407444
    }
}
