{
    "Sentiment": "NEUTRAL",
    "SentimentScore": {
        "Positive": 0.0911298617720604,
        "Negative": 0.0678243562579155,
        "Neutral": 0.8229560852050781,
        "Mixed": 0.018089689314365387
    }
}
