{
    "Sentiment": "NEUTRAL",
    "SentimentScore": {
        "Positive": 0.010074803605675697,
        "Negative": 0.09760601073503494,
        "Neutral": 0.8784049153327942,
        "Mixed": 0.01391427218914032
    }
}
