{
    "Sentiment": "NEUTRAL",
    "SentimentScore": {
        "Positive": 0.0020684620831161737,
        "Negative": 0.023973261937499046,
        "Neutral": 0.9714728593826294,
        "Mixed": 0.0024853877257555723
    }
}
