{
    "Sentiment": "NEUTRAL",
    "SentimentScore": {
        "Positive": 0.43372344970703125,
        "Negative": 0.011752315796911716,
        "Neutral": 0.5489938855171204,
        "Mixed": 0.0055303932167589664
    }
}
