{
    "Sentiment": "NEUTRAL",
    "SentimentScore": {
        "Positive": 0.00534317409619689,
        "Negative": 0.0165553018450737,
        "Neutral": 0.9755828976631165,
        "Mixed": 0.002518649213016033
    }
}
