{
    "Sentiment": "NEUTRAL",
    "SentimentScore": {
        "Positive": 0.001969762844964862,
        "Negative": 0.001833118381910026,
        "Neutral": 0.9960141181945801,
        "Mixed": 0.00018296453345101327
    }
}
