{
    "Sentiment": "NEUTRAL",
    "SentimentScore": {
        "Positive": 0.0012097134022042155,
        "Negative": 0.00706191873177886,
        "Neutral": 0.9912260174751282,
        "Mixed": 0.0005023650010116398
    }
}
