{
    "Sentiment": "POSITIVE",
    "SentimentScore": {
        "Positive": 0.7213678359985352,
        "Negative": 0.0030602861661463976,
        "Neutral": 0.26781389117240906,
        "Mixed": 0.007757975719869137
    }
}
