{
    "Sentiment": "NEUTRAL",
    "SentimentScore": {
        "Positive": 0.1075267344713211,
        "Negative": 0.07201836258172989,
        "Neutral": 0.7781080603599548,
        "Mixed": 0.04234682023525238
    }
}
