{
    "Sentiment": "NEUTRAL",
    "SentimentScore": {
        "Positive": 0.18160268664360046,
        "Negative": 0.005750801879912615,
        "Neutral": 0.8090687990188599,
        "Mixed": 0.0035777674056589603
    }
}
