{
    "Sentiment": "NEUTRAL",
    "SentimentScore": {
        "Positive": 0.05961453914642334,
        "Negative": 0.0064499471336603165,
        "Neutral": 0.9283633828163147,
        "Mixed": 0.005572052672505379
    }
}
