{
    "Sentiment": "NEUTRAL",
    "SentimentScore": {
        "Positive": 0.0752178505063057,
        "Negative": 0.017294012010097504,
        "Neutral": 0.9055957794189453,
        "Mixed": 0.0018923990428447723
    }
}
