{
    "Sentiment": "NEUTRAL",
    "SentimentScore": {
        "Positive": 0.0031254254281520844,
        "Negative": 0.07895469665527344,
        "Neutral": 0.9130505323410034,
        "Mixed": 0.004869411699473858
    }
}
