{
    "Sentiment": "NEUTRAL",
    "SentimentScore": {
        "Positive": 0.01765468902885914,
        "Negative": 0.014670656062662601,
        "Neutral": 0.9601668119430542,
        "Mixed": 0.007507873233407736
    }
}
