{
    "Sentiment": "NEUTRAL",
    "SentimentScore": {
        "Positive": 0.053511008620262146,
        "Negative": 0.007963806390762329,
        "Neutral": 0.9291229844093323,
        "Mixed": 0.009402194991707802
    }
}
