{
    "Sentiment": "NEUTRAL",
    "SentimentScore": {
        "Positive": 0.007640210445970297,
        "Negative": 0.2148303985595703,
        "Neutral": 0.767477810382843,
        "Mixed": 0.01005147211253643
    }
}
