{
    "Sentiment": "NEGATIVE",
    "SentimentScore": {
        "Positive": 0.04660245403647423,
        "Negative": 0.5245374441146851,
        "Neutral": 0.4082331955432892,
        "Mixed": 0.020626896992325783
    }
}
