{
    "Sentiment": "NEUTRAL",
    "SentimentScore": {
        "Positive": 0.015461137518286705,
        "Negative": 0.017859339714050293,
        "Neutral": 0.959534764289856,
        "Mixed": 0.007144699338823557
    }
}
