{
    "Sentiment": "NEUTRAL",
    "SentimentScore": {
        "Positive": 0.002059048041701317,
        "Negative": 0.09436682611703873,
        "Neutral": 0.8996794819831848,
        "Mixed": 0.0038947146385908127
    }
}
