{
    "Sentiment": "NEGATIVE",
    "SentimentScore": {
        "Positive": 0.020509013906121254,
        "Negative": 0.47592321038246155,
        "Neutral": 0.46464309096336365,
        "Mixed": 0.03892474249005318
    }
}
