{
    "Sentiment": "NEUTRAL",
    "SentimentScore": {
        "Positive": 0.006596006918698549,
        "Negative": 0.20036691427230835,
        "Neutral": 0.7866419553756714,
        "Mixed": 0.006395096890628338
    }
}
