{
    "Sentiment": "NEUTRAL",
    "SentimentScore": {
        "Positive": 0.0019664568826556206,
        "Negative": 0.0014820573851466179,
        "Neutral": 0.9962506890296936,
        "Mixed": 0.00030081006116233766
    }
}
