{
    "Sentiment": "NEUTRAL",
    "SentimentScore": {
        "Positive": 0.0024460088461637497,
        "Negative": 0.00756062101572752,
        "Neutral": 0.9888506531715393,
        "Mixed": 0.00114277598913759
    }
}
