{
    "Sentiment": "NEUTRAL",
    "SentimentScore": {
        "Positive": 0.005355850327759981,
        "Negative": 0.0048337699845433235,
        "Neutral": 0.9888633489608765,
        "Mixed": 0.0009470097138546407
    }
}
