{
    "Sentiment": "NEUTRAL",
    "SentimentScore": {
        "Positive": 0.04522409290075302,
        "Negative": 0.00444295397028327,
        "Neutral": 0.9488620758056641,
        "Mixed": 0.0014707955997437239
    }
}
