{
    "Sentiment": "NEUTRAL",
    "SentimentScore": {
        "Positive": 0.005109462421387434,
        "Negative": 0.006645704619586468,
        "Neutral": 0.987319827079773,
        "Mixed": 0.0009249566355720162
    }
}
