{
    "Sentiment": "NEUTRAL",
    "SentimentScore": {
        "Positive": 0.005821837577968836,
        "Negative": 0.04850064963102341,
        "Neutral": 0.9430280327796936,
        "Mixed": 0.002649509347975254
    }
}
