{
    "Sentiment": "NEUTRAL",
    "SentimentScore": {
        "Positive": 0.003659166395664215,
        "Negative": 0.022006461396813393,
        "Neutral": 0.9731311202049255,
        "Mixed": 0.0012033851817250252
    }
}
