{
    "Sentiment": "NEUTRAL",
    "SentimentScore": {
        "Positive": 0.0024847579188644886,
        "Negative": 0.004127107094973326,
        "Neutral": 0.9928734302520752,
        "Mixed": 0.0005147366900928319
    }
}
