{
    "Sentiment": "NEUTRAL",
    "SentimentScore": {
        "Positive": 0.00571045745164156,
        "Negative": 0.14273574948310852,
        "Neutral": 0.8402527570724487,
        "Mixed": 0.01130105834454298
    }
}
