{
    "Sentiment": "NEUTRAL",
    "SentimentScore": {
        "Positive": 0.022337567061185837,
        "Negative": 0.012816719710826874,
        "Neutral": 0.9609978795051575,
        "Mixed": 0.003847838845103979
    }
}
