{
    "Sentiment": "NEUTRAL",
    "SentimentScore": {
        "Positive": 0.011935282498598099,
        "Negative": 0.005930409301072359,
        "Neutral": 0.9813118577003479,
        "Mixed": 0.0008225289639085531
    }
}
