{
    "Sentiment": "NEUTRAL",
    "SentimentScore": {
        "Positive": 0.16774135828018188,
        "Negative": 0.011326027102768421,
        "Neutral": 0.8172739744186401,
        "Mixed": 0.0036586185451596975
    }
}
