{
    "Sentiment": "NEUTRAL",
    "SentimentScore": {
        "Positive": 0.002797627355903387,
        "Negative": 0.0036942490842193365,
        "Neutral": 0.9930574893951416,
        "Mixed": 0.0004505878023337573
    }
}
