{
    "Sentiment": "NEUTRAL",
    "SentimentScore": {
        "Positive": 0.04817171394824982,
        "Negative": 0.01374109648168087,
        "Neutral": 0.9363976716995239,
        "Mixed": 0.0016895342851057649
    }
}
