{
    "Sentiment": "POSITIVE",
    "SentimentScore": {
        "Positive": 0.49860846996307373,
        "Negative": 0.12936997413635254,
        "Neutral": 0.3204699158668518,
        "Mixed": 0.051551658660173416
    }
}
