{
    "Sentiment": "NEUTRAL",
    "SentimentScore": {
        "Positive": 0.0022156245540827513,
        "Negative": 0.006661292165517807,
        "Neutral": 0.9900943636894226,
        "Mixed": 0.0010287652257829905
    }
}
