{
    "Sentiment": "NEUTRAL",
    "SentimentScore": {
        "Positive": 0.0535682812333107,
        "Negative": 0.010027908720076084,
        "Neutral": 0.9343760013580322,
        "Mixed": 0.002027793088927865
    }
}
