{
    "Sentiment": "NEUTRAL",
    "SentimentScore": {
        "Positive": 0.0047941808588802814,
        "Negative": 0.07333977520465851,
        "Neutral": 0.9119400382041931,
        "Mixed": 0.00992599967867136
    }
}
