{
    "Sentiment": "NEUTRAL",
    "SentimentScore": {
        "Positive": 0.0068055372685194016,
        "Negative": 0.0003427663177717477,
        "Neutral": 0.9926936626434326,
        "Mixed": 0.00015799861284904182
    }
}
