{
    "Sentiment": "NEUTRAL",
    "SentimentScore": {
        "Positive": 0.004024623427540064,
        "Negative": 0.4061093032360077,
        "Neutral": 0.5766181349754333,
        "Mixed": 0.013247912749648094
    }
}
