{
    "Sentiment": "NEUTRAL",
    "SentimentScore": {
        "Positive": 0.003659849986433983,
        "Negative": 0.0011929833563044667,
        "Neutral": 0.9948751330375671,
        "Mixed": 0.00027201263583265245
    }
}
