{
    "Sentiment": "NEUTRAL",
    "SentimentScore": {
        "Positive": 0.1828269362449646,
        "Negative": 0.08188019692897797,
        "Neutral": 0.7134339213371277,
        "Mixed": 0.02185891941189766
    }
}
