{
    "Sentiment": "NEUTRAL",
    "SentimentScore": {
        "Positive": 0.005745983682572842,
        "Negative": 0.05605357140302658,
        "Neutral": 0.9306311011314392,
        "Mixed": 0.007569422945380211
    }
}
