{
    "Sentiment": "NEUTRAL",
    "SentimentScore": {
        "Positive": 0.003268985077738762,
        "Negative": 0.015230431221425533,
        "Neutral": 0.9803243279457092,
        "Mixed": 0.0011762073263525963
    }
}
