{
    "Sentiment": "POSITIVE",
    "SentimentScore": {
        "Positive": 0.5704913139343262,
        "Negative": 0.014716780744493008,
        "Neutral": 0.37844035029411316,
        "Mixed": 0.03635159134864807
    }
}
