{
    "Sentiment": "NEUTRAL",
    "SentimentScore": {
        "Positive": 0.004284126218408346,
        "Negative": 0.004409788176417351,
        "Neutral": 0.9907501339912415,
        "Mixed": 0.0005558789125643671
    }
}
