{
    "Sentiment": "NEUTRAL",
    "SentimentScore": {
        "Positive": 0.10152974724769592,
        "Negative": 0.034399453550577164,
        "Neutral": 0.846247673034668,
        "Mixed": 0.01782304421067238
    }
}
