{
    "Sentiment": "NEUTRAL",
    "SentimentScore": {
        "Positive": 0.018712811172008514,
        "Negative": 0.09006273746490479,
        "Neutral": 0.8833091855049133,
        "Mixed": 0.007915334776043892
    }
}
