{
    "Sentiment": "NEUTRAL",
    "SentimentScore": {
        "Positive": 0.004648057743906975,
        "Negative": 0.005656005814671516,
        "Neutral": 0.9890885353088379,
        "Mixed": 0.0006074759876355529
    }
}
