{
    "Sentiment": "NEUTRAL",
    "SentimentScore": {
        "Positive": 0.0031762314029037952,
        "Negative": 0.001964726485311985,
        "Neutral": 0.9945480227470398,
        "Mixed": 0.0003109223616775125
    }
}
