{
    "Sentiment": "NEUTRAL",
    "SentimentScore": {
        "Positive": 0.004323489032685757,
        "Negative": 0.02571461722254753,
        "Neutral": 0.9680255055427551,
        "Mixed": 0.0019363296451047063
    }
}
