{
    "Sentiment": "NEUTRAL",
    "SentimentScore": {
        "Positive": 0.0021581242326647043,
        "Negative": 0.01086646132171154,
        "Neutral": 0.9860454201698303,
        "Mixed": 0.0009299767552874982
    }
}
