{
    "Sentiment": "NEUTRAL",
    "SentimentScore": {
        "Positive": 0.005935867317020893,
        "Negative": 0.0019646892324090004,
        "Neutral": 0.9914445281028748,
        "Mixed": 0.0006549439276568592
    }
}
