{
    "Sentiment": "NEUTRAL",
    "SentimentScore": {
        "Positive": 0.002192926360294223,
        "Negative": 0.010475749149918556,
        "Neutral": 0.9862548112869263,
        "Mixed": 0.0010764955077320337
    }
}
