{
    "Sentiment": "NEUTRAL",
    "SentimentScore": {
        "Positive": 0.010557749308645725,
        "Negative": 0.010036912746727467,
        "Neutral": 0.9785445928573608,
        "Mixed": 0.0008607468334957957
    }
}
