{
    "Sentiment": "NEUTRAL",
    "SentimentScore": {
        "Positive": 0.01565663330256939,
        "Negative": 0.044075630605220795,
        "Neutral": 0.9332616329193115,
        "Mixed": 0.007006063126027584
    }
}
