{
    "Sentiment": "NEUTRAL",
    "SentimentScore": {
        "Positive": 0.001906007993966341,
        "Negative": 0.009442071430385113,
        "Neutral": 0.9881137013435364,
        "Mixed": 0.0005382262170314789
    }
}
