{
    "Sentiment": "NEUTRAL",
    "SentimentScore": {
        "Positive": 0.0044008539989590645,
        "Negative": 0.0007188227027654648,
        "Neutral": 0.9946225881576538,
        "Mixed": 0.00025777294649742544
    }
}
