{
    "Sentiment": "NEUTRAL",
    "SentimentScore": {
        "Positive": 0.00985240750014782,
        "Negative": 0.07608585804700851,
        "Neutral": 0.908015251159668,
        "Mixed": 0.006046525202691555
    }
}
