{
    "Sentiment": "NEUTRAL",
    "SentimentScore": {
        "Positive": 0.0032555919606238604,
        "Negative": 0.003191614057868719,
        "Neutral": 0.9928176403045654,
        "Mixed": 0.000735228939447552
    }
}
