{
    "Sentiment": "NEUTRAL",
    "SentimentScore": {
        "Positive": 0.002954639960080385,
        "Negative": 0.11056669056415558,
        "Neutral": 0.880456268787384,
        "Mixed": 0.006022431887686253
    }
}
