{
    "Sentiment": "NEUTRAL",
    "SentimentScore": {
        "Positive": 0.0051825339905917645,
        "Negative": 0.013804428279399872,
        "Neutral": 0.9796118140220642,
        "Mixed": 0.001401257235556841
    }
}
