{
    "Sentiment": "NEUTRAL",
    "SentimentScore": {
        "Positive": 0.023278629407286644,
        "Negative": 0.009209124371409416,
        "Neutral": 0.9646989107131958,
        "Mixed": 0.002813327359035611
    }
}
