{
    "Sentiment": "NEUTRAL",
    "SentimentScore": {
        "Positive": 0.008271903730928898,
        "Negative": 0.003730836557224393,
        "Neutral": 0.9873682856559753,
        "Mixed": 0.0006290307501330972
    }
}
