{
    "Sentiment": "NEUTRAL",
    "SentimentScore": {
        "Positive": 0.02719869837164879,
        "Negative": 0.0174446739256382,
        "Neutral": 0.9535266757011414,
        "Mixed": 0.0018299260409548879
    }
}
