{
    "Sentiment": "NEUTRAL",
    "SentimentScore": {
        "Positive": 0.01577145978808403,
        "Negative": 0.006192299537360668,
        "Neutral": 0.9770153760910034,
        "Mixed": 0.0010208183666691184
    }
}
