{
    "Sentiment": "NEUTRAL",
    "SentimentScore": {
        "Positive": 0.0028451166581362486,
        "Negative": 0.006549380719661713,
        "Neutral": 0.9893425703048706,
        "Mixed": 0.0012628879630938172
    }
}
