{
    "Sentiment": "NEUTRAL",
    "SentimentScore": {
        "Positive": 0.00136936130002141,
        "Negative": 0.007502726279199123,
        "Neutral": 0.990613579750061,
        "Mixed": 0.0005142684676684439
    }
}
