{
    "Sentiment": "NEUTRAL",
    "SentimentScore": {
        "Positive": 0.0024876093957573175,
        "Negative": 0.009327423758804798,
        "Neutral": 0.9871633052825928,
        "Mixed": 0.0010216452647000551
    }
}
