{
    "Sentiment": "NEUTRAL",
    "SentimentScore": {
        "Positive": 0.0227032583206892,
        "Negative": 0.017838656902313232,
        "Neutral": 0.9517263174057007,
        "Mixed": 0.007731851655989885
    }
}
