{
    "Sentiment": "NEUTRAL",
    "SentimentScore": {
        "Positive": 0.006295083090662956,
        "Negative": 0.04900839552283287,
        "Neutral": 0.9416905641555786,
        "Mixed": 0.0030059139244258404
    }
}
