{
    "Sentiment": "NEUTRAL",
    "SentimentScore": {
        "Positive": 0.011094095185399055,
        "Negative": 0.0458340123295784,
        "Neutral": 0.9388940334320068,
        "Mixed": 0.004177871160209179
    }
}
