{
    "Sentiment": "NEUTRAL",
    "SentimentScore": {
        "Positive": 0.0023805543314665556,
        "Negative": 0.005500183906406164,
        "Neutral": 0.9916320443153381,
        "Mixed": 0.0004873136931564659
    }
}
