{
    "Sentiment": "NEUTRAL",
    "SentimentScore": {
        "Positive": 0.016788188368082047,
        "Negative": 0.016591042280197144,
        "Neutral": 0.9624983072280884,
        "Mixed": 0.0041224174201488495
    }
}
