{
    "Sentiment": "NEUTRAL",
    "SentimentScore": {
        "Positive": 0.0019700953271239996,
        "Negative": 0.008217724040150642,
        "Neutral": 0.989065408706665,
        "Mixed": 0.0007467953837476671
    }
}
