{
    "Sentiment": "NEUTRAL",
    "SentimentScore": {
        "Positive": 0.341977059841156,
        "Negative": 0.1577589362859726,
        "Neutral": 0.4695320427417755,
        "Mixed": 0.03073202259838581
    }
}
