{
    "Sentiment": "NEUTRAL",
    "SentimentScore": {
        "Positive": 0.018922382965683937,
        "Negative": 0.004052701406180859,
        "Neutral": 0.9757946729660034,
        "Mixed": 0.001230224035680294
    }
}
