{
    "Sentiment": "NEUTRAL",
    "SentimentScore": {
        "Positive": 0.38748621940612793,
        "Negative": 0.01046845968812704,
        "Neutral": 0.5906422734260559,
        "Mixed": 0.011403046548366547
    }
}
