{
    "Sentiment": "NEUTRAL",
    "SentimentScore": {
        "Positive": 0.0035938876681029797,
        "Negative": 0.00706974882632494,
        "Neutral": 0.9882772564888,
        "Mixed": 0.0010591200552880764
    }
}
