{
    "Sentiment": "NEUTRAL",
    "SentimentScore": {
        "Positive": 0.004191000945866108,
        "Negative": 0.0032493576873093843,
        "Neutral": 0.9921078085899353,
        "Mixed": 0.00045177870197221637
    }
}
