{
    "Sentiment": "NEUTRAL",
    "SentimentScore": {
        "Positive": 0.004149831831455231,
        "Negative": 0.030310133472085,
        "Neutral": 0.9630548357963562,
        "Mixed": 0.0024851986672729254
    }
}
