{
    "Sentiment": "NEUTRAL",
    "SentimentScore": {
        "Positive": 0.036609433591365814,
        "Negative": 0.11668671667575836,
        "Neutral": 0.8418261408805847,
        "Mixed": 0.0048776851035654545
    }
}
