{
    "Sentiment": "NEUTRAL",
    "SentimentScore": {
        "Positive": 0.010633428581058979,
        "Negative": 0.08978643268346786,
        "Neutral": 0.8604674935340881,
        "Mixed": 0.039112649857997894
    }
}
