{
    "Sentiment": "NEUTRAL",
    "SentimentScore": {
        "Positive": 0.006629899609833956,
        "Negative": 0.017786765471100807,
        "Neutral": 0.9743504524230957,
        "Mixed": 0.0012328324373811483
    }
}
