{
    "Sentiment": "NEUTRAL",
    "SentimentScore": {
        "Positive": 0.023770082741975784,
        "Negative": 0.07995300740003586,
        "Neutral": 0.8781771659851074,
        "Mixed": 0.018099721521139145
    }
}
