{
    "Sentiment": "NEUTRAL",
    "SentimentScore": {
        "Positive": 0.0033968661446124315,
        "Negative": 0.038569916039705276,
        "Neutral": 0.9551399946212769,
        "Mixed": 0.0028931808192282915
    }
}
