{
    "Sentiment": "NEUTRAL",
    "SentimentScore": {
        "Positive": 0.08140390366315842,
        "Negative": 0.001999377040192485,
        "Neutral": 0.9149059653282166,
        "Mixed": 0.0016907787648960948
    }
}
