{
    "Sentiment": "NEUTRAL",
    "SentimentScore": {
        "Positive": 0.006501736119389534,
        "Negative": 0.08722834289073944,
        "Neutral": 0.8971806168556213,
        "Mixed": 0.009089326485991478
    }
}
