{
    "Sentiment": "NEUTRAL",
    "SentimentScore": {
        "Positive": 0.023695992305874825,
        "Negative": 0.33473488688468933,
        "Neutral": 0.6188982725143433,
        "Mixed": 0.022670786827802658
    }
}
