{
    "Sentiment": "NEUTRAL",
    "SentimentScore": {
        "Positive": 0.01123114861547947,
        "Negative": 0.0035853285808116198,
        "Neutral": 0.9846044182777405,
        "Mixed": 0.0005790760624222457
    }
}
