{
    "Sentiment": "NEUTRAL",
    "SentimentScore": {
        "Positive": 0.035219356417655945,
        "Negative": 0.03507552668452263,
        "Neutral": 0.9209120273590088,
        "Mixed": 0.008792986162006855
    }
}
