{
    "Sentiment": "NEUTRAL",
    "SentimentScore": {
        "Positive": 0.025839954614639282,
        "Negative": 0.1376141756772995,
        "Neutral": 0.8250330090522766,
        "Mixed": 0.011512803845107555
    }
}
