{
    "Sentiment": "NEUTRAL",
    "SentimentScore": {
        "Positive": 0.006744850426912308,
        "Negative": 0.020406540483236313,
        "Neutral": 0.9704612493515015,
        "Mixed": 0.002387321786954999
    }
}
