{
    "Sentiment": "NEUTRAL",
    "SentimentScore": {
        "Positive": 0.0025717495009303093,
        "Negative": 0.0402073934674263,
        "Neutral": 0.9546424150466919,
        "Mixed": 0.002578363986685872
    }
}
