{
    "Sentiment": "NEUTRAL",
    "SentimentScore": {
        "Positive": 0.015489606186747551,
        "Negative": 0.0208295751363039,
        "Neutral": 0.9603638052940369,
        "Mixed": 0.0033169458620250225
    }
}
