{
    "Sentiment": "NEUTRAL",
    "SentimentScore": {
        "Positive": 0.006923490669578314,
        "Negative": 0.0018846518360078335,
        "Neutral": 0.9906260967254639,
        "Mixed": 0.0005658125155605376
    }
}
