{
    "Sentiment": "NEUTRAL",
    "SentimentScore": {
        "Positive": 0.05832252278923988,
        "Negative": 0.033444952219724655,
        "Neutral": 0.9053674936294556,
        "Mixed": 0.0028650586027652025
    }
}
