{
    "Sentiment": "POSITIVE",
    "SentimentScore": {
        "Positive": 0.8225820064544678,
        "Negative": 0.011207092553377151,
        "Neutral": 0.15903151035308838,
        "Mixed": 0.0071794576942920685
    }
}
