{
    "Sentiment": "NEUTRAL",
    "SentimentScore": {
        "Positive": 0.025479162111878395,
        "Negative": 0.031611379235982895,
        "Neutral": 0.93097323179245,
        "Mixed": 0.011936184018850327
    }
}
