{
    "Sentiment": "NEUTRAL",
    "SentimentScore": {
        "Positive": 0.009219642728567123,
        "Negative": 0.012155869975686073,
        "Neutral": 0.9774272441864014,
        "Mixed": 0.0011971913045272231
    }
}
