{
    "Sentiment": "NEUTRAL",
    "SentimentScore": {
        "Positive": 0.0663868859410286,
        "Negative": 0.0010680246632546186,
        "Neutral": 0.9307613968849182,
        "Mixed": 0.0017836997285485268
    }
}
