{
    "Sentiment": "NEUTRAL",
    "SentimentScore": {
        "Positive": 0.01841743104159832,
        "Negative": 0.007318288087844849,
        "Neutral": 0.9732183814048767,
        "Mixed": 0.0010459230979904532
    }
}
