{
    "Sentiment": "NEUTRAL",
    "SentimentScore": {
        "Positive": 0.11990508437156677,
        "Negative": 0.0028065491933375597,
        "Neutral": 0.8696917295455933,
        "Mixed": 0.007596741896122694
    }
}
