{
    "Sentiment": "NEUTRAL",
    "SentimentScore": {
        "Positive": 0.013363602571189404,
        "Negative": 0.29222431778907776,
        "Neutral": 0.6663675308227539,
        "Mixed": 0.028044620528817177
    }
}
