{
    "Sentiment": "NEUTRAL",
    "SentimentScore": {
        "Positive": 0.048316750675439835,
        "Negative": 0.1402817815542221,
        "Neutral": 0.7924657464027405,
        "Mixed": 0.018935706466436386
    }
}
