{
    "Sentiment": "NEUTRAL",
    "SentimentScore": {
        "Positive": 0.00181808031629771,
        "Negative": 0.005600265692919493,
        "Neutral": 0.9920543432235718,
        "Mixed": 0.0005273825372569263
    }
}
