{
    "Sentiment": "NEUTRAL",
    "SentimentScore": {
        "Positive": 0.006361076608300209,
        "Negative": 0.11764433234930038,
        "Neutral": 0.8647261261940002,
        "Mixed": 0.011268467642366886
    }
}
