{
    "Sentiment": "NEUTRAL",
    "SentimentScore": {
        "Positive": 0.38525086641311646,
        "Negative": 0.012280541472136974,
        "Neutral": 0.5902159810066223,
        "Mixed": 0.01225261390209198
    }
}
