{
    "Sentiment": "NEUTRAL",
    "SentimentScore": {
        "Positive": 0.0038976978976279497,
        "Negative": 0.022349530830979347,
        "Neutral": 0.9702351093292236,
        "Mixed": 0.0035176968667656183
    }
}
