{
    "Sentiment": "NEUTRAL",
    "SentimentScore": {
        "Positive": 0.02206658199429512,
        "Negative": 0.0021465823519974947,
        "Neutral": 0.9751900434494019,
        "Mixed": 0.0005968210170976818
    }
}
