{
    "Sentiment": "NEUTRAL",
    "SentimentScore": {
        "Positive": 0.015122897922992706,
        "Negative": 0.004684435203671455,
        "Neutral": 0.9793182611465454,
        "Mixed": 0.0008744664955884218
    }
}
