{
    "Sentiment": "NEUTRAL",
    "SentimentScore": {
        "Positive": 0.0013151693856343627,
        "Negative": 0.012335571460425854,
        "Neutral": 0.985770583152771,
        "Mixed": 0.0005786127294413745
    }
}
