{
    "Sentiment": "NEUTRAL",
    "SentimentScore": {
        "Positive": 0.08031392097473145,
        "Negative": 0.047850124537944794,
        "Neutral": 0.8483589291572571,
        "Mixed": 0.023477010428905487
    }
}
