{
    "Sentiment": "NEUTRAL",
    "SentimentScore": {
        "Positive": 0.002383715473115444,
        "Negative": 0.04311094433069229,
        "Neutral": 0.950166642665863,
        "Mixed": 0.004338599741458893
    }
}
