{
    "Sentiment": "NEUTRAL",
    "SentimentScore": {
        "Positive": 0.0043618218041956425,
        "Negative": 0.04615332558751106,
        "Neutral": 0.9450521469116211,
        "Mixed": 0.004432633984833956
    }
}
