{
    "Sentiment": "NEUTRAL",
    "SentimentScore": {
        "Positive": 0.11930402368307114,
        "Negative": 0.0012383267749100924,
        "Neutral": 0.8776477575302124,
        "Mixed": 0.0018098887521773577
    }
}
