{
    "Sentiment": "NEUTRAL",
    "SentimentScore": {
        "Positive": 0.1504986584186554,
        "Negative": 0.0015937548596411943,
        "Neutral": 0.8455119132995605,
        "Mixed": 0.0023956215009093285
    }
}
