{
    "Sentiment": "NEUTRAL",
    "SentimentScore": {
        "Positive": 0.14994581043720245,
        "Negative": 0.025011807680130005,
        "Neutral": 0.8209756016731262,
        "Mixed": 0.004066843539476395
    }
}
