{
    "Sentiment": "NEUTRAL",
    "SentimentScore": {
        "Positive": 0.2246738076210022,
        "Negative": 0.032221294939517975,
        "Neutral": 0.7378666400909424,
        "Mixed": 0.0052382065914571285
    }
}
