{
    "Sentiment": "NEUTRAL",
    "SentimentScore": {
        "Positive": 0.02978319302201271,
        "Negative": 0.0076779695227742195,
        "Neutral": 0.9559078812599182,
        "Mixed": 0.006630956660956144
    }
}
