{
    "Sentiment": "NEUTRAL",
    "SentimentScore": {
        "Positive": 0.009601213969290257,
        "Negative": 0.008931205607950687,
        "Neutral": 0.979264497756958,
        "Mixed": 0.002203097101300955
    }
}
