{
    "Sentiment": "NEUTRAL",
    "SentimentScore": {
        "Positive": 0.002328010043129325,
        "Negative": 0.002106565283611417,
        "Neutral": 0.9953083395957947,
        "Mixed": 0.0002570970100350678
    }
}
