{
    "Sentiment": "NEUTRAL",
    "SentimentScore": {
        "Positive": 0.0052085574716329575,
        "Negative": 0.060916658490896225,
        "Neutral": 0.9282540082931519,
        "Mixed": 0.005620831158012152
    }
}
