{
    "Sentiment": "NEUTRAL",
    "SentimentScore": {
        "Positive": 0.026476750150322914,
        "Negative": 0.23031963407993317,
        "Neutral": 0.7259997129440308,
        "Mixed": 0.017203830182552338
    }
}
