{
    "Sentiment": "NEUTRAL",
    "SentimentScore": {
        "Positive": 0.01214241236448288,
        "Negative": 0.020919069647789,
        "Neutral": 0.9604303240776062,
        "Mixed": 0.006508209742605686
    }
}
