{
    "Sentiment": "NEUTRAL",
    "SentimentScore": {
        "Positive": 0.07652118057012558,
        "Negative": 0.21619287133216858,
        "Neutral": 0.6896046996116638,
        "Mixed": 0.017681341618299484
    }
}
