{
    "Sentiment": "NEUTRAL",
    "SentimentScore": {
        "Positive": 0.008440210483968258,
        "Negative": 0.008399475365877151,
        "Neutral": 0.9822876453399658,
        "Mixed": 0.0008726125815883279
    }
}
