{
    "Sentiment": "NEUTRAL",
    "SentimentScore": {
        "Positive": 0.11800718307495117,
        "Negative": 0.018940826877951622,
        "Neutral": 0.8578943014144897,
        "Mixed": 0.005157706793397665
    }
}
