{
    "Sentiment": "NEUTRAL",
    "SentimentScore": {
        "Positive": 0.00712200254201889,
        "Negative": 0.006251644343137741,
        "Neutral": 0.9850894212722778,
        "Mixed": 0.0015369029715657234
    }
}
