{
    "Sentiment": "NEUTRAL",
    "SentimentScore": {
        "Positive": 0.01017692033201456,
        "Negative": 0.020547252148389816,
        "Neutral": 0.9670499563217163,
        "Mixed": 0.002225874923169613
    }
}
