{
    "Sentiment": "NEUTRAL",
    "SentimentScore": {
        "Positive": 0.00693617993965745,
        "Negative": 0.044099293649196625,
        "Neutral": 0.9455136060714722,
        "Mixed": 0.0034509652759879827
    }
}
