{
    "Sentiment": "NEUTRAL",
    "SentimentScore": {
        "Positive": 0.005962544120848179,
        "Negative": 0.008972598239779472,
        "Neutral": 0.9841258525848389,
        "Mixed": 0.0009390611085109413
    }
}
