{
    "Sentiment": "NEUTRAL",
    "SentimentScore": {
        "Positive": 0.0028946881648153067,
        "Negative": 0.01389850489795208,
        "Neutral": 0.9822497367858887,
        "Mixed": 0.0009571009431965649
    }
}
