{
    "Sentiment": "NEUTRAL",
    "SentimentScore": {
        "Positive": 0.05572742596268654,
        "Negative": 0.02611829712986946,
        "Neutral": 0.9136337041854858,
        "Mixed": 0.004520589020103216
    }
}
