{
    "Sentiment": "NEUTRAL",
    "SentimentScore": {
        "Positive": 0.027775803580880165,
        "Negative": 0.25499606132507324,
        "Neutral": 0.7048017978668213,
        "Mixed": 0.01242633257061243
    }
}
