{
    "Sentiment": "NEUTRAL",
    "SentimentScore": {
        "Positive": 0.01723865419626236,
        "Negative": 0.07424886524677277,
        "Neutral": 0.895578145980835,
        "Mixed": 0.012934358790516853
    }
}
