{
    "Sentiment": "NEUTRAL",
    "SentimentScore": {
        "Positive": 0.009054833091795444,
        "Negative": 0.000969928689301014,
        "Neutral": 0.9896000623703003,
        "Mixed": 0.00037512005656026304
    }
}
