{
    "Sentiment": "NEUTRAL",
    "SentimentScore": {
        "Positive": 0.021731315180659294,
        "Negative": 0.004080976825207472,
        "Neutral": 0.9725171327590942,
        "Mixed": 0.0016705672023817897
    }
}
