{
    "Sentiment": "NEUTRAL",
    "SentimentScore": {
        "Positive": 0.021577002480626106,
        "Negative": 0.0695197582244873,
        "Neutral": 0.8860364556312561,
        "Mixed": 0.02286684326827526
    }
}
