{
    "Sentiment": "NEUTRAL",
    "SentimentScore": {
        "Positive": 0.041251879185438156,
        "Negative": 0.08065611124038696,
        "Neutral": 0.8664950728416443,
        "Mixed": 0.011596969328820705
    }
}
