{
    "Sentiment": "NEUTRAL",
    "SentimentScore": {
        "Positive": 0.006686967331916094,
        "Negative": 0.23840241134166718,
        "Neutral": 0.7388060688972473,
        "Mixed": 0.016104621812701225
    }
}
