{
    "Sentiment": "NEUTRAL",
    "SentimentScore": {
        "Positive": 0.0060335444286465645,
        "Negative": 0.002097969874739647,
        "Neutral": 0.9911181330680847,
        "Mixed": 0.0007503169472329319
    }
}
