{
    "Sentiment": "POSITIVE",
    "SentimentScore": {
        "Positive": 0.5876054763793945,
        "Negative": 0.026302704587578773,
        "Neutral": 0.3332463204860687,
        "Mixed": 0.05284549668431282
    }
}
