{
    "Sentiment": "NEUTRAL",
    "SentimentScore": {
        "Positive": 0.04080846533179283,
        "Negative": 0.02593255043029785,
        "Neutral": 0.9138505458831787,
        "Mixed": 0.019408464431762695
    }
}
