{
    "Sentiment": "NEUTRAL",
    "SentimentScore": {
        "Positive": 0.06577207148075104,
        "Negative": 0.03436017036437988,
        "Neutral": 0.8825507760047913,
        "Mixed": 0.017316969111561775
    }
}
