{
    "Sentiment": "POSITIVE",
    "SentimentScore": {
        "Positive": 0.599163830280304,
        "Negative": 0.0026605764869600534,
        "Neutral": 0.38508549332618713,
        "Mixed": 0.01309015043079853
    }
}
