{
    "Sentiment": "NEUTRAL",
    "SentimentScore": {
        "Positive": 0.020994940772652626,
        "Negative": 0.4296371340751648,
        "Neutral": 0.5247116684913635,
        "Mixed": 0.024656256660819054
    }
}
