{
    "Sentiment": "NEUTRAL",
    "SentimentScore": {
        "Positive": 0.01420388650149107,
        "Negative": 0.09406204521656036,
        "Neutral": 0.8860547542572021,
        "Mixed": 0.005679333116859198
    }
}
