{
    "Sentiment": "NEUTRAL",
    "SentimentScore": {
        "Positive": 0.01264697965234518,
        "Negative": 0.00896098930388689,
        "Neutral": 0.976872444152832,
        "Mixed": 0.0015196261228993535
    }
}
