{
    "Sentiment": "NEUTRAL",
    "SentimentScore": {
        "Positive": 0.11830172687768936,
        "Negative": 0.007864059880375862,
        "Neutral": 0.8699483871459961,
        "Mixed": 0.00388583866879344
    }
}
