{
    "Sentiment": "NEUTRAL",
    "SentimentScore": {
        "Positive": 0.015100131742656231,
        "Negative": 0.04350065439939499,
        "Neutral": 0.928977370262146,
        "Mixed": 0.012421774677932262
    }
}
