{
    "Sentiment": "NEUTRAL",
    "SentimentScore": {
        "Positive": 0.08891569823026657,
        "Negative": 0.1403294801712036,
        "Neutral": 0.7648938894271851,
        "Mixed": 0.005860909353941679
    }
}
