{
    "Sentiment": "NEUTRAL",
    "SentimentScore": {
        "Positive": 0.03967968374490738,
        "Negative": 0.0631382092833519,
        "Neutral": 0.8856592774391174,
        "Mixed": 0.011522782035171986
    }
}
