{
    "Sentiment": "NEUTRAL",
    "SentimentScore": {
        "Positive": 0.0021356467623263597,
        "Negative": 0.011389030143618584,
        "Neutral": 0.9850831031799316,
        "Mixed": 0.0013922301586717367
    }
}
