{
    "Sentiment": "NEUTRAL",
    "SentimentScore": {
        "Positive": 0.008681770414113998,
        "Negative": 0.024497665464878082,
        "Neutral": 0.9650170803070068,
        "Mixed": 0.0018035038374364376
    }
}
