{
    "Sentiment": "NEUTRAL",
    "SentimentScore": {
        "Positive": 0.010877063497900963,
        "Negative": 0.10543910413980484,
        "Neutral": 0.8703469038009644,
        "Mixed": 0.013336876407265663
    }
}
