{
    "Sentiment": "NEUTRAL",
    "SentimentScore": {
        "Positive": 0.03821271285414696,
        "Negative": 0.01656641811132431,
        "Neutral": 0.942952573299408,
        "Mixed": 0.0022683495189994574
    }
}
