{
    "Sentiment": "NEUTRAL",
    "SentimentScore": {
        "Positive": 0.00329568306915462,
        "Negative": 0.024803029373288155,
        "Neutral": 0.9687965512275696,
        "Mixed": 0.0031046948861330748
    }
}
