{
    "Sentiment": "NEUTRAL",
    "SentimentScore": {
        "Positive": 0.005352512933313847,
        "Negative": 0.026792889460921288,
        "Neutral": 0.9647819399833679,
        "Mixed": 0.0030726755503565073
    }
}
