{
    "Sentiment": "NEUTRAL",
    "SentimentScore": {
        "Positive": 0.009142125956714153,
        "Negative": 0.05246040225028992,
        "Neutral": 0.9362469911575317,
        "Mixed": 0.0021504578180611134
    }
}
