{
    "Sentiment": "NEUTRAL",
    "SentimentScore": {
        "Positive": 0.0020279500167816877,
        "Negative": 0.023584924638271332,
        "Neutral": 0.9723944664001465,
        "Mixed": 0.0019926081877201796
    }
}
