{
    "Sentiment": "NEUTRAL",
    "SentimentScore": {
        "Positive": 0.00963662937283516,
        "Negative": 0.0013713990338146687,
        "Neutral": 0.9885050654411316,
        "Mixed": 0.0004869412223342806
    }
}
