{
    "Sentiment": "NEUTRAL",
    "SentimentScore": {
        "Positive": 0.0035921232774853706,
        "Negative": 0.04615537077188492,
        "Neutral": 0.9478924870491028,
        "Mixed": 0.002359983744099736
    }
}
