{
    "Sentiment": "POSITIVE",
    "SentimentScore": {
        "Positive": 0.56756192445755,
        "Negative": 0.0013565442059189081,
        "Neutral": 0.4266996681690216,
        "Mixed": 0.004381856881082058
    }
}
