{
    "Sentiment": "NEUTRAL",
    "SentimentScore": {
        "Positive": 0.03128381818532944,
        "Negative": 0.05824338272213936,
        "Neutral": 0.9066982269287109,
        "Mixed": 0.0037745258305221796
    }
}
