{
    "Sentiment": "NEUTRAL",
    "SentimentScore": {
        "Positive": 0.01977938786149025,
        "Negative": 0.01232738047838211,
        "Neutral": 0.9667843580245972,
        "Mixed": 0.0011089802719652653
    }
}
