{
    "Sentiment": "NEUTRAL",
    "SentimentScore": {
        "Positive": 0.02287842147052288,
        "Negative": 0.06753749400377274,
        "Neutral": 0.8927282094955444,
        "Mixed": 0.01685592159628868
    }
}
