{
    "Sentiment": "NEUTRAL",
    "SentimentScore": {
        "Positive": 0.0020598021801561117,
        "Negative": 0.037666723132133484,
        "Neutral": 0.9560977816581726,
        "Mixed": 0.0041757067665457726
    }
}
