{
    "Sentiment": "NEUTRAL",
    "SentimentScore": {
        "Positive": 0.008332752622663975,
        "Negative": 0.0004652240895666182,
        "Neutral": 0.9908505082130432,
        "Mixed": 0.00035157823003828526
    }
}
