{
    "Sentiment": "NEUTRAL",
    "SentimentScore": {
        "Positive": 0.17358355224132538,
        "Negative": 0.035722535103559494,
        "Neutral": 0.7706772089004517,
        "Mixed": 0.02001667581498623
    }
}
