{
    "Sentiment": "POSITIVE",
    "SentimentScore": {
        "Positive": 0.6958773732185364,
        "Negative": 0.0017620762810111046,
        "Neutral": 0.2925773859024048,
        "Mixed": 0.009783237241208553
    }
}
