{
    "Sentiment": "NEUTRAL",
    "SentimentScore": {
        "Positive": 0.058247387409210205,
        "Negative": 0.24772018194198608,
        "Neutral": 0.5667514204978943,
        "Mixed": 0.12728102505207062
    }
}
