{
    "Sentiment": "POSITIVE",
    "SentimentScore": {
        "Positive": 0.8609420657157898,
        "Negative": 0.009831628762185574,
        "Neutral": 0.12142346054315567,
        "Mixed": 0.007802822161465883
    }
}
