{
    "Sentiment": "NEUTRAL",
    "SentimentScore": {
        "Positive": 0.04443084076046944,
        "Negative": 0.0034219245426356792,
        "Neutral": 0.9502555727958679,
        "Mixed": 0.0018916145199909806
    }
}
