{
    "Sentiment": "NEUTRAL",
    "SentimentScore": {
        "Positive": 0.00769672030583024,
        "Negative": 0.004598705563694239,
        "Neutral": 0.9872065782546997,
        "Mixed": 0.0004980114754289389
    }
}
