{
    "Sentiment": "NEUTRAL",
    "SentimentScore": {
        "Positive": 0.003532489761710167,
        "Negative": 0.10806495696306229,
        "Neutral": 0.8789252042770386,
        "Mixed": 0.009477412328124046
    }
}
