{
    "Sentiment": "NEUTRAL",
    "SentimentScore": {
        "Positive": 0.00194449326954782,
        "Negative": 0.0021229421254247427,
        "Neutral": 0.9955999851226807,
        "Mixed": 0.0003324992721900344
    }
}
