{
    "Sentiment": "NEUTRAL",
    "SentimentScore": {
        "Positive": 0.002638001926243305,
        "Negative": 0.02065136283636093,
        "Neutral": 0.9756062626838684,
        "Mixed": 0.0011043996782973409
    }
}
