{
    "Sentiment": "NEUTRAL",
    "SentimentScore": {
        "Positive": 0.00841537956148386,
        "Negative": 0.03718233481049538,
        "Neutral": 0.9471808671951294,
        "Mixed": 0.0072214496321976185
    }
}
