{
    "Sentiment": "NEUTRAL",
    "SentimentScore": {
        "Positive": 0.004302461165934801,
        "Negative": 0.039105743169784546,
        "Neutral": 0.9534974098205566,
        "Mixed": 0.003094433806836605
    }
}
