{
    "Sentiment": "NEUTRAL",
    "SentimentScore": {
        "Positive": 0.00452797207981348,
        "Negative": 0.008398406207561493,
        "Neutral": 0.9860645532608032,
        "Mixed": 0.0010089916177093983
    }
}
