{
    "Sentiment": "NEGATIVE",
    "SentimentScore": {
        "Positive": 0.004354724194854498,
        "Negative": 0.6359477639198303,
        "Neutral": 0.33168038725852966,
        "Mixed": 0.028017109259963036
    }
}
