{
    "Sentiment": "NEUTRAL",
    "SentimentScore": {
        "Positive": 0.0012399760307744145,
        "Negative": 0.0038082345854490995,
        "Neutral": 0.9946053624153137,
        "Mixed": 0.00034648634027689695
    }
}
