{
    "Sentiment": "NEUTRAL",
    "SentimentScore": {
        "Positive": 0.01026797853410244,
        "Negative": 0.02631770446896553,
        "Neutral": 0.9616303443908691,
        "Mixed": 0.001783933606930077
    }
}
