{
    "Sentiment": "NEUTRAL",
    "SentimentScore": {
        "Positive": 0.016022993251681328,
        "Negative": 0.10269755125045776,
        "Neutral": 0.8736801743507385,
        "Mixed": 0.0075992620550096035
    }
}
