{
    "Sentiment": "NEUTRAL",
    "SentimentScore": {
        "Positive": 0.06670432537794113,
        "Negative": 0.03883768618106842,
        "Neutral": 0.8783444762229919,
        "Mixed": 0.016113566234707832
    }
}
