{
    "Sentiment": "NEUTRAL",
    "SentimentScore": {
        "Positive": 0.0624026395380497,
        "Negative": 0.010024824179708958,
        "Neutral": 0.9197190999984741,
        "Mixed": 0.00785343162715435
    }
}
