{
    "Sentiment": "NEUTRAL",
    "SentimentScore": {
        "Positive": 0.03572503477334976,
        "Negative": 0.006926432717591524,
        "Neutral": 0.9558490514755249,
        "Mixed": 0.001499417470768094
    }
}
