{
    "Sentiment": "NEUTRAL",
    "SentimentScore": {
        "Positive": 0.01693064533174038,
        "Negative": 0.014529821462929249,
        "Neutral": 0.9647035598754883,
        "Mixed": 0.003836015472188592
    }
}
