{
    "Sentiment": "NEUTRAL",
    "SentimentScore": {
        "Positive": 0.004891364369541407,
        "Negative": 0.11248092353343964,
        "Neutral": 0.8753165006637573,
        "Mixed": 0.007311220746487379
    }
}
