{
    "Sentiment": "NEUTRAL",
    "SentimentScore": {
        "Positive": 0.002900265622884035,
        "Negative": 0.009703252464532852,
        "Neutral": 0.9860597848892212,
        "Mixed": 0.0013366519706323743
    }
}
