{
    "Sentiment": "NEUTRAL",
    "SentimentScore": {
        "Positive": 0.009070298634469509,
        "Negative": 0.03516986966133118,
        "Neutral": 0.9503769874572754,
        "Mixed": 0.005382814444601536
    }
}
