{
    "Sentiment": "NEUTRAL",
    "SentimentScore": {
        "Positive": 0.008760926313698292,
        "Negative": 0.006057882681488991,
        "Neutral": 0.9841780066490173,
        "Mixed": 0.0010031408164650202
    }
}
