{
    "Sentiment": "NEUTRAL",
    "SentimentScore": {
        "Positive": 0.027458230033516884,
        "Negative": 0.017395738512277603,
        "Neutral": 0.9490537047386169,
        "Mixed": 0.006092234514653683
    }
}
