{
    "Sentiment": "NEUTRAL",
    "SentimentScore": {
        "Positive": 0.003446057438850403,
        "Negative": 0.07144899666309357,
        "Neutral": 0.9222146272659302,
        "Mixed": 0.0028903456404805183
    }
}
