{
    "Sentiment": "NEUTRAL",
    "SentimentScore": {
        "Positive": 0.003908579237759113,
        "Negative": 0.010301796719431877,
        "Neutral": 0.9838240146636963,
        "Mixed": 0.0019656147342175245
    }
}
