{
    "Sentiment": "NEUTRAL",
    "SentimentScore": {
        "Positive": 0.0032402335200458765,
        "Negative": 0.0072442046366631985,
        "Neutral": 0.988732099533081,
        "Mixed": 0.0007835060823708773
    }
}
