{
    "Sentiment": "NEUTRAL",
    "SentimentScore": {
        "Positive": 0.014154747128486633,
        "Negative": 0.014087802730500698,
        "Neutral": 0.9645742177963257,
        "Mixed": 0.0071831378154456615
    }
}
