{
    "Sentiment": "NEUTRAL",
    "SentimentScore": {
        "Positive": 0.14554768800735474,
        "Negative": 0.015436490066349506,
        "Neutral": 0.8296082019805908,
        "Mixed": 0.009407642297446728
    }
}
