{
    "Sentiment": "NEUTRAL",
    "SentimentScore": {
        "Positive": 0.012767128646373749,
        "Negative": 0.002957751741632819,
        "Neutral": 0.9832853674888611,
        "Mixed": 0.0009898123098537326
    }
}
