{
    "Sentiment": "NEUTRAL",
    "SentimentScore": {
        "Positive": 0.47721245884895325,
        "Negative": 0.00047900225035846233,
        "Neutral": 0.5198169946670532,
        "Mixed": 0.0024915486574172974
    }
}
