{
    "Sentiment": "NEUTRAL",
    "SentimentScore": {
        "Positive": 0.30124956369400024,
        "Negative": 0.011417258530855179,
        "Neutral": 0.6695679426193237,
        "Mixed": 0.017765140160918236
    }
}
