{
    "Sentiment": "POSITIVE",
    "SentimentScore": {
        "Positive": 0.8215522766113281,
        "Negative": 0.0028129497077316046,
        "Neutral": 0.1699783354997635,
        "Mixed": 0.0056565189734101295
    }
}
