{
    "Sentiment": "NEUTRAL",
    "SentimentScore": {
        "Positive": 0.0015466372715309262,
        "Negative": 0.0068881930783391,
        "Neutral": 0.9910659193992615,
        "Mixed": 0.0004992351750843227
    }
}
