{
    "Sentiment": "NEUTRAL",
    "SentimentScore": {
        "Positive": 0.20570318400859833,
        "Negative": 0.06301891058683395,
        "Neutral": 0.7048363089561462,
        "Mixed": 0.026441559195518494
    }
}
