{
    "Sentiment": "NEUTRAL",
    "SentimentScore": {
        "Positive": 0.0036606336943805218,
        "Negative": 0.20099492371082306,
        "Neutral": 0.7850998044013977,
        "Mixed": 0.010244559496641159
    }
}
