{
    "Sentiment": "NEUTRAL",
    "SentimentScore": {
        "Positive": 0.03811962902545929,
        "Negative": 0.012113064527511597,
        "Neutral": 0.9463617205619812,
        "Mixed": 0.0034055181313306093
    }
}
