{
    "Sentiment": "NEUTRAL",
    "SentimentScore": {
        "Positive": 0.0021691354922950268,
        "Negative": 0.010662252083420753,
        "Neutral": 0.9861818552017212,
        "Mixed": 0.0009866629261523485
    }
}
