{
    "Sentiment": "NEUTRAL",
    "SentimentScore": {
        "Positive": 0.009969504550099373,
        "Negative": 0.0752573236823082,
        "Neutral": 0.9080407023429871,
        "Mixed": 0.006732474081218243
    }
}
