{
    "Sentiment": "NEUTRAL",
    "SentimentScore": {
        "Positive": 0.0034759389236569405,
        "Negative": 0.010498548857867718,
        "Neutral": 0.9849611520767212,
        "Mixed": 0.001064359676092863
    }
}
