{
    "Sentiment": "NEUTRAL",
    "SentimentScore": {
        "Positive": 0.02430761232972145,
        "Negative": 0.01872590184211731,
        "Neutral": 0.9556685090065002,
        "Mixed": 0.0012979005696251988
    }
}
