{
    "Sentiment": "NEUTRAL",
    "SentimentScore": {
        "Positive": 0.008412334136664867,
        "Negative": 0.07543367892503738,
        "Neutral": 0.9068220257759094,
        "Mixed": 0.009331966750323772
    }
}
