{
    "Sentiment": "NEUTRAL",
    "SentimentScore": {
        "Positive": 0.009870188310742378,
        "Negative": 0.0659593790769577,
        "Neutral": 0.916449248790741,
        "Mixed": 0.007721181493252516
    }
}
