{
    "Sentiment": "NEUTRAL",
    "SentimentScore": {
        "Positive": 0.003390314057469368,
        "Negative": 0.18627680838108063,
        "Neutral": 0.8062800168991089,
        "Mixed": 0.004052962176501751
    }
}
