{
    "Sentiment": "NEUTRAL",
    "SentimentScore": {
        "Positive": 0.0031549124978482723,
        "Negative": 0.018920330330729485,
        "Neutral": 0.9764925241470337,
        "Mixed": 0.0014323063660413027
    }
}
