{
    "Sentiment": "NEUTRAL",
    "SentimentScore": {
        "Positive": 0.002013187622651458,
        "Negative": 0.0054003531113266945,
        "Neutral": 0.9916064739227295,
        "Mixed": 0.0009799851104617119
    }
}
