{
    "Sentiment": "NEUTRAL",
    "SentimentScore": {
        "Positive": 0.03905191272497177,
        "Negative": 0.10281790792942047,
        "Neutral": 0.8451817631721497,
        "Mixed": 0.01294846273958683
    }
}
