{
    "Sentiment": "NEUTRAL",
    "SentimentScore": {
        "Positive": 0.06170854717493057,
        "Negative": 0.152666836977005,
        "Neutral": 0.7504613995552063,
        "Mixed": 0.03516317158937454
    }
}
