{
    "Sentiment": "NEUTRAL",
    "SentimentScore": {
        "Positive": 0.003514089621603489,
        "Negative": 0.004877746570855379,
        "Neutral": 0.9906790852546692,
        "Mixed": 0.0009291141759604216
    }
}
