{
    "Sentiment": "NEUTRAL",
    "SentimentScore": {
        "Positive": 0.02245325967669487,
        "Negative": 0.022990059107542038,
        "Neutral": 0.949597954750061,
        "Mixed": 0.004958635661751032
    }
}
