{
    "Sentiment": "NEUTRAL",
    "SentimentScore": {
        "Positive": 0.005124736111611128,
        "Negative": 0.15369033813476562,
        "Neutral": 0.8294764161109924,
        "Mixed": 0.011708536185324192
    }
}
