{
    "Sentiment": "NEUTRAL",
    "SentimentScore": {
        "Positive": 0.0023089281748980284,
        "Negative": 0.008869159035384655,
        "Neutral": 0.9882436990737915,
        "Mixed": 0.000578255217988044
    }
}
