{
    "Sentiment": "NEUTRAL",
    "SentimentScore": {
        "Positive": 0.045192450284957886,
        "Negative": 0.02595721185207367,
        "Neutral": 0.9185000658035278,
        "Mixed": 0.010350261814892292
    }
}
