{
    "Sentiment": "NEUTRAL",
    "SentimentScore": {
        "Positive": 0.05984048172831535,
        "Negative": 0.2155180275440216,
        "Neutral": 0.6825606822967529,
        "Mixed": 0.042080748826265335
    }
}
