{
    "Sentiment": "NEUTRAL",
    "SentimentScore": {
        "Positive": 0.07679034769535065,
        "Negative": 0.0013334426330402493,
        "Neutral": 0.9207316040992737,
        "Mixed": 0.0011445926502346992
    }
}
