{
    "Sentiment": "POSITIVE",
    "SentimentScore": {
        "Positive": 0.8808689117431641,
        "Negative": 0.002478749491274357,
        "Neutral": 0.11280140280723572,
        "Mixed": 0.003850942011922598
    }
}
