{
    "Sentiment": "NEUTRAL",
    "SentimentScore": {
        "Positive": 0.004067365545779467,
        "Negative": 0.03489036485552788,
        "Neutral": 0.955642819404602,
        "Mixed": 0.005399438086897135
    }
}
