{
    "Sentiment": "NEUTRAL",
    "SentimentScore": {
        "Positive": 0.011190906167030334,
        "Negative": 0.049138136208057404,
        "Neutral": 0.9287746548652649,
        "Mixed": 0.010896421037614346
    }
}
