{
    "Sentiment": "NEUTRAL",
    "SentimentScore": {
        "Positive": 0.00237109512090683,
        "Negative": 0.0317084938287735,
        "Neutral": 0.9645799994468689,
        "Mixed": 0.0013404221972450614
    }
}
