{
    "Sentiment": "NEUTRAL",
    "SentimentScore": {
        "Positive": 0.014041988179087639,
        "Negative": 0.4346199929714203,
        "Neutral": 0.5245926976203918,
        "Mixed": 0.026745334267616272
    }
}
