{
    "Sentiment": "NEUTRAL",
    "SentimentScore": {
        "Positive": 0.38166543841362,
        "Negative": 0.0028057806193828583,
        "Neutral": 0.6117346882820129,
        "Mixed": 0.0037940910551697016
    }
}
