{
    "Sentiment": "NEUTRAL",
    "SentimentScore": {
        "Positive": 0.23999841511249542,
        "Negative": 0.10419681668281555,
        "Neutral": 0.612207293510437,
        "Mixed": 0.04359746351838112
    }
}
