{
    "Sentiment": "NEUTRAL",
    "SentimentScore": {
        "Positive": 0.008565290831029415,
        "Negative": 0.2223825305700302,
        "Neutral": 0.7611446380615234,
        "Mixed": 0.007907507009804249
    }
}
