{
    "Sentiment": "NEUTRAL",
    "SentimentScore": {
        "Positive": 0.1528991311788559,
        "Negative": 0.014476742595434189,
        "Neutral": 0.8280410170555115,
        "Mixed": 0.004583158530294895
    }
}
