{
    "Sentiment": "NEUTRAL",
    "SentimentScore": {
        "Positive": 0.0017600656719878316,
        "Negative": 0.024820396676659584,
        "Neutral": 0.9714677929878235,
        "Mixed": 0.001951700891368091
    }
}
