{
    "Sentiment": "NEUTRAL",
    "SentimentScore": {
        "Positive": 0.04501277580857277,
        "Negative": 0.241346538066864,
        "Neutral": 0.686051070690155,
        "Mixed": 0.02758960798382759
    }
}
