{
    "Sentiment": "NEUTRAL",
    "SentimentScore": {
        "Positive": 0.015574121847748756,
        "Negative": 0.002267000498250127,
        "Neutral": 0.9814171195030212,
        "Mixed": 0.0007417516317218542
    }
}
