{
    "Sentiment": "NEUTRAL",
    "SentimentScore": {
        "Positive": 0.007567361928522587,
        "Negative": 0.01212142314761877,
        "Neutral": 0.9781007766723633,
        "Mixed": 0.0022104980889707804
    }
}
