{
    "Sentiment": "NEUTRAL",
    "SentimentScore": {
        "Positive": 0.11551632732152939,
        "Negative": 0.14372025430202484,
        "Neutral": 0.6619117259979248,
        "Mixed": 0.07885167002677917
    }
}
