{
    "Sentiment": "NEUTRAL",
    "SentimentScore": {
        "Positive": 0.005626769736409187,
        "Negative": 0.02242068387567997,
        "Neutral": 0.970173180103302,
        "Mixed": 0.001779500744305551
    }
}
