{
    "Sentiment": "NEUTRAL",
    "SentimentScore": {
        "Positive": 0.017190510407090187,
        "Negative": 0.02519148960709572,
        "Neutral": 0.9552415013313293,
        "Mixed": 0.0023765608202666044
    }
}
