{
    "Sentiment": "NEUTRAL",
    "SentimentScore": {
        "Positive": 0.0035250368528068066,
        "Negative": 0.0029895866755396128,
        "Neutral": 0.9928937554359436,
        "Mixed": 0.0005915468209423125
    }
}
