{
    "Sentiment": "NEGATIVE",
    "SentimentScore": {
        "Positive": 0.050120994448661804,
        "Negative": 0.7512915134429932,
        "Neutral": 0.1720450520515442,
        "Mixed": 0.02654244564473629
    }
}
