{
    "Sentiment": "NEUTRAL",
    "SentimentScore": {
        "Positive": 0.004556257743388414,
        "Negative": 0.0021748479921370745,
        "Neutral": 0.9928576946258545,
        "Mixed": 0.0004111490852665156
    }
}
