{
    "Sentiment": "NEUTRAL",
    "SentimentScore": {
        "Positive": 0.007985622622072697,
        "Negative": 0.0882231816649437,
        "Neutral": 0.8981843590736389,
        "Mixed": 0.005606841295957565
    }
}
