{
    "Sentiment": "NEUTRAL",
    "SentimentScore": {
        "Positive": 0.004402876831591129,
        "Negative": 0.0037941597402095795,
        "Neutral": 0.991434633731842,
        "Mixed": 0.0003682294918689877
    }
}
