{
    "Sentiment": "NEUTRAL",
    "SentimentScore": {
        "Positive": 0.019379714503884315,
        "Negative": 0.030453737825155258,
        "Neutral": 0.9456706047058105,
        "Mixed": 0.004495871253311634
    }
}
