{
    "Sentiment": "NEUTRAL",
    "SentimentScore": {
        "Positive": 0.06774327903985977,
        "Negative": 0.22936700284481049,
        "Neutral": 0.680865466594696,
        "Mixed": 0.02202421985566616
    }
}
