{
    "Sentiment": "NEUTRAL",
    "SentimentScore": {
        "Positive": 0.007533108815550804,
        "Negative": 0.019815664738416672,
        "Neutral": 0.9701032638549805,
        "Mixed": 0.0025480533950030804
    }
}
