{
    "Sentiment": "NEUTRAL",
    "SentimentScore": {
        "Positive": 0.001438712584786117,
        "Negative": 0.14621655642986298,
        "Neutral": 0.8462734222412109,
        "Mixed": 0.0060714189894497395
    }
}
