{
    "Sentiment": "NEUTRAL",
    "SentimentScore": {
        "Positive": 0.030297977849841118,
        "Negative": 0.11743120849132538,
        "Neutral": 0.8158647418022156,
        "Mixed": 0.036406081169843674
    }
}
