{
    "Sentiment": "NEUTRAL",
    "SentimentScore": {
        "Positive": 0.0037542202044278383,
        "Negative": 0.17551067471504211,
        "Neutral": 0.8090943098068237,
        "Mixed": 0.01164085604250431
    }
}
