{
    "Sentiment": "NEUTRAL",
    "SentimentScore": {
        "Positive": 0.001917271176353097,
        "Negative": 0.027157509699463844,
        "Neutral": 0.9691905975341797,
        "Mixed": 0.001734634512104094
    }
}
