{
    "Sentiment": "NEUTRAL",
    "SentimentScore": {
        "Positive": 0.049998991191387177,
        "Negative": 0.005827191285789013,
        "Neutral": 0.9424390196800232,
        "Mixed": 0.0017348616383969784
    }
}
