{
    "Sentiment": "NEUTRAL",
    "SentimentScore": {
        "Positive": 0.023851927369832993,
        "Negative": 0.026323048397898674,
        "Neutral": 0.9329283237457275,
        "Mixed": 0.01689673401415348
    }
}
