{
    "Sentiment": "NEUTRAL",
    "SentimentScore": {
        "Positive": 0.010927491821348667,
        "Negative": 0.024733159691095352,
        "Neutral": 0.9595005512237549,
        "Mixed": 0.004838826600462198
    }
}
