{
    "Sentiment": "POSITIVE",
    "SentimentScore": {
        "Positive": 0.5501285195350647,
        "Negative": 0.002487913705408573,
        "Neutral": 0.44141802191734314,
        "Mixed": 0.0059655942022800446
    }
}
