{
    "Sentiment": "NEGATIVE",
    "SentimentScore": {
        "Positive": 0.008810092695057392,
        "Negative": 0.6109520196914673,
        "Neutral": 0.36468520760536194,
        "Mixed": 0.015552659519016743
    }
}
