{
    "Sentiment": "NEUTRAL",
    "SentimentScore": {
        "Positive": 0.004248873330652714,
        "Negative": 0.01143581885844469,
        "Neutral": 0.9834685325622559,
        "Mixed": 0.0008467907318845391
    }
}
