{
    "Sentiment": "NEUTRAL",
    "SentimentScore": {
        "Positive": 0.006356994155794382,
        "Negative": 0.07228200137615204,
        "Neutral": 0.9130156636238098,
        "Mixed": 0.008345327340066433
    }
}
