{
    "Sentiment": "NEUTRAL",
    "SentimentScore": {
        "Positive": 0.0038497925270348787,
        "Negative": 0.030040746554732323,
        "Neutral": 0.9635806083679199,
        "Mixed": 0.0025287859607487917
    }
}
