{
    "Sentiment": "NEUTRAL",
    "SentimentScore": {
        "Positive": 0.0019000223837792873,
        "Negative": 0.054165199398994446,
        "Neutral": 0.9414552450180054,
        "Mixed": 0.0024795345962047577
    }
}
