{
    "Sentiment": "NEUTRAL",
    "SentimentScore": {
        "Positive": 0.006273890845477581,
        "Negative": 0.0018571293912827969,
        "Neutral": 0.9913837909698486,
        "Mixed": 0.00048514700029045343
    }
}
