{
    "Sentiment": "NEUTRAL",
    "SentimentScore": {
        "Positive": 0.09027687460184097,
        "Negative": 0.03149310126900673,
        "Neutral": 0.8734180331230164,
        "Mixed": 0.0048120226711034775
    }
}
