{
    "Sentiment": "NEUTRAL",
    "SentimentScore": {
        "Positive": 0.490681916475296,
        "Negative": 0.0013455869629979134,
        "Neutral": 0.503903865814209,
        "Mixed": 0.00406859815120697
    }
}
