{
    "Sentiment": "NEUTRAL",
    "SentimentScore": {
        "Positive": 0.19028373062610626,
        "Negative": 0.05779604986310005,
        "Neutral": 0.715735912322998,
        "Mixed": 0.0361843965947628
    }
}
