{
    "Sentiment": "NEUTRAL",
    "SentimentScore": {
        "Positive": 0.007185717578977346,
        "Negative": 0.062165696173906326,
        "Neutral": 0.9208307862281799,
        "Mixed": 0.00981782004237175
    }
}
