{
    "Sentiment": "NEUTRAL",
    "SentimentScore": {
        "Positive": 0.01772623136639595,
        "Negative": 0.01880141720175743,
        "Neutral": 0.9587600827217102,
        "Mixed": 0.004712285473942757
    }
}
