{
    "Sentiment": "NEUTRAL",
    "SentimentScore": {
        "Positive": 0.007239259779453278,
        "Negative": 0.04633774608373642,
        "Neutral": 0.9371582865715027,
        "Mixed": 0.009264697320759296
    }
}
