{
    "Sentiment": "NEUTRAL",
    "SentimentScore": {
        "Positive": 0.0034453754778951406,
        "Negative": 0.04457201063632965,
        "Neutral": 0.9469494819641113,
        "Mixed": 0.005033058580011129
    }
}
