{
    "Sentiment": "NEUTRAL",
    "SentimentScore": {
        "Positive": 0.0049019078724086285,
        "Negative": 0.031213736161589622,
        "Neutral": 0.9598303437232971,
        "Mixed": 0.004054001998156309
    }
}
