{
    "Sentiment": "NEUTRAL",
    "SentimentScore": {
        "Positive": 0.004463571589440107,
        "Negative": 0.012600093148648739,
        "Neutral": 0.9813459515571594,
        "Mixed": 0.0015904399333521724
    }
}
