{
    "Sentiment": "NEUTRAL",
    "SentimentScore": {
        "Positive": 0.03437323123216629,
        "Negative": 0.4684111177921295,
        "Neutral": 0.4789474904537201,
        "Mixed": 0.01826811581850052
    }
}
