{
    "Sentiment": "NEUTRAL",
    "SentimentScore": {
        "Positive": 0.027993066236376762,
        "Negative": 0.017596198245882988,
        "Neutral": 0.9523067474365234,
        "Mixed": 0.002104085171595216
    }
}
