{
    "Sentiment": "NEUTRAL",
    "SentimentScore": {
        "Positive": 0.0026531489565968513,
        "Negative": 0.20363134145736694,
        "Neutral": 0.7858375310897827,
        "Mixed": 0.007878049276769161
    }
}
