{
    "Sentiment": "NEUTRAL",
    "SentimentScore": {
        "Positive": 0.03510580211877823,
        "Negative": 0.05451277643442154,
        "Neutral": 0.8994544148445129,
        "Mixed": 0.010927001014351845
    }
}
