{
    "Sentiment": "NEUTRAL",
    "SentimentScore": {
        "Positive": 0.003783728228881955,
        "Negative": 0.14019550383090973,
        "Neutral": 0.8450409173965454,
        "Mixed": 0.01097986102104187
    }
}
