{
    "Sentiment": "NEUTRAL",
    "SentimentScore": {
        "Positive": 0.23399406671524048,
        "Negative": 0.164454385638237,
        "Neutral": 0.5458510518074036,
        "Mixed": 0.05570046231150627
    }
}
