{
    "Sentiment": "NEUTRAL",
    "SentimentScore": {
        "Positive": 0.006571230478584766,
        "Negative": 0.12281546741724014,
        "Neutral": 0.8647474646568298,
        "Mixed": 0.005865901242941618
    }
}
