{
    "Sentiment": "NEUTRAL",
    "SentimentScore": {
        "Positive": 0.003981960006058216,
        "Negative": 0.08036652952432632,
        "Neutral": 0.9133479595184326,
        "Mixed": 0.002303551184013486
    }
}
