{
    "Sentiment": "NEUTRAL",
    "SentimentScore": {
        "Positive": 0.006134374532848597,
        "Negative": 0.03391068056225777,
        "Neutral": 0.9562591910362244,
        "Mixed": 0.003695692867040634
    }
}
