{
    "Sentiment": "NEUTRAL",
    "SentimentScore": {
        "Positive": 0.0019086876418441534,
        "Negative": 0.02014351636171341,
        "Neutral": 0.9771157503128052,
        "Mixed": 0.0008320363122038543
    }
}
