{
    "Sentiment": "NEUTRAL",
    "SentimentScore": {
        "Positive": 0.004746246617287397,
        "Negative": 0.001612846739590168,
        "Neutral": 0.9932979941368103,
        "Mixed": 0.0003428843920119107
    }
}
