{
    "Sentiment": "NEUTRAL",
    "SentimentScore": {
        "Positive": 0.0314798429608345,
        "Negative": 0.009030553512275219,
        "Neutral": 0.9560423493385315,
        "Mixed": 0.0034472807310521603
    }
}
