{
    "Sentiment": "NEUTRAL",
    "SentimentScore": {
        "Positive": 0.003693506121635437,
        "Negative": 0.0793934240937233,
        "Neutral": 0.9132401943206787,
        "Mixed": 0.003672873368486762
    }
}
