{
    "Sentiment": "NEGATIVE",
    "SentimentScore": {
        "Positive": 0.022993505001068115,
        "Negative": 0.7544768452644348,
        "Neutral": 0.19181253015995026,
        "Mixed": 0.030717050656676292
    }
}
