{
    "Sentiment": "NEUTRAL",
    "SentimentScore": {
        "Positive": 0.010014141909778118,
        "Negative": 0.003289906308054924,
        "Neutral": 0.9854525923728943,
        "Mixed": 0.0012433910742402077
    }
}
