{
    "Sentiment": "NEGATIVE",
    "SentimentScore": {
        "Positive": 0.006308904383331537,
        "Negative": 0.6994945406913757,
        "Neutral": 0.27968400716781616,
        "Mixed": 0.014512507244944572
    }
}
