{
    "Sentiment": "NEUTRAL",
    "SentimentScore": {
        "Positive": 0.002598936203867197,
        "Negative": 0.011169488541781902,
        "Neutral": 0.9849851131439209,
        "Mixed": 0.001246352563612163
    }
}
