{
    "Sentiment": "NEUTRAL",
    "SentimentScore": {
        "Positive": 0.004278284963220358,
        "Negative": 0.07524622231721878,
        "Neutral": 0.9170693755149841,
        "Mixed": 0.0034060475882142782
    }
}
