{
    "Sentiment": "NEUTRAL",
    "SentimentScore": {
        "Positive": 0.050870925188064575,
        "Negative": 0.039226654917001724,
        "Neutral": 0.900339663028717,
        "Mixed": 0.009562724269926548
    }
}
