{
    "Sentiment": "NEUTRAL",
    "SentimentScore": {
        "Positive": 0.007267119362950325,
        "Negative": 0.016925152391195297,
        "Neutral": 0.9737473130226135,
        "Mixed": 0.0020604038145393133
    }
}
