{
    "Sentiment": "NEUTRAL",
    "SentimentScore": {
        "Positive": 0.003542735241353512,
        "Negative": 0.0016763720195740461,
        "Neutral": 0.9945289492607117,
        "Mixed": 0.000251948949880898
    }
}
