{
    "Sentiment": "NEGATIVE",
    "SentimentScore": {
        "Positive": 0.011552359908819199,
        "Negative": 0.6481071710586548,
        "Neutral": 0.29084351658821106,
        "Mixed": 0.04949694126844406
    }
}
