{
    "Sentiment": "NEUTRAL",
    "SentimentScore": {
        "Positive": 0.0028847362846136093,
        "Negative": 0.0709734708070755,
        "Neutral": 0.9238540530204773,
        "Mixed": 0.002287630457431078
    }
}
