{
    "Sentiment": "NEUTRAL",
    "SentimentScore": {
        "Positive": 0.006646221037954092,
        "Negative": 0.001280489843338728,
        "Neutral": 0.9917187690734863,
        "Mixed": 0.0003545345680322498
    }
}
