{
    "Sentiment": "NEUTRAL",
    "SentimentScore": {
        "Positive": 0.002384186489507556,
        "Negative": 0.0017370760906487703,
        "Neutral": 0.995622456073761,
        "Mixed": 0.00025626050774008036
    }
}
