{
    "Sentiment": "NEUTRAL",
    "SentimentScore": {
        "Positive": 0.003013861132785678,
        "Negative": 0.015509937889873981,
        "Neutral": 0.9806098341941833,
        "Mixed": 0.0008664854685775936
    }
}
