{
    "Sentiment": "NEUTRAL",
    "SentimentScore": {
        "Positive": 0.030165327712893486,
        "Negative": 0.006056100595742464,
        "Neutral": 0.9620817303657532,
        "Mixed": 0.0016968685667961836
    }
}
