{
    "Sentiment": "NEUTRAL",
    "SentimentScore": {
        "Positive": 0.10261170566082001,
        "Negative": 0.20652824640274048,
        "Neutral": 0.6657360196113586,
        "Mixed": 0.025124091655015945
    }
}
