{
    "Sentiment": "NEUTRAL",
    "SentimentScore": {
        "Positive": 0.08340740948915482,
        "Negative": 0.16158436238765717,
        "Neutral": 0.4014160633087158,
        "Mixed": 0.3535920977592468
    }
}
