{
    "Sentiment": "NEUTRAL",
    "SentimentScore": {
        "Positive": 0.04664013162255287,
        "Negative": 0.028501342982053757,
        "Neutral": 0.9197157621383667,
        "Mixed": 0.005142750218510628
    }
}
