{
    "Sentiment": "NEUTRAL",
    "SentimentScore": {
        "Positive": 0.0007312976522371173,
        "Negative": 0.0018784689018502831,
        "Neutral": 0.9972055554389954,
        "Mixed": 0.00018459407147020102
    }
}
