{
    "Sentiment": "NEUTRAL",
    "SentimentScore": {
        "Positive": 0.015765398740768433,
        "Negative": 0.050824351608753204,
        "Neutral": 0.9232171773910522,
        "Mixed": 0.010193103924393654
    }
}
