{
    "Sentiment": "NEUTRAL",
    "SentimentScore": {
        "Positive": 0.002170763909816742,
        "Negative": 0.032789796590805054,
        "Neutral": 0.962894082069397,
        "Mixed": 0.002145296661183238
    }
}
