{
    "Sentiment": "NEUTRAL",
    "SentimentScore": {
        "Positive": 0.006279885768890381,
        "Negative": 0.13397692143917084,
        "Neutral": 0.8496758341789246,
        "Mixed": 0.010067368857562542
    }
}
