{
    "Sentiment": "NEUTRAL",
    "SentimentScore": {
        "Positive": 0.0019879036117345095,
        "Negative": 0.0027434583753347397,
        "Neutral": 0.9948888421058655,
        "Mixed": 0.00037991866702213883
    }
}
