{
    "Sentiment": "NEUTRAL",
    "SentimentScore": {
        "Positive": 0.0035357456654310226,
        "Negative": 0.010638591833412647,
        "Neutral": 0.9843201041221619,
        "Mixed": 0.0015055930707603693
    }
}
