{
    "Sentiment": "NEUTRAL",
    "SentimentScore": {
        "Positive": 0.00284452922642231,
        "Negative": 0.012307452969253063,
        "Neutral": 0.9840424656867981,
        "Mixed": 0.0008055210928432643
    }
}
