{
    "Sentiment": "NEUTRAL",
    "SentimentScore": {
        "Positive": 0.06817470490932465,
        "Negative": 0.008955311961472034,
        "Neutral": 0.9148026704788208,
        "Mixed": 0.008067294023931026
    }
}
