{
    "Sentiment": "NEUTRAL",
    "SentimentScore": {
        "Positive": 0.026900658383965492,
        "Negative": 0.02909163013100624,
        "Neutral": 0.9378752708435059,
        "Mixed": 0.006132427137345076
    }
}
