{
    "Sentiment": "NEUTRAL",
    "SentimentScore": {
        "Positive": 0.004669382702559233,
        "Negative": 0.020152974873781204,
        "Neutral": 0.9732446670532227,
        "Mixed": 0.001933031133376062
    }
}
