{
    "Sentiment": "NEUTRAL",
    "SentimentScore": {
        "Positive": 0.012762429192662239,
        "Negative": 0.43161875009536743,
        "Neutral": 0.5371191501617432,
        "Mixed": 0.01849961280822754
    }
}
