{
    "Sentiment": "NEUTRAL",
    "SentimentScore": {
        "Positive": 0.006837795488536358,
        "Negative": 0.22332045435905457,
        "Neutral": 0.7604202032089233,
        "Mixed": 0.00942152738571167
    }
}
