{
    "Sentiment": "NEUTRAL",
    "SentimentScore": {
        "Positive": 0.005229082889854908,
        "Negative": 0.0927971825003624,
        "Neutral": 0.8937179446220398,
        "Mixed": 0.008255809545516968
    }
}
