{
    "Sentiment": "NEUTRAL",
    "SentimentScore": {
        "Positive": 0.035303469747304916,
        "Negative": 0.011020378209650517,
        "Neutral": 0.9514944553375244,
        "Mixed": 0.0021817912347614765
    }
}
