{
    "Sentiment": "NEUTRAL",
    "SentimentScore": {
        "Positive": 0.004954040050506592,
        "Negative": 0.006441871169954538,
        "Neutral": 0.987972617149353,
        "Mixed": 0.000631395261734724
    }
}
