{
    "Sentiment": "NEUTRAL",
    "SentimentScore": {
        "Positive": 0.0009546008077450097,
        "Negative": 0.006105370819568634,
        "Neutral": 0.9924721717834473,
        "Mixed": 0.00046780906268395483
    }
}
