{
    "Sentiment": "NEUTRAL",
    "SentimentScore": {
        "Positive": 0.001984045607969165,
        "Negative": 0.10879125446081161,
        "Neutral": 0.88603276014328,
        "Mixed": 0.0031919602770358324
    }
}
