{
    "Sentiment": "NEUTRAL",
    "SentimentScore": {
        "Positive": 0.0028345719911158085,
        "Negative": 0.029405374079942703,
        "Neutral": 0.965201735496521,
        "Mixed": 0.0025583214592188597
    }
}
