{
    "Sentiment": "NEUTRAL",
    "SentimentScore": {
        "Positive": 0.0035607500467449427,
        "Negative": 0.13941408693790436,
        "Neutral": 0.8529369831085205,
        "Mixed": 0.004088195972144604
    }
}
