{
    "Sentiment": "NEUTRAL",
    "SentimentScore": {
        "Positive": 0.003426867537200451,
        "Negative": 0.023618167266249657,
        "Neutral": 0.9706273674964905,
        "Mixed": 0.0023275979328900576
    }
}
