{
    "Sentiment": "NEUTRAL",
    "SentimentScore": {
        "Positive": 0.22151076793670654,
        "Negative": 0.17136909067630768,
        "Neutral": 0.32537126541137695,
        "Mixed": 0.28174883127212524
    }
}
