{
    "Sentiment": "NEUTRAL",
    "SentimentScore": {
        "Positive": 0.01813514530658722,
        "Negative": 0.03529955446720123,
        "Neutral": 0.9344668388366699,
        "Mixed": 0.01209835521876812
    }
}
