{
    "Sentiment": "NEUTRAL",
    "SentimentScore": {
        "Positive": 0.021410316228866577,
        "Negative": 0.04801652953028679,
        "Neutral": 0.9131708145141602,
        "Mixed": 0.01740228943526745
    }
}
