{
    "Sentiment": "NEUTRAL",
    "SentimentScore": {
        "Positive": 0.0012451421935111284,
        "Negative": 0.01478556264191866,
        "Neutral": 0.9830887913703918,
        "Mixed": 0.0008805297547951341
    }
}
