{
    "Sentiment": "NEUTRAL",
    "SentimentScore": {
        "Positive": 0.026417726650834084,
        "Negative": 0.06553399562835693,
        "Neutral": 0.8865732550621033,
        "Mixed": 0.021474990993738174
    }
}
