{
    "Sentiment": "NEUTRAL",
    "SentimentScore": {
        "Positive": 0.03963791951537132,
        "Negative": 0.013175648637115955,
        "Neutral": 0.9456830620765686,
        "Mixed": 0.0015033006202429533
    }
}
