{
    "Sentiment": "NEUTRAL",
    "SentimentScore": {
        "Positive": 0.0014652411919087172,
        "Negative": 0.019971931353211403,
        "Neutral": 0.9771601557731628,
        "Mixed": 0.0014026829740032554
    }
}
