{
    "Sentiment": "NEUTRAL",
    "SentimentScore": {
        "Positive": 0.00248783640563488,
        "Negative": 0.03670301288366318,
        "Neutral": 0.9597805738449097,
        "Mixed": 0.0010285488096997142
    }
}
