{
    "Sentiment": "POSITIVE",
    "SentimentScore": {
        "Positive": 0.5008856058120728,
        "Negative": 0.008530640043318272,
        "Neutral": 0.48652979731559753,
        "Mixed": 0.004054009448736906
    }
}
