{
    "Sentiment": "NEUTRAL",
    "SentimentScore": {
        "Positive": 0.0029530280735343695,
        "Negative": 0.10552914440631866,
        "Neutral": 0.888812780380249,
        "Mixed": 0.0027050378266721964
    }
}
