{
    "Sentiment": "NEUTRAL",
    "SentimentScore": {
        "Positive": 0.04207030311226845,
        "Negative": 0.04609479382634163,
        "Neutral": 0.8942911028862,
        "Mixed": 0.01754375547170639
    }
}
