{
    "Sentiment": "NEUTRAL",
    "SentimentScore": {
        "Positive": 0.0034871166571974754,
        "Negative": 0.07488911598920822,
        "Neutral": 0.9163886308670044,
        "Mixed": 0.0052351015619933605
    }
}
