{
    "Sentiment": "NEUTRAL",
    "SentimentScore": {
        "Positive": 0.004839136730879545,
        "Negative": 0.015348684974014759,
        "Neutral": 0.9779269099235535,
        "Mixed": 0.001885286415927112
    }
}
