{
    "Sentiment": "NEUTRAL",
    "SentimentScore": {
        "Positive": 0.05156731978058815,
        "Negative": 0.06901861727237701,
        "Neutral": 0.8541674017906189,
        "Mixed": 0.025246767327189445
    }
}
