{
    "Sentiment": "NEUTRAL",
    "SentimentScore": {
        "Positive": 0.02535347081720829,
        "Negative": 0.11363385617733002,
        "Neutral": 0.821271538734436,
        "Mixed": 0.039741165935993195
    }
}
