{
    "Sentiment": "NEUTRAL",
    "SentimentScore": {
        "Positive": 0.009343781508505344,
        "Negative": 0.0019651581533253193,
        "Neutral": 0.9881168603897095,
        "Mixed": 0.000574237375985831
    }
}
