{
    "Sentiment": "NEUTRAL",
    "SentimentScore": {
        "Positive": 0.0015834184596315026,
        "Negative": 0.017000161111354828,
        "Neutral": 0.9808126091957092,
        "Mixed": 0.0006037798011675477
    }
}
