{
    "Sentiment": "NEUTRAL",
    "SentimentScore": {
        "Positive": 0.21762710809707642,
        "Negative": 0.07383079826831818,
        "Neutral": 0.6733194589614868,
        "Mixed": 0.0352226197719574
    }
}
