{
    "Sentiment": "NEUTRAL",
    "SentimentScore": {
        "Positive": 0.0058425795286893845,
        "Negative": 0.019878359511494637,
        "Neutral": 0.9725971817970276,
        "Mixed": 0.001681921654380858
    }
}
