{
    "Sentiment": "NEUTRAL",
    "SentimentScore": {
        "Positive": 0.05278915539383888,
        "Negative": 0.26203280687332153,
        "Neutral": 0.664736270904541,
        "Mixed": 0.020441783592104912
    }
}
