{
    "Sentiment": "NEGATIVE",
    "SentimentScore": {
        "Positive": 0.022849861532449722,
        "Negative": 0.6911981701850891,
        "Neutral": 0.245247945189476,
        "Mixed": 0.040704090148210526
    }
}
