{
    "Sentiment": "NEUTRAL",
    "SentimentScore": {
        "Positive": 0.03998856246471405,
        "Negative": 0.004435374867171049,
        "Neutral": 0.9535191059112549,
        "Mixed": 0.002056887373328209
    }
}
