{
    "Sentiment": "NEUTRAL",
    "SentimentScore": {
        "Positive": 0.05468975752592087,
        "Negative": 0.013679347932338715,
        "Neutral": 0.9260263442993164,
        "Mixed": 0.00560460239648819
    }
}
