{
    "Sentiment": "NEUTRAL",
    "SentimentScore": {
        "Positive": 0.016004757955670357,
        "Negative": 0.18017016351222992,
        "Neutral": 0.7845014333724976,
        "Mixed": 0.01932366006076336
    }
}
