{
    "Sentiment": "NEUTRAL",
    "SentimentScore": {
        "Positive": 0.009655897505581379,
        "Negative": 0.0029781979974359274,
        "Neutral": 0.9864332675933838,
        "Mixed": 0.0009325864957645535
    }
}
