{
    "Sentiment": "NEUTRAL",
    "SentimentScore": {
        "Positive": 0.0020772130228579044,
        "Negative": 0.020467717200517654,
        "Neutral": 0.9762520790100098,
        "Mixed": 0.001202995772473514
    }
}
