{
    "Sentiment": "NEUTRAL",
    "SentimentScore": {
        "Positive": 0.0026788085233420134,
        "Negative": 0.03257673978805542,
        "Neutral": 0.9627258777618408,
        "Mixed": 0.0020186181645840406
    }
}
