{
    "Sentiment": "NEUTRAL",
    "SentimentScore": {
        "Positive": 0.0022807440254837275,
        "Negative": 0.06972349435091019,
        "Neutral": 0.9240771532058716,
        "Mixed": 0.003918531816452742
    }
}
