{
    "Sentiment": "NEUTRAL",
    "SentimentScore": {
        "Positive": 0.026667729020118713,
        "Negative": 0.21570990979671478,
        "Neutral": 0.7504311800003052,
        "Mixed": 0.007191219832748175
    }
}
