{
    "Sentiment": "NEUTRAL",
    "SentimentScore": {
        "Positive": 0.014843552373349667,
        "Negative": 0.0024581989273428917,
        "Neutral": 0.981664776802063,
        "Mixed": 0.0010335983242839575
    }
}
