{
    "Sentiment": "NEUTRAL",
    "SentimentScore": {
        "Positive": 0.3306829035282135,
        "Negative": 0.06416086852550507,
        "Neutral": 0.482665479183197,
        "Mixed": 0.12249081581830978
    }
}
