{
    "Sentiment": "NEUTRAL",
    "SentimentScore": {
        "Positive": 0.014599045738577843,
        "Negative": 0.061987996101379395,
        "Neutral": 0.9168651103973389,
        "Mixed": 0.006547825876623392
    }
}
