{
    "Sentiment": "POSITIVE",
    "SentimentScore": {
        "Positive": 0.5846436619758606,
        "Negative": 0.008615737780928612,
        "Neutral": 0.392488956451416,
        "Mixed": 0.014251611195504665
    }
}
