{
    "Sentiment": "NEUTRAL",
    "SentimentScore": {
        "Positive": 0.011351123452186584,
        "Negative": 0.0767340138554573,
        "Neutral": 0.905733048915863,
        "Mixed": 0.0061817774549126625
    }
}
