{
    "Sentiment": "NEUTRAL",
    "SentimentScore": {
        "Positive": 0.008043204434216022,
        "Negative": 0.1447494626045227,
        "Neutral": 0.838860034942627,
        "Mixed": 0.008347290568053722
    }
}
