{
    "Sentiment": "NEUTRAL",
    "SentimentScore": {
        "Positive": 0.023677149787545204,
        "Negative": 0.04239469766616821,
        "Neutral": 0.9180393815040588,
        "Mixed": 0.015888754278421402
    }
}
