{
    "Sentiment": "NEUTRAL",
    "SentimentScore": {
        "Positive": 0.011360959149897099,
        "Negative": 0.01746445894241333,
        "Neutral": 0.9662595987319946,
        "Mixed": 0.0049148849211633205
    }
}
