{
    "Sentiment": "NEUTRAL",
    "SentimentScore": {
        "Positive": 0.033674657344818115,
        "Negative": 0.04923415929079056,
        "Neutral": 0.9140878319740295,
        "Mixed": 0.00300336885266006
    }
}
