{
    "Sentiment": "NEUTRAL",
    "SentimentScore": {
        "Positive": 0.04819180443882942,
        "Negative": 0.3700527548789978,
        "Neutral": 0.5418493747711182,
        "Mixed": 0.039906036108732224
    }
}
