{
    "Sentiment": "NEUTRAL",
    "SentimentScore": {
        "Positive": 0.0062818522565066814,
        "Negative": 0.002785201882943511,
        "Neutral": 0.9904773235321045,
        "Mixed": 0.00045569424401037395
    }
}
