{
    "Sentiment": "NEUTRAL",
    "SentimentScore": {
        "Positive": 0.0030335052870213985,
        "Negative": 0.16762210428714752,
        "Neutral": 0.8185685873031616,
        "Mixed": 0.010775848291814327
    }
}
