{
    "Sentiment": "NEUTRAL",
    "SentimentScore": {
        "Positive": 0.04961481690406799,
        "Negative": 0.1467098593711853,
        "Neutral": 0.7575796246528625,
        "Mixed": 0.04609564691781998
    }
}
