{
    "Sentiment": "NEUTRAL",
    "SentimentScore": {
        "Positive": 0.0041584051214158535,
        "Negative": 0.0022645238786935806,
        "Neutral": 0.9932588338851929,
        "Mixed": 0.0003182807704433799
    }
}
