{
    "Sentiment": "NEUTRAL",
    "SentimentScore": {
        "Positive": 0.020511509850621223,
        "Negative": 0.013130896724760532,
        "Neutral": 0.9651606678962708,
        "Mixed": 0.00119695533066988
    }
}
