{
    "Sentiment": "NEUTRAL",
    "SentimentScore": {
        "Positive": 0.2881961464881897,
        "Negative": 0.004414594732224941,
        "Neutral": 0.7003911137580872,
        "Mixed": 0.006998151540756226
    }
}
