{
    "Sentiment": "NEUTRAL",
    "SentimentScore": {
        "Positive": 0.045600928366184235,
        "Negative": 0.1331470012664795,
        "Neutral": 0.8146524429321289,
        "Mixed": 0.00659970985725522
    }
}
