{
    "Sentiment": "NEUTRAL",
    "SentimentScore": {
        "Positive": 0.006414312869310379,
        "Negative": 0.0031518726609647274,
        "Neutral": 0.9894988536834717,
        "Mixed": 0.0009349704487249255
    }
}
