{
    "Sentiment": "NEUTRAL",
    "SentimentScore": {
        "Positive": 0.027234135195612907,
        "Negative": 0.02005140110850334,
        "Neutral": 0.9476619362831116,
        "Mixed": 0.005052447319030762
    }
}
