{
    "Sentiment": "NEUTRAL",
    "SentimentScore": {
        "Positive": 0.0032044118270277977,
        "Negative": 0.0012424332089722157,
        "Neutral": 0.995270311832428,
        "Mixed": 0.00028290945920161903
    }
}
