{
    "Sentiment": "NEUTRAL",
    "SentimentScore": {
        "Positive": 0.022222265601158142,
        "Negative": 0.05903168022632599,
        "Neutral": 0.908108115196228,
        "Mixed": 0.010637869127094746
    }
}
