{
    "Sentiment": "POSITIVE",
    "SentimentScore": {
        "Positive": 0.7238529324531555,
        "Negative": 0.00184083660133183,
        "Neutral": 0.26668012142181396,
        "Mixed": 0.0076261525973677635
    }
}
