{
    "Sentiment": "NEUTRAL",
    "SentimentScore": {
        "Positive": 0.31825849413871765,
        "Negative": 0.004198621027171612,
        "Neutral": 0.6705648303031921,
        "Mixed": 0.0069780792109668255
    }
}
