{
    "Sentiment": "NEUTRAL",
    "SentimentScore": {
        "Positive": 0.009832127951085567,
        "Negative": 0.39866089820861816,
        "Neutral": 0.5700480937957764,
        "Mixed": 0.021458912640810013
    }
}
