{
    "Sentiment": "NEUTRAL",
    "SentimentScore": {
        "Positive": 0.014889197424054146,
        "Negative": 0.005615232512354851,
        "Neutral": 0.9779215455055237,
        "Mixed": 0.0015740207163617015
    }
}
