{
    "Sentiment": "NEUTRAL",
    "SentimentScore": {
        "Positive": 0.028194725513458252,
        "Negative": 0.09952805936336517,
        "Neutral": 0.8625955581665039,
        "Mixed": 0.009681668132543564
    }
}
