{
    "Sentiment": "NEUTRAL",
    "SentimentScore": {
        "Positive": 0.004941137041896582,
        "Negative": 0.002147122286260128,
        "Neutral": 0.9921998381614685,
        "Mixed": 0.0007119523361325264
    }
}
