{
    "Sentiment": "NEUTRAL",
    "SentimentScore": {
        "Positive": 0.010596309788525105,
        "Negative": 0.005486878100782633,
        "Neutral": 0.9832685589790344,
        "Mixed": 0.0006482903845608234
    }
}
