{
    "Sentiment": "NEUTRAL",
    "SentimentScore": {
        "Positive": 0.011835318058729172,
        "Negative": 0.0029250639490783215,
        "Neutral": 0.9839401245117188,
        "Mixed": 0.001299508847296238
    }
}
