{
    "Sentiment": "NEUTRAL",
    "SentimentScore": {
        "Positive": 0.005068767350167036,
        "Negative": 0.03631380572915077,
        "Neutral": 0.9552126526832581,
        "Mixed": 0.0034047365188598633
    }
}
