{
    "Sentiment": "NEUTRAL",
    "SentimentScore": {
        "Positive": 0.0027191201224923134,
        "Negative": 0.04403917118906975,
        "Neutral": 0.9509679079055786,
        "Mixed": 0.002273769583553076
    }
}
