{
    "Sentiment": "NEUTRAL",
    "SentimentScore": {
        "Positive": 0.05108020454645157,
        "Negative": 0.010712632909417152,
        "Neutral": 0.9338081479072571,
        "Mixed": 0.004398975986987352
    }
}
