{
    "Sentiment": "NEUTRAL",
    "SentimentScore": {
        "Positive": 0.005394426174461842,
        "Negative": 0.02709720842540264,
        "Neutral": 0.9651399254798889,
        "Mixed": 0.002368490444496274
    }
}
