{
    "Sentiment": "NEUTRAL",
    "SentimentScore": {
        "Positive": 0.03289115056395531,
        "Negative": 0.06587228178977966,
        "Neutral": 0.8873566389083862,
        "Mixed": 0.013879936188459396
    }
}
