{
    "Sentiment": "NEUTRAL",
    "SentimentScore": {
        "Positive": 0.0030261569190770388,
        "Negative": 0.022412151098251343,
        "Neutral": 0.9723782539367676,
        "Mixed": 0.002183367498219013
    }
}
