{
    "Sentiment": "NEUTRAL",
    "SentimentScore": {
        "Positive": 0.0903114452958107,
        "Negative": 0.0035015284083783627,
        "Neutral": 0.8977857828140259,
        "Mixed": 0.008401196449995041
    }
}
