{
    "Sentiment": "NEUTRAL",
    "SentimentScore": {
        "Positive": 0.004417565185576677,
        "Negative": 0.06535761058330536,
        "Neutral": 0.925178050994873,
        "Mixed": 0.0050467741675674915
    }
}
