{
    "Sentiment": "NEUTRAL",
    "SentimentScore": {
        "Positive": 0.0020169366616755724,
        "Negative": 0.05666865408420563,
        "Neutral": 0.9395992755889893,
        "Mixed": 0.0017150844214484096
    }
}
