{
    "Sentiment": "NEUTRAL",
    "SentimentScore": {
        "Positive": 0.003008815459907055,
        "Negative": 0.09236681461334229,
        "Neutral": 0.8979088068008423,
        "Mixed": 0.006715553347021341
    }
}
