{
    "Sentiment": "NEUTRAL",
    "SentimentScore": {
        "Positive": 0.0019141725497320294,
        "Negative": 0.003257803851738572,
        "Neutral": 0.9943680167198181,
        "Mixed": 0.000460080336779356
    }
}
