{
    "Sentiment": "NEUTRAL",
    "SentimentScore": {
        "Positive": 0.007642925716936588,
        "Negative": 0.004500353708863258,
        "Neutral": 0.9870685338973999,
        "Mixed": 0.0007880977937020361
    }
}
