{
    "Sentiment": "NEUTRAL",
    "SentimentScore": {
        "Positive": 0.016020046547055244,
        "Negative": 0.03995722159743309,
        "Neutral": 0.9412608742713928,
        "Mixed": 0.002761841518804431
    }
}
