{
    "Sentiment": "NEGATIVE",
    "SentimentScore": {
        "Positive": 0.0010303081944584846,
        "Negative": 0.9585983753204346,
        "Neutral": 0.03287360072135925,
        "Mixed": 0.007497764658182859
    }
}
