{
    "Sentiment": "NEUTRAL",
    "SentimentScore": {
        "Positive": 0.05230867117643356,
        "Negative": 0.0970100685954094,
        "Neutral": 0.8242504596710205,
        "Mixed": 0.02643084153532982
    }
}
