{
    "Sentiment": "NEUTRAL",
    "SentimentScore": {
        "Positive": 0.003642414463683963,
        "Negative": 0.0888456180691719,
        "Neutral": 0.9019482731819153,
        "Mixed": 0.005563661921769381
    }
}
