{
    "Sentiment": "NEUTRAL",
    "SentimentScore": {
        "Positive": 0.06345424056053162,
        "Negative": 0.027272438630461693,
        "Neutral": 0.8942648768424988,
        "Mixed": 0.015008395537734032
    }
}
