{
    "Sentiment": "NEUTRAL",
    "SentimentScore": {
        "Positive": 0.10578227043151855,
        "Negative": 0.13607195019721985,
        "Neutral": 0.7252934575080872,
        "Mixed": 0.03285236656665802
    }
}
