{
    "Sentiment": "NEUTRAL",
    "SentimentScore": {
        "Positive": 0.4514637291431427,
        "Negative": 0.018317852169275284,
        "Neutral": 0.5210268497467041,
        "Mixed": 0.009191623888909817
    }
}
