{
    "Sentiment": "NEUTRAL",
    "SentimentScore": {
        "Positive": 0.08184793591499329,
        "Negative": 0.12438589334487915,
        "Neutral": 0.7759169936180115,
        "Mixed": 0.017849115654826164
    }
}
