{
    "Sentiment": "NEUTRAL",
    "SentimentScore": {
        "Positive": 0.014859837479889393,
        "Negative": 0.08915317803621292,
        "Neutral": 0.8879140615463257,
        "Mixed": 0.00807285401970148
    }
}
