{
    "Sentiment": "NEUTRAL",
    "SentimentScore": {
        "Positive": 0.0021297887433320284,
        "Negative": 0.006374783348292112,
        "Neutral": 0.9909370541572571,
        "Mixed": 0.000558375904802233
    }
}
