{
    "Sentiment": "NEUTRAL",
    "SentimentScore": {
        "Positive": 0.044766616076231,
        "Negative": 0.002730197738856077,
        "Neutral": 0.9499040246009827,
        "Mixed": 0.002599172294139862
    }
}
