{
    "Sentiment": "NEUTRAL",
    "SentimentScore": {
        "Positive": 0.04220178350806236,
        "Negative": 0.04028294235467911,
        "Neutral": 0.9081534743309021,
        "Mixed": 0.00936178769916296
    }
}
