{
    "Sentiment": "NEUTRAL",
    "SentimentScore": {
        "Positive": 0.018009211868047714,
        "Negative": 0.08181855827569962,
        "Neutral": 0.8942737579345703,
        "Mixed": 0.0058985124342143536
    }
}
