{
    "Sentiment": "NEUTRAL",
    "SentimentScore": {
        "Positive": 0.007166123017668724,
        "Negative": 0.022267136722803116,
        "Neutral": 0.9673575162887573,
        "Mixed": 0.0032092025503516197
    }
}
