{
    "Sentiment": "NEUTRAL",
    "SentimentScore": {
        "Positive": 0.13034570217132568,
        "Negative": 0.2872125208377838,
        "Neutral": 0.5534248352050781,
        "Mixed": 0.02901696413755417
    }
}
