{
    "Sentiment": "NEGATIVE",
    "SentimentScore": {
        "Positive": 0.017936065793037415,
        "Negative": 0.6715430617332458,
        "Neutral": 0.287321001291275,
        "Mixed": 0.02319995127618313
    }
}
