{
    "Sentiment": "NEUTRAL",
    "SentimentScore": {
        "Positive": 0.027351388707756996,
        "Negative": 0.01869511418044567,
        "Neutral": 0.9516203999519348,
        "Mixed": 0.0023330715484917164
    }
}
