{
    "Sentiment": "MIXED",
    "SentimentScore": {
        "Positive": 0.13838207721710205,
        "Negative": 0.09192468225955963,
        "Neutral": 0.3466651439666748,
        "Mixed": 0.4230281412601471
    }
}
