{
    "Sentiment": "NEUTRAL",
    "SentimentScore": {
        "Positive": 0.07506345957517624,
        "Negative": 0.054812945425510406,
        "Neutral": 0.8368855118751526,
        "Mixed": 0.03323803097009659
    }
}
