{
    "Sentiment": "NEUTRAL",
    "SentimentScore": {
        "Positive": 0.008807914331555367,
        "Negative": 0.004095228388905525,
        "Neutral": 0.9848402142524719,
        "Mixed": 0.002256568055599928
    }
}
