{
    "Sentiment": "NEUTRAL",
    "SentimentScore": {
        "Positive": 0.0188912283629179,
        "Negative": 0.06538145244121552,
        "Neutral": 0.9127689003944397,
        "Mixed": 0.002958479570224881
    }
}
