{
    "Sentiment": "NEUTRAL",
    "SentimentScore": {
        "Positive": 0.006150940898805857,
        "Negative": 0.072213314473629,
        "Neutral": 0.915966808795929,
        "Mixed": 0.005668895784765482
    }
}
