{
    "Sentiment": "NEUTRAL",
    "SentimentScore": {
        "Positive": 0.004348446615040302,
        "Negative": 0.026416346430778503,
        "Neutral": 0.9668183326721191,
        "Mixed": 0.0024168360978364944
    }
}
