{
    "Sentiment": "NEUTRAL",
    "SentimentScore": {
        "Positive": 0.006653171498328447,
        "Negative": 0.01687406376004219,
        "Neutral": 0.9751859307289124,
        "Mixed": 0.001286726794205606
    }
}
