{
    "Sentiment": "NEUTRAL",
    "SentimentScore": {
        "Positive": 0.004690918140113354,
        "Negative": 0.02113904245197773,
        "Neutral": 0.972195029258728,
        "Mixed": 0.0019750981591641903
    }
}
