{
    "Sentiment": "NEUTRAL",
    "SentimentScore": {
        "Positive": 0.009495779871940613,
        "Negative": 0.33906474709510803,
        "Neutral": 0.6410794854164124,
        "Mixed": 0.01035991683602333
    }
}
