{
    "Sentiment": "NEUTRAL",
    "SentimentScore": {
        "Positive": 0.1837378293275833,
        "Negative": 0.16942869126796722,
        "Neutral": 0.456213116645813,
        "Mixed": 0.19062037765979767
    }
}
