{
    "Sentiment": "NEUTRAL",
    "SentimentScore": {
        "Positive": 0.005458025727421045,
        "Negative": 0.08564114570617676,
        "Neutral": 0.9033617377281189,
        "Mixed": 0.005539070349186659
    }
}
