{
    "Sentiment": "NEUTRAL",
    "SentimentScore": {
        "Positive": 0.001536402152851224,
        "Negative": 0.056152887642383575,
        "Neutral": 0.9407718777656555,
        "Mixed": 0.0015388268511742353
    }
}
