{
    "Sentiment": "NEUTRAL",
    "SentimentScore": {
        "Positive": 0.019106345251202583,
        "Negative": 0.06442347913980484,
        "Neutral": 0.8882102966308594,
        "Mixed": 0.02825990878045559
    }
}
