{
    "Sentiment": "NEUTRAL",
    "SentimentScore": {
        "Positive": 0.02143348567187786,
        "Negative": 0.0645085945725441,
        "Neutral": 0.9098314046859741,
        "Mixed": 0.0042265658266842365
    }
}
