{
    "Sentiment": "NEUTRAL",
    "SentimentScore": {
        "Positive": 0.013896409422159195,
        "Negative": 0.05094628036022186,
        "Neutral": 0.9311085343360901,
        "Mixed": 0.004048786126077175
    }
}
