{
    "Sentiment": "NEUTRAL",
    "SentimentScore": {
        "Positive": 0.06443217396736145,
        "Negative": 0.02408112958073616,
        "Neutral": 0.90381920337677,
        "Mixed": 0.0076674907468259335
    }
}
