{
    "Sentiment": "NEUTRAL",
    "SentimentScore": {
        "Positive": 0.005660641007125378,
        "Negative": 0.17128324508666992,
        "Neutral": 0.8108656406402588,
        "Mixed": 0.012190471403300762
    }
}
