{
    "Sentiment": "NEUTRAL",
    "SentimentScore": {
        "Positive": 0.015647491440176964,
        "Negative": 0.09989958256483078,
        "Neutral": 0.869784414768219,
        "Mixed": 0.014668509364128113
    }
}
