{
    "Sentiment": "NEUTRAL",
    "SentimentScore": {
        "Positive": 0.005315946880728006,
        "Negative": 0.13216033577919006,
        "Neutral": 0.8531678318977356,
        "Mixed": 0.009355852380394936
    }
}
