{
    "Sentiment": "NEUTRAL",
    "SentimentScore": {
        "Positive": 0.008081050589680672,
        "Negative": 0.024059107527136803,
        "Neutral": 0.9658672213554382,
        "Mixed": 0.00199267384596169
    }
}
