{
    "Sentiment": "NEUTRAL",
    "SentimentScore": {
        "Positive": 0.0076099238358438015,
        "Negative": 0.04635491594672203,
        "Neutral": 0.9391984939575195,
        "Mixed": 0.006836734712123871
    }
}
