{
    "Sentiment": "NEUTRAL",
    "SentimentScore": {
        "Positive": 0.007071182131767273,
        "Negative": 0.0004910278948955238,
        "Neutral": 0.9921680092811584,
        "Mixed": 0.0002697609306778759
    }
}
