{
    "Sentiment": "NEUTRAL",
    "SentimentScore": {
        "Positive": 0.06471401453018188,
        "Negative": 0.049267545342445374,
        "Neutral": 0.8809322118759155,
        "Mixed": 0.005086332093924284
    }
}
