{
    "Sentiment": "NEUTRAL",
    "SentimentScore": {
        "Positive": 0.006283717695623636,
        "Negative": 0.08935866504907608,
        "Neutral": 0.8993571400642395,
        "Mixed": 0.0050005060620605946
    }
}
