{
    "Sentiment": "NEUTRAL",
    "SentimentScore": {
        "Positive": 0.004056582227349281,
        "Negative": 0.030440593138337135,
        "Neutral": 0.9615268111228943,
        "Mixed": 0.003976034931838512
    }
}
