{
    "Sentiment": "NEUTRAL",
    "SentimentScore": {
        "Positive": 0.0046863858588039875,
        "Negative": 0.040866952389478683,
        "Neutral": 0.9493643641471863,
        "Mixed": 0.005082322284579277
    }
}
