{
    "Sentiment": "NEUTRAL",
    "SentimentScore": {
        "Positive": 0.011532619595527649,
        "Negative": 0.012646708637475967,
        "Neutral": 0.9732551574707031,
        "Mixed": 0.0025654807686805725
    }
}
