{
    "Sentiment": "NEUTRAL",
    "SentimentScore": {
        "Positive": 0.03263261541724205,
        "Negative": 0.13908027112483978,
        "Neutral": 0.8172443509101868,
        "Mixed": 0.01104267779737711
    }
}
