{
    "Sentiment": "NEUTRAL",
    "SentimentScore": {
        "Positive": 0.12675535678863525,
        "Negative": 0.007745266426354647,
        "Neutral": 0.8588982820510864,
        "Mixed": 0.006601120810955763
    }
}
