{
    "Sentiment": "NEUTRAL",
    "SentimentScore": {
        "Positive": 0.04478533938527107,
        "Negative": 0.16257745027542114,
        "Neutral": 0.7783991098403931,
        "Mixed": 0.014238085597753525
    }
}
