{
    "Sentiment": "NEUTRAL",
    "SentimentScore": {
        "Positive": 0.2362412065267563,
        "Negative": 0.09752067923545837,
        "Neutral": 0.6258996725082397,
        "Mixed": 0.04033844545483589
    }
}
