{
    "Sentiment": "NEUTRAL",
    "SentimentScore": {
        "Positive": 0.0030258928891271353,
        "Negative": 0.04327577352523804,
        "Neutral": 0.9497783780097961,
        "Mixed": 0.003920000046491623
    }
}
