{
    "Sentiment": "NEUTRAL",
    "SentimentScore": {
        "Positive": 0.019371088594198227,
        "Negative": 0.004631309304386377,
        "Neutral": 0.9743810296058655,
        "Mixed": 0.0016165674896910787
    }
}
