{
    "Sentiment": "NEUTRAL",
    "SentimentScore": {
        "Positive": 0.0014195626135915518,
        "Negative": 0.008530763909220695,
        "Neutral": 0.9889991879463196,
        "Mixed": 0.0010504376841709018
    }
}
