{
    "Sentiment": "NEUTRAL",
    "SentimentScore": {
        "Positive": 0.013276711106300354,
        "Negative": 0.0012083689216524363,
        "Neutral": 0.9848453998565674,
        "Mixed": 0.0006695600459352136
    }
}
