{
    "Sentiment": "NEUTRAL",
    "SentimentScore": {
        "Positive": 0.05540187656879425,
        "Negative": 0.010895412415266037,
        "Neutral": 0.9294514656066895,
        "Mixed": 0.004251245874911547
    }
}
