{
    "Sentiment": "NEUTRAL",
    "SentimentScore": {
        "Positive": 0.0020965777803212404,
        "Negative": 0.019912583753466606,
        "Neutral": 0.9759892225265503,
        "Mixed": 0.0020016354974359274
    }
}
