{
    "Sentiment": "NEUTRAL",
    "SentimentScore": {
        "Positive": 0.004433921538293362,
        "Negative": 0.003185342065989971,
        "Neutral": 0.9918835163116455,
        "Mixed": 0.0004972429014742374
    }
}
