{
    "Sentiment": "NEUTRAL",
    "SentimentScore": {
        "Positive": 0.015848012641072273,
        "Negative": 0.057299282401800156,
        "Neutral": 0.9133954048156738,
        "Mixed": 0.013457185588777065
    }
}
