{
    "Sentiment": "NEUTRAL",
    "SentimentScore": {
        "Positive": 0.06160851940512657,
        "Negative": 0.0651567205786705,
        "Neutral": 0.8456891775131226,
        "Mixed": 0.02754562720656395
    }
}
