{
    "Sentiment": "NEUTRAL",
    "SentimentScore": {
        "Positive": 0.0032714579720050097,
        "Negative": 0.014149894006550312,
        "Neutral": 0.9810692667961121,
        "Mixed": 0.001509436289779842
    }
}
