{
    "Sentiment": "NEUTRAL",
    "SentimentScore": {
        "Positive": 0.00023898454674053937,
        "Negative": 0.002901580883190036,
        "Neutral": 0.9967586398124695,
        "Mixed": 0.00010072709119413048
    }
}
