{
    "Sentiment": "NEUTRAL",
    "SentimentScore": {
        "Positive": 0.0026862446684390306,
        "Negative": 0.0022189042065292597,
        "Neutral": 0.9946801066398621,
        "Mixed": 0.000414722046116367
    }
}
