{
    "Sentiment": "NEUTRAL",
    "SentimentScore": {
        "Positive": 0.020306063815951347,
        "Negative": 0.03938595950603485,
        "Neutral": 0.9329968094825745,
        "Mixed": 0.007311225403100252
    }
}
