{
    "Sentiment": "NEUTRAL",
    "SentimentScore": {
        "Positive": 0.06903155148029327,
        "Negative": 0.008520521223545074,
        "Neutral": 0.9184589385986328,
        "Mixed": 0.00398904038593173
    }
}
