{
    "Sentiment": "NEUTRAL",
    "SentimentScore": {
        "Positive": 0.004248280078172684,
        "Negative": 0.050228945910930634,
        "Neutral": 0.9432037472724915,
        "Mixed": 0.002318993443623185
    }
}
