{
    "Sentiment": "NEUTRAL",
    "SentimentScore": {
        "Positive": 0.010490463115274906,
        "Negative": 0.0034954724833369255,
        "Neutral": 0.9853826761245728,
        "Mixed": 0.0006314407219178975
    }
}
