{
    "Sentiment": "NEUTRAL",
    "SentimentScore": {
        "Positive": 0.038297656923532486,
        "Negative": 0.27383193373680115,
        "Neutral": 0.6201762557029724,
        "Mixed": 0.06769412010908127
    }
}
