{
    "Sentiment": "NEUTRAL",
    "SentimentScore": {
        "Positive": 0.4748437702655792,
        "Negative": 0.010169552639126778,
        "Neutral": 0.5057514905929565,
        "Mixed": 0.009235204197466373
    }
}
