{
    "Sentiment": "NEUTRAL",
    "SentimentScore": {
        "Positive": 0.005924407858401537,
        "Negative": 0.06674683094024658,
        "Neutral": 0.9220719933509827,
        "Mixed": 0.0052568246610462666
    }
}
