{
    "Sentiment": "NEUTRAL",
    "SentimentScore": {
        "Positive": 0.0037750806659460068,
        "Negative": 0.006841233931481838,
        "Neutral": 0.9886859655380249,
        "Mixed": 0.0006977152661420405
    }
}
