{
    "Sentiment": "NEUTRAL",
    "SentimentScore": {
        "Positive": 0.022043118253350258,
        "Negative": 0.009223447181284428,
        "Neutral": 0.9655522704124451,
        "Mixed": 0.0031812002416700125
    }
}
