{
    "Sentiment": "NEUTRAL",
    "SentimentScore": {
        "Positive": 0.004163026809692383,
        "Negative": 0.01743965409696102,
        "Neutral": 0.9771407842636108,
        "Mixed": 0.001256557647138834
    }
}
