{
    "Sentiment": "NEUTRAL",
    "SentimentScore": {
        "Positive": 0.0278595183044672,
        "Negative": 0.1710083782672882,
        "Neutral": 0.7635030746459961,
        "Mixed": 0.03762898966670036
    }
}
