{
    "Sentiment": "NEUTRAL",
    "SentimentScore": {
        "Positive": 0.01512844953685999,
        "Negative": 0.002381319645792246,
        "Neutral": 0.9819886684417725,
        "Mixed": 0.0005014552734792233
    }
}
