{
    "Sentiment": "NEUTRAL",
    "SentimentScore": {
        "Positive": 0.022006627172231674,
        "Negative": 0.002373390132561326,
        "Neutral": 0.9747947454452515,
        "Mixed": 0.0008252144907601178
    }
}
