{
    "Sentiment": "NEUTRAL",
    "SentimentScore": {
        "Positive": 0.002468413207679987,
        "Negative": 0.0013942072400823236,
        "Neutral": 0.9957971572875977,
        "Mixed": 0.000340271188179031
    }
}
