{
    "Sentiment": "POSITIVE",
    "SentimentScore": {
        "Positive": 0.6941661834716797,
        "Negative": 0.00922540482133627,
        "Neutral": 0.2840314209461212,
        "Mixed": 0.01257698517292738
    }
}
