{
    "Sentiment": "NEUTRAL",
    "SentimentScore": {
        "Positive": 0.0039018532261252403,
        "Negative": 0.004349690396338701,
        "Neutral": 0.990231454372406,
        "Mixed": 0.0015170491533353925
    }
}
