{
    "Sentiment": "NEUTRAL",
    "SentimentScore": {
        "Positive": 0.008025986142456532,
        "Negative": 0.15075640380382538,
        "Neutral": 0.8288864493370056,
        "Mixed": 0.012331164442002773
    }
}
