{
    "Sentiment": "NEUTRAL",
    "SentimentScore": {
        "Positive": 0.031924810260534286,
        "Negative": 0.14303037524223328,
        "Neutral": 0.7438175082206726,
        "Mixed": 0.08122730255126953
    }
}
