{
    "Sentiment": "NEUTRAL",
    "SentimentScore": {
        "Positive": 0.0749175101518631,
        "Negative": 0.13031263649463654,
        "Neutral": 0.7643182277679443,
        "Mixed": 0.030451597645878792
    }
}
