{
    "Sentiment": "NEUTRAL",
    "SentimentScore": {
        "Positive": 0.029625210911035538,
        "Negative": 0.06635887920856476,
        "Neutral": 0.8703033924102783,
        "Mixed": 0.03371250629425049
    }
}
