{
    "Sentiment": "NEUTRAL",
    "SentimentScore": {
        "Positive": 0.28068479895591736,
        "Negative": 0.003398189088329673,
        "Neutral": 0.713355302810669,
        "Mixed": 0.0025617117062211037
    }
}
