{
    "Sentiment": "NEUTRAL",
    "SentimentScore": {
        "Positive": 0.0018341580871492624,
        "Negative": 0.009708286263048649,
        "Neutral": 0.9879252910614014,
        "Mixed": 0.0005323109799064696
    }
}
