{
    "Sentiment": "NEUTRAL",
    "SentimentScore": {
        "Positive": 0.0026895320042967796,
        "Negative": 0.07884638011455536,
        "Neutral": 0.9146018028259277,
        "Mixed": 0.0038622149731963873
    }
}
