{
    "Sentiment": "NEUTRAL",
    "SentimentScore": {
        "Positive": 0.006081384606659412,
        "Negative": 0.1602138727903366,
        "Neutral": 0.8131256699562073,
        "Mixed": 0.02057904563844204
    }
}
