{
    "Sentiment": "NEUTRAL",
    "SentimentScore": {
        "Positive": 0.025343062356114388,
        "Negative": 0.14748995006084442,
        "Neutral": 0.8021285533905029,
        "Mixed": 0.025038478896021843
    }
}
