{
    "Sentiment": "NEUTRAL",
    "SentimentScore": {
        "Positive": 0.026681795716285706,
        "Negative": 0.024785958230495453,
        "Neutral": 0.9261652827262878,
        "Mixed": 0.02236686460673809
    }
}
