{
    "Sentiment": "NEUTRAL",
    "SentimentScore": {
        "Positive": 0.0614415779709816,
        "Negative": 0.00376308080740273,
        "Neutral": 0.932745635509491,
        "Mixed": 0.0020496814977377653
    }
}
