{
    "Sentiment": "NEUTRAL",
    "SentimentScore": {
        "Positive": 0.002188555896282196,
        "Negative": 0.02354239486157894,
        "Neutral": 0.9718316793441772,
        "Mixed": 0.002437397837638855
    }
}
