{
    "Sentiment": "NEUTRAL",
    "SentimentScore": {
        "Positive": 0.007927828468382359,
        "Negative": 0.01571768894791603,
        "Neutral": 0.9741013050079346,
        "Mixed": 0.0022530595306307077
    }
}
