{
    "Sentiment": "NEUTRAL",
    "SentimentScore": {
        "Positive": 0.0163969025015831,
        "Negative": 0.0017396672628819942,
        "Neutral": 0.980838418006897,
        "Mixed": 0.0010249643819406629
    }
}
