{
    "Sentiment": "NEUTRAL",
    "SentimentScore": {
        "Positive": 0.013910584151744843,
        "Negative": 0.006630857940763235,
        "Neutral": 0.9761447310447693,
        "Mixed": 0.003313880180940032
    }
}
