{
    "Sentiment": "NEUTRAL",
    "SentimentScore": {
        "Positive": 0.0057816458866000175,
        "Negative": 0.049453165382146835,
        "Neutral": 0.9352793097496033,
        "Mixed": 0.009485941380262375
    }
}
