{
    "Sentiment": "NEUTRAL",
    "SentimentScore": {
        "Positive": 0.009845875203609467,
        "Negative": 0.03872370347380638,
        "Neutral": 0.9449936151504517,
        "Mixed": 0.0064368764869868755
    }
}
