{
    "Sentiment": "NEUTRAL",
    "SentimentScore": {
        "Positive": 0.01584559679031372,
        "Negative": 0.10062190145254135,
        "Neutral": 0.8749989867210388,
        "Mixed": 0.008533506654202938
    }
}
