{
    "Sentiment": "NEUTRAL",
    "SentimentScore": {
        "Positive": 0.002769876504316926,
        "Negative": 0.004470765590667725,
        "Neutral": 0.9922763705253601,
        "Mixed": 0.00048301584320142865
    }
}
