{
    "Sentiment": "NEUTRAL",
    "SentimentScore": {
        "Positive": 0.10486233234405518,
        "Negative": 0.08238276094198227,
        "Neutral": 0.8014858961105347,
        "Mixed": 0.0112689770758152
    }
}
