{
    "Sentiment": "NEUTRAL",
    "SentimentScore": {
        "Positive": 0.0035378432366997004,
        "Negative": 0.01018392201513052,
        "Neutral": 0.9856321811676025,
        "Mixed": 0.0006461070151999593
    }
}
