{
    "Sentiment": "NEUTRAL",
    "SentimentScore": {
        "Positive": 0.015969116240739822,
        "Negative": 0.0027832721825689077,
        "Neutral": 0.9803203344345093,
        "Mixed": 0.0009272841271013021
    }
}
