{
    "Sentiment": "NEUTRAL",
    "SentimentScore": {
        "Positive": 0.12181103229522705,
        "Negative": 0.037311360239982605,
        "Neutral": 0.7977126836776733,
        "Mixed": 0.043164968490600586
    }
}
