{
    "Sentiment": "NEUTRAL",
    "SentimentScore": {
        "Positive": 0.21172213554382324,
        "Negative": 0.0976046547293663,
        "Neutral": 0.6786253452301025,
        "Mixed": 0.012047882191836834
    }
}
