{
    "Sentiment": "NEUTRAL",
    "SentimentScore": {
        "Positive": 0.006462800316512585,
        "Negative": 0.007817081175744534,
        "Neutral": 0.9843294620513916,
        "Mixed": 0.0013907219981774688
    }
}
