{
    "Sentiment": "NEUTRAL",
    "SentimentScore": {
        "Positive": 0.0063911788165569305,
        "Negative": 0.003458881052210927,
        "Neutral": 0.989141583442688,
        "Mixed": 0.0010083643719553947
    }
}
