{
    "Sentiment": "NEUTRAL",
    "SentimentScore": {
        "Positive": 0.029671084135770798,
        "Negative": 0.003818703815340996,
        "Neutral": 0.9652015566825867,
        "Mixed": 0.0013086957624182105
    }
}
