{
    "Sentiment": "NEUTRAL",
    "SentimentScore": {
        "Positive": 0.001921204966492951,
        "Negative": 0.0014821786899119616,
        "Neutral": 0.996392548084259,
        "Mixed": 0.0002040570689132437
    }
}
