{
    "Sentiment": "NEUTRAL",
    "SentimentScore": {
        "Positive": 0.025679906830191612,
        "Negative": 0.0193303432315588,
        "Neutral": 0.9499532580375671,
        "Mixed": 0.005036486312747002
    }
}
