{
    "Sentiment": "NEUTRAL",
    "SentimentScore": {
        "Positive": 0.006374624092131853,
        "Negative": 0.08601300418376923,
        "Neutral": 0.8960465788841248,
        "Mixed": 0.011565796099603176
    }
}
