{
    "Sentiment": "NEUTRAL",
    "SentimentScore": {
        "Positive": 0.13397936522960663,
        "Negative": 0.046525776386260986,
        "Neutral": 0.8108347058296204,
        "Mixed": 0.008660185150802135
    }
}
