{
    "Sentiment": "NEUTRAL",
    "SentimentScore": {
        "Positive": 0.003035816363990307,
        "Negative": 0.006233018357306719,
        "Neutral": 0.9898576736450195,
        "Mixed": 0.0008735937299206853
    }
}
