{
    "Sentiment": "NEUTRAL",
    "SentimentScore": {
        "Positive": 0.02282682992517948,
        "Negative": 0.025928135961294174,
        "Neutral": 0.9411406517028809,
        "Mixed": 0.010104411281645298
    }
}
