{
    "Sentiment": "NEUTRAL",
    "SentimentScore": {
        "Positive": 0.005443805828690529,
        "Negative": 0.005549513269215822,
        "Neutral": 0.9881545305252075,
        "Mixed": 0.0008521718555130064
    }
}
