{
    "Sentiment": "NEUTRAL",
    "SentimentScore": {
        "Positive": 0.008828257210552692,
        "Negative": 0.0015999710885807872,
        "Neutral": 0.9886632561683655,
        "Mixed": 0.0009085362544283271
    }
}
