{
    "Sentiment": "NEUTRAL",
    "SentimentScore": {
        "Positive": 0.18229977786540985,
        "Negative": 0.0027300571091473103,
        "Neutral": 0.8123870491981506,
        "Mixed": 0.002583113731816411
    }
}
