{
    "Sentiment": "NEUTRAL",
    "SentimentScore": {
        "Positive": 0.0016516781179234385,
        "Negative": 0.0066595966927707195,
        "Neutral": 0.9908562898635864,
        "Mixed": 0.0008325341623276472
    }
}
