{
    "Sentiment": "NEUTRAL",
    "SentimentScore": {
        "Positive": 0.011740432120859623,
        "Negative": 0.19793853163719177,
        "Neutral": 0.7570281028747559,
        "Mixed": 0.03329296037554741
    }
}
