{
    "Sentiment": "NEUTRAL",
    "SentimentScore": {
        "Positive": 0.1189345195889473,
        "Negative": 0.03897226229310036,
        "Neutral": 0.8320848941802979,
        "Mixed": 0.010008318349719048
    }
}
