{
    "Sentiment": "NEUTRAL",
    "SentimentScore": {
        "Positive": 0.003417795058339834,
        "Negative": 0.0017523891292512417,
        "Neutral": 0.994473397731781,
        "Mixed": 0.0003563350182957947
    }
}
