{
    "Sentiment": "NEUTRAL",
    "SentimentScore": {
        "Positive": 0.26269811391830444,
        "Negative": 0.003185888519510627,
        "Neutral": 0.7299585938453674,
        "Mixed": 0.004157334100455046
    }
}
