{
    "Sentiment": "NEUTRAL",
    "SentimentScore": {
        "Positive": 0.03548978641629219,
        "Negative": 0.00711418129503727,
        "Neutral": 0.9541277289390564,
        "Mixed": 0.003268335945904255
    }
}
