{
    "Sentiment": "NEUTRAL",
    "SentimentScore": {
        "Positive": 0.11269530653953552,
        "Negative": 0.0474269799888134,
        "Neutral": 0.8192639350891113,
        "Mixed": 0.020613843575119972
    }
}
