{
    "Sentiment": "NEUTRAL",
    "SentimentScore": {
        "Positive": 0.013241167180240154,
        "Negative": 0.007445617578923702,
        "Neutral": 0.9771748185157776,
        "Mixed": 0.002138389041647315
    }
}
