{
    "Sentiment": "NEUTRAL",
    "SentimentScore": {
        "Positive": 0.08603819459676743,
        "Negative": 0.06028870493173599,
        "Neutral": 0.8386201858520508,
        "Mixed": 0.015052898786962032
    }
}
