{
    "Sentiment": "NEUTRAL",
    "SentimentScore": {
        "Positive": 0.06393799930810928,
        "Negative": 0.08004473894834518,
        "Neutral": 0.845723569393158,
        "Mixed": 0.010293631814420223
    }
}
