{
    "Sentiment": "NEUTRAL",
    "SentimentScore": {
        "Positive": 0.0608101449906826,
        "Negative": 0.014484856277704239,
        "Neutral": 0.9214997887611389,
        "Mixed": 0.0032052607275545597
    }
}
