{
    "Sentiment": "NEUTRAL",
    "SentimentScore": {
        "Positive": 0.31721362471580505,
        "Negative": 0.07107283174991608,
        "Neutral": 0.5403099656105042,
        "Mixed": 0.07140355557203293
    }
}
