{
    "Sentiment": "NEUTRAL",
    "SentimentScore": {
        "Positive": 0.005247844383120537,
        "Negative": 0.10878830403089523,
        "Neutral": 0.8757842779159546,
        "Mixed": 0.010179534554481506
    }
}
