{
    "Sentiment": "NEGATIVE",
    "SentimentScore": {
        "Positive": 0.0038693444803357124,
        "Negative": 0.8465575575828552,
        "Neutral": 0.11626257002353668,
        "Mixed": 0.03331059217453003
    }
}
