{
    "Sentiment": "NEUTRAL",
    "SentimentScore": {
        "Positive": 0.057724729180336,
        "Negative": 0.011185028590261936,
        "Neutral": 0.9288642406463623,
        "Mixed": 0.0022259713150560856
    }
}
