{
    "Sentiment": "NEUTRAL",
    "SentimentScore": {
        "Positive": 0.008203057572245598,
        "Negative": 0.0014085526345297694,
        "Neutral": 0.9899849891662598,
        "Mixed": 0.00040334928780794144
    }
}
