{
    "Sentiment": "NEUTRAL",
    "SentimentScore": {
        "Positive": 0.0031410385854542255,
        "Negative": 0.0014695591526106,
        "Neutral": 0.9950892329216003,
        "Mixed": 0.0003002004523295909
    }
}
