{
    "Sentiment": "NEUTRAL",
    "SentimentScore": {
        "Positive": 0.01660291664302349,
        "Negative": 0.04349378123879433,
        "Neutral": 0.9330626130104065,
        "Mixed": 0.0068406155332922935
    }
}
