{
    "Sentiment": "NEUTRAL",
    "SentimentScore": {
        "Positive": 0.08269300311803818,
        "Negative": 0.008382336236536503,
        "Neutral": 0.9050264954566956,
        "Mixed": 0.003898231778293848
    }
}
