{
    "Sentiment": "NEUTRAL",
    "SentimentScore": {
        "Positive": 0.14919480681419373,
        "Negative": 0.0018882362637668848,
        "Neutral": 0.8468224406242371,
        "Mixed": 0.002094531897455454
    }
}
