{
    "Sentiment": "NEUTRAL",
    "SentimentScore": {
        "Positive": 0.2321075201034546,
        "Negative": 0.046667348593473434,
        "Neutral": 0.7048174142837524,
        "Mixed": 0.01640767604112625
    }
}
