{
    "Sentiment": "NEUTRAL",
    "SentimentScore": {
        "Positive": 0.0562751479446888,
        "Negative": 0.22564581036567688,
        "Neutral": 0.6989690065383911,
        "Mixed": 0.01911001466214657
    }
}
