{
    "Sentiment": "NEUTRAL",
    "SentimentScore": {
        "Positive": 0.021973077207803726,
        "Negative": 0.05029433220624924,
        "Neutral": 0.9076117277145386,
        "Mixed": 0.020120888948440552
    }
}
