{
    "Sentiment": "NEUTRAL",
    "SentimentScore": {
        "Positive": 0.005735521204769611,
        "Negative": 0.02601456828415394,
        "Neutral": 0.9668539762496948,
        "Mixed": 0.0013958584750071168
    }
}
