{
    "Sentiment": "NEUTRAL",
    "SentimentScore": {
        "Positive": 0.0023475042544305325,
        "Negative": 0.14254498481750488,
        "Neutral": 0.8511658310890198,
        "Mixed": 0.003941685426980257
    }
}
