{
    "Sentiment": "NEUTRAL",
    "SentimentScore": {
        "Positive": 0.0098759476095438,
        "Negative": 0.04807041585445404,
        "Neutral": 0.9344881772994995,
        "Mixed": 0.007565532810986042
    }
}
