{
    "Sentiment": "NEUTRAL",
    "SentimentScore": {
        "Positive": 0.0038204423617571592,
        "Negative": 0.15559601783752441,
        "Neutral": 0.8271712064743042,
        "Mixed": 0.013412311673164368
    }
}
