{
    "Sentiment": "NEUTRAL",
    "SentimentScore": {
        "Positive": 0.0036617631558328867,
        "Negative": 0.05485682561993599,
        "Neutral": 0.9375781416893005,
        "Mixed": 0.0039032851345837116
    }
}
