{
    "Sentiment": "NEUTRAL",
    "SentimentScore": {
        "Positive": 0.10106758773326874,
        "Negative": 0.026793504133820534,
        "Neutral": 0.8642597794532776,
        "Mixed": 0.007879172451794147
    }
}
