{
    "Sentiment": "NEUTRAL",
    "SentimentScore": {
        "Positive": 0.0016548755811527371,
        "Negative": 0.07511070370674133,
        "Neutral": 0.9201139211654663,
        "Mixed": 0.00312041025608778
    }
}
