{
    "Sentiment": "NEUTRAL",
    "SentimentScore": {
        "Positive": 0.025975290685892105,
        "Negative": 0.01732156239449978,
        "Neutral": 0.9512080550193787,
        "Mixed": 0.005494983401149511
    }
}
