{
    "Sentiment": "NEUTRAL",
    "SentimentScore": {
        "Positive": 0.013987686485052109,
        "Negative": 0.005585403647273779,
        "Neutral": 0.9797123670578003,
        "Mixed": 0.0007145284325815737
    }
}
