{
    "Sentiment": "NEUTRAL",
    "SentimentScore": {
        "Positive": 0.013041047379374504,
        "Negative": 0.034227464348077774,
        "Neutral": 0.9492759108543396,
        "Mixed": 0.0034555234014987946
    }
}
