{
    "Sentiment": "NEUTRAL",
    "SentimentScore": {
        "Positive": 0.0438009575009346,
        "Negative": 0.027306390926241875,
        "Neutral": 0.9233911633491516,
        "Mixed": 0.005501531530171633
    }
}
