{
    "Sentiment": "NEUTRAL",
    "SentimentScore": {
        "Positive": 0.0013928517000749707,
        "Negative": 0.014951762743294239,
        "Neutral": 0.9828487038612366,
        "Mixed": 0.0008067308808676898
    }
}
