{
    "Sentiment": "NEUTRAL",
    "SentimentScore": {
        "Positive": 0.005892230197787285,
        "Negative": 0.012966190464794636,
        "Neutral": 0.9791212677955627,
        "Mixed": 0.0020203401800245047
    }
}
