{
    "Sentiment": "NEUTRAL",
    "SentimentScore": {
        "Positive": 0.009525898844003677,
        "Negative": 0.0019529105629771948,
        "Neutral": 0.9880225658416748,
        "Mixed": 0.0004985329578630626
    }
}
