{
    "Sentiment": "POSITIVE",
    "SentimentScore": {
        "Positive": 0.7288175821304321,
        "Negative": 0.052289750427007675,
        "Neutral": 0.19616131484508514,
        "Mixed": 0.022731315344572067
    }
}
