{
    "Sentiment": "POSITIVE",
    "SentimentScore": {
        "Positive": 0.6728396415710449,
        "Negative": 0.0026251734234392643,
        "Neutral": 0.32049885392189026,
        "Mixed": 0.004036350641399622
    }
}
