{
    "Sentiment": "NEUTRAL",
    "SentimentScore": {
        "Positive": 0.011449354700744152,
        "Negative": 0.00795378815382719,
        "Neutral": 0.978991687297821,
        "Mixed": 0.0016051969723775983
    }
}
