{
    "Sentiment": "NEUTRAL",
    "SentimentScore": {
        "Positive": 0.006409110967069864,
        "Negative": 0.14476461708545685,
        "Neutral": 0.8369020223617554,
        "Mixed": 0.011924180202186108
    }
}
