{
    "Sentiment": "NEUTRAL",
    "SentimentScore": {
        "Positive": 0.010200778022408485,
        "Negative": 0.06555729359388351,
        "Neutral": 0.913489818572998,
        "Mixed": 0.010752110742032528
    }
}
