{
    "Sentiment": "NEUTRAL",
    "SentimentScore": {
        "Positive": 0.1052122563123703,
        "Negative": 0.13240434229373932,
        "Neutral": 0.7278622984886169,
        "Mixed": 0.03452106937766075
    }
}
