{
    "Sentiment": "NEUTRAL",
    "SentimentScore": {
        "Positive": 0.0007918091723695397,
        "Negative": 0.00784759595990181,
        "Neutral": 0.9909271001815796,
        "Mixed": 0.0004335031844675541
    }
}
