{
    "Sentiment": "NEUTRAL",
    "SentimentScore": {
        "Positive": 0.0029097420629113913,
        "Negative": 0.001689908909611404,
        "Neutral": 0.9951696991920471,
        "Mixed": 0.00023056929057929665
    }
}
