{
    "Sentiment": "NEUTRAL",
    "SentimentScore": {
        "Positive": 0.001297845272347331,
        "Negative": 0.012003278359770775,
        "Neutral": 0.9859743714332581,
        "Mixed": 0.0007244565640576184
    }
}
