{
    "Sentiment": "NEUTRAL",
    "SentimentScore": {
        "Positive": 0.020095784217119217,
        "Negative": 0.050766125321388245,
        "Neutral": 0.9198336601257324,
        "Mixed": 0.009304473176598549
    }
}
