{
    "Sentiment": "NEUTRAL",
    "SentimentScore": {
        "Positive": 0.0255145076662302,
        "Negative": 0.06448924541473389,
        "Neutral": 0.9012890458106995,
        "Mixed": 0.008707238361239433
    }
}
