{
    "Sentiment": "NEUTRAL",
    "SentimentScore": {
        "Positive": 0.0017298435559496284,
        "Negative": 0.009449400939047337,
        "Neutral": 0.9879516959190369,
        "Mixed": 0.000869101844727993
    }
}
