{
    "Sentiment": "NEUTRAL",
    "SentimentScore": {
        "Positive": 0.007806182373315096,
        "Negative": 0.020946921780705452,
        "Neutral": 0.9671356678009033,
        "Mixed": 0.004111180547624826
    }
}
