{
    "Sentiment": "NEUTRAL",
    "SentimentScore": {
        "Positive": 0.2540798485279083,
        "Negative": 0.004770077299326658,
        "Neutral": 0.7269051671028137,
        "Mixed": 0.014244883321225643
    }
}
