{
    "Sentiment": "POSITIVE",
    "SentimentScore": {
        "Positive": 0.5166411995887756,
        "Negative": 0.05486530438065529,
        "Neutral": 0.4169672429561615,
        "Mixed": 0.011526265181601048
    }
}
