{
    "Sentiment": "NEUTRAL",
    "SentimentScore": {
        "Positive": 0.08046978712081909,
        "Negative": 0.41410237550735474,
        "Neutral": 0.4221726953983307,
        "Mixed": 0.08325508236885071
    }
}
