{
    "Sentiment": "NEUTRAL",
    "SentimentScore": {
        "Positive": 0.0121452696621418,
        "Negative": 0.04061610624194145,
        "Neutral": 0.9417845606803894,
        "Mixed": 0.00545407785102725
    }
}
