{
    "Sentiment": "NEUTRAL",
    "SentimentScore": {
        "Positive": 0.01658986508846283,
        "Negative": 0.08717455714941025,
        "Neutral": 0.8799934387207031,
        "Mixed": 0.016242071986198425
    }
}
