{
    "Sentiment": "NEUTRAL",
    "SentimentScore": {
        "Positive": 0.020862063392996788,
        "Negative": 0.02577970176935196,
        "Neutral": 0.945555567741394,
        "Mixed": 0.007802614942193031
    }
}
