{
    "Sentiment": "NEUTRAL",
    "SentimentScore": {
        "Positive": 0.008287413977086544,
        "Negative": 0.0035315565764904022,
        "Neutral": 0.9876406788825989,
        "Mixed": 0.0005403580144047737
    }
}
