{
    "Sentiment": "NEUTRAL",
    "SentimentScore": {
        "Positive": 0.012557496316730976,
        "Negative": 0.43494853377342224,
        "Neutral": 0.5209906697273254,
        "Mixed": 0.03150336071848869
    }
}
