{
    "Sentiment": "NEUTRAL",
    "SentimentScore": {
        "Positive": 0.01817682385444641,
        "Negative": 0.11609473824501038,
        "Neutral": 0.8431214094161987,
        "Mixed": 0.022607015445828438
    }
}
