{
    "Sentiment": "NEUTRAL",
    "SentimentScore": {
        "Positive": 0.03258545324206352,
        "Negative": 0.044618621468544006,
        "Neutral": 0.9193591475486755,
        "Mixed": 0.0034366720356047153
    }
}
