{
    "Sentiment": "NEUTRAL",
    "SentimentScore": {
        "Positive": 0.004013705998659134,
        "Negative": 0.03695344924926758,
        "Neutral": 0.9536871314048767,
        "Mixed": 0.005345767829567194
    }
}
