{
    "Sentiment": "NEUTRAL",
    "SentimentScore": {
        "Positive": 0.0058481283485889435,
        "Negative": 0.050191402435302734,
        "Neutral": 0.936921238899231,
        "Mixed": 0.007039270363748074
    }
}
