{
    "Sentiment": "NEUTRAL",
    "SentimentScore": {
        "Positive": 0.040512505918741226,
        "Negative": 0.1285761147737503,
        "Neutral": 0.8238143920898438,
        "Mixed": 0.007096997927874327
    }
}
