{
    "Sentiment": "NEUTRAL",
    "SentimentScore": {
        "Positive": 0.0024135690182447433,
        "Negative": 0.05003601685166359,
        "Neutral": 0.9447577595710754,
        "Mixed": 0.0027926210314035416
    }
}
