{
    "Sentiment": "NEUTRAL",
    "SentimentScore": {
        "Positive": 0.020482221618294716,
        "Negative": 0.039506666362285614,
        "Neutral": 0.9325821399688721,
        "Mixed": 0.007429004646837711
    }
}
