{
    "Sentiment": "NEUTRAL",
    "SentimentScore": {
        "Positive": 0.016180912032723427,
        "Negative": 0.0034154977183789015,
        "Neutral": 0.9795150756835938,
        "Mixed": 0.0008886141004040837
    }
}
