{
    "Sentiment": "NEUTRAL",
    "SentimentScore": {
        "Positive": 0.013786095194518566,
        "Negative": 0.004968082532286644,
        "Neutral": 0.9797557592391968,
        "Mixed": 0.0014900666428729892
    }
}
