{
    "Sentiment": "NEUTRAL",
    "SentimentScore": {
        "Positive": 0.0021916665136814117,
        "Negative": 0.0009557877201586962,
        "Neutral": 0.9966350197792053,
        "Mixed": 0.00021754663612227887
    }
}
