{
    "Sentiment": "NEUTRAL",
    "SentimentScore": {
        "Positive": 0.008040559478104115,
        "Negative": 0.049190446734428406,
        "Neutral": 0.9389005899429321,
        "Mixed": 0.0038684611208736897
    }
}
