{
    "Sentiment": "NEUTRAL",
    "SentimentScore": {
        "Positive": 0.015101556666195393,
        "Negative": 0.008519666269421577,
        "Neutral": 0.9743912220001221,
        "Mixed": 0.001987498952075839
    }
}
