{
    "Sentiment": "NEUTRAL",
    "SentimentScore": {
        "Positive": 0.021193228662014008,
        "Negative": 0.132240429520607,
        "Neutral": 0.83378005027771,
        "Mixed": 0.012786303646862507
    }
}
