{
    "Sentiment": "NEUTRAL",
    "SentimentScore": {
        "Positive": 0.021205510944128036,
        "Negative": 0.014644693583250046,
        "Neutral": 0.9618308544158936,
        "Mixed": 0.0023188767954707146
    }
}
