{
    "Sentiment": "NEUTRAL",
    "SentimentScore": {
        "Positive": 0.0023560707923024893,
        "Negative": 0.044878605753183365,
        "Neutral": 0.9493553042411804,
        "Mixed": 0.003409966127946973
    }
}
