{
    "Sentiment": "POSITIVE",
    "SentimentScore": {
        "Positive": 0.7252655625343323,
        "Negative": 0.002746409736573696,
        "Neutral": 0.26573866605758667,
        "Mixed": 0.0062492587603628635
    }
}
