{
    "Sentiment": "NEUTRAL",
    "SentimentScore": {
        "Positive": 0.002303200075402856,
        "Negative": 0.005666614975780249,
        "Neutral": 0.9916002750396729,
        "Mixed": 0.0004299406136851758
    }
}
