{
    "Sentiment": "NEUTRAL",
    "SentimentScore": {
        "Positive": 0.008928085677325726,
        "Negative": 0.255304753780365,
        "Neutral": 0.7250381708145142,
        "Mixed": 0.010728978551924229
    }
}
