{
    "Sentiment": "NEUTRAL",
    "SentimentScore": {
        "Positive": 0.003542861435562372,
        "Negative": 0.015044644474983215,
        "Neutral": 0.9793813824653625,
        "Mixed": 0.002031161682680249
    }
}
