{
    "Sentiment": "NEUTRAL",
    "SentimentScore": {
        "Positive": 0.04606947675347328,
        "Negative": 0.025373613461852074,
        "Neutral": 0.9234607815742493,
        "Mixed": 0.005096107721328735
    }
}
