{
    "Sentiment": "NEUTRAL",
    "SentimentScore": {
        "Positive": 0.16842681169509888,
        "Negative": 0.020064422860741615,
        "Neutral": 0.8069981932640076,
        "Mixed": 0.004510588012635708
    }
}
