{
    "Sentiment": "NEUTRAL",
    "SentimentScore": {
        "Positive": 0.006725593004375696,
        "Negative": 0.004381705541163683,
        "Neutral": 0.9880355000495911,
        "Mixed": 0.0008571679936721921
    }
}
