{
    "Sentiment": "NEUTRAL",
    "SentimentScore": {
        "Positive": 0.019172322005033493,
        "Negative": 0.11302011460065842,
        "Neutral": 0.830657422542572,
        "Mixed": 0.03715020790696144
    }
}
