{
    "Sentiment": "NEUTRAL",
    "SentimentScore": {
        "Positive": 0.014010179787874222,
        "Negative": 0.028815073892474174,
        "Neutral": 0.9545634388923645,
        "Mixed": 0.00261129904538393
    }
}
