{
    "Sentiment": "NEUTRAL",
    "SentimentScore": {
        "Positive": 0.004349590744823217,
        "Negative": 0.00861282367259264,
        "Neutral": 0.9860737323760986,
        "Mixed": 0.0009638528572395444
    }
}
