{
    "Sentiment": "NEUTRAL",
    "SentimentScore": {
        "Positive": 0.023470450192689896,
        "Negative": 0.08897041529417038,
        "Neutral": 0.8802724480628967,
        "Mixed": 0.007286719046533108
    }
}
