{
    "Sentiment": "NEUTRAL",
    "SentimentScore": {
        "Positive": 0.022108575329184532,
        "Negative": 0.09068139642477036,
        "Neutral": 0.8551089763641357,
        "Mixed": 0.0321010984480381
    }
}
