{
    "Sentiment": "NEUTRAL",
    "SentimentScore": {
        "Positive": 0.015515870414674282,
        "Negative": 0.03965577855706215,
        "Neutral": 0.939716100692749,
        "Mixed": 0.005112305749207735
    }
}
