{
    "Sentiment": "NEUTRAL",
    "SentimentScore": {
        "Positive": 0.014263526536524296,
        "Negative": 0.01708083041012287,
        "Neutral": 0.9661241769790649,
        "Mixed": 0.0025314504746347666
    }
}
