{
    "Sentiment": "NEUTRAL",
    "SentimentScore": {
        "Positive": 0.05467691645026207,
        "Negative": 0.004751263186335564,
        "Neutral": 0.9381672143936157,
        "Mixed": 0.002404596656560898
    }
}
