{
    "Sentiment": "NEUTRAL",
    "SentimentScore": {
        "Positive": 0.009183877147734165,
        "Negative": 0.009144138544797897,
        "Neutral": 0.980176568031311,
        "Mixed": 0.0014953634236007929
    }
}
