{
    "Sentiment": "NEUTRAL",
    "SentimentScore": {
        "Positive": 0.0040912926197052,
        "Negative": 0.0005158610874786973,
        "Neutral": 0.9952073693275452,
        "Mixed": 0.0001854629081208259
    }
}
