{
    "Sentiment": "NEUTRAL",
    "SentimentScore": {
        "Positive": 0.0032412302680313587,
        "Negative": 0.01841874048113823,
        "Neutral": 0.9769590497016907,
        "Mixed": 0.00138100516051054
    }
}
