{
    "Sentiment": "NEUTRAL",
    "SentimentScore": {
        "Positive": 0.008292695507407188,
        "Negative": 0.02216573804616928,
        "Neutral": 0.9677694439888,
        "Mixed": 0.001772128278389573
    }
}
