{
    "Sentiment": "NEUTRAL",
    "SentimentScore": {
        "Positive": 0.0027931451331824064,
        "Negative": 0.11097533255815506,
        "Neutral": 0.880547046661377,
        "Mixed": 0.0056844851933419704
    }
}
