{
    "Sentiment": "NEUTRAL",
    "SentimentScore": {
        "Positive": 0.06450147181749344,
        "Negative": 0.03250532224774361,
        "Neutral": 0.8843064308166504,
        "Mixed": 0.018686696887016296
    }
}
