{
    "Sentiment": "NEUTRAL",
    "SentimentScore": {
        "Positive": 0.02469838596880436,
        "Negative": 0.04409169405698776,
        "Neutral": 0.9253600239753723,
        "Mixed": 0.005849924404174089
    }
}
