{
    "Sentiment": "NEGATIVE",
    "SentimentScore": {
        "Positive": 0.017915954813361168,
        "Negative": 0.5860711932182312,
        "Neutral": 0.35187995433807373,
        "Mixed": 0.04413297399878502
    }
}
