{
    "Sentiment": "NEUTRAL",
    "SentimentScore": {
        "Positive": 0.023018844425678253,
        "Negative": 0.022241024300456047,
        "Neutral": 0.946887195110321,
        "Mixed": 0.007852920331060886
    }
}
