{
    "Sentiment": "NEUTRAL",
    "SentimentScore": {
        "Positive": 0.004985895939171314,
        "Negative": 0.001853798981755972,
        "Neutral": 0.9927854537963867,
        "Mixed": 0.0003749109455384314
    }
}
