{
    "Sentiment": "NEUTRAL",
    "SentimentScore": {
        "Positive": 0.007136893924325705,
        "Negative": 0.002613689750432968,
        "Neutral": 0.9888894557952881,
        "Mixed": 0.0013598999939858913
    }
}
