{
    "Sentiment": "NEUTRAL",
    "SentimentScore": {
        "Positive": 0.011787064373493195,
        "Negative": 0.2725532054901123,
        "Neutral": 0.7088397145271301,
        "Mixed": 0.006819982081651688
    }
}
