{
    "Sentiment": "NEUTRAL",
    "SentimentScore": {
        "Positive": 0.019534802064299583,
        "Negative": 0.2677411139011383,
        "Neutral": 0.6363954544067383,
        "Mixed": 0.07632862776517868
    }
}
