{
    "Sentiment": "NEUTRAL",
    "SentimentScore": {
        "Positive": 0.002496137982234359,
        "Negative": 0.005309807602316141,
        "Neutral": 0.9914687871932983,
        "Mixed": 0.0007253272924572229
    }
}
