{
    "Sentiment": "NEUTRAL",
    "SentimentScore": {
        "Positive": 0.003224622458219528,
        "Negative": 0.047251299023628235,
        "Neutral": 0.9467241168022156,
        "Mixed": 0.002799979178234935
    }
}
