{
    "Sentiment": "NEUTRAL",
    "SentimentScore": {
        "Positive": 0.01947125233709812,
        "Negative": 0.010936645790934563,
        "Neutral": 0.9685534834861755,
        "Mixed": 0.0010385533096268773
    }
}
