{
    "Sentiment": "NEUTRAL",
    "SentimentScore": {
        "Positive": 0.0019367882050573826,
        "Negative": 0.04046649485826492,
        "Neutral": 0.955794095993042,
        "Mixed": 0.0018026013858616352
    }
}
