{
    "Sentiment": "NEUTRAL",
    "SentimentScore": {
        "Positive": 0.0014653439866378903,
        "Negative": 0.0032763995695859194,
        "Neutral": 0.9947742819786072,
        "Mixed": 0.00048393954057246447
    }
}
