{
    "Sentiment": "NEUTRAL",
    "SentimentScore": {
        "Positive": 0.019789064303040504,
        "Negative": 0.011430902406573296,
        "Neutral": 0.9664920568466187,
        "Mixed": 0.0022879536263644695
    }
}
