{
    "Sentiment": "NEUTRAL",
    "SentimentScore": {
        "Positive": 0.013387035578489304,
        "Negative": 0.039539240300655365,
        "Neutral": 0.9447934031486511,
        "Mixed": 0.002280363580211997
    }
}
