{
    "Sentiment": "NEUTRAL",
    "SentimentScore": {
        "Positive": 0.0016554893227294087,
        "Negative": 0.003922020085155964,
        "Neutral": 0.993952214717865,
        "Mixed": 0.0004702361475210637
    }
}
