{
    "Sentiment": "NEUTRAL",
    "SentimentScore": {
        "Positive": 0.011909984983503819,
        "Negative": 0.13324709236621857,
        "Neutral": 0.8448783755302429,
        "Mixed": 0.0099645359441638
    }
}
