{
    "Sentiment": "NEUTRAL",
    "SentimentScore": {
        "Positive": 0.0054181842133402824,
        "Negative": 0.022496085613965988,
        "Neutral": 0.968444287776947,
        "Mixed": 0.0036414701025933027
    }
}
