{
    "Sentiment": "NEUTRAL",
    "SentimentScore": {
        "Positive": 0.0058157434687018394,
        "Negative": 0.0953715443611145,
        "Neutral": 0.8935878872871399,
        "Mixed": 0.005224755499511957
    }
}
