{
    "Sentiment": "NEUTRAL",
    "SentimentScore": {
        "Positive": 0.19285772740840912,
        "Negative": 0.017837122082710266,
        "Neutral": 0.7832762002944946,
        "Mixed": 0.006028953939676285
    }
}
