{
    "Sentiment": "NEUTRAL",
    "SentimentScore": {
        "Positive": 0.06696531921625137,
        "Negative": 0.005341650452464819,
        "Neutral": 0.9256032705307007,
        "Mixed": 0.0020897826179862022
    }
}
