{
    "Sentiment": "NEUTRAL",
    "SentimentScore": {
        "Positive": 0.003743380308151245,
        "Negative": 0.049069955945014954,
        "Neutral": 0.9426504969596863,
        "Mixed": 0.004536164924502373
    }
}
