{
    "Sentiment": "NEUTRAL",
    "SentimentScore": {
        "Positive": 0.0036784980911761522,
        "Negative": 0.0028300939593464136,
        "Neutral": 0.9931586384773254,
        "Mixed": 0.00033279130002483726
    }
}
