{
    "Sentiment": "NEUTRAL",
    "SentimentScore": {
        "Positive": 0.003537409473210573,
        "Negative": 0.0939645990729332,
        "Neutral": 0.89821857213974,
        "Mixed": 0.00427937600761652
    }
}
