{
    "Sentiment": "NEUTRAL",
    "SentimentScore": {
        "Positive": 0.004530147649347782,
        "Negative": 0.02127491869032383,
        "Neutral": 0.9730837941169739,
        "Mixed": 0.001111164572648704
    }
}
