{
    "Sentiment": "NEUTRAL",
    "SentimentScore": {
        "Positive": 0.002281944267451763,
        "Negative": 0.009504779241979122,
        "Neutral": 0.9867532849311829,
        "Mixed": 0.0014599108835682273
    }
}
