{
    "Sentiment": "NEUTRAL",
    "SentimentScore": {
        "Positive": 0.0018087270436808467,
        "Negative": 0.0022867254447191954,
        "Neutral": 0.9955839514732361,
        "Mixed": 0.00032055284827947617
    }
}
