{
    "Sentiment": "NEUTRAL",
    "SentimentScore": {
        "Positive": 0.009663927368819714,
        "Negative": 0.0017314078286290169,
        "Neutral": 0.9878107309341431,
        "Mixed": 0.0007939087226986885
    }
}
