{
    "Sentiment": "NEUTRAL",
    "SentimentScore": {
        "Positive": 0.01796484924852848,
        "Negative": 0.012075589038431644,
        "Neutral": 0.9649560451507568,
        "Mixed": 0.00500351469963789
    }
}
