{
    "Sentiment": "NEUTRAL",
    "SentimentScore": {
        "Positive": 0.10457681119441986,
        "Negative": 0.36313873529434204,
        "Neutral": 0.5060467720031738,
        "Mixed": 0.026237728074193
    }
}
