{
    "Sentiment": "NEUTRAL",
    "SentimentScore": {
        "Positive": 0.023400841280817986,
        "Negative": 0.04191301763057709,
        "Neutral": 0.9299682974815369,
        "Mixed": 0.004717757925391197
    }
}
