{
    "Sentiment": "NEUTRAL",
    "SentimentScore": {
        "Positive": 0.004728005733340979,
        "Negative": 0.06673813611268997,
        "Neutral": 0.924705982208252,
        "Mixed": 0.0038279045838862658
    }
}
