{
    "Sentiment": "NEUTRAL",
    "SentimentScore": {
        "Positive": 0.04758097231388092,
        "Negative": 0.27312907576560974,
        "Neutral": 0.6584556698799133,
        "Mixed": 0.020834246650338173
    }
}
