{
    "Sentiment": "NEGATIVE",
    "SentimentScore": {
        "Positive": 0.025066690519452095,
        "Negative": 0.48876532912254333,
        "Neutral": 0.46476367115974426,
        "Mixed": 0.021404288709163666
    }
}
