{
    "Sentiment": "NEUTRAL",
    "SentimentScore": {
        "Positive": 0.016523020341992378,
        "Negative": 0.019406115636229515,
        "Neutral": 0.962417721748352,
        "Mixed": 0.0016531611327081919
    }
}
