{
    "Sentiment": "NEUTRAL",
    "SentimentScore": {
        "Positive": 0.0020856456831097603,
        "Negative": 0.0059311361983418465,
        "Neutral": 0.991174042224884,
        "Mixed": 0.0008092723437584937
    }
}
