{
    "Sentiment": "NEUTRAL",
    "SentimentScore": {
        "Positive": 0.015095104463398457,
        "Negative": 0.04979277774691582,
        "Neutral": 0.9241076111793518,
        "Mixed": 0.011004535481333733
    }
}
