{
    "Sentiment": "NEUTRAL",
    "SentimentScore": {
        "Positive": 0.09106529504060745,
        "Negative": 0.008571738377213478,
        "Neutral": 0.8945916295051575,
        "Mixed": 0.005771385505795479
    }
}
