{
    "Sentiment": "NEUTRAL",
    "SentimentScore": {
        "Positive": 0.06512369215488434,
        "Negative": 0.006385419983416796,
        "Neutral": 0.925194263458252,
        "Mixed": 0.0032965936698019505
    }
}
