{
    "Sentiment": "NEUTRAL",
    "SentimentScore": {
        "Positive": 0.05662582814693451,
        "Negative": 0.024426491931080818,
        "Neutral": 0.9128166437149048,
        "Mixed": 0.006131067406386137
    }
}
