{
    "Sentiment": "POSITIVE",
    "SentimentScore": {
        "Positive": 0.7166197299957275,
        "Negative": 0.015818379819393158,
        "Neutral": 0.23917555809020996,
        "Mixed": 0.02838638238608837
    }
}
