{
    "Sentiment": "NEUTRAL",
    "SentimentScore": {
        "Positive": 0.036126427352428436,
        "Negative": 0.0018787109293043613,
        "Neutral": 0.9604494571685791,
        "Mixed": 0.001545331091620028
    }
}
