{
    "Sentiment": "NEUTRAL",
    "SentimentScore": {
        "Positive": 0.003959003370255232,
        "Negative": 0.10684310644865036,
        "Neutral": 0.882393479347229,
        "Mixed": 0.006804407574236393
    }
}
