{
    "Sentiment": "NEUTRAL",
    "SentimentScore": {
        "Positive": 0.0070296116173267365,
        "Negative": 0.16268636286258698,
        "Neutral": 0.8242640495300293,
        "Mixed": 0.006020026747137308
    }
}
