{
    "Sentiment": "NEUTRAL",
    "SentimentScore": {
        "Positive": 0.011355509050190449,
        "Negative": 0.03844257816672325,
        "Neutral": 0.9479897618293762,
        "Mixed": 0.0022121970541775227
    }
}
