{
    "Sentiment": "NEUTRAL",
    "SentimentScore": {
        "Positive": 0.05269419401884079,
        "Negative": 0.030039425939321518,
        "Neutral": 0.9027897119522095,
        "Mixed": 0.014476718381047249
    }
}
