{
    "Sentiment": "NEUTRAL",
    "SentimentScore": {
        "Positive": 0.027537832036614418,
        "Negative": 0.016311727464199066,
        "Neutral": 0.954695999622345,
        "Mixed": 0.0014545195735991001
    }
}
