{
    "Sentiment": "NEUTRAL",
    "SentimentScore": {
        "Positive": 0.003301976714283228,
        "Negative": 0.07097617536783218,
        "Neutral": 0.9215366244316101,
        "Mixed": 0.004185135010629892
    }
}
