{
    "Sentiment": "NEUTRAL",
    "SentimentScore": {
        "Positive": 0.028516309335827827,
        "Negative": 0.0424918606877327,
        "Neutral": 0.9145976305007935,
        "Mixed": 0.01439414918422699
    }
}
