{
    "Sentiment": "NEUTRAL",
    "SentimentScore": {
        "Positive": 0.016826055943965912,
        "Negative": 0.0024432912468910217,
        "Neutral": 0.9795868992805481,
        "Mixed": 0.001143850851804018
    }
}
