{
    "Sentiment": "NEUTRAL",
    "SentimentScore": {
        "Positive": 0.005639098584651947,
        "Negative": 0.04856519773602486,
        "Neutral": 0.9411436319351196,
        "Mixed": 0.004652041010558605
    }
}
