{
    "Sentiment": "NEUTRAL",
    "SentimentScore": {
        "Positive": 0.008552027866244316,
        "Negative": 0.05325235798954964,
        "Neutral": 0.9342756867408752,
        "Mixed": 0.0039199418388307095
    }
}
