{
    "Sentiment": "NEUTRAL",
    "SentimentScore": {
        "Positive": 0.003333620959892869,
        "Negative": 0.13823743164539337,
        "Neutral": 0.8517080545425415,
        "Mixed": 0.006720840930938721
    }
}
