{
    "Sentiment": "NEUTRAL",
    "SentimentScore": {
        "Positive": 0.007869407534599304,
        "Negative": 0.015813326463103294,
        "Neutral": 0.9748926162719727,
        "Mixed": 0.001424599438905716
    }
}
