{
    "Sentiment": "NEUTRAL",
    "SentimentScore": {
        "Positive": 0.0007602233672514558,
        "Negative": 0.002557199215516448,
        "Neutral": 0.9965164661407471,
        "Mixed": 0.0001661167189013213
    }
}
