{
    "Sentiment": "NEUTRAL",
    "SentimentScore": {
        "Positive": 0.023732732981443405,
        "Negative": 0.03679017350077629,
        "Neutral": 0.9248157739639282,
        "Mixed": 0.014661401510238647
    }
}
