{
    "Sentiment": "NEUTRAL",
    "SentimentScore": {
        "Positive": 0.008440875448286533,
        "Negative": 0.031713370233774185,
        "Neutral": 0.9563425183296204,
        "Mixed": 0.0035032029263675213
    }
}
