{
    "Sentiment": "NEUTRAL",
    "SentimentScore": {
        "Positive": 0.182777538895607,
        "Negative": 0.0069627477787435055,
        "Neutral": 0.807310938835144,
        "Mixed": 0.002948785200715065
    }
}
