{
    "Sentiment": "NEUTRAL",
    "SentimentScore": {
        "Positive": 0.14940671622753143,
        "Negative": 0.005357142072170973,
        "Neutral": 0.8374663591384888,
        "Mixed": 0.00776976253837347
    }
}
