{
    "Sentiment": "NEUTRAL",
    "SentimentScore": {
        "Positive": 0.0035745420027524233,
        "Negative": 0.004505889490246773,
        "Neutral": 0.9911922812461853,
        "Mixed": 0.0007273170631378889
    }
}
