{
    "Sentiment": "NEUTRAL",
    "SentimentScore": {
        "Positive": 0.013729662634432316,
        "Negative": 0.1423959583044052,
        "Neutral": 0.8087842464447021,
        "Mixed": 0.03509015217423439
    }
}
