{
    "Sentiment": "NEUTRAL",
    "SentimentScore": {
        "Positive": 0.015301545150578022,
        "Negative": 0.01704924926161766,
        "Neutral": 0.9661743640899658,
        "Mixed": 0.0014747853856533766
    }
}
