{
    "Sentiment": "NEUTRAL",
    "SentimentScore": {
        "Positive": 0.030550727620720863,
        "Negative": 0.008320603519678116,
        "Neutral": 0.9554979801177979,
        "Mixed": 0.005630710627883673
    }
}
