{
    "Sentiment": "NEUTRAL",
    "SentimentScore": {
        "Positive": 0.003424873109906912,
        "Negative": 0.06607566773891449,
        "Neutral": 0.9268055558204651,
        "Mixed": 0.0036938642151653767
    }
}
