{
    "Sentiment": "POSITIVE",
    "SentimentScore": {
        "Positive": 0.9514036774635315,
        "Negative": 0.00036146919592283666,
        "Neutral": 0.047043174505233765,
        "Mixed": 0.0011916301446035504
    }
}
