{
    "Sentiment": "NEUTRAL",
    "SentimentScore": {
        "Positive": 0.009068693034350872,
        "Negative": 0.00641271285712719,
        "Neutral": 0.9838454723358154,
        "Mixed": 0.0006731440080329776
    }
}
