{
    "Sentiment": "NEUTRAL",
    "SentimentScore": {
        "Positive": 0.11344779282808304,
        "Negative": 0.05217892304062843,
        "Neutral": 0.8121675848960876,
        "Mixed": 0.022205648943781853
    }
}
