{
    "Sentiment": "NEUTRAL",
    "SentimentScore": {
        "Positive": 0.008186597377061844,
        "Negative": 0.010267255827784538,
        "Neutral": 0.9794057011604309,
        "Mixed": 0.00214044819585979
    }
}
