{
    "Sentiment": "NEUTRAL",
    "SentimentScore": {
        "Positive": 0.005251579452306032,
        "Negative": 0.18250589072704315,
        "Neutral": 0.8068860769271851,
        "Mixed": 0.005356424022465944
    }
}
