{
    "Sentiment": "NEUTRAL",
    "SentimentScore": {
        "Positive": 0.017194470390677452,
        "Negative": 0.08744300156831741,
        "Neutral": 0.8767629265785217,
        "Mixed": 0.018599698320031166
    }
}
