{
    "Sentiment": "NEUTRAL",
    "SentimentScore": {
        "Positive": 0.0033787970896810293,
        "Negative": 0.22167879343032837,
        "Neutral": 0.7651095390319824,
        "Mixed": 0.009832903742790222
    }
}
