{
    "Sentiment": "NEUTRAL",
    "SentimentScore": {
        "Positive": 0.014117280952632427,
        "Negative": 0.14442339539527893,
        "Neutral": 0.8327322006225586,
        "Mixed": 0.008727025240659714
    }
}
