{
    "Sentiment": "NEUTRAL",
    "SentimentScore": {
        "Positive": 0.015967436134815216,
        "Negative": 0.007348088081926107,
        "Neutral": 0.9758003354072571,
        "Mixed": 0.0008841886301524937
    }
}
