{
    "Sentiment": "MIXED",
    "SentimentScore": {
        "Positive": 0.09258674085140228,
        "Negative": 0.20762482285499573,
        "Neutral": 0.3415232300758362,
        "Mixed": 0.3582651913166046
    }
}
