{
    "Sentiment": "NEUTRAL",
    "SentimentScore": {
        "Positive": 0.003596283495426178,
        "Negative": 0.0014241025783121586,
        "Neutral": 0.9946784973144531,
        "Mixed": 0.0003012248780578375
    }
}
