{
    "Sentiment": "NEUTRAL",
    "SentimentScore": {
        "Positive": 0.005030109081417322,
        "Negative": 0.004428544081747532,
        "Neutral": 0.9897390007972717,
        "Mixed": 0.0008022506954148412
    }
}
