{
    "Sentiment": "NEUTRAL",
    "SentimentScore": {
        "Positive": 0.008371700532734394,
        "Negative": 0.005744608119130135,
        "Neutral": 0.9846464991569519,
        "Mixed": 0.0012371776392683387
    }
}
