{
    "Sentiment": "NEUTRAL",
    "SentimentScore": {
        "Positive": 0.0038328024093061686,
        "Negative": 0.02641327492892742,
        "Neutral": 0.9675108194351196,
        "Mixed": 0.002243081806227565
    }
}
