{
    "Sentiment": "NEUTRAL",
    "SentimentScore": {
        "Positive": 0.005017254501581192,
        "Negative": 0.13268840312957764,
        "Neutral": 0.8515739440917969,
        "Mixed": 0.010720429010689259
    }
}
