{
    "Sentiment": "NEUTRAL",
    "SentimentScore": {
        "Positive": 0.006488275248557329,
        "Negative": 0.007702993229031563,
        "Neutral": 0.9848662614822388,
        "Mixed": 0.0009425639873370528
    }
}
