{
    "Sentiment": "NEUTRAL",
    "SentimentScore": {
        "Positive": 0.09173724800348282,
        "Negative": 0.0017522511770948768,
        "Neutral": 0.9048606157302856,
        "Mixed": 0.0016499562188982964
    }
}
