{
    "Sentiment": "NEUTRAL",
    "SentimentScore": {
        "Positive": 0.00646732933819294,
        "Negative": 0.07473815232515335,
        "Neutral": 0.9058427214622498,
        "Mixed": 0.012951853685081005
    }
}
