{
    "Sentiment": "NEUTRAL",
    "SentimentScore": {
        "Positive": 0.03160625696182251,
        "Negative": 0.003530969377607107,
        "Neutral": 0.963306725025177,
        "Mixed": 0.0015559722669422626
    }
}
