{
    "Sentiment": "NEUTRAL",
    "SentimentScore": {
        "Positive": 0.005805194843560457,
        "Negative": 0.018791675567626953,
        "Neutral": 0.9722577929496765,
        "Mixed": 0.003145349444821477
    }
}
