{
    "Sentiment": "NEUTRAL",
    "SentimentScore": {
        "Positive": 0.3606639504432678,
        "Negative": 0.035830311477184296,
        "Neutral": 0.59382164478302,
        "Mixed": 0.009684063494205475
    }
}
