{
    "Sentiment": "NEUTRAL",
    "SentimentScore": {
        "Positive": 0.03454139828681946,
        "Negative": 0.004046899266541004,
        "Neutral": 0.9601112604141235,
        "Mixed": 0.0013004192151129246
    }
}
