{
    "Sentiment": "NEUTRAL",
    "SentimentScore": {
        "Positive": 0.0029589254409074783,
        "Negative": 0.0036776727065443993,
        "Neutral": 0.9928358197212219,
        "Mixed": 0.0005274658324196935
    }
}
