{
    "Sentiment": "NEUTRAL",
    "SentimentScore": {
        "Positive": 0.001942333998158574,
        "Negative": 0.06610310822725296,
        "Neutral": 0.9289513230323792,
        "Mixed": 0.0030032058712095022
    }
}
