{
    "Sentiment": "NEUTRAL",
    "SentimentScore": {
        "Positive": 0.006467711646109819,
        "Negative": 0.005172824952751398,
        "Neutral": 0.9875998497009277,
        "Mixed": 0.0007595967617817223
    }
}
