{
    "Sentiment": "NEUTRAL",
    "SentimentScore": {
        "Positive": 0.01048378273844719,
        "Negative": 0.004202274605631828,
        "Neutral": 0.9844687581062317,
        "Mixed": 0.0008451923495158553
    }
}
