{
    "Sentiment": "NEUTRAL",
    "SentimentScore": {
        "Positive": 0.008292876183986664,
        "Negative": 0.14912348985671997,
        "Neutral": 0.8185177445411682,
        "Mixed": 0.024065880104899406
    }
}
