{
    "Sentiment": "NEUTRAL",
    "SentimentScore": {
        "Positive": 0.03130633756518364,
        "Negative": 0.0065904040820896626,
        "Neutral": 0.9606693387031555,
        "Mixed": 0.0014339650515466928
    }
}
