{
    "Sentiment": "NEUTRAL",
    "SentimentScore": {
        "Positive": 0.10264527052640915,
        "Negative": 0.08902541548013687,
        "Neutral": 0.789436399936676,
        "Mixed": 0.018893009051680565
    }
}
