{
    "Sentiment": "NEUTRAL",
    "SentimentScore": {
        "Positive": 0.08181104063987732,
        "Negative": 0.00444075558334589,
        "Neutral": 0.9099092483520508,
        "Mixed": 0.003838904667645693
    }
}
