{
    "Sentiment": "NEUTRAL",
    "SentimentScore": {
        "Positive": 0.13299842178821564,
        "Negative": 0.04632306843996048,
        "Neutral": 0.813141405582428,
        "Mixed": 0.007537100464105606
    }
}
