{
    "Sentiment": "NEUTRAL",
    "SentimentScore": {
        "Positive": 0.010253208689391613,
        "Negative": 0.07567038387060165,
        "Neutral": 0.8988016247749329,
        "Mixed": 0.01527479663491249
    }
}
