{
    "Sentiment": "NEUTRAL",
    "SentimentScore": {
        "Positive": 0.04766834154725075,
        "Negative": 0.04057210311293602,
        "Neutral": 0.9047289490699768,
        "Mixed": 0.007030537351965904
    }
}
