{
    "Sentiment": "NEUTRAL",
    "SentimentScore": {
        "Positive": 0.007075176574289799,
        "Negative": 0.0930379256606102,
        "Neutral": 0.8838937878608704,
        "Mixed": 0.01599307917058468
    }
}
