{
    "Sentiment": "NEUTRAL",
    "SentimentScore": {
        "Positive": 0.0031253942288458347,
        "Negative": 0.015938004478812218,
        "Neutral": 0.979736864566803,
        "Mixed": 0.0011996844550594687
    }
}
