{
    "Sentiment": "NEUTRAL",
    "SentimentScore": {
        "Positive": 0.020206602290272713,
        "Negative": 0.057979874312877655,
        "Neutral": 0.9100345373153687,
        "Mixed": 0.011779062449932098
    }
}
