{
    "Sentiment": "NEUTRAL",
    "SentimentScore": {
        "Positive": 0.035259660333395004,
        "Negative": 0.015301404520869255,
        "Neutral": 0.9474753737449646,
        "Mixed": 0.001963445683941245
    }
}
