{
    "Sentiment": "NEUTRAL",
    "SentimentScore": {
        "Positive": 0.03365900740027428,
        "Negative": 0.002004204783588648,
        "Neutral": 0.9630699753761292,
        "Mixed": 0.0012668160488829017
    }
}
