{
    "Sentiment": "NEUTRAL",
    "SentimentScore": {
        "Positive": 0.011054287664592266,
        "Negative": 0.03301899507641792,
        "Neutral": 0.9535964727401733,
        "Mixed": 0.0023303034249693155
    }
}
