{
    "Sentiment": "NEUTRAL",
    "SentimentScore": {
        "Positive": 0.012509368360042572,
        "Negative": 0.008916920982301235,
        "Neutral": 0.9763932228088379,
        "Mixed": 0.002180523471906781
    }
}
