{
    "Sentiment": "NEUTRAL",
    "SentimentScore": {
        "Positive": 0.01457224227488041,
        "Negative": 0.3945552408695221,
        "Neutral": 0.5545463562011719,
        "Mixed": 0.03632616624236107
    }
}
