{
    "Sentiment": "NEUTRAL",
    "SentimentScore": {
        "Positive": 0.008454957976937294,
        "Negative": 0.15143939852714539,
        "Neutral": 0.822008490562439,
        "Mixed": 0.018097151070833206
    }
}
