{
    "Sentiment": "NEUTRAL",
    "SentimentScore": {
        "Positive": 0.005157786887139082,
        "Negative": 0.017438651993870735,
        "Neutral": 0.976321816444397,
        "Mixed": 0.0010817156871780753
    }
}
