{
    "Sentiment": "NEUTRAL",
    "SentimentScore": {
        "Positive": 0.0029201831202954054,
        "Negative": 0.012916715815663338,
        "Neutral": 0.9827841520309448,
        "Mixed": 0.0013789581134915352
    }
}
