{
    "Sentiment": "NEUTRAL",
    "SentimentScore": {
        "Positive": 0.007364426739513874,
        "Negative": 0.012837891466915607,
        "Neutral": 0.9778874516487122,
        "Mixed": 0.0019102615769952536
    }
}
