{
    "Sentiment": "NEUTRAL",
    "SentimentScore": {
        "Positive": 0.006625210866332054,
        "Negative": 0.032589275389909744,
        "Neutral": 0.9563592672348022,
        "Mixed": 0.004426191560924053
    }
}
