{
    "Sentiment": "NEUTRAL",
    "SentimentScore": {
        "Positive": 0.004254779778420925,
        "Negative": 0.05628863722085953,
        "Neutral": 0.933394730091095,
        "Mixed": 0.006061855237931013
    }
}
