{
    "Sentiment": "NEGATIVE",
    "SentimentScore": {
        "Positive": 0.00222749263048172,
        "Negative": 0.5313214063644409,
        "Neutral": 0.44847285747528076,
        "Mixed": 0.01797822304069996
    }
}
