{
    "Sentiment": "NEUTRAL",
    "SentimentScore": {
        "Positive": 0.12604419887065887,
        "Negative": 0.027990004047751427,
        "Neutral": 0.8379151225090027,
        "Mixed": 0.008050741627812386
    }
}
