{
    "Sentiment": "NEUTRAL",
    "SentimentScore": {
        "Positive": 0.023135071620345116,
        "Negative": 0.053244154900312424,
        "Neutral": 0.9202286005020142,
        "Mixed": 0.0033921506255865097
    }
}
