{
    "Sentiment": "NEUTRAL",
    "SentimentScore": {
        "Positive": 0.07532380521297455,
        "Negative": 0.02173551917076111,
        "Neutral": 0.8950949907302856,
        "Mixed": 0.007845692336559296
    }
}
