{
    "Sentiment": "NEUTRAL",
    "SentimentScore": {
        "Positive": 0.11913588643074036,
        "Negative": 0.23168392479419708,
        "Neutral": 0.44110825657844543,
        "Mixed": 0.20807188749313354
    }
}
