{
    "Sentiment": "NEUTRAL",
    "SentimentScore": {
        "Positive": 0.0010293170344084501,
        "Negative": 0.008124692365527153,
        "Neutral": 0.9904195666313171,
        "Mixed": 0.000426419370342046
    }
}
