{
    "Sentiment": "NEUTRAL",
    "SentimentScore": {
        "Positive": 0.006404008716344833,
        "Negative": 0.07725434750318527,
        "Neutral": 0.9130017161369324,
        "Mixed": 0.003339884104207158
    }
}
