{
    "Sentiment": "NEUTRAL",
    "SentimentScore": {
        "Positive": 0.0016672249184921384,
        "Negative": 0.0025015934370458126,
        "Neutral": 0.9955441355705261,
        "Mixed": 0.00028714147629216313
    }
}
