{
    "Sentiment": "NEUTRAL",
    "SentimentScore": {
        "Positive": 0.003999627195298672,
        "Negative": 0.002985605737194419,
        "Neutral": 0.9926015734672546,
        "Mixed": 0.0004132507892791182
    }
}
