{
    "Sentiment": "NEUTRAL",
    "SentimentScore": {
        "Positive": 0.0053498828783631325,
        "Negative": 0.043944839388132095,
        "Neutral": 0.9464982748031616,
        "Mixed": 0.004207040183246136
    }
}
