{
    "Sentiment": "NEUTRAL",
    "SentimentScore": {
        "Positive": 0.023699190467596054,
        "Negative": 0.0018652859143912792,
        "Neutral": 0.9737526178359985,
        "Mixed": 0.0006828475161455572
    }
}
