{
    "Sentiment": "NEUTRAL",
    "SentimentScore": {
        "Positive": 0.023120416328310966,
        "Negative": 0.005800616927444935,
        "Neutral": 0.9676905870437622,
        "Mixed": 0.0033884199801832438
    }
}
