{
    "Sentiment": "NEUTRAL",
    "SentimentScore": {
        "Positive": 0.00346953421831131,
        "Negative": 0.04828155040740967,
        "Neutral": 0.9431230425834656,
        "Mixed": 0.005125825293362141
    }
}
