{
    "Sentiment": "NEUTRAL",
    "SentimentScore": {
        "Positive": 0.34885373711586,
        "Negative": 0.0018945238552987576,
        "Neutral": 0.6447428464889526,
        "Mixed": 0.00450892886146903
    }
}
