{
    "Sentiment": "NEUTRAL",
    "SentimentScore": {
        "Positive": 0.004481037613004446,
        "Negative": 0.20164567232131958,
        "Neutral": 0.7870713472366333,
        "Mixed": 0.006801933515816927
    }
}
