{
    "Sentiment": "NEUTRAL",
    "SentimentScore": {
        "Positive": 0.004092291928827763,
        "Negative": 0.002122685546055436,
        "Neutral": 0.9932655096054077,
        "Mixed": 0.0005195603589527309
    }
}
