{
    "Sentiment": "NEUTRAL",
    "SentimentScore": {
        "Positive": 0.0043552592396736145,
        "Negative": 0.005769269075244665,
        "Neutral": 0.9893649816513062,
        "Mixed": 0.0005104204174131155
    }
}
