{
    "Sentiment": "NEUTRAL",
    "SentimentScore": {
        "Positive": 0.005493975710123777,
        "Negative": 0.03357182443141937,
        "Neutral": 0.9578457474708557,
        "Mixed": 0.0030884037259966135
    }
}
