{
    "Sentiment": "NEUTRAL",
    "SentimentScore": {
        "Positive": 0.04984274506568909,
        "Negative": 0.05062540993094444,
        "Neutral": 0.8956370949745178,
        "Mixed": 0.0038946480490267277
    }
}
