{
    "Sentiment": "NEUTRAL",
    "SentimentScore": {
        "Positive": 0.05017031356692314,
        "Negative": 0.13900281488895416,
        "Neutral": 0.7657117247581482,
        "Mixed": 0.04511513561010361
    }
}
