{
    "Sentiment": "NEUTRAL",
    "SentimentScore": {
        "Positive": 0.00252124248072505,
        "Negative": 0.1553921103477478,
        "Neutral": 0.8336299657821655,
        "Mixed": 0.008456770330667496
    }
}
