{
    "Sentiment": "NEUTRAL",
    "SentimentScore": {
        "Positive": 0.002818753942847252,
        "Negative": 0.0024359270464628935,
        "Neutral": 0.9942474365234375,
        "Mixed": 0.0004979412187822163
    }
}
