{
    "Sentiment": "NEUTRAL",
    "SentimentScore": {
        "Positive": 0.25804683566093445,
        "Negative": 0.0101223886013031,
        "Neutral": 0.7138878703117371,
        "Mixed": 0.01794288493692875
    }
}
