{
    "Sentiment": "NEUTRAL",
    "SentimentScore": {
        "Positive": 0.007753307465463877,
        "Negative": 0.017135830596089363,
        "Neutral": 0.9729701280593872,
        "Mixed": 0.0021407792810350657
    }
}
