{
    "Sentiment": "NEUTRAL",
    "SentimentScore": {
        "Positive": 0.012280238792300224,
        "Negative": 0.07341146469116211,
        "Neutral": 0.8852044343948364,
        "Mixed": 0.0291038416326046
    }
}
