{
    "Sentiment": "NEUTRAL",
    "SentimentScore": {
        "Positive": 0.4476914405822754,
        "Negative": 0.008602003566920757,
        "Neutral": 0.5207419991493225,
        "Mixed": 0.022964471951127052
    }
}
