{
    "Sentiment": "NEUTRAL",
    "SentimentScore": {
        "Positive": 0.0037400799337774515,
        "Negative": 0.03919246792793274,
        "Neutral": 0.9528049230575562,
        "Mixed": 0.004262588918209076
    }
}
