{
    "Sentiment": "NEUTRAL",
    "SentimentScore": {
        "Positive": 0.0036933324299752712,
        "Negative": 0.1497153490781784,
        "Neutral": 0.8344043493270874,
        "Mixed": 0.012187010608613491
    }
}
