{
    "Sentiment": "NEUTRAL",
    "SentimentScore": {
        "Positive": 0.006606261245906353,
        "Negative": 0.4093194603919983,
        "Neutral": 0.5543149709701538,
        "Mixed": 0.029759308323264122
    }
}
