{
    "Sentiment": "NEUTRAL",
    "SentimentScore": {
        "Positive": 0.019995464012026787,
        "Negative": 0.029470302164554596,
        "Neutral": 0.9342038631439209,
        "Mixed": 0.0163302943110466
    }
}
