{
    "Sentiment": "NEUTRAL",
    "SentimentScore": {
        "Positive": 0.002278373809531331,
        "Negative": 0.4472193419933319,
        "Neutral": 0.5356436371803284,
        "Mixed": 0.014858615584671497
    }
}
