{
    "Sentiment": "NEUTRAL",
    "SentimentScore": {
        "Positive": 0.004665055777877569,
        "Negative": 0.15829592943191528,
        "Neutral": 0.8266411423683167,
        "Mixed": 0.010397905483841896
    }
}
