{
    "Sentiment": "NEUTRAL",
    "SentimentScore": {
        "Positive": 0.03640296682715416,
        "Negative": 0.010525958612561226,
        "Neutral": 0.9432682394981384,
        "Mixed": 0.009802826680243015
    }
}
