{
    "Sentiment": "NEUTRAL",
    "SentimentScore": {
        "Positive": 0.005451092962175608,
        "Negative": 0.020574690774083138,
        "Neutral": 0.9714149236679077,
        "Mixed": 0.0025593482423573732
    }
}
