{
    "Sentiment": "NEUTRAL",
    "SentimentScore": {
        "Positive": 0.003827406093478203,
        "Negative": 0.0041266935877501965,
        "Neutral": 0.9909091591835022,
        "Mixed": 0.0011367033002898097
    }
}
