{
    "Sentiment": "NEUTRAL",
    "SentimentScore": {
        "Positive": 0.0037508904933929443,
        "Negative": 0.028068704530596733,
        "Neutral": 0.9643356204032898,
        "Mixed": 0.003844732418656349
    }
}
