{
    "Sentiment": "NEUTRAL",
    "SentimentScore": {
        "Positive": 0.006902031134814024,
        "Negative": 0.19566191732883453,
        "Neutral": 0.7912206649780273,
        "Mixed": 0.0062153334729373455
    }
}
