{
    "Sentiment": "NEUTRAL",
    "SentimentScore": {
        "Positive": 0.013586004264652729,
        "Negative": 0.12130773067474365,
        "Neutral": 0.8476487994194031,
        "Mixed": 0.01745748333632946
    }
}
