{
    "Sentiment": "NEUTRAL",
    "SentimentScore": {
        "Positive": 0.0049154977314174175,
        "Negative": 0.0020213902462273836,
        "Neutral": 0.9927202463150024,
        "Mixed": 0.0003428045893087983
    }
}
