{
    "Sentiment": "POSITIVE",
    "SentimentScore": {
        "Positive": 0.6725343465805054,
        "Negative": 0.004928676411509514,
        "Neutral": 0.3168245553970337,
        "Mixed": 0.005712361540645361
    }
}
