{
    "Sentiment": "NEUTRAL",
    "SentimentScore": {
        "Positive": 0.0014617487322539091,
        "Negative": 0.005958181340247393,
        "Neutral": 0.9922119379043579,
        "Mixed": 0.00036822413676418364
    }
}
