{
    "Sentiment": "NEUTRAL",
    "SentimentScore": {
        "Positive": 0.006125530228018761,
        "Negative": 0.17889092862606049,
        "Neutral": 0.8064684271812439,
        "Mixed": 0.008515063673257828
    }
}
