{
    "Sentiment": "NEUTRAL",
    "SentimentScore": {
        "Positive": 0.35071590542793274,
        "Negative": 0.005319952964782715,
        "Neutral": 0.6394369602203369,
        "Mixed": 0.004527172539383173
    }
}
