{
    "Sentiment": "NEUTRAL",
    "SentimentScore": {
        "Positive": 0.005251726135611534,
        "Negative": 0.03813427314162254,
        "Neutral": 0.9526172876358032,
        "Mixed": 0.003996684215962887
    }
}
