{
    "Sentiment": "NEUTRAL",
    "SentimentScore": {
        "Positive": 0.015172463841736317,
        "Negative": 0.028771286830306053,
        "Neutral": 0.9506704807281494,
        "Mixed": 0.005385688506066799
    }
}
