{
    "Sentiment": "NEUTRAL",
    "SentimentScore": {
        "Positive": 0.047476958483457565,
        "Negative": 0.15598419308662415,
        "Neutral": 0.7839143872261047,
        "Mixed": 0.012624519877135754
    }
}
