{
    "Sentiment": "NEUTRAL",
    "SentimentScore": {
        "Positive": 0.029984908178448677,
        "Negative": 0.013665471225976944,
        "Neutral": 0.9510059952735901,
        "Mixed": 0.005343672353774309
    }
}
