{
    "Sentiment": "NEUTRAL",
    "SentimentScore": {
        "Positive": 0.10054537653923035,
        "Negative": 0.3082093596458435,
        "Neutral": 0.5408074259757996,
        "Mixed": 0.050437815487384796
    }
}
