{
    "Sentiment": "NEUTRAL",
    "SentimentScore": {
        "Positive": 0.00468395184725523,
        "Negative": 0.010611542500555515,
        "Neutral": 0.9834567904472351,
        "Mixed": 0.0012477139243856072
    }
}
