{
    "Sentiment": "NEUTRAL",
    "SentimentScore": {
        "Positive": 0.0017063003033399582,
        "Negative": 0.3135814070701599,
        "Neutral": 0.6756837368011475,
        "Mixed": 0.009028579108417034
    }
}
