{
    "Sentiment": "NEUTRAL",
    "SentimentScore": {
        "Positive": 0.06220915913581848,
        "Negative": 0.04068337753415108,
        "Neutral": 0.8688801527023315,
        "Mixed": 0.028227366507053375
    }
}
