{
    "Sentiment": "NEUTRAL",
    "SentimentScore": {
        "Positive": 0.003634862368926406,
        "Negative": 0.0026896302588284016,
        "Neutral": 0.993282675743103,
        "Mixed": 0.00039287336403504014
    }
}
