{
    "Sentiment": "NEUTRAL",
    "SentimentScore": {
        "Positive": 0.003226197324693203,
        "Negative": 0.0007455549784936011,
        "Neutral": 0.9958695769309998,
        "Mixed": 0.00015865231398493052
    }
}
