{
    "Sentiment": "NEUTRAL",
    "SentimentScore": {
        "Positive": 0.016034908592700958,
        "Negative": 0.0012938040308654308,
        "Neutral": 0.9818877577781677,
        "Mixed": 0.0007834878633730114
    }
}
