{
    "Sentiment": "NEUTRAL",
    "SentimentScore": {
        "Positive": 0.007763280067592859,
        "Negative": 0.003814957570284605,
        "Neutral": 0.9877696633338928,
        "Mixed": 0.0006521095056086779
    }
}
