{
    "Sentiment": "NEUTRAL",
    "SentimentScore": {
        "Positive": 0.004631862975656986,
        "Negative": 0.0035699980799108744,
        "Neutral": 0.9905641078948975,
        "Mixed": 0.0012340242974460125
    }
}
