{
    "Sentiment": "NEUTRAL",
    "SentimentScore": {
        "Positive": 0.00238923542201519,
        "Negative": 0.04358021914958954,
        "Neutral": 0.9519801139831543,
        "Mixed": 0.0020504873245954514
    }
}
