{
    "Sentiment": "NEUTRAL",
    "SentimentScore": {
        "Positive": 0.005024224519729614,
        "Negative": 0.29383087158203125,
        "Neutral": 0.6899480819702148,
        "Mixed": 0.011196842417120934
    }
}
