{
    "Sentiment": "POSITIVE",
    "SentimentScore": {
        "Positive": 0.5902975797653198,
        "Negative": 0.023482665419578552,
        "Neutral": 0.3167400360107422,
        "Mixed": 0.06947968155145645
    }
}
