{
    "Sentiment": "NEUTRAL",
    "SentimentScore": {
        "Positive": 0.0725681409239769,
        "Negative": 0.07899882644414902,
        "Neutral": 0.8376564979553223,
        "Mixed": 0.010776543989777565
    }
}
