{
    "Sentiment": "POSITIVE",
    "SentimentScore": {
        "Positive": 0.5143232345581055,
        "Negative": 0.053942225873470306,
        "Neutral": 0.3959289789199829,
        "Mixed": 0.03580554574728012
    }
}
