{
    "Sentiment": "NEUTRAL",
    "SentimentScore": {
        "Positive": 0.0016694082878530025,
        "Negative": 0.00346415676176548,
        "Neutral": 0.9945802092552185,
        "Mixed": 0.00028619918157346547
    }
}
