{
    "Sentiment": "NEUTRAL",
    "SentimentScore": {
        "Positive": 0.11943968385457993,
        "Negative": 0.027215739712119102,
        "Neutral": 0.8265015482902527,
        "Mixed": 0.026843013241887093
    }
}
