{
    "Sentiment": "NEUTRAL",
    "SentimentScore": {
        "Positive": 0.0020076297223567963,
        "Negative": 0.08305861800909042,
        "Neutral": 0.9112570881843567,
        "Mixed": 0.0036767441779375076
    }
}
