{
    "Sentiment": "NEUTRAL",
    "SentimentScore": {
        "Positive": 0.046812914311885834,
        "Negative": 0.01138992141932249,
        "Neutral": 0.9377126097679138,
        "Mixed": 0.004084597807377577
    }
}
