{
    "Sentiment": "NEUTRAL",
    "SentimentScore": {
        "Positive": 0.02023920975625515,
        "Negative": 0.018841218203306198,
        "Neutral": 0.9567479491233826,
        "Mixed": 0.004171597771346569
    }
}
