{
    "Sentiment": "NEUTRAL",
    "SentimentScore": {
        "Positive": 0.4706995487213135,
        "Negative": 0.016063204035162926,
        "Neutral": 0.5071544051170349,
        "Mixed": 0.0060828495770692825
    }
}
