{
    "Sentiment": "NEUTRAL",
    "SentimentScore": {
        "Positive": 0.006066109519451857,
        "Negative": 0.029485173523426056,
        "Neutral": 0.9616969227790833,
        "Mixed": 0.002751774387434125
    }
}
