{
    "Sentiment": "NEUTRAL",
    "SentimentScore": {
        "Positive": 0.020565848797559738,
        "Negative": 0.16004054248332977,
        "Neutral": 0.7821725606918335,
        "Mixed": 0.03722105175256729
    }
}
