{
    "Sentiment": "NEUTRAL",
    "SentimentScore": {
        "Positive": 0.003952900413423777,
        "Negative": 0.15144535899162292,
        "Neutral": 0.8407226800918579,
        "Mixed": 0.003879127325490117
    }
}
