{
    "Sentiment": "NEUTRAL",
    "SentimentScore": {
        "Positive": 0.0016615893691778183,
        "Negative": 0.014205212704837322,
        "Neutral": 0.983160674571991,
        "Mixed": 0.0009725292329676449
    }
}
