{
    "Sentiment": "NEUTRAL",
    "SentimentScore": {
        "Positive": 0.009183086454868317,
        "Negative": 0.054249558597803116,
        "Neutral": 0.928669273853302,
        "Mixed": 0.007898043841123581
    }
}
