{
    "Sentiment": "NEUTRAL",
    "SentimentScore": {
        "Positive": 0.002704808721318841,
        "Negative": 0.002296276157721877,
        "Neutral": 0.9946755170822144,
        "Mixed": 0.00032339984318241477
    }
}
