{
    "Sentiment": "NEUTRAL",
    "SentimentScore": {
        "Positive": 0.11992929875850677,
        "Negative": 0.08219298720359802,
        "Neutral": 0.7878317832946777,
        "Mixed": 0.010046032257378101
    }
}
