{
    "Sentiment": "NEUTRAL",
    "SentimentScore": {
        "Positive": 0.046420976519584656,
        "Negative": 0.013396414928138256,
        "Neutral": 0.9355114102363586,
        "Mixed": 0.004671197384595871
    }
}
