{
    "Sentiment": "NEUTRAL",
    "SentimentScore": {
        "Positive": 0.012901497073471546,
        "Negative": 0.0019648640882223845,
        "Neutral": 0.9843382239341736,
        "Mixed": 0.0007955013425089419
    }
}
