{
    "Sentiment": "POSITIVE",
    "SentimentScore": {
        "Positive": 0.6545941829681396,
        "Negative": 0.003816968761384487,
        "Neutral": 0.3029303252696991,
        "Mixed": 0.03865859657526016
    }
}
