{
    "Sentiment": "NEUTRAL",
    "SentimentScore": {
        "Positive": 0.0031300142873078585,
        "Negative": 0.014095398597419262,
        "Neutral": 0.9807323813438416,
        "Mixed": 0.002042284468188882
    }
}
