{
    "Sentiment": "NEUTRAL",
    "SentimentScore": {
        "Positive": 0.011882096529006958,
        "Negative": 0.17517229914665222,
        "Neutral": 0.7946306467056274,
        "Mixed": 0.018314959481358528
    }
}
