{
    "Sentiment": "NEUTRAL",
    "SentimentScore": {
        "Positive": 0.008870905265212059,
        "Negative": 0.0020765098743140697,
        "Neutral": 0.9885203242301941,
        "Mixed": 0.0005322837387211621
    }
}
