{
    "Sentiment": "NEUTRAL",
    "SentimentScore": {
        "Positive": 0.12720753252506256,
        "Negative": 0.008749145083129406,
        "Neutral": 0.8410517573356628,
        "Mixed": 0.022991638630628586
    }
}
