{
    "Sentiment": "NEUTRAL",
    "SentimentScore": {
        "Positive": 0.026047535240650177,
        "Negative": 0.046640072017908096,
        "Neutral": 0.9156016707420349,
        "Mixed": 0.011710739694535732
    }
}
