{
    "Sentiment": "NEUTRAL",
    "SentimentScore": {
        "Positive": 0.0025420791935175657,
        "Negative": 0.023198677226901054,
        "Neutral": 0.9724612236022949,
        "Mixed": 0.0017980729462578893
    }
}
