{
    "Sentiment": "NEUTRAL",
    "SentimentScore": {
        "Positive": 0.00625701155513525,
        "Negative": 0.008124751038849354,
        "Neutral": 0.9842901825904846,
        "Mixed": 0.0013281346764415503
    }
}
