{
    "Sentiment": "POSITIVE",
    "SentimentScore": {
        "Positive": 0.589948832988739,
        "Negative": 0.005811166483908892,
        "Neutral": 0.39035019278526306,
        "Mixed": 0.013889881782233715
    }
}
