{
    "Sentiment": "NEUTRAL",
    "SentimentScore": {
        "Positive": 0.0019847028888761997,
        "Negative": 0.0036634658463299274,
        "Neutral": 0.9938253164291382,
        "Mixed": 0.0005264798528514802
    }
}
