{
    "Sentiment": "NEUTRAL",
    "SentimentScore": {
        "Positive": 0.01468036137521267,
        "Negative": 0.010434181429445744,
        "Neutral": 0.9722245335578918,
        "Mixed": 0.0026609243359416723
    }
}
