{
    "Sentiment": "NEUTRAL",
    "SentimentScore": {
        "Positive": 0.38824743032455444,
        "Negative": 0.004016203805804253,
        "Neutral": 0.597507655620575,
        "Mixed": 0.01022871769964695
    }
}
