{
    "Sentiment": "NEUTRAL",
    "SentimentScore": {
        "Positive": 0.011960096657276154,
        "Negative": 0.04966984689235687,
        "Neutral": 0.9348359107971191,
        "Mixed": 0.0035341372713446617
    }
}
