{
    "Sentiment": "NEUTRAL",
    "SentimentScore": {
        "Positive": 0.005125761963427067,
        "Negative": 0.22388355433940887,
        "Neutral": 0.7593163847923279,
        "Mixed": 0.011674282141029835
    }
}
