{
    "Sentiment": "NEUTRAL",
    "SentimentScore": {
        "Positive": 0.0018312112661078572,
        "Negative": 0.0361824557185173,
        "Neutral": 0.9598211050033569,
        "Mixed": 0.0021652779541909695
    }
}
