{
    "Sentiment": "NEUTRAL",
    "SentimentScore": {
        "Positive": 0.004465914331376553,
        "Negative": 0.0054956707172095776,
        "Neutral": 0.9893925189971924,
        "Mixed": 0.0006458383868448436
    }
}
