{
    "Sentiment": "NEUTRAL",
    "SentimentScore": {
        "Positive": 0.00299822841770947,
        "Negative": 0.00564864045009017,
        "Neutral": 0.9906131029129028,
        "Mixed": 0.0007399143651127815
    }
}
