{
    "Sentiment": "NEUTRAL",
    "SentimentScore": {
        "Positive": 0.05105844885110855,
        "Negative": 0.005632671993225813,
        "Neutral": 0.9412076473236084,
        "Mixed": 0.0021012749057263136
    }
}
