{
    "Sentiment": "NEUTRAL",
    "SentimentScore": {
        "Positive": 0.0022656675428152084,
        "Negative": 0.019150173291563988,
        "Neutral": 0.9773930907249451,
        "Mixed": 0.001191183109767735
    }
}
