{
    "Sentiment": "NEUTRAL",
    "SentimentScore": {
        "Positive": 0.027506668120622635,
        "Negative": 0.01210059691220522,
        "Neutral": 0.9572324752807617,
        "Mixed": 0.003160283202305436
    }
}
