{
    "Sentiment": "NEUTRAL",
    "SentimentScore": {
        "Positive": 0.018516268581151962,
        "Negative": 0.021108252927660942,
        "Neutral": 0.951650857925415,
        "Mixed": 0.008724592626094818
    }
}
