{
    "Sentiment": "NEUTRAL",
    "SentimentScore": {
        "Positive": 0.2126695066690445,
        "Negative": 0.0028812966775149107,
        "Neutral": 0.7799975872039795,
        "Mixed": 0.004451689776033163
    }
}
