{
    "Sentiment": "NEUTRAL",
    "SentimentScore": {
        "Positive": 0.0038190854247659445,
        "Negative": 0.10131983458995819,
        "Neutral": 0.8889960646629333,
        "Mixed": 0.005864912178367376
    }
}
