{
    "Sentiment": "NEUTRAL",
    "SentimentScore": {
        "Positive": 0.06310877948999405,
        "Negative": 0.20923709869384766,
        "Neutral": 0.7028813362121582,
        "Mixed": 0.024772798642516136
    }
}
