{
    "Sentiment": "NEUTRAL",
    "SentimentScore": {
        "Positive": 0.013431042432785034,
        "Negative": 0.006474117748439312,
        "Neutral": 0.9771208763122559,
        "Mixed": 0.002973965834826231
    }
}
