{
    "Sentiment": "NEUTRAL",
    "SentimentScore": {
        "Positive": 0.014861883595585823,
        "Negative": 0.0072053829208016396,
        "Neutral": 0.9756863713264465,
        "Mixed": 0.002246268792077899
    }
}
