{
    "Sentiment": "NEGATIVE",
    "SentimentScore": {
        "Positive": 0.004153355024755001,
        "Negative": 0.7472315430641174,
        "Neutral": 0.22878848016262054,
        "Mixed": 0.019826548174023628
    }
}
