{
    "Sentiment": "NEUTRAL",
    "SentimentScore": {
        "Positive": 0.04602186754345894,
        "Negative": 0.019661610946059227,
        "Neutral": 0.9223307371139526,
        "Mixed": 0.011985806748270988
    }
}
