{
    "Sentiment": "NEUTRAL",
    "SentimentScore": {
        "Positive": 0.2119503766298294,
        "Negative": 0.0011258802842348814,
        "Neutral": 0.784841775894165,
        "Mixed": 0.0020819571800529957
    }
}
