{
    "Sentiment": "NEUTRAL",
    "SentimentScore": {
        "Positive": 0.009728764183819294,
        "Negative": 0.013275646604597569,
        "Neutral": 0.9740346074104309,
        "Mixed": 0.002961063291877508
    }
}
