{
    "Sentiment": "NEUTRAL",
    "SentimentScore": {
        "Positive": 0.005747464019805193,
        "Negative": 0.04249916598200798,
        "Neutral": 0.947604775428772,
        "Mixed": 0.0041485680267214775
    }
}
