{
    "Sentiment": "NEUTRAL",
    "SentimentScore": {
        "Positive": 0.005319815129041672,
        "Negative": 0.0013027397217229009,
        "Neutral": 0.9929922819137573,
        "Mixed": 0.0003851963556371629
    }
}
