{
    "Sentiment": "NEUTRAL",
    "SentimentScore": {
        "Positive": 0.003138190135359764,
        "Negative": 0.027405058965086937,
        "Neutral": 0.9659256935119629,
        "Mixed": 0.003531024791300297
    }
}
