{
    "Sentiment": "NEUTRAL",
    "SentimentScore": {
        "Positive": 0.0014695582212880254,
        "Negative": 0.006472077686339617,
        "Neutral": 0.9914133548736572,
        "Mixed": 0.0006450692308135331
    }
}
