{
    "Sentiment": "NEUTRAL",
    "SentimentScore": {
        "Positive": 0.005739479325711727,
        "Negative": 0.00542225269600749,
        "Neutral": 0.9880926012992859,
        "Mixed": 0.0007455637096427381
    }
}
