{
    "Sentiment": "NEUTRAL",
    "SentimentScore": {
        "Positive": 0.011827422305941582,
        "Negative": 0.03541850671172142,
        "Neutral": 0.9497218132019043,
        "Mixed": 0.0030322642996907234
    }
}
