{
    "Sentiment": "NEUTRAL",
    "SentimentScore": {
        "Positive": 0.007229353301227093,
        "Negative": 0.0037175246980041265,
        "Neutral": 0.9885115623474121,
        "Mixed": 0.0005415586056187749
    }
}
