{
    "Sentiment": "NEUTRAL",
    "SentimentScore": {
        "Positive": 0.0039539942517876625,
        "Negative": 0.04950597509741783,
        "Neutral": 0.9436786770820618,
        "Mixed": 0.0028613137546926737
    }
}
