{
    "Sentiment": "NEUTRAL",
    "SentimentScore": {
        "Positive": 0.006967063061892986,
        "Negative": 0.0022039799951016903,
        "Neutral": 0.9903057813644409,
        "Mixed": 0.0005232109106145799
    }
}
