{
    "Sentiment": "NEUTRAL",
    "SentimentScore": {
        "Positive": 0.021721282973885536,
        "Negative": 0.006979422178119421,
        "Neutral": 0.9700120687484741,
        "Mixed": 0.0012872004881501198
    }
}
