{
    "Sentiment": "NEUTRAL",
    "SentimentScore": {
        "Positive": 0.1353939175605774,
        "Negative": 0.026357268914580345,
        "Neutral": 0.8106672763824463,
        "Mixed": 0.027581602334976196
    }
}
