{
    "Sentiment": "NEUTRAL",
    "SentimentScore": {
        "Positive": 0.0029287280049175024,
        "Negative": 0.007471486926078796,
        "Neutral": 0.9889644384384155,
        "Mixed": 0.0006353328935801983
    }
}
