{
    "Sentiment": "NEUTRAL",
    "SentimentScore": {
        "Positive": 0.1336096078157425,
        "Negative": 0.0030888565815985203,
        "Neutral": 0.8594039082527161,
        "Mixed": 0.0038976604118943214
    }
}
