{
    "Sentiment": "NEUTRAL",
    "SentimentScore": {
        "Positive": 0.004156503826379776,
        "Negative": 0.08880269527435303,
        "Neutral": 0.9022862911224365,
        "Mixed": 0.004754514899104834
    }
}
