{
    "Sentiment": "NEUTRAL",
    "SentimentScore": {
        "Positive": 0.006934433709830046,
        "Negative": 0.006894440855830908,
        "Neutral": 0.985292375087738,
        "Mixed": 0.0008787067490629852
    }
}
