{
    "Sentiment": "NEUTRAL",
    "SentimentScore": {
        "Positive": 0.0017438032664358616,
        "Negative": 0.007528554182499647,
        "Neutral": 0.9900587201118469,
        "Mixed": 0.0006689179572276771
    }
}
