{
    "Sentiment": "NEUTRAL",
    "SentimentScore": {
        "Positive": 0.03259054571390152,
        "Negative": 0.017857374623417854,
        "Neutral": 0.9419731497764587,
        "Mixed": 0.007578868884593248
    }
}
