{
    "Sentiment": "NEUTRAL",
    "SentimentScore": {
        "Positive": 0.011313394643366337,
        "Negative": 0.009582060389220715,
        "Neutral": 0.9777626395225525,
        "Mixed": 0.0013419134775176644
    }
}
