{
    "Sentiment": "NEUTRAL",
    "SentimentScore": {
        "Positive": 0.03225785121321678,
        "Negative": 0.008465152233839035,
        "Neutral": 0.9569203853607178,
        "Mixed": 0.0023566719610244036
    }
}
