{
    "Sentiment": "POSITIVE",
    "SentimentScore": {
        "Positive": 0.5500863194465637,
        "Negative": 0.012637380510568619,
        "Neutral": 0.4115646779537201,
        "Mixed": 0.025711631402373314
    }
}
