{
    "Sentiment": "NEUTRAL",
    "SentimentScore": {
        "Positive": 0.01928676851093769,
        "Negative": 0.06958463042974472,
        "Neutral": 0.8954805135726929,
        "Mixed": 0.015648063272237778
    }
}
