{
    "Sentiment": "NEUTRAL",
    "SentimentScore": {
        "Positive": 0.20659436285495758,
        "Negative": 0.002137162256985903,
        "Neutral": 0.7879554629325867,
        "Mixed": 0.003312988206744194
    }
}
