{
    "Sentiment": "NEUTRAL",
    "SentimentScore": {
        "Positive": 0.016789952293038368,
        "Negative": 0.06025942042469978,
        "Neutral": 0.9122765064239502,
        "Mixed": 0.010674145072698593
    }
}
