{
    "Sentiment": "NEUTRAL",
    "SentimentScore": {
        "Positive": 0.04477502405643463,
        "Negative": 0.014001058414578438,
        "Neutral": 0.9341136813163757,
        "Mixed": 0.007110289763659239
    }
}
