{
    "Sentiment": "NEUTRAL",
    "SentimentScore": {
        "Positive": 0.013565393164753914,
        "Negative": 0.1589556485414505,
        "Neutral": 0.7910164594650269,
        "Mixed": 0.03646251559257507
    }
}
