{
    "Sentiment": "NEUTRAL",
    "SentimentScore": {
        "Positive": 0.11631502956151962,
        "Negative": 0.12167245149612427,
        "Neutral": 0.7149558067321777,
        "Mixed": 0.04705667123198509
    }
}
