{
    "Sentiment": "NEUTRAL",
    "SentimentScore": {
        "Positive": 0.015040352940559387,
        "Negative": 0.13530974090099335,
        "Neutral": 0.8416955471038818,
        "Mixed": 0.007954423315823078
    }
}
