{
    "Sentiment": "NEUTRAL",
    "SentimentScore": {
        "Positive": 0.020085014402866364,
        "Negative": 0.009114669635891914,
        "Neutral": 0.9671328067779541,
        "Mixed": 0.0036675692535936832
    }
}
