{
    "Sentiment": "NEUTRAL",
    "SentimentScore": {
        "Positive": 0.1836060732603073,
        "Negative": 0.023459553718566895,
        "Neutral": 0.7743567824363708,
        "Mixed": 0.018577562645077705
    }
}
