{
    "Sentiment": "NEUTRAL",
    "SentimentScore": {
        "Positive": 0.26542338728904724,
        "Negative": 0.05291029065847397,
        "Neutral": 0.668059229850769,
        "Mixed": 0.013607108034193516
    }
}
