{
    "Sentiment": "NEUTRAL",
    "SentimentScore": {
        "Positive": 0.4496568441390991,
        "Negative": 0.015402480028569698,
        "Neutral": 0.5112946629524231,
        "Mixed": 0.023645972833037376
    }
}
