{
    "Sentiment": "NEUTRAL",
    "SentimentScore": {
        "Positive": 0.006085862871259451,
        "Negative": 0.07576832920312881,
        "Neutral": 0.9089754223823547,
        "Mixed": 0.009170337580144405
    }
}
