{
    "Sentiment": "NEUTRAL",
    "SentimentScore": {
        "Positive": 0.0018134181154891849,
        "Negative": 0.0562610924243927,
        "Neutral": 0.9392703771591187,
        "Mixed": 0.0026551790069788694
    }
}
