{
    "Sentiment": "NEUTRAL",
    "SentimentScore": {
        "Positive": 0.006942141801118851,
        "Negative": 0.003884916892275214,
        "Neutral": 0.9886143207550049,
        "Mixed": 0.0005585768958553672
    }
}
