{
    "Sentiment": "NEUTRAL",
    "SentimentScore": {
        "Positive": 0.005106618627905846,
        "Negative": 0.08589256554841995,
        "Neutral": 0.8984850645065308,
        "Mixed": 0.010515729896724224
    }
}
