{
    "Sentiment": "POSITIVE",
    "SentimentScore": {
        "Positive": 0.7400935888290405,
        "Negative": 0.0018496375996619463,
        "Neutral": 0.2529032528400421,
        "Mixed": 0.005153418518602848
    }
}
