{
    "Sentiment": "NEGATIVE",
    "SentimentScore": {
        "Positive": 0.032410889863967896,
        "Negative": 0.5135082602500916,
        "Neutral": 0.4359065592288971,
        "Mixed": 0.018174342811107635
    }
}
