{
    "Sentiment": "NEUTRAL",
    "SentimentScore": {
        "Positive": 0.011158405803143978,
        "Negative": 0.01942155882716179,
        "Neutral": 0.9666926860809326,
        "Mixed": 0.0027273292653262615
    }
}
