{
    "Sentiment": "NEUTRAL",
    "SentimentScore": {
        "Positive": 0.040272489190101624,
        "Negative": 0.10323132574558258,
        "Neutral": 0.8463087677955627,
        "Mixed": 0.010187458246946335
    }
}
