{
    "Sentiment": "NEUTRAL",
    "SentimentScore": {
        "Positive": 0.0016247393796220422,
        "Negative": 0.02498394064605236,
        "Neutral": 0.9719816446304321,
        "Mixed": 0.0014096526429057121
    }
}
