{
    "Sentiment": "NEUTRAL",
    "SentimentScore": {
        "Positive": 0.1035974770784378,
        "Negative": 0.11844770610332489,
        "Neutral": 0.7157110571861267,
        "Mixed": 0.062243785709142685
    }
}
