{
    "Sentiment": "NEUTRAL",
    "SentimentScore": {
        "Positive": 0.19077147543430328,
        "Negative": 0.12622162699699402,
        "Neutral": 0.6704756021499634,
        "Mixed": 0.012531246058642864
    }
}
