{
    "Sentiment": "NEUTRAL",
    "SentimentScore": {
        "Positive": 0.008610280230641365,
        "Negative": 0.13343922793865204,
        "Neutral": 0.8460751175880432,
        "Mixed": 0.011875322088599205
    }
}
