{
    "Sentiment": "NEUTRAL",
    "SentimentScore": {
        "Positive": 0.05001991242170334,
        "Negative": 0.15890905261039734,
        "Neutral": 0.7809159755706787,
        "Mixed": 0.010155084542930126
    }
}
