{
    "Sentiment": "NEUTRAL",
    "SentimentScore": {
        "Positive": 0.042437102645635605,
        "Negative": 0.038913026452064514,
        "Neutral": 0.9151864051818848,
        "Mixed": 0.0034634938929229975
    }
}
