{
    "Sentiment": "NEUTRAL",
    "SentimentScore": {
        "Positive": 0.0033756077755242586,
        "Negative": 0.06426797062158585,
        "Neutral": 0.928424596786499,
        "Mixed": 0.003931768704205751
    }
}
