{
    "Sentiment": "NEUTRAL",
    "SentimentScore": {
        "Positive": 0.002965825144201517,
        "Negative": 0.002061013597995043,
        "Neutral": 0.9945783615112305,
        "Mixed": 0.0003948644734919071
    }
}
