{
    "Sentiment": "NEUTRAL",
    "SentimentScore": {
        "Positive": 0.005485789850354195,
        "Negative": 0.0007880954653955996,
        "Neutral": 0.9933179616928101,
        "Mixed": 0.0004082234518136829
    }
}
