{
    "Sentiment": "NEUTRAL",
    "SentimentScore": {
        "Positive": 0.01107367780059576,
        "Negative": 0.05904930830001831,
        "Neutral": 0.9232009053230286,
        "Mixed": 0.0066760568879544735
    }
}
