{
    "Sentiment": "NEUTRAL",
    "SentimentScore": {
        "Positive": 0.00607110233977437,
        "Negative": 0.0032490661833435297,
        "Neutral": 0.9902154207229614,
        "Mixed": 0.0004643764114007354
    }
}
