{
    "Sentiment": "NEUTRAL",
    "SentimentScore": {
        "Positive": 0.1703060418367386,
        "Negative": 0.09029171615839005,
        "Neutral": 0.7204967737197876,
        "Mixed": 0.018905499950051308
    }
}
