{
    "Sentiment": "NEUTRAL",
    "SentimentScore": {
        "Positive": 0.06972333043813705,
        "Negative": 0.0018816859228536487,
        "Neutral": 0.9269653558731079,
        "Mixed": 0.001429663854651153
    }
}
