{
    "Sentiment": "NEUTRAL",
    "SentimentScore": {
        "Positive": 0.02301812171936035,
        "Negative": 0.029975401237607002,
        "Neutral": 0.9447256326675415,
        "Mixed": 0.002280891640111804
    }
}
