{
    "Sentiment": "NEUTRAL",
    "SentimentScore": {
        "Positive": 0.020778799429535866,
        "Negative": 0.07777432352304459,
        "Neutral": 0.8887525200843811,
        "Mixed": 0.012694287113845348
    }
}
