{
    "Sentiment": "POSITIVE",
    "SentimentScore": {
        "Positive": 0.9149250984191895,
        "Negative": 0.0010907418327406049,
        "Neutral": 0.08048264682292938,
        "Mixed": 0.003501542843878269
    }
}
