{
    "Sentiment": "NEUTRAL",
    "SentimentScore": {
        "Positive": 0.014550457708537579,
        "Negative": 0.003540333127602935,
        "Neutral": 0.9811486601829529,
        "Mixed": 0.0007606406579725444
    }
}
