{
    "Sentiment": "NEGATIVE",
    "SentimentScore": {
        "Positive": 0.21831829845905304,
        "Negative": 0.5056082606315613,
        "Neutral": 0.19832247495651245,
        "Mixed": 0.07775098085403442
    }
}
