{
    "Sentiment": "NEUTRAL",
    "SentimentScore": {
        "Positive": 0.01370306871831417,
        "Negative": 0.0018495358526706696,
        "Neutral": 0.9832333922386169,
        "Mixed": 0.0012141101760789752
    }
}
