{
    "Sentiment": "NEUTRAL",
    "SentimentScore": {
        "Positive": 0.00955182034522295,
        "Negative": 0.021239640191197395,
        "Neutral": 0.9609180688858032,
        "Mixed": 0.008290521800518036
    }
}
