{
    "Sentiment": "NEUTRAL",
    "SentimentScore": {
        "Positive": 0.01741783507168293,
        "Negative": 0.0710589662194252,
        "Neutral": 0.9011040329933167,
        "Mixed": 0.01041924487799406
    }
}
