{
    "Sentiment": "NEUTRAL",
    "SentimentScore": {
        "Positive": 0.0014679073356091976,
        "Negative": 0.004497480113059282,
        "Neutral": 0.9936475157737732,
        "Mixed": 0.0003871596127282828
    }
}
