{
    "Sentiment": "NEUTRAL",
    "SentimentScore": {
        "Positive": 0.001588506973348558,
        "Negative": 0.1447601318359375,
        "Neutral": 0.8495755791664124,
        "Mixed": 0.004075848963111639
    }
}
