{
    "Sentiment": "NEUTRAL",
    "SentimentScore": {
        "Positive": 0.006372143514454365,
        "Negative": 0.24380381405353546,
        "Neutral": 0.737604558467865,
        "Mixed": 0.01221945509314537
    }
}
