{
    "Sentiment": "NEUTRAL",
    "SentimentScore": {
        "Positive": 0.0046286266297101974,
        "Negative": 0.020673595368862152,
        "Neutral": 0.9700311422348022,
        "Mixed": 0.004666665103286505
    }
}
