{
    "Sentiment": "NEUTRAL",
    "SentimentScore": {
        "Positive": 0.008272387087345123,
        "Negative": 0.04054942727088928,
        "Neutral": 0.9423121809959412,
        "Mixed": 0.008866092190146446
    }
}
