{
    "Sentiment": "NEUTRAL",
    "SentimentScore": {
        "Positive": 0.004680124577134848,
        "Negative": 0.08756602555513382,
        "Neutral": 0.9003437161445618,
        "Mixed": 0.007410094607621431
    }
}
