{
    "Sentiment": "NEUTRAL",
    "SentimentScore": {
        "Positive": 0.09992220252752304,
        "Negative": 0.03713405504822731,
        "Neutral": 0.8545742034912109,
        "Mixed": 0.008369497954845428
    }
}
