{
    "Sentiment": "NEUTRAL",
    "SentimentScore": {
        "Positive": 0.00810958445072174,
        "Negative": 0.04785916954278946,
        "Neutral": 0.9287643432617188,
        "Mixed": 0.015266948379576206
    }
}
