{
    "Sentiment": "NEUTRAL",
    "SentimentScore": {
        "Positive": 0.06707418709993362,
        "Negative": 0.00387980742380023,
        "Neutral": 0.9254838824272156,
        "Mixed": 0.003562142141163349
    }
}
