{
    "Sentiment": "POSITIVE",
    "SentimentScore": {
        "Positive": 0.9477013349533081,
        "Negative": 0.00019290119234938174,
        "Neutral": 0.050658825784921646,
        "Mixed": 0.0014470088062807918
    }
}
