{
    "Sentiment": "NEUTRAL",
    "SentimentScore": {
        "Positive": 0.0016797680873423815,
        "Negative": 0.05557486042380333,
        "Neutral": 0.9369191527366638,
        "Mixed": 0.005826260428875685
    }
}
