{
    "Sentiment": "NEUTRAL",
    "SentimentScore": {
        "Positive": 0.10985986888408661,
        "Negative": 0.06190453842282295,
        "Neutral": 0.8223158717155457,
        "Mixed": 0.005919649265706539
    }
}
