{
    "Sentiment": "NEUTRAL",
    "SentimentScore": {
        "Positive": 0.007901867851614952,
        "Negative": 0.0119263781234622,
        "Neutral": 0.9778557419776917,
        "Mixed": 0.0023160085547715425
    }
}
