{
    "Sentiment": "NEUTRAL",
    "SentimentScore": {
        "Positive": 0.17003218829631805,
        "Negative": 0.004116944968700409,
        "Neutral": 0.823069155216217,
        "Mixed": 0.002781772520393133
    }
}
