{
    "Sentiment": "NEUTRAL",
    "SentimentScore": {
        "Positive": 0.016762372106313705,
        "Negative": 0.3307167589664459,
        "Neutral": 0.6320565938949585,
        "Mixed": 0.02046421356499195
    }
}
