{
    "Sentiment": "NEUTRAL",
    "SentimentScore": {
        "Positive": 0.006494408939033747,
        "Negative": 0.006652612239122391,
        "Neutral": 0.985880970954895,
        "Mixed": 0.0009719731169752777
    }
}
