{
    "Sentiment": "NEUTRAL",
    "SentimentScore": {
        "Positive": 0.21315346658229828,
        "Negative": 0.027819762006402016,
        "Neutral": 0.7534366250038147,
        "Mixed": 0.005590194836258888
    }
}
