{
    "Sentiment": "NEGATIVE",
    "SentimentScore": {
        "Positive": 0.008418163284659386,
        "Negative": 0.6789771318435669,
        "Neutral": 0.3018096685409546,
        "Mixed": 0.0107950484380126
    }
}
