{
    "Sentiment": "NEUTRAL",
    "SentimentScore": {
        "Positive": 0.003583343233913183,
        "Negative": 0.13351526856422424,
        "Neutral": 0.8484103083610535,
        "Mixed": 0.01449105516076088
    }
}
