{
    "Sentiment": "NEGATIVE",
    "SentimentScore": {
        "Positive": 0.008992237038910389,
        "Negative": 0.7898594737052917,
        "Neutral": 0.15994048118591309,
        "Mixed": 0.04120771214365959
    }
}
