{
    "Sentiment": "NEUTRAL",
    "SentimentScore": {
        "Positive": 0.005767784081399441,
        "Negative": 0.000857558858115226,
        "Neutral": 0.9929313659667969,
        "Mixed": 0.00044324403279460967
    }
}
