{
    "Sentiment": "NEUTRAL",
    "SentimentScore": {
        "Positive": 0.03802255913615227,
        "Negative": 0.19193999469280243,
        "Neutral": 0.7197366952896118,
        "Mixed": 0.050300754606723785
    }
}
