{
    "Sentiment": "NEUTRAL",
    "SentimentScore": {
        "Positive": 0.013914570212364197,
        "Negative": 0.028888657689094543,
        "Neutral": 0.9511367678642273,
        "Mixed": 0.006059964187443256
    }
}
