{
    "Sentiment": "NEUTRAL",
    "SentimentScore": {
        "Positive": 0.004149635322391987,
        "Negative": 0.11461082845926285,
        "Neutral": 0.8698955178260803,
        "Mixed": 0.011344023048877716
    }
}
