{
    "Sentiment": "NEUTRAL",
    "SentimentScore": {
        "Positive": 0.008179785683751106,
        "Negative": 0.0038526642601937056,
        "Neutral": 0.9871214032173157,
        "Mixed": 0.0008461969555355608
    }
}
