{
    "Sentiment": "NEUTRAL",
    "SentimentScore": {
        "Positive": 0.0026988890022039413,
        "Negative": 0.01612626574933529,
        "Neutral": 0.9802566170692444,
        "Mixed": 0.0009182319045066833
    }
}
