{
    "Sentiment": "NEUTRAL",
    "SentimentScore": {
        "Positive": 0.007508711889386177,
        "Negative": 0.00602842727676034,
        "Neutral": 0.9858163595199585,
        "Mixed": 0.0006464385660365224
    }
}
