{
    "Sentiment": "NEUTRAL",
    "SentimentScore": {
        "Positive": 0.03533279895782471,
        "Negative": 0.014262678101658821,
        "Neutral": 0.9429824948310852,
        "Mixed": 0.00742204487323761
    }
}
