{
    "Sentiment": "NEUTRAL",
    "SentimentScore": {
        "Positive": 0.004974895156919956,
        "Negative": 0.047705333679914474,
        "Neutral": 0.9431796669960022,
        "Mixed": 0.004140137694776058
    }
}
