{
    "Sentiment": "NEUTRAL",
    "SentimentScore": {
        "Positive": 0.14257778227329254,
        "Negative": 0.0030071851797401905,
        "Neutral": 0.852394700050354,
        "Mixed": 0.0020204128231853247
    }
}
