{
    "Sentiment": "NEUTRAL",
    "SentimentScore": {
        "Positive": 0.006892308127135038,
        "Negative": 0.09869584441184998,
        "Neutral": 0.88226717710495,
        "Mixed": 0.012144573032855988
    }
}
