{
    "Sentiment": "NEUTRAL",
    "SentimentScore": {
        "Positive": 0.007032514549791813,
        "Negative": 0.34109869599342346,
        "Neutral": 0.6241042017936707,
        "Mixed": 0.02776462957262993
    }
}
