{
    "Sentiment": "NEUTRAL",
    "SentimentScore": {
        "Positive": 0.00685737282037735,
        "Negative": 0.0007202475098893046,
        "Neutral": 0.9922061562538147,
        "Mixed": 0.00021625113731715828
    }
}
