{
    "Sentiment": "NEUTRAL",
    "SentimentScore": {
        "Positive": 0.11583598703145981,
        "Negative": 0.00788807775825262,
        "Neutral": 0.8701733946800232,
        "Mixed": 0.0061026401817798615
    }
}
