{
    "Sentiment": "NEUTRAL",
    "SentimentScore": {
        "Positive": 0.06822297722101212,
        "Negative": 0.08436796814203262,
        "Neutral": 0.8384040594100952,
        "Mixed": 0.009005000814795494
    }
}
