{
    "Sentiment": "NEUTRAL",
    "SentimentScore": {
        "Positive": 0.03273670747876167,
        "Negative": 0.0031397496350109577,
        "Neutral": 0.9630411863327026,
        "Mixed": 0.0010823498014360666
    }
}
