{
    "Sentiment": "NEUTRAL",
    "SentimentScore": {
        "Positive": 0.002910052426159382,
        "Negative": 0.0025317040272057056,
        "Neutral": 0.9941977262496948,
        "Mixed": 0.00036050472408533096
    }
}
