{
    "Sentiment": "POSITIVE",
    "SentimentScore": {
        "Positive": 0.45488592982292175,
        "Negative": 0.05238407850265503,
        "Neutral": 0.4394737184047699,
        "Mixed": 0.05325634777545929
    }
}
