{
    "Sentiment": "POSITIVE",
    "SentimentScore": {
        "Positive": 0.9106999039649963,
        "Negative": 0.003222120925784111,
        "Neutral": 0.07905573397874832,
        "Mixed": 0.007022312376648188
    }
}
