{
    "Sentiment": "NEUTRAL",
    "SentimentScore": {
        "Positive": 0.0051345075480639935,
        "Negative": 0.3514168858528137,
        "Neutral": 0.6336064338684082,
        "Mixed": 0.009842242114245892
    }
}
