{
    "Sentiment": "NEUTRAL",
    "SentimentScore": {
        "Positive": 0.004297355655580759,
        "Negative": 0.023723823949694633,
        "Neutral": 0.9703937768936157,
        "Mixed": 0.0015850733034312725
    }
}
