{
    "Sentiment": "NEUTRAL",
    "SentimentScore": {
        "Positive": 0.0075046708807349205,
        "Negative": 0.001813695183955133,
        "Neutral": 0.9902832508087158,
        "Mixed": 0.0003984159557148814
    }
}
