{
    "Sentiment": "NEUTRAL",
    "SentimentScore": {
        "Positive": 0.0014643503818660975,
        "Negative": 0.012537622824311256,
        "Neutral": 0.9853529334068298,
        "Mixed": 0.0006451052031479776
    }
}
