{
    "Sentiment": "NEUTRAL",
    "SentimentScore": {
        "Positive": 0.008892945945262909,
        "Negative": 0.014310376718640327,
        "Neutral": 0.9729154109954834,
        "Mixed": 0.0038812593556940556
    }
}
