{
    "Sentiment": "NEUTRAL",
    "SentimentScore": {
        "Positive": 0.0037425565533339977,
        "Negative": 0.11679200828075409,
        "Neutral": 0.8716202974319458,
        "Mixed": 0.007845154963433743
    }
}
