{
    "Sentiment": "NEUTRAL",
    "SentimentScore": {
        "Positive": 0.019199568778276443,
        "Negative": 0.009934295900166035,
        "Neutral": 0.9678798913955688,
        "Mixed": 0.0029863035306334496
    }
}
