{
    "Sentiment": "NEUTRAL",
    "SentimentScore": {
        "Positive": 0.004553876351565123,
        "Negative": 0.3792254328727722,
        "Neutral": 0.6008810997009277,
        "Mixed": 0.015339644625782967
    }
}
