{
    "Sentiment": "POSITIVE",
    "SentimentScore": {
        "Positive": 0.9189175367355347,
        "Negative": 0.0017268286319449544,
        "Neutral": 0.07231146842241287,
        "Mixed": 0.007044173777103424
    }
}
