{
    "Sentiment": "NEUTRAL",
    "SentimentScore": {
        "Positive": 0.14074406027793884,
        "Negative": 0.34177589416503906,
        "Neutral": 0.4767341911792755,
        "Mixed": 0.04074590280652046
    }
}
