{
    "Sentiment": "NEUTRAL",
    "SentimentScore": {
        "Positive": 0.017363982275128365,
        "Negative": 0.01398127619177103,
        "Neutral": 0.9655083417892456,
        "Mixed": 0.003146418835967779
    }
}
