{
    "Sentiment": "NEUTRAL",
    "SentimentScore": {
        "Positive": 0.012299695983529091,
        "Negative": 0.041601311415433884,
        "Neutral": 0.9378382563591003,
        "Mixed": 0.008260681293904781
    }
}
