{
    "Sentiment": "NEUTRAL",
    "SentimentScore": {
        "Positive": 0.0030996252316981554,
        "Negative": 0.393928587436676,
        "Neutral": 0.594033420085907,
        "Mixed": 0.008938373997807503
    }
}
