{
    "Sentiment": "NEUTRAL",
    "SentimentScore": {
        "Positive": 0.0037894118577241898,
        "Negative": 0.007351576816290617,
        "Neutral": 0.9880809783935547,
        "Mixed": 0.0007779822335578501
    }
}
