{
    "Sentiment": "NEUTRAL",
    "SentimentScore": {
        "Positive": 0.012302370741963387,
        "Negative": 0.04003608971834183,
        "Neutral": 0.9455756545066833,
        "Mixed": 0.002085910178720951
    }
}
