{
    "Sentiment": "NEUTRAL",
    "SentimentScore": {
        "Positive": 0.01656314544379711,
        "Negative": 0.23069316148757935,
        "Neutral": 0.7309671640396118,
        "Mixed": 0.021776527166366577
    }
}
