{
    "Sentiment": "NEUTRAL",
    "SentimentScore": {
        "Positive": 0.01851707696914673,
        "Negative": 0.06227410212159157,
        "Neutral": 0.9094530940055847,
        "Mixed": 0.009755709208548069
    }
}
