{
    "Sentiment": "NEUTRAL",
    "SentimentScore": {
        "Positive": 0.007225132547318935,
        "Negative": 0.03609279915690422,
        "Neutral": 0.953004777431488,
        "Mixed": 0.0036773064639419317
    }
}
