{
    "Sentiment": "NEUTRAL",
    "SentimentScore": {
        "Positive": 0.00620367843657732,
        "Negative": 0.0032695108093321323,
        "Neutral": 0.9901110529899597,
        "Mixed": 0.0004156986251473427
    }
}
