{
    "Sentiment": "NEUTRAL",
    "SentimentScore": {
        "Positive": 0.005023094359785318,
        "Negative": 0.003492266172543168,
        "Neutral": 0.9909372925758362,
        "Mixed": 0.0005474654026329517
    }
}
