{
    "Sentiment": "NEUTRAL",
    "SentimentScore": {
        "Positive": 0.002438576892018318,
        "Negative": 0.038603223860263824,
        "Neutral": 0.9559081196784973,
        "Mixed": 0.0030501242727041245
    }
}
