{
    "Sentiment": "NEUTRAL",
    "SentimentScore": {
        "Positive": 0.10524343699216843,
        "Negative": 0.1341066211462021,
        "Neutral": 0.7446367144584656,
        "Mixed": 0.01601322740316391
    }
}
