{
    "Sentiment": "NEUTRAL",
    "SentimentScore": {
        "Positive": 0.006596437189728022,
        "Negative": 0.036738600581884384,
        "Neutral": 0.9542297720909119,
        "Mixed": 0.0024352099280804396
    }
}
