{
    "Sentiment": "POSITIVE",
    "SentimentScore": {
        "Positive": 0.9354352355003357,
        "Negative": 0.0009939651936292648,
        "Neutral": 0.05925803631544113,
        "Mixed": 0.004312810022383928
    }
}
