{
    "Sentiment": "NEUTRAL",
    "SentimentScore": {
        "Positive": 0.065513476729393,
        "Negative": 0.00750815961509943,
        "Neutral": 0.9236141443252563,
        "Mixed": 0.0033641678746789694
    }
}
