{
    "Sentiment": "NEGATIVE",
    "SentimentScore": {
        "Positive": 0.020969010889530182,
        "Negative": 0.628852367401123,
        "Neutral": 0.337087482213974,
        "Mixed": 0.013091211207211018
    }
}
