{
    "Sentiment": "NEUTRAL",
    "SentimentScore": {
        "Positive": 0.007906189188361168,
        "Negative": 0.003935070242732763,
        "Neutral": 0.9872050285339355,
        "Mixed": 0.0009537511505186558
    }
}
