{
    "Sentiment": "NEUTRAL",
    "SentimentScore": {
        "Positive": 0.004319867584854364,
        "Negative": 0.004692860879004002,
        "Neutral": 0.9902030229568481,
        "Mixed": 0.0007843065541237593
    }
}
