{
    "Sentiment": "NEUTRAL",
    "SentimentScore": {
        "Positive": 0.22683191299438477,
        "Negative": 0.06364225596189499,
        "Neutral": 0.6957772970199585,
        "Mixed": 0.013748480938374996
    }
}
