{
    "Sentiment": "NEUTRAL",
    "SentimentScore": {
        "Positive": 0.020395908504724503,
        "Negative": 0.012474825605750084,
        "Neutral": 0.9661951661109924,
        "Mixed": 0.0009340873220935464
    }
}
