{
    "Sentiment": "NEUTRAL",
    "SentimentScore": {
        "Positive": 0.003697060514241457,
        "Negative": 0.046828556805849075,
        "Neutral": 0.9473631381988525,
        "Mixed": 0.002111242851242423
    }
}
