{
    "Sentiment": "NEUTRAL",
    "SentimentScore": {
        "Positive": 0.24312788248062134,
        "Negative": 0.04503416642546654,
        "Neutral": 0.7054010033607483,
        "Mixed": 0.006436940748244524
    }
}
