{
    "Sentiment": "NEUTRAL",
    "SentimentScore": {
        "Positive": 0.003521622158586979,
        "Negative": 0.09071078896522522,
        "Neutral": 0.899500846862793,
        "Mixed": 0.006266790442168713
    }
}
