{
    "Sentiment": "NEUTRAL",
    "SentimentScore": {
        "Positive": 0.017225515097379684,
        "Negative": 0.04893066734075546,
        "Neutral": 0.9275512099266052,
        "Mixed": 0.006292594596743584
    }
}
