{
    "Sentiment": "NEUTRAL",
    "SentimentScore": {
        "Positive": 0.03801695629954338,
        "Negative": 0.001951702288351953,
        "Neutral": 0.9586390256881714,
        "Mixed": 0.0013923300430178642
    }
}
