{
    "Sentiment": "NEUTRAL",
    "SentimentScore": {
        "Positive": 0.010027710348367691,
        "Negative": 0.0552913136780262,
        "Neutral": 0.9194691181182861,
        "Mixed": 0.015211906284093857
    }
}
