{
    "Sentiment": "POSITIVE",
    "SentimentScore": {
        "Positive": 0.5375322103500366,
        "Negative": 0.0022118892520666122,
        "Neutral": 0.4571249186992645,
        "Mixed": 0.0031309572514146566
    }
}
