{
    "Sentiment": "NEUTRAL",
    "SentimentScore": {
        "Positive": 0.003289951244369149,
        "Negative": 0.014150396920740604,
        "Neutral": 0.9804980754852295,
        "Mixed": 0.002061562379822135
    }
}
