{
    "Sentiment": "NEUTRAL",
    "SentimentScore": {
        "Positive": 0.008237850852310658,
        "Negative": 0.002125848550349474,
        "Neutral": 0.9890673756599426,
        "Mixed": 0.0005689518293365836
    }
}
