{
    "Sentiment": "NEUTRAL",
    "SentimentScore": {
        "Positive": 0.022280270233750343,
        "Negative": 0.015112867578864098,
        "Neutral": 0.9575198292732239,
        "Mixed": 0.005087022669613361
    }
}
