{
    "Sentiment": "NEUTRAL",
    "SentimentScore": {
        "Positive": 0.3384660482406616,
        "Negative": 0.030085880309343338,
        "Neutral": 0.624890923500061,
        "Mixed": 0.006557074375450611
    }
}
