{
    "Sentiment": "NEUTRAL",
    "SentimentScore": {
        "Positive": 0.0933716893196106,
        "Negative": 0.004475119989365339,
        "Neutral": 0.8985927104949951,
        "Mixed": 0.0035605228040367365
    }
}
