{
    "Sentiment": "NEUTRAL",
    "SentimentScore": {
        "Positive": 0.0011433061445131898,
        "Negative": 0.02773210033774376,
        "Neutral": 0.9701786637306213,
        "Mixed": 0.0009459648281335831
    }
}
