{
    "Sentiment": "NEUTRAL",
    "SentimentScore": {
        "Positive": 0.004410294815897942,
        "Negative": 0.0057222540490329266,
        "Neutral": 0.9892715215682983,
        "Mixed": 0.0005958512774668634
    }
}
