{
    "Sentiment": "NEUTRAL",
    "SentimentScore": {
        "Positive": 0.02599857747554779,
        "Negative": 0.07505930215120316,
        "Neutral": 0.8901042938232422,
        "Mixed": 0.008837810717523098
    }
}
