{
    "Sentiment": "NEUTRAL",
    "SentimentScore": {
        "Positive": 0.0033925992902368307,
        "Negative": 0.003950056619942188,
        "Neutral": 0.9918596148490906,
        "Mixed": 0.000797814573161304
    }
}
