{
    "Sentiment": "NEUTRAL",
    "SentimentScore": {
        "Positive": 0.08184153586626053,
        "Negative": 0.23079201579093933,
        "Neutral": 0.6414706707000732,
        "Mixed": 0.045895807445049286
    }
}
