{
    "Sentiment": "POSITIVE",
    "SentimentScore": {
        "Positive": 0.501593291759491,
        "Negative": 0.002860722132027149,
        "Neutral": 0.4809549152851105,
        "Mixed": 0.014591073617339134
    }
}
