{
    "Sentiment": "NEUTRAL",
    "SentimentScore": {
        "Positive": 0.03129738196730614,
        "Negative": 0.04546708986163139,
        "Neutral": 0.9128349423408508,
        "Mixed": 0.010400691069662571
    }
}
