{
    "Sentiment": "NEUTRAL",
    "SentimentScore": {
        "Positive": 0.003561917692422867,
        "Negative": 0.0056466152891516685,
        "Neutral": 0.99021977186203,
        "Mixed": 0.000571669137571007
    }
}
