{
    "Sentiment": "NEUTRAL",
    "SentimentScore": {
        "Positive": 0.003122200258076191,
        "Negative": 0.008490526117384434,
        "Neutral": 0.9872791767120361,
        "Mixed": 0.0011081042466685176
    }
}
