{
    "Sentiment": "NEUTRAL",
    "SentimentScore": {
        "Positive": 0.01449622679501772,
        "Negative": 0.06238926574587822,
        "Neutral": 0.920555830001831,
        "Mixed": 0.0025587226264178753
    }
}
