{
    "Sentiment": "NEUTRAL",
    "SentimentScore": {
        "Positive": 0.011730444617569447,
        "Negative": 0.003851144341751933,
        "Neutral": 0.9836766123771667,
        "Mixed": 0.000741846626624465
    }
}
