{
    "Sentiment": "NEUTRAL",
    "SentimentScore": {
        "Positive": 0.0019724913872778416,
        "Negative": 0.0011481561232358217,
        "Neutral": 0.996720016002655,
        "Mixed": 0.00015935955161694437
    }
}
