{
    "Sentiment": "NEUTRAL",
    "SentimentScore": {
        "Positive": 0.03487444296479225,
        "Negative": 0.0025041799526661634,
        "Neutral": 0.9604641199111938,
        "Mixed": 0.002157195471227169
    }
}
