{
    "Sentiment": "NEUTRAL",
    "SentimentScore": {
        "Positive": 0.0063641550950706005,
        "Negative": 0.0028099471237510443,
        "Neutral": 0.9900428056716919,
        "Mixed": 0.0007830743561498821
    }
}
