{
    "Sentiment": "NEUTRAL",
    "SentimentScore": {
        "Positive": 0.029427504166960716,
        "Negative": 0.007290500216186047,
        "Neutral": 0.961188554763794,
        "Mixed": 0.0020934557542204857
    }
}
