{
    "Sentiment": "NEUTRAL",
    "SentimentScore": {
        "Positive": 0.013543744571506977,
        "Negative": 0.0019296779064461589,
        "Neutral": 0.983797013759613,
        "Mixed": 0.0007295715040527284
    }
}
