{
    "Sentiment": "NEUTRAL",
    "SentimentScore": {
        "Positive": 0.006085982080549002,
        "Negative": 0.003111688420176506,
        "Neutral": 0.9900693297386169,
        "Mixed": 0.0007329168729484081
    }
}
