{
    "Sentiment": "NEUTRAL",
    "SentimentScore": {
        "Positive": 0.004742556717246771,
        "Negative": 0.024986976757645607,
        "Neutral": 0.9684526324272156,
        "Mixed": 0.0018178030150011182
    }
}
