{
    "Sentiment": "NEUTRAL",
    "SentimentScore": {
        "Positive": 0.001860822201706469,
        "Negative": 0.13332857191562653,
        "Neutral": 0.8577384352684021,
        "Mixed": 0.007072168868035078
    }
}
