{
    "Sentiment": "NEUTRAL",
    "SentimentScore": {
        "Positive": 0.001739967381581664,
        "Negative": 0.0037417514249682426,
        "Neutral": 0.9941909909248352,
        "Mixed": 0.0003272716130595654
    }
}
