{
    "Sentiment": "NEUTRAL",
    "SentimentScore": {
        "Positive": 0.000692974659614265,
        "Negative": 0.029122445732355118,
        "Neutral": 0.969186544418335,
        "Mixed": 0.0009979468304663897
    }
}
