{
    "Sentiment": "NEUTRAL",
    "SentimentScore": {
        "Positive": 0.004042647313326597,
        "Negative": 0.001050806837156415,
        "Neutral": 0.9946150183677673,
        "Mixed": 0.0002915284421760589
    }
}
