{
    "Sentiment": "NEUTRAL",
    "SentimentScore": {
        "Positive": 0.13276509940624237,
        "Negative": 0.08460334688425064,
        "Neutral": 0.7576045989990234,
        "Mixed": 0.025026975199580193
    }
}
