{
    "Sentiment": "NEUTRAL",
    "SentimentScore": {
        "Positive": 0.008312620222568512,
        "Negative": 0.15676578879356384,
        "Neutral": 0.8201473355293274,
        "Mixed": 0.014774313196539879
    }
}
