{
    "Sentiment": "NEUTRAL",
    "SentimentScore": {
        "Positive": 0.011776702478528023,
        "Negative": 0.013877272605895996,
        "Neutral": 0.9727448225021362,
        "Mixed": 0.0016011273255571723
    }
}
