{
    "Sentiment": "NEUTRAL",
    "SentimentScore": {
        "Positive": 0.019617028534412384,
        "Negative": 0.1840323656797409,
        "Neutral": 0.7860504984855652,
        "Mixed": 0.010300232097506523
    }
}
