{
    "Sentiment": "NEUTRAL",
    "SentimentScore": {
        "Positive": 0.035801246762275696,
        "Negative": 0.049706410616636276,
        "Neutral": 0.8957608938217163,
        "Mixed": 0.018731428310275078
    }
}
