{
    "Sentiment": "NEUTRAL",
    "SentimentScore": {
        "Positive": 0.01958490163087845,
        "Negative": 0.25573334097862244,
        "Neutral": 0.6904966235160828,
        "Mixed": 0.03418510779738426
    }
}
