{
    "Sentiment": "NEUTRAL",
    "SentimentScore": {
        "Positive": 0.03332909569144249,
        "Negative": 0.007495998404920101,
        "Neutral": 0.9553443193435669,
        "Mixed": 0.003830515081062913
    }
}
