{
    "Sentiment": "MIXED",
    "SentimentScore": {
        "Positive": 0.10725560784339905,
        "Negative": 0.27140405774116516,
        "Neutral": 0.28626832365989685,
        "Mixed": 0.3350720703601837
    }
}
