{
    "Sentiment": "NEUTRAL",
    "SentimentScore": {
        "Positive": 0.0034559746272861958,
        "Negative": 0.0014105587033554912,
        "Neutral": 0.9948424696922302,
        "Mixed": 0.0002909878094214946
    }
}
