{
    "Sentiment": "NEUTRAL",
    "SentimentScore": {
        "Positive": 0.0014802286168560386,
        "Negative": 0.026957044377923012,
        "Neutral": 0.9692364931106567,
        "Mixed": 0.0023261960595846176
    }
}
