{
    "Sentiment": "NEUTRAL",
    "SentimentScore": {
        "Positive": 0.0024827069137245417,
        "Negative": 0.1209845244884491,
        "Neutral": 0.8722896575927734,
        "Mixed": 0.004243114963173866
    }
}
