{
    "Sentiment": "POSITIVE",
    "SentimentScore": {
        "Positive": 0.6899416446685791,
        "Negative": 0.0038770653773099184,
        "Neutral": 0.23511049151420593,
        "Mixed": 0.07107075303792953
    }
}
