{
    "Sentiment": "NEUTRAL",
    "SentimentScore": {
        "Positive": 0.015457036904990673,
        "Negative": 0.058008741587400436,
        "Neutral": 0.9212561249732971,
        "Mixed": 0.005278016906231642
    }
}
