{
    "Sentiment": "POSITIVE",
    "SentimentScore": {
        "Positive": 0.710567831993103,
        "Negative": 0.001451685093343258,
        "Neutral": 0.280870258808136,
        "Mixed": 0.007110138423740864
    }
}
