{
    "Sentiment": "NEUTRAL",
    "SentimentScore": {
        "Positive": 0.009276158176362514,
        "Negative": 0.03139031305909157,
        "Neutral": 0.9577624201774597,
        "Mixed": 0.0015711570158600807
    }
}
