{
    "Sentiment": "NEUTRAL",
    "SentimentScore": {
        "Positive": 0.0024752793833613396,
        "Negative": 0.012363220565021038,
        "Neutral": 0.9839209318161011,
        "Mixed": 0.0012406110763549805
    }
}
