{
    "Sentiment": "NEUTRAL",
    "SentimentScore": {
        "Positive": 0.021079046651721,
        "Negative": 0.022893235087394714,
        "Neutral": 0.9498813152313232,
        "Mixed": 0.00614636717364192
    }
}
