{
    "Sentiment": "NEUTRAL",
    "SentimentScore": {
        "Positive": 0.005551225505769253,
        "Negative": 0.034284740686416626,
        "Neutral": 0.955164909362793,
        "Mixed": 0.0049990699626505375
    }
}
