{
    "Sentiment": "NEUTRAL",
    "SentimentScore": {
        "Positive": 0.0029120089020580053,
        "Negative": 0.023455440998077393,
        "Neutral": 0.9717000722885132,
        "Mixed": 0.001932530663907528
    }
}
