{
    "Sentiment": "NEUTRAL",
    "SentimentScore": {
        "Positive": 0.1415347456932068,
        "Negative": 0.018872879445552826,
        "Neutral": 0.8347647190093994,
        "Mixed": 0.004827703349292278
    }
}
