{
    "Sentiment": "NEUTRAL",
    "SentimentScore": {
        "Positive": 0.036440879106521606,
        "Negative": 0.038029346615076065,
        "Neutral": 0.9196544885635376,
        "Mixed": 0.00587531179189682
    }
}
