{
    "Sentiment": "NEUTRAL",
    "SentimentScore": {
        "Positive": 0.06127561628818512,
        "Negative": 0.006595680955797434,
        "Neutral": 0.9266817569732666,
        "Mixed": 0.005446904338896275
    }
}
