{
    "Sentiment": "NEUTRAL",
    "SentimentScore": {
        "Positive": 0.010525059886276722,
        "Negative": 0.008328285999596119,
        "Neutral": 0.9797826409339905,
        "Mixed": 0.0013640287797898054
    }
}
