{
    "Sentiment": "NEUTRAL",
    "SentimentScore": {
        "Positive": 0.03514998406171799,
        "Negative": 0.05171804130077362,
        "Neutral": 0.9048215746879578,
        "Mixed": 0.00831046886742115
    }
}
