{
    "Sentiment": "NEUTRAL",
    "SentimentScore": {
        "Positive": 0.02620956301689148,
        "Negative": 0.009973319247364998,
        "Neutral": 0.9618508219718933,
        "Mixed": 0.001966315321624279
    }
}
