{
    "Sentiment": "NEUTRAL",
    "SentimentScore": {
        "Positive": 0.019107885658740997,
        "Negative": 0.11241595447063446,
        "Neutral": 0.856339693069458,
        "Mixed": 0.012136390432715416
    }
}
