{
    "Sentiment": "NEUTRAL",
    "SentimentScore": {
        "Positive": 0.002360815880820155,
        "Negative": 0.045354537665843964,
        "Neutral": 0.9495705962181091,
        "Mixed": 0.002713977824896574
    }
}
