{
    "Sentiment": "NEUTRAL",
    "SentimentScore": {
        "Positive": 0.010084681212902069,
        "Negative": 0.01132968720048666,
        "Neutral": 0.9765394926071167,
        "Mixed": 0.002046225592494011
    }
}
