{
    "Sentiment": "POSITIVE",
    "SentimentScore": {
        "Positive": 0.5028486847877502,
        "Negative": 0.0046068537048995495,
        "Neutral": 0.4787142872810364,
        "Mixed": 0.013830126263201237
    }
}
