{
    "Sentiment": "NEUTRAL",
    "SentimentScore": {
        "Positive": 0.015144833363592625,
        "Negative": 0.006978532299399376,
        "Neutral": 0.9755824208259583,
        "Mixed": 0.002294266829267144
    }
}
