{
    "Sentiment": "NEUTRAL",
    "SentimentScore": {
        "Positive": 0.0067257327027618885,
        "Negative": 0.08526669442653656,
        "Neutral": 0.8985017538070679,
        "Mixed": 0.009505875408649445
    }
}
