{
    "Sentiment": "NEUTRAL",
    "SentimentScore": {
        "Positive": 0.00534962909296155,
        "Negative": 0.015516091138124466,
        "Neutral": 0.9767802357673645,
        "Mixed": 0.002354035386815667
    }
}
