{
    "Sentiment": "NEUTRAL",
    "SentimentScore": {
        "Positive": 0.005319136194884777,
        "Negative": 0.008890217170119286,
        "Neutral": 0.984546422958374,
        "Mixed": 0.0012441819999366999
    }
}
