{
    "Sentiment": "NEUTRAL",
    "SentimentScore": {
        "Positive": 0.005122066009789705,
        "Negative": 0.11220342665910721,
        "Neutral": 0.87314772605896,
        "Mixed": 0.009526782669126987
    }
}
