{
    "Sentiment": "NEUTRAL",
    "SentimentScore": {
        "Positive": 0.0012007529148831964,
        "Negative": 0.014615963213145733,
        "Neutral": 0.983363151550293,
        "Mixed": 0.0008201701566576958
    }
}
