{
    "Sentiment": "NEUTRAL",
    "SentimentScore": {
        "Positive": 0.03899984434247017,
        "Negative": 0.03788826987147331,
        "Neutral": 0.9206850528717041,
        "Mixed": 0.0024268373381346464
    }
}
