{
    "Sentiment": "NEUTRAL",
    "SentimentScore": {
        "Positive": 0.01235619280487299,
        "Negative": 0.021129773929715157,
        "Neutral": 0.9649916887283325,
        "Mixed": 0.0015223732916638255
    }
}
