{
    "Sentiment": "NEUTRAL",
    "SentimentScore": {
        "Positive": 0.010827197693288326,
        "Negative": 0.027198055759072304,
        "Neutral": 0.959779679775238,
        "Mixed": 0.00219505256973207
    }
}
