{
    "Sentiment": "NEUTRAL",
    "SentimentScore": {
        "Positive": 0.004214323591440916,
        "Negative": 0.0015858836704865098,
        "Neutral": 0.9938072562217712,
        "Mixed": 0.0003925006021745503
    }
}
