{
    "Sentiment": "NEUTRAL",
    "SentimentScore": {
        "Positive": 0.004374302923679352,
        "Negative": 0.027041573077440262,
        "Neutral": 0.9662500619888306,
        "Mixed": 0.0023341295309364796
    }
}
