{
    "Sentiment": "NEUTRAL",
    "SentimentScore": {
        "Positive": 0.012069563381373882,
        "Negative": 0.05002462491393089,
        "Neutral": 0.9256783127784729,
        "Mixed": 0.012227451428771019
    }
}
