{
    "Sentiment": "NEUTRAL",
    "SentimentScore": {
        "Positive": 0.011763805523514748,
        "Negative": 0.017599163576960564,
        "Neutral": 0.9680690765380859,
        "Mixed": 0.0025679473765194416
    }
}
