{
    "Sentiment": "NEUTRAL",
    "SentimentScore": {
        "Positive": 0.015440049581229687,
        "Negative": 0.009465368464589119,
        "Neutral": 0.9729698300361633,
        "Mixed": 0.002124716527760029
    }
}
