{
    "Sentiment": "NEUTRAL",
    "SentimentScore": {
        "Positive": 0.018332278355956078,
        "Negative": 0.01064363680779934,
        "Neutral": 0.9698594212532043,
        "Mixed": 0.0011647487990558147
    }
}
