{
    "Sentiment": "NEUTRAL",
    "SentimentScore": {
        "Positive": 0.4064190685749054,
        "Negative": 0.04035771265625954,
        "Neutral": 0.5344156622886658,
        "Mixed": 0.018807563930749893
    }
}
