{
    "Sentiment": "NEUTRAL",
    "SentimentScore": {
        "Positive": 0.03333864361047745,
        "Negative": 0.27433744072914124,
        "Neutral": 0.6392814517021179,
        "Mixed": 0.05304241180419922
    }
}
