{
    "Sentiment": "NEUTRAL",
    "SentimentScore": {
        "Positive": 0.49522557854652405,
        "Negative": 0.0009010875946842134,
        "Neutral": 0.5001709461212158,
        "Mixed": 0.003702357644215226
    }
}
