{
    "Sentiment": "NEUTRAL",
    "SentimentScore": {
        "Positive": 0.002237356035038829,
        "Negative": 0.007060721516609192,
        "Neutral": 0.9900702834129333,
        "Mixed": 0.0006316523649729788
    }
}
