{
    "Sentiment": "NEUTRAL",
    "SentimentScore": {
        "Positive": 0.017169717699289322,
        "Negative": 0.38309624791145325,
        "Neutral": 0.5797353386878967,
        "Mixed": 0.019998693838715553
    }
}
