{
    "Sentiment": "NEUTRAL",
    "SentimentScore": {
        "Positive": 0.07263259589672089,
        "Negative": 0.020516425371170044,
        "Neutral": 0.9035258889198303,
        "Mixed": 0.003325026948004961
    }
}
