{
    "Sentiment": "NEUTRAL",
    "SentimentScore": {
        "Positive": 0.03754128888249397,
        "Negative": 0.008406021632254124,
        "Neutral": 0.9485782980918884,
        "Mixed": 0.0054743592627346516
    }
}
