{
    "Sentiment": "NEUTRAL",
    "SentimentScore": {
        "Positive": 0.0033648537937551737,
        "Negative": 0.06484626978635788,
        "Neutral": 0.9294537305831909,
        "Mixed": 0.0023350745905190706
    }
}
