{
    "Sentiment": "POSITIVE",
    "SentimentScore": {
        "Positive": 0.5195791721343994,
        "Negative": 0.002464824356138706,
        "Neutral": 0.47339391708374023,
        "Mixed": 0.004562017507851124
    }
}
