{
    "Sentiment": "NEUTRAL",
    "SentimentScore": {
        "Positive": 0.015437595546245575,
        "Negative": 0.07722380012273788,
        "Neutral": 0.8926640748977661,
        "Mixed": 0.014674562960863113
    }
}
