{
    "Sentiment": "NEUTRAL",
    "SentimentScore": {
        "Positive": 0.20434261858463287,
        "Negative": 0.035230278968811035,
        "Neutral": 0.7227659821510315,
        "Mixed": 0.037661101669073105
    }
}
