{
    "Sentiment": "NEUTRAL",
    "SentimentScore": {
        "Positive": 0.007801113184541464,
        "Negative": 0.004499244503676891,
        "Neutral": 0.9865849018096924,
        "Mixed": 0.001114704879000783
    }
}
