{
    "Sentiment": "NEUTRAL",
    "SentimentScore": {
        "Positive": 0.003848755033686757,
        "Negative": 0.14629638195037842,
        "Neutral": 0.8432453274726868,
        "Mixed": 0.006609542760998011
    }
}
