{
    "Sentiment": "NEUTRAL",
    "SentimentScore": {
        "Positive": 0.0018157653976231813,
        "Negative": 0.04540526121854782,
        "Neutral": 0.9510419964790344,
        "Mixed": 0.0017369333654642105
    }
}
