{
    "Sentiment": "NEGATIVE",
    "SentimentScore": {
        "Positive": 0.008898619562387466,
        "Negative": 0.8082489967346191,
        "Neutral": 0.15718957781791687,
        "Mixed": 0.025662824511528015
    }
}
