{
    "Sentiment": "NEUTRAL",
    "SentimentScore": {
        "Positive": 0.005618680268526077,
        "Negative": 0.03984615206718445,
        "Neutral": 0.949647843837738,
        "Mixed": 0.0048873890191316605
    }
}
