{
    "Sentiment": "NEUTRAL",
    "SentimentScore": {
        "Positive": 0.03546668961644173,
        "Negative": 0.04787081852555275,
        "Neutral": 0.8749932050704956,
        "Mixed": 0.04166929051280022
    }
}
