{
    "Sentiment": "NEUTRAL",
    "SentimentScore": {
        "Positive": 0.0022031476255506277,
        "Negative": 0.06539807468652725,
        "Neutral": 0.9273127317428589,
        "Mixed": 0.005086058750748634
    }
}
