{
    "Sentiment": "NEUTRAL",
    "SentimentScore": {
        "Positive": 0.0024887491017580032,
        "Negative": 0.3537063002586365,
        "Neutral": 0.6308854222297668,
        "Mixed": 0.012919483706355095
    }
}
