{
    "Sentiment": "NEUTRAL",
    "SentimentScore": {
        "Positive": 0.00609200494363904,
        "Negative": 0.04563029855489731,
        "Neutral": 0.9403766989707947,
        "Mixed": 0.00790092907845974
    }
}
