{
    "Sentiment": "NEUTRAL",
    "SentimentScore": {
        "Positive": 0.009531629271805286,
        "Negative": 0.3733022212982178,
        "Neutral": 0.5831560492515564,
        "Mixed": 0.03401011601090431
    }
}
