{
    "Sentiment": "NEUTRAL",
    "SentimentScore": {
        "Positive": 0.014219416305422783,
        "Negative": 0.0034300247207283974,
        "Neutral": 0.9810513257980347,
        "Mixed": 0.0012992102419957519
    }
}
