{
    "Sentiment": "POSITIVE",
    "SentimentScore": {
        "Positive": 0.6469136476516724,
        "Negative": 0.0011519835097715259,
        "Neutral": 0.34782156348228455,
        "Mixed": 0.004112825263291597
    }
}
