{
    "Sentiment": "NEUTRAL",
    "SentimentScore": {
        "Positive": 0.011725053191184998,
        "Negative": 0.01945086382329464,
        "Neutral": 0.9625272750854492,
        "Mixed": 0.006296799052506685
    }
}
