{
    "Sentiment": "NEUTRAL",
    "SentimentScore": {
        "Positive": 0.004681822843849659,
        "Negative": 0.0024013512302190065,
        "Neutral": 0.9926062822341919,
        "Mixed": 0.0003104517818428576
    }
}
