{
    "Sentiment": "NEUTRAL",
    "SentimentScore": {
        "Positive": 0.0035804056096822023,
        "Negative": 0.013467256911098957,
        "Neutral": 0.9819068312644958,
        "Mixed": 0.0010454760631546378
    }
}
