{
    "Sentiment": "NEUTRAL",
    "SentimentScore": {
        "Positive": 0.002472017891705036,
        "Negative": 0.2977122664451599,
        "Neutral": 0.6872393488883972,
        "Mixed": 0.012576380744576454
    }
}
