{
    "Sentiment": "NEUTRAL",
    "SentimentScore": {
        "Positive": 0.00602750526741147,
        "Negative": 0.00312357977963984,
        "Neutral": 0.9904376864433289,
        "Mixed": 0.0004112675378564745
    }
}
