{
    "Sentiment": "NEUTRAL",
    "SentimentScore": {
        "Positive": 0.044254228472709656,
        "Negative": 0.0023796637542545795,
        "Neutral": 0.9508688449859619,
        "Mixed": 0.002497234847396612
    }
}
