{
    "Sentiment": "NEUTRAL",
    "SentimentScore": {
        "Positive": 0.006303324364125729,
        "Negative": 0.08773726224899292,
        "Neutral": 0.9021822810173035,
        "Mixed": 0.0037771305069327354
    }
}
