{
    "Sentiment": "NEUTRAL",
    "SentimentScore": {
        "Positive": 0.04135370999574661,
        "Negative": 0.24683596193790436,
        "Neutral": 0.6611554622650146,
        "Mixed": 0.05065492168068886
    }
}
