{
    "Sentiment": "NEUTRAL",
    "SentimentScore": {
        "Positive": 0.015805035829544067,
        "Negative": 0.14035804569721222,
        "Neutral": 0.8155971169471741,
        "Mixed": 0.028239810839295387
    }
}
