{
    "Sentiment": "NEUTRAL",
    "SentimentScore": {
        "Positive": 0.07078342139720917,
        "Negative": 0.003976558335125446,
        "Neutral": 0.9227092266082764,
        "Mixed": 0.0025307368487119675
    }
}
