{
    "Sentiment": "NEUTRAL",
    "SentimentScore": {
        "Positive": 0.0398823507130146,
        "Negative": 0.0026828560512512922,
        "Neutral": 0.9563145041465759,
        "Mixed": 0.0011202568421140313
    }
}
