{
    "Sentiment": "NEUTRAL",
    "SentimentScore": {
        "Positive": 0.0718795657157898,
        "Negative": 0.008680656552314758,
        "Neutral": 0.9165934324264526,
        "Mixed": 0.002846346702426672
    }
}
