{
    "Sentiment": "NEUTRAL",
    "SentimentScore": {
        "Positive": 0.008899725042283535,
        "Negative": 0.023334413766860962,
        "Neutral": 0.9665495157241821,
        "Mixed": 0.0012162927305325866
    }
}
