{
    "Sentiment": "NEUTRAL",
    "SentimentScore": {
        "Positive": 0.04334340617060661,
        "Negative": 0.006681449245661497,
        "Neutral": 0.9474155902862549,
        "Mixed": 0.002559555694460869
    }
}
