{
    "Sentiment": "NEUTRAL",
    "SentimentScore": {
        "Positive": 0.047588299959897995,
        "Negative": 0.043147582560777664,
        "Neutral": 0.8951864838600159,
        "Mixed": 0.014077725820243359
    }
}
