{
    "Sentiment": "NEGATIVE",
    "SentimentScore": {
        "Positive": 0.0046343328431248665,
        "Negative": 0.548454999923706,
        "Neutral": 0.4090920388698578,
        "Mixed": 0.03781864419579506
    }
}
