{
    "Sentiment": "NEUTRAL",
    "SentimentScore": {
        "Positive": 0.3999703526496887,
        "Negative": 0.015874002128839493,
        "Neutral": 0.5684029459953308,
        "Mixed": 0.015752648934721947
    }
}
