{
    "Sentiment": "NEUTRAL",
    "SentimentScore": {
        "Positive": 0.004735874943435192,
        "Negative": 0.07470107823610306,
        "Neutral": 0.9126001596450806,
        "Mixed": 0.00796288438141346
    }
}
