{
    "Sentiment": "NEUTRAL",
    "SentimentScore": {
        "Positive": 0.002343810396268964,
        "Negative": 0.0017884380649775267,
        "Neutral": 0.9956033229827881,
        "Mixed": 0.00026437288033775985
    }
}
