{
    "Sentiment": "NEUTRAL",
    "SentimentScore": {
        "Positive": 0.10649845749139786,
        "Negative": 0.12395797669887543,
        "Neutral": 0.75982666015625,
        "Mixed": 0.009716860949993134
    }
}
