{
    "Sentiment": "NEUTRAL",
    "SentimentScore": {
        "Positive": 0.010333129204809666,
        "Negative": 0.011803055182099342,
        "Neutral": 0.9746910333633423,
        "Mixed": 0.003172837430611253
    }
}
