{
    "Sentiment": "NEUTRAL",
    "SentimentScore": {
        "Positive": 0.0666462853550911,
        "Negative": 0.02354927733540535,
        "Neutral": 0.9012348055839539,
        "Mixed": 0.008569562807679176
    }
}
