{
    "Sentiment": "NEUTRAL",
    "SentimentScore": {
        "Positive": 0.0455692857503891,
        "Negative": 0.35114991664886475,
        "Neutral": 0.5703115463256836,
        "Mixed": 0.03296922892332077
    }
}
