{
    "Sentiment": "NEUTRAL",
    "SentimentScore": {
        "Positive": 0.004106561653316021,
        "Negative": 0.08377303183078766,
        "Neutral": 0.9055755734443665,
        "Mixed": 0.006544847972691059
    }
}
