{
    "Sentiment": "NEUTRAL",
    "SentimentScore": {
        "Positive": 0.03736560046672821,
        "Negative": 0.3287220001220703,
        "Neutral": 0.611629068851471,
        "Mixed": 0.022283324971795082
    }
}
