{
    "Sentiment": "NEUTRAL",
    "SentimentScore": {
        "Positive": 0.12098748236894608,
        "Negative": 0.029583638533949852,
        "Neutral": 0.8268662095069885,
        "Mixed": 0.022562671452760696
    }
}
