{
    "Sentiment": "NEUTRAL",
    "SentimentScore": {
        "Positive": 0.01943015307188034,
        "Negative": 0.07476632297039032,
        "Neutral": 0.8979306221008301,
        "Mixed": 0.007872935384511948
    }
}
