{
    "Sentiment": "NEUTRAL",
    "SentimentScore": {
        "Positive": 0.050981856882572174,
        "Negative": 0.016996366903185844,
        "Neutral": 0.9186469316482544,
        "Mixed": 0.0133748147636652
    }
}
