{
    "Sentiment": "NEUTRAL",
    "SentimentScore": {
        "Positive": 0.0087090153247118,
        "Negative": 0.012276586145162582,
        "Neutral": 0.9747060537338257,
        "Mixed": 0.004308406263589859
    }
}
