{
    "Sentiment": "NEUTRAL",
    "SentimentScore": {
        "Positive": 0.05023224279284477,
        "Negative": 0.09194780886173248,
        "Neutral": 0.8183180093765259,
        "Mixed": 0.03950199857354164
    }
}
