{
    "Sentiment": "NEGATIVE",
    "SentimentScore": {
        "Positive": 0.061305731534957886,
        "Negative": 0.6628375053405762,
        "Neutral": 0.23895129561424255,
        "Mixed": 0.036905497312545776
    }
}
