{
    "Sentiment": "NEUTRAL",
    "SentimentScore": {
        "Positive": 0.009156806394457817,
        "Negative": 0.06973008811473846,
        "Neutral": 0.9130054116249084,
        "Mixed": 0.008107762783765793
    }
}
