{
    "Sentiment": "NEUTRAL",
    "SentimentScore": {
        "Positive": 0.0023487480357289314,
        "Negative": 0.0015475460095331073,
        "Neutral": 0.9958493709564209,
        "Mixed": 0.0002543043519835919
    }
}
