{
    "Sentiment": "NEUTRAL",
    "SentimentScore": {
        "Positive": 0.1108088418841362,
        "Negative": 0.012431969866156578,
        "Neutral": 0.872615396976471,
        "Mixed": 0.004143801983445883
    }
}
