{
    "Sentiment": "NEUTRAL",
    "SentimentScore": {
        "Positive": 0.02268304117023945,
        "Negative": 0.16631823778152466,
        "Neutral": 0.7822052836418152,
        "Mixed": 0.028793491423130035
    }
}
