{
    "Sentiment": "NEUTRAL",
    "SentimentScore": {
        "Positive": 0.0026557189412415028,
        "Negative": 0.01783670298755169,
        "Neutral": 0.9766412377357483,
        "Mixed": 0.002866337774321437
    }
}
