{
    "Sentiment": "POSITIVE",
    "SentimentScore": {
        "Positive": 0.5518577694892883,
        "Negative": 0.013897537253797054,
        "Neutral": 0.4251598119735718,
        "Mixed": 0.00908491387963295
    }
}
