{
    "Sentiment": "NEUTRAL",
    "SentimentScore": {
        "Positive": 0.0024025479797273874,
        "Negative": 0.06816467642784119,
        "Neutral": 0.9247384071350098,
        "Mixed": 0.004694308154284954
    }
}
