{
    "Sentiment": "NEUTRAL",
    "SentimentScore": {
        "Positive": 0.009001195430755615,
        "Negative": 0.006396580953150988,
        "Neutral": 0.983853816986084,
        "Mixed": 0.0007483382942155004
    }
}
