{
    "Sentiment": "NEUTRAL",
    "SentimentScore": {
        "Positive": 0.024956248700618744,
        "Negative": 0.018976973369717598,
        "Neutral": 0.9495102763175964,
        "Mixed": 0.006556542590260506
    }
}
