{
    "Sentiment": "NEUTRAL",
    "SentimentScore": {
        "Positive": 0.016857607290148735,
        "Negative": 0.010204097256064415,
        "Neutral": 0.9719483256340027,
        "Mixed": 0.000989939784631133
    }
}
