{
    "Sentiment": "NEUTRAL",
    "SentimentScore": {
        "Positive": 0.051165323704481125,
        "Negative": 0.04741638898849487,
        "Neutral": 0.8936538696289062,
        "Mixed": 0.007764472626149654
    }
}
