{
    "Sentiment": "NEUTRAL",
    "SentimentScore": {
        "Positive": 0.0017273387638852,
        "Negative": 0.03693154826760292,
        "Neutral": 0.9595969915390015,
        "Mixed": 0.0017441759118810296
    }
}
