{
    "Sentiment": "NEUTRAL",
    "SentimentScore": {
        "Positive": 0.022285109385848045,
        "Negative": 0.385124534368515,
        "Neutral": 0.5535441637039185,
        "Mixed": 0.03904625028371811
    }
}
