{
    "Sentiment": "NEUTRAL",
    "SentimentScore": {
        "Positive": 0.011733789928257465,
        "Negative": 0.003589209634810686,
        "Neutral": 0.9837530851364136,
        "Mixed": 0.0009240485960617661
    }
}
