{
    "Sentiment": "NEUTRAL",
    "SentimentScore": {
        "Positive": 0.0009681922383606434,
        "Negative": 0.01084829680621624,
        "Neutral": 0.9875679016113281,
        "Mixed": 0.000615646771620959
    }
}
