{
    "Sentiment": "NEUTRAL",
    "SentimentScore": {
        "Positive": 0.12783482670783997,
        "Negative": 0.0012710554292425513,
        "Neutral": 0.8691117763519287,
        "Mixed": 0.0017823143862187862
    }
}
