{
    "Sentiment": "NEUTRAL",
    "SentimentScore": {
        "Positive": 0.006761203985661268,
        "Negative": 0.0064557804726064205,
        "Neutral": 0.9853846430778503,
        "Mixed": 0.0013983016833662987
    }
}
