{
    "Sentiment": "NEUTRAL",
    "SentimentScore": {
        "Positive": 0.006198856979608536,
        "Negative": 0.00938622560352087,
        "Neutral": 0.9837379455566406,
        "Mixed": 0.0006769683095626533
    }
}
