{
    "Sentiment": "NEUTRAL",
    "SentimentScore": {
        "Positive": 0.014446538873016834,
        "Negative": 0.04606445133686066,
        "Neutral": 0.9370530843734741,
        "Mixed": 0.002435940783470869
    }
}
