{
    "Sentiment": "NEUTRAL",
    "SentimentScore": {
        "Positive": 0.001376459957100451,
        "Negative": 0.08368703722953796,
        "Neutral": 0.9113032817840576,
        "Mixed": 0.003633178537711501
    }
}
