{
    "Sentiment": "NEUTRAL",
    "SentimentScore": {
        "Positive": 0.006815239321440458,
        "Negative": 0.00495871901512146,
        "Neutral": 0.9871259331703186,
        "Mixed": 0.0011001786915585399
    }
}
