{
    "Sentiment": "NEUTRAL",
    "SentimentScore": {
        "Positive": 0.003767061745747924,
        "Negative": 0.0046902927570044994,
        "Neutral": 0.9907637238502502,
        "Mixed": 0.000778913265094161
    }
}
