{
    "Sentiment": "NEUTRAL",
    "SentimentScore": {
        "Positive": 0.007149362005293369,
        "Negative": 0.019028978422284126,
        "Neutral": 0.9714077115058899,
        "Mixed": 0.002413886832073331
    }
}
