{
    "Sentiment": "NEUTRAL",
    "SentimentScore": {
        "Positive": 0.0028724237345159054,
        "Negative": 0.08576933294534683,
        "Neutral": 0.9070376753807068,
        "Mixed": 0.004320510663092136
    }
}
