{
    "Sentiment": "NEUTRAL",
    "SentimentScore": {
        "Positive": 0.011413225904107094,
        "Negative": 0.0726223886013031,
        "Neutral": 0.906089186668396,
        "Mixed": 0.009875242598354816
    }
}
