{
    "Sentiment": "NEUTRAL",
    "SentimentScore": {
        "Positive": 0.0030817235819995403,
        "Negative": 0.020656192675232887,
        "Neutral": 0.9729380011558533,
        "Mixed": 0.0033240646589547396
    }
}
