{
    "Sentiment": "POSITIVE",
    "SentimentScore": {
        "Positive": 0.9408454298973083,
        "Negative": 0.008451521396636963,
        "Neutral": 0.04303803667426109,
        "Mixed": 0.00766508374363184
    }
}
