{
    "Sentiment": "NEUTRAL",
    "SentimentScore": {
        "Positive": 0.005127138923853636,
        "Negative": 0.2579261362552643,
        "Neutral": 0.7293885350227356,
        "Mixed": 0.007558186538517475
    }
}
