{
    "Sentiment": "NEUTRAL",
    "SentimentScore": {
        "Positive": 0.005508631467819214,
        "Negative": 0.009978258982300758,
        "Neutral": 0.9835794568061829,
        "Mixed": 0.0009337331284768879
    }
}
