{
    "Sentiment": "NEUTRAL",
    "SentimentScore": {
        "Positive": 0.004842925816774368,
        "Negative": 0.10488872975111008,
        "Neutral": 0.8821015954017639,
        "Mixed": 0.008166746236383915
    }
}
