{
    "Sentiment": "NEUTRAL",
    "SentimentScore": {
        "Positive": 0.14390835165977478,
        "Negative": 0.2760924696922302,
        "Neutral": 0.5434526801109314,
        "Mixed": 0.0365464985370636
    }
}
