{
    "Sentiment": "NEUTRAL",
    "SentimentScore": {
        "Positive": 0.005328360013663769,
        "Negative": 0.0053461953066289425,
        "Neutral": 0.9887794256210327,
        "Mixed": 0.0005459638778120279
    }
}
