{
    "Sentiment": "NEUTRAL",
    "SentimentScore": {
        "Positive": 0.0025288378819823265,
        "Negative": 0.0329391174018383,
        "Neutral": 0.960727870464325,
        "Mixed": 0.0038042026571929455
    }
}
