{
    "Sentiment": "NEUTRAL",
    "SentimentScore": {
        "Positive": 0.1995261162519455,
        "Negative": 0.0066989087499678135,
        "Neutral": 0.7892909049987793,
        "Mixed": 0.004484130069613457
    }
}
