{
    "Sentiment": "NEUTRAL",
    "SentimentScore": {
        "Positive": 0.08692044764757156,
        "Negative": 0.0851861909031868,
        "Neutral": 0.7803785800933838,
        "Mixed": 0.04751483350992203
    }
}
