{
    "Sentiment": "NEUTRAL",
    "SentimentScore": {
        "Positive": 0.004302992485463619,
        "Negative": 0.30057334899902344,
        "Neutral": 0.6774362921714783,
        "Mixed": 0.01768738217651844
    }
}
