{
    "Sentiment": "NEUTRAL",
    "SentimentScore": {
        "Positive": 0.10993468761444092,
        "Negative": 0.051885250955820084,
        "Neutral": 0.8345502018928528,
        "Mixed": 0.0036298406776040792
    }
}
