{
    "Sentiment": "NEUTRAL",
    "SentimentScore": {
        "Positive": 0.0024273174349218607,
        "Negative": 0.037293870002031326,
        "Neutral": 0.9584442377090454,
        "Mixed": 0.0018346369033679366
    }
}
