{
    "Sentiment": "NEUTRAL",
    "SentimentScore": {
        "Positive": 0.11305584013462067,
        "Negative": 0.04759531468153,
        "Neutral": 0.8302165865898132,
        "Mixed": 0.00913233868777752
    }
}
