{
    "Sentiment": "NEUTRAL",
    "SentimentScore": {
        "Positive": 0.09484817832708359,
        "Negative": 0.05578656867146492,
        "Neutral": 0.7994691133499146,
        "Mixed": 0.04989609494805336
    }
}
