{
    "Sentiment": "NEUTRAL",
    "SentimentScore": {
        "Positive": 0.003012965666130185,
        "Negative": 0.3107006549835205,
        "Neutral": 0.6791410446166992,
        "Mixed": 0.007145360112190247
    }
}
