{
    "Sentiment": "NEUTRAL",
    "SentimentScore": {
        "Positive": 0.00859957467764616,
        "Negative": 0.0034400871954858303,
        "Neutral": 0.9869602918624878,
        "Mixed": 0.001000075601041317
    }
}
