{
    "Sentiment": "NEUTRAL",
    "SentimentScore": {
        "Positive": 0.01887471042573452,
        "Negative": 0.01881195232272148,
        "Neutral": 0.9566761255264282,
        "Mixed": 0.0056372289545834064
    }
}
