{
    "Sentiment": "NEUTRAL",
    "SentimentScore": {
        "Positive": 0.007374337408691645,
        "Negative": 0.002824004041031003,
        "Neutral": 0.9893556237220764,
        "Mixed": 0.00044601934496313334
    }
}
