{
    "Sentiment": "NEUTRAL",
    "SentimentScore": {
        "Positive": 0.0028584713581949472,
        "Negative": 0.025300566107034683,
        "Neutral": 0.9687770009040833,
        "Mixed": 0.0030639558099210262
    }
}
