{
    "Sentiment": "NEUTRAL",
    "SentimentScore": {
        "Positive": 0.01802181638777256,
        "Negative": 0.014532310888171196,
        "Neutral": 0.9638930559158325,
        "Mixed": 0.003552825655788183
    }
}
