{
    "Sentiment": "NEUTRAL",
    "SentimentScore": {
        "Positive": 0.07520825415849686,
        "Negative": 0.009991318918764591,
        "Neutral": 0.9102059006690979,
        "Mixed": 0.004594544880092144
    }
}
