{
    "Sentiment": "NEUTRAL",
    "SentimentScore": {
        "Positive": 0.36310380697250366,
        "Negative": 0.016497207805514336,
        "Neutral": 0.4808586537837982,
        "Mixed": 0.1395404189825058
    }
}
