{
    "Sentiment": "NEGATIVE",
    "SentimentScore": {
        "Positive": 0.045410316437482834,
        "Negative": 0.6671966314315796,
        "Neutral": 0.2744002938270569,
        "Mixed": 0.01299278438091278
    }
}
