{
    "Sentiment": "NEUTRAL",
    "SentimentScore": {
        "Positive": 0.006171637214720249,
        "Negative": 0.2516847848892212,
        "Neutral": 0.7289811968803406,
        "Mixed": 0.013162387534976006
    }
}
