{
    "Sentiment": "POSITIVE",
    "SentimentScore": {
        "Positive": 0.6697373986244202,
        "Negative": 0.0017553695943206549,
        "Neutral": 0.3262154757976532,
        "Mixed": 0.0022918616887181997
    }
}
