{
    "Sentiment": "NEUTRAL",
    "SentimentScore": {
        "Positive": 0.010101244784891605,
        "Negative": 0.1269625872373581,
        "Neutral": 0.855368971824646,
        "Mixed": 0.007567157037556171
    }
}
