{
    "Sentiment": "NEUTRAL",
    "SentimentScore": {
        "Positive": 0.0065298257395625114,
        "Negative": 0.04333651438355446,
        "Neutral": 0.9430366158485413,
        "Mixed": 0.007097017485648394
    }
}
