{
    "Sentiment": "NEUTRAL",
    "SentimentScore": {
        "Positive": 0.034202951937913895,
        "Negative": 0.1561724841594696,
        "Neutral": 0.7823047637939453,
        "Mixed": 0.027319705113768578
    }
}
