{
    "Sentiment": "NEUTRAL",
    "SentimentScore": {
        "Positive": 0.01753518357872963,
        "Negative": 0.007762327790260315,
        "Neutral": 0.9720999002456665,
        "Mixed": 0.0026024554390460253
    }
}
