{
    "Sentiment": "NEUTRAL",
    "SentimentScore": {
        "Positive": 0.004303713794797659,
        "Negative": 0.010108405724167824,
        "Neutral": 0.9839684963226318,
        "Mixed": 0.0016193805495277047
    }
}
