{
    "Sentiment": "NEUTRAL",
    "SentimentScore": {
        "Positive": 0.1584627777338028,
        "Negative": 0.12514065206050873,
        "Neutral": 0.543313205242157,
        "Mixed": 0.17308339476585388
    }
}
