{
    "Sentiment": "NEUTRAL",
    "SentimentScore": {
        "Positive": 0.10035865753889084,
        "Negative": 0.03647373616695404,
        "Neutral": 0.8458476662635803,
        "Mixed": 0.017320016399025917
    }
}
