{
    "Sentiment": "NEUTRAL",
    "SentimentScore": {
        "Positive": 0.0037215701304376125,
        "Negative": 0.01955544948577881,
        "Neutral": 0.9743106365203857,
        "Mixed": 0.0024123848415911198
    }
}
