{
    "Sentiment": "NEUTRAL",
    "SentimentScore": {
        "Positive": 0.00540298642590642,
        "Negative": 0.0023103910498321056,
        "Neutral": 0.9919319748878479,
        "Mixed": 0.0003546693187672645
    }
}
