{
    "Sentiment": "NEUTRAL",
    "SentimentScore": {
        "Positive": 0.007245788350701332,
        "Negative": 0.18124547600746155,
        "Neutral": 0.7888843417167664,
        "Mixed": 0.02262444980442524
    }
}
