{
    "Sentiment": "NEUTRAL",
    "SentimentScore": {
        "Positive": 0.0024404407013207674,
        "Negative": 0.013195709325373173,
        "Neutral": 0.9835145473480225,
        "Mixed": 0.0008492711349390447
    }
}
