{
    "Sentiment": "NEUTRAL",
    "SentimentScore": {
        "Positive": 0.014214366674423218,
        "Negative": 0.04496175795793533,
        "Neutral": 0.9326931834220886,
        "Mixed": 0.008130657486617565
    }
}
