{
    "Sentiment": "NEUTRAL",
    "SentimentScore": {
        "Positive": 0.4428173303604126,
        "Negative": 0.00414938572794199,
        "Neutral": 0.5493065714836121,
        "Mixed": 0.0037267410662025213
    }
}
