{
    "Sentiment": "NEUTRAL",
    "SentimentScore": {
        "Positive": 0.0042571197263896465,
        "Negative": 0.07892047613859177,
        "Neutral": 0.9124724864959717,
        "Mixed": 0.004349890165030956
    }
}
