{
    "Sentiment": "NEUTRAL",
    "SentimentScore": {
        "Positive": 0.04187082126736641,
        "Negative": 0.10424522310495377,
        "Neutral": 0.845146656036377,
        "Mixed": 0.008737321011722088
    }
}
