{
    "Sentiment": "NEUTRAL",
    "SentimentScore": {
        "Positive": 0.001419338397681713,
        "Negative": 0.010910358279943466,
        "Neutral": 0.986844003200531,
        "Mixed": 0.0008263440104201436
    }
}
