{
    "Sentiment": "NEUTRAL",
    "SentimentScore": {
        "Positive": 0.01620507799088955,
        "Negative": 0.026581913232803345,
        "Neutral": 0.9524911642074585,
        "Mixed": 0.004721765406429768
    }
}
