{
    "Sentiment": "NEUTRAL",
    "SentimentScore": {
        "Positive": 0.0024466877803206444,
        "Negative": 0.002835939871147275,
        "Neutral": 0.9943676590919495,
        "Mixed": 0.0003496358694974333
    }
}
