{
    "Sentiment": "NEUTRAL",
    "SentimentScore": {
        "Positive": 0.0647832453250885,
        "Negative": 0.29650360345840454,
        "Neutral": 0.6176212430000305,
        "Mixed": 0.021091926842927933
    }
}
