{
    "Sentiment": "NEUTRAL",
    "SentimentScore": {
        "Positive": 0.0023426241241395473,
        "Negative": 0.10244394093751907,
        "Neutral": 0.8908035755157471,
        "Mixed": 0.0044098771177232265
    }
}
