{
    "Sentiment": "NEUTRAL",
    "SentimentScore": {
        "Positive": 0.0019219978712499142,
        "Negative": 0.003194961231201887,
        "Neutral": 0.9945552349090576,
        "Mixed": 0.00032783581991679966
    }
}
