{
    "Sentiment": "NEUTRAL",
    "SentimentScore": {
        "Positive": 0.2719949185848236,
        "Negative": 0.042275264859199524,
        "Neutral": 0.6244635581970215,
        "Mixed": 0.06126633659005165
    }
}
