{
    "Sentiment": "NEUTRAL",
    "SentimentScore": {
        "Positive": 0.002030976116657257,
        "Negative": 0.058536142110824585,
        "Neutral": 0.9375684857368469,
        "Mixed": 0.0018643729854375124
    }
}
