{
    "Sentiment": "NEUTRAL",
    "SentimentScore": {
        "Positive": 0.2412133514881134,
        "Negative": 0.006532089784741402,
        "Neutral": 0.7495673298835754,
        "Mixed": 0.002687255386263132
    }
}
