{
    "Sentiment": "NEUTRAL",
    "SentimentScore": {
        "Positive": 0.05633681267499924,
        "Negative": 0.16173751652240753,
        "Neutral": 0.7132853865623474,
        "Mixed": 0.06864020228385925
    }
}
