{
    "Sentiment": "NEUTRAL",
    "SentimentScore": {
        "Positive": 0.004354423843324184,
        "Negative": 0.06576147675514221,
        "Neutral": 0.9234057068824768,
        "Mixed": 0.006478427443653345
    }
}
