{
    "Sentiment": "NEUTRAL",
    "SentimentScore": {
        "Positive": 0.002016370417550206,
        "Negative": 0.020501159131526947,
        "Neutral": 0.9760043621063232,
        "Mixed": 0.0014781132340431213
    }
}
