{
    "Sentiment": "NEUTRAL",
    "SentimentScore": {
        "Positive": 0.022726012393832207,
        "Negative": 0.04923984035849571,
        "Neutral": 0.9191704988479614,
        "Mixed": 0.008863658644258976
    }
}
