{
    "Sentiment": "NEUTRAL",
    "SentimentScore": {
        "Positive": 0.009292994625866413,
        "Negative": 0.07455536723136902,
        "Neutral": 0.9109559655189514,
        "Mixed": 0.005195729900151491
    }
}
