{
    "Sentiment": "NEUTRAL",
    "SentimentScore": {
        "Positive": 0.02599974535405636,
        "Negative": 0.01221545971930027,
        "Neutral": 0.9562683701515198,
        "Mixed": 0.005516350734978914
    }
}
