{
    "Sentiment": "NEUTRAL",
    "SentimentScore": {
        "Positive": 0.007342900615185499,
        "Negative": 0.045290641486644745,
        "Neutral": 0.9440276622772217,
        "Mixed": 0.0033388554584234953
    }
}
