{
    "Sentiment": "NEUTRAL",
    "SentimentScore": {
        "Positive": 0.014807268045842648,
        "Negative": 0.06808948516845703,
        "Neutral": 0.905517578125,
        "Mixed": 0.011585628613829613
    }
}
