{
    "Sentiment": "NEUTRAL",
    "SentimentScore": {
        "Positive": 0.03306550905108452,
        "Negative": 0.01620369777083397,
        "Neutral": 0.9473633766174316,
        "Mixed": 0.0033674100413918495
    }
}
