{
    "Sentiment": "NEUTRAL",
    "SentimentScore": {
        "Positive": 0.029231581836938858,
        "Negative": 0.26107895374298096,
        "Neutral": 0.6546333432197571,
        "Mixed": 0.055056095123291016
    }
}
