{
    "Sentiment": "NEUTRAL",
    "SentimentScore": {
        "Positive": 0.00396167766302824,
        "Negative": 0.012702686712145805,
        "Neutral": 0.9820014834403992,
        "Mixed": 0.0013341743033379316
    }
}
