{
    "Sentiment": "NEUTRAL",
    "SentimentScore": {
        "Positive": 0.08420378714799881,
        "Negative": 0.03527848795056343,
        "Neutral": 0.8743142485618591,
        "Mixed": 0.006203426513820887
    }
}
