{
    "Sentiment": "NEUTRAL",
    "SentimentScore": {
        "Positive": 0.013550302013754845,
        "Negative": 0.1643664687871933,
        "Neutral": 0.8089365363121033,
        "Mixed": 0.013146667741239071
    }
}
