{
    "Sentiment": "NEUTRAL",
    "SentimentScore": {
        "Positive": 0.048351384699344635,
        "Negative": 0.051900267601013184,
        "Neutral": 0.8894703388214111,
        "Mixed": 0.01027800515294075
    }
}
