{
    "Sentiment": "NEUTRAL",
    "SentimentScore": {
        "Positive": 0.006962475832551718,
        "Negative": 0.04588785767555237,
        "Neutral": 0.9433760046958923,
        "Mixed": 0.0037736997473984957
    }
}
