{
    "Sentiment": "NEUTRAL",
    "SentimentScore": {
        "Positive": 0.010072280652821064,
        "Negative": 0.012233683839440346,
        "Neutral": 0.9749814867973328,
        "Mixed": 0.0027126334607601166
    }
}
