{
    "Sentiment": "NEGATIVE",
    "SentimentScore": {
        "Positive": 0.012638876214623451,
        "Negative": 0.5726656317710876,
        "Neutral": 0.36233070492744446,
        "Mixed": 0.05236479640007019
    }
}
