{
    "Sentiment": "NEUTRAL",
    "SentimentScore": {
        "Positive": 0.003171948716044426,
        "Negative": 0.0033471924252808094,
        "Neutral": 0.9929925203323364,
        "Mixed": 0.0004883928340859711
    }
}
