{
    "Sentiment": "NEUTRAL",
    "SentimentScore": {
        "Positive": 0.0063661555759608746,
        "Negative": 0.023173311725258827,
        "Neutral": 0.9682329893112183,
        "Mixed": 0.0022275410592556
    }
}
