{
    "Sentiment": "NEUTRAL",
    "SentimentScore": {
        "Positive": 0.00789167732000351,
        "Negative": 0.020758891478180885,
        "Neutral": 0.9669952988624573,
        "Mixed": 0.004354166332632303
    }
}
