{
    "Sentiment": "NEUTRAL",
    "SentimentScore": {
        "Positive": 0.00584682310000062,
        "Negative": 0.0032860792707651854,
        "Neutral": 0.9903964996337891,
        "Mixed": 0.0004706002655439079
    }
}
