{
    "Sentiment": "NEUTRAL",
    "SentimentScore": {
        "Positive": 0.02867891639471054,
        "Negative": 0.0016497006872668862,
        "Neutral": 0.9688171744346619,
        "Mixed": 0.0008541423012502491
    }
}
