{
    "Sentiment": "NEUTRAL",
    "SentimentScore": {
        "Positive": 0.02695772796869278,
        "Negative": 0.012840015813708305,
        "Neutral": 0.9550766348838806,
        "Mixed": 0.005125630181282759
    }
}
