{
    "Sentiment": "NEGATIVE",
    "SentimentScore": {
        "Positive": 0.035242676734924316,
        "Negative": 0.4850228428840637,
        "Neutral": 0.4508039951324463,
        "Mixed": 0.02893037348985672
    }
}
