{
    "Sentiment": "NEUTRAL",
    "SentimentScore": {
        "Positive": 0.01894434168934822,
        "Negative": 0.18341320753097534,
        "Neutral": 0.7821874618530273,
        "Mixed": 0.015454874373972416
    }
}
