{
    "Sentiment": "NEUTRAL",
    "SentimentScore": {
        "Positive": 0.017063971608877182,
        "Negative": 0.008335340768098831,
        "Neutral": 0.9727359414100647,
        "Mixed": 0.0018647215329110622
    }
}
