{
    "Sentiment": "NEUTRAL",
    "SentimentScore": {
        "Positive": 0.03469899669289589,
        "Negative": 0.09676862508058548,
        "Neutral": 0.8449128270149231,
        "Mixed": 0.02361961081624031
    }
}
