{
    "Sentiment": "NEUTRAL",
    "SentimentScore": {
        "Positive": 0.02451404184103012,
        "Negative": 0.010295961983501911,
        "Neutral": 0.9640638828277588,
        "Mixed": 0.001126168412156403
    }
}
