{
    "Sentiment": "NEUTRAL",
    "SentimentScore": {
        "Positive": 0.007246336899697781,
        "Negative": 0.04376998171210289,
        "Neutral": 0.9441713094711304,
        "Mixed": 0.004812357947230339
    }
}
