{
    "Sentiment": "NEUTRAL",
    "SentimentScore": {
        "Positive": 0.07720303535461426,
        "Negative": 0.013868511654436588,
        "Neutral": 0.9056814312934875,
        "Mixed": 0.0032471066806465387
    }
}
