{
    "Sentiment": "NEUTRAL",
    "SentimentScore": {
        "Positive": 0.004685124382376671,
        "Negative": 0.0054887267760932446,
        "Neutral": 0.9888196587562561,
        "Mixed": 0.0010065741371363401
    }
}
