{
    "Sentiment": "NEUTRAL",
    "SentimentScore": {
        "Positive": 0.04173778370022774,
        "Negative": 0.0013781760353595018,
        "Neutral": 0.9560163021087646,
        "Mixed": 0.0008677270961925387
    }
}
