{
    "Sentiment": "NEUTRAL",
    "SentimentScore": {
        "Positive": 0.006124839652329683,
        "Negative": 0.02186722494661808,
        "Neutral": 0.9702717661857605,
        "Mixed": 0.0017361027421429753
    }
}
