{
    "Sentiment": "NEUTRAL",
    "SentimentScore": {
        "Positive": 0.022956280037760735,
        "Negative": 0.008409678004682064,
        "Neutral": 0.9671941995620728,
        "Mixed": 0.0014398464700207114
    }
}
