{
    "Sentiment": "NEUTRAL",
    "SentimentScore": {
        "Positive": 0.003365457057952881,
        "Negative": 0.0017473060870543122,
        "Neutral": 0.9944900274276733,
        "Mixed": 0.0003971420810557902
    }
}
