{
    "Sentiment": "NEUTRAL",
    "SentimentScore": {
        "Positive": 0.003808142151683569,
        "Negative": 0.058385416865348816,
        "Neutral": 0.933493435382843,
        "Mixed": 0.004313001874834299
    }
}
