{
    "Sentiment": "NEUTRAL",
    "SentimentScore": {
        "Positive": 0.016325144097208977,
        "Negative": 0.0031181382946670055,
        "Neutral": 0.979470431804657,
        "Mixed": 0.0010862431954592466
    }
}
