{
    "Sentiment": "NEUTRAL",
    "SentimentScore": {
        "Positive": 0.003616559086367488,
        "Negative": 0.0026016945485025644,
        "Neutral": 0.9933083057403564,
        "Mixed": 0.00047342912876047194
    }
}
