{
    "Sentiment": "NEUTRAL",
    "SentimentScore": {
        "Positive": 0.060450684279203415,
        "Negative": 0.014193632639944553,
        "Neutral": 0.910804033279419,
        "Mixed": 0.014551650732755661
    }
}
