{
    "Sentiment": "NEUTRAL",
    "SentimentScore": {
        "Positive": 0.0026816187892109156,
        "Negative": 0.013029833324253559,
        "Neutral": 0.9833831191062927,
        "Mixed": 0.0009054740658029914
    }
}
