{
    "Sentiment": "NEUTRAL",
    "SentimentScore": {
        "Positive": 0.0026543913409113884,
        "Negative": 0.04397937282919884,
        "Neutral": 0.9513686299324036,
        "Mixed": 0.0019976524636149406
    }
}
