{
    "Sentiment": "NEUTRAL",
    "SentimentScore": {
        "Positive": 0.011783741414546967,
        "Negative": 0.007180229295045137,
        "Neutral": 0.9790675640106201,
        "Mixed": 0.001968504162505269
    }
}
