{
    "Sentiment": "NEUTRAL",
    "SentimentScore": {
        "Positive": 0.1733895242214203,
        "Negative": 0.004390705842524767,
        "Neutral": 0.8158919811248779,
        "Mixed": 0.00632774643599987
    }
}
