{
    "Sentiment": "NEUTRAL",
    "SentimentScore": {
        "Positive": 0.007888316176831722,
        "Negative": 0.0034048808738589287,
        "Neutral": 0.9881464242935181,
        "Mixed": 0.0005603635800071061
    }
}
