{
    "Sentiment": "NEUTRAL",
    "SentimentScore": {
        "Positive": 0.01800503395497799,
        "Negative": 0.012877432629466057,
        "Neutral": 0.9649098515510559,
        "Mixed": 0.0042076935060322285
    }
}
