{
    "Sentiment": "NEGATIVE",
    "SentimentScore": {
        "Positive": 0.012172715738415718,
        "Negative": 0.633090615272522,
        "Neutral": 0.3175567388534546,
        "Mixed": 0.03717992454767227
    }
}
