{
    "Sentiment": "NEUTRAL",
    "SentimentScore": {
        "Positive": 0.042542897164821625,
        "Negative": 0.01592525653541088,
        "Neutral": 0.9345071315765381,
        "Mixed": 0.007024632301181555
    }
}
