{
    "Sentiment": "NEUTRAL",
    "SentimentScore": {
        "Positive": 0.02977563999593258,
        "Negative": 0.08293953537940979,
        "Neutral": 0.8472112417221069,
        "Mixed": 0.040073610842227936
    }
}
