{
    "Sentiment": "NEUTRAL",
    "SentimentScore": {
        "Positive": 0.009360110387206078,
        "Negative": 0.007449010387063026,
        "Neutral": 0.9820501804351807,
        "Mixed": 0.001140687963925302
    }
}
