{
    "Sentiment": "POSITIVE",
    "SentimentScore": {
        "Positive": 0.5897868275642395,
        "Negative": 0.006715619470924139,
        "Neutral": 0.3117706775665283,
        "Mixed": 0.0917268693447113
    }
}
