{
    "Sentiment": "NEUTRAL",
    "SentimentScore": {
        "Positive": 0.2653219997882843,
        "Negative": 0.017892584204673767,
        "Neutral": 0.7042359709739685,
        "Mixed": 0.012549443170428276
    }
}
