{
    "Sentiment": "NEUTRAL",
    "SentimentScore": {
        "Positive": 0.002151658060029149,
        "Negative": 0.005983110051602125,
        "Neutral": 0.9910563230514526,
        "Mixed": 0.0008089590701274574
    }
}
