{
    "Sentiment": "NEUTRAL",
    "SentimentScore": {
        "Positive": 0.15487374365329742,
        "Negative": 0.00405950378626585,
        "Neutral": 0.838388979434967,
        "Mixed": 0.002677823882550001
    }
}
