{
    "Sentiment": "NEUTRAL",
    "SentimentScore": {
        "Positive": 0.011993548832833767,
        "Negative": 0.005437600892037153,
        "Neutral": 0.9818150401115417,
        "Mixed": 0.000753875239752233
    }
}
