{
    "Sentiment": "NEUTRAL",
    "SentimentScore": {
        "Positive": 0.025411561131477356,
        "Negative": 0.021281125023961067,
        "Neutral": 0.9470494389533997,
        "Mixed": 0.006257931236177683
    }
}
