{
    "Sentiment": "NEUTRAL",
    "SentimentScore": {
        "Positive": 0.0035891456063836813,
        "Negative": 0.1354253739118576,
        "Neutral": 0.8536313772201538,
        "Mixed": 0.007354166358709335
    }
}
