{
    "Sentiment": "POSITIVE",
    "SentimentScore": {
        "Positive": 0.9201451539993286,
        "Negative": 0.0017116082599386573,
        "Neutral": 0.06549321860074997,
        "Mixed": 0.01265005860477686
    }
}
