{
    "Sentiment": "NEUTRAL",
    "SentimentScore": {
        "Positive": 0.01799907721579075,
        "Negative": 0.08091842383146286,
        "Neutral": 0.8865192532539368,
        "Mixed": 0.014563157223165035
    }
}
