{
    "Sentiment": "NEUTRAL",
    "SentimentScore": {
        "Positive": 0.004444207530468702,
        "Negative": 0.14788423478603363,
        "Neutral": 0.8373058438301086,
        "Mixed": 0.010365706868469715
    }
}
