{
    "Sentiment": "NEUTRAL",
    "SentimentScore": {
        "Positive": 0.009556928649544716,
        "Negative": 0.025089900940656662,
        "Neutral": 0.9619373083114624,
        "Mixed": 0.0034158823546022177
    }
}
