{
    "Sentiment": "NEUTRAL",
    "SentimentScore": {
        "Positive": 0.004046919755637646,
        "Negative": 0.03989646956324577,
        "Neutral": 0.9541987180709839,
        "Mixed": 0.0018578567542135715
    }
}
