{
    "Sentiment": "POSITIVE",
    "SentimentScore": {
        "Positive": 0.6519419550895691,
        "Negative": 0.027796708047389984,
        "Neutral": 0.21928192675113678,
        "Mixed": 0.10097937285900116
    }
}
