{
    "Sentiment": "NEGATIVE",
    "SentimentScore": {
        "Positive": 0.11534786224365234,
        "Negative": 0.43935155868530273,
        "Neutral": 0.35825809836387634,
        "Mixed": 0.08704250305891037
    }
}
