{
    "Sentiment": "NEUTRAL",
    "SentimentScore": {
        "Positive": 0.003523652907460928,
        "Negative": 0.0007758464198559523,
        "Neutral": 0.995460569858551,
        "Mixed": 0.00023990837507881224
    }
}
