{
    "Sentiment": "NEUTRAL",
    "SentimentScore": {
        "Positive": 0.0012700548395514488,
        "Negative": 0.12218131870031357,
        "Neutral": 0.8733118772506714,
        "Mixed": 0.003236668184399605
    }
}
