{
    "Sentiment": "NEUTRAL",
    "SentimentScore": {
        "Positive": 0.012382001616060734,
        "Negative": 0.07378119230270386,
        "Neutral": 0.9088517427444458,
        "Mixed": 0.004985061939805746
    }
}
