{
    "Sentiment": "NEUTRAL",
    "SentimentScore": {
        "Positive": 0.029548896476626396,
        "Negative": 0.017553050071001053,
        "Neutral": 0.9469828605651855,
        "Mixed": 0.00591512443497777
    }
}
