{
    "Sentiment": "NEUTRAL",
    "SentimentScore": {
        "Positive": 0.1525733470916748,
        "Negative": 0.02351323515176773,
        "Neutral": 0.8124101161956787,
        "Mixed": 0.011503315530717373
    }
}
