{
    "Sentiment": "NEUTRAL",
    "SentimentScore": {
        "Positive": 0.06433654576539993,
        "Negative": 0.017072094604372978,
        "Neutral": 0.9002295136451721,
        "Mixed": 0.01836187019944191
    }
}
