{
    "Sentiment": "NEUTRAL",
    "SentimentScore": {
        "Positive": 0.04205891117453575,
        "Negative": 0.010760330595076084,
        "Neutral": 0.9445380568504333,
        "Mixed": 0.0026426799595355988
    }
}
