{
    "Sentiment": "NEUTRAL",
    "SentimentScore": {
        "Positive": 0.01239772792905569,
        "Negative": 0.0065575879998505116,
        "Neutral": 0.9776444435119629,
        "Mixed": 0.003400237765163183
    }
}
