{
    "Sentiment": "NEUTRAL",
    "SentimentScore": {
        "Positive": 0.0024408737663179636,
        "Negative": 0.05001308023929596,
        "Neutral": 0.9461119771003723,
        "Mixed": 0.0014341044006869197
    }
}
