{
    "Sentiment": "NEUTRAL",
    "SentimentScore": {
        "Positive": 0.007437856402248144,
        "Negative": 0.052188578993082047,
        "Neutral": 0.9345694184303284,
        "Mixed": 0.005804217886179686
    }
}
