{
    "Sentiment": "NEUTRAL",
    "SentimentScore": {
        "Positive": 0.002089714165776968,
        "Negative": 0.001247219741344452,
        "Neutral": 0.9964774250984192,
        "Mixed": 0.00018564486526884139
    }
}
