{
    "Sentiment": "NEGATIVE",
    "SentimentScore": {
        "Positive": 0.009156448766589165,
        "Negative": 0.4932047128677368,
        "Neutral": 0.4725812077522278,
        "Mixed": 0.025057654827833176
    }
}
