{
    "Sentiment": "NEUTRAL",
    "SentimentScore": {
        "Positive": 0.02634771727025509,
        "Negative": 0.062099456787109375,
        "Neutral": 0.9029500484466553,
        "Mixed": 0.008602781221270561
    }
}
