{
    "Sentiment": "NEUTRAL",
    "SentimentScore": {
        "Positive": 0.0016663424903526902,
        "Negative": 0.04768933355808258,
        "Neutral": 0.9474585056304932,
        "Mixed": 0.0031858545262366533
    }
}
