{
    "Sentiment": "NEUTRAL",
    "SentimentScore": {
        "Positive": 0.09594249725341797,
        "Negative": 0.009599095210433006,
        "Neutral": 0.8898047208786011,
        "Mixed": 0.004653762560337782
    }
}
