{
    "Sentiment": "NEUTRAL",
    "SentimentScore": {
        "Positive": 0.005022668279707432,
        "Negative": 0.003039724426344037,
        "Neutral": 0.9915450811386108,
        "Mixed": 0.0003925692290067673
    }
}
