{
    "Sentiment": "NEUTRAL",
    "SentimentScore": {
        "Positive": 0.05976143106818199,
        "Negative": 0.016810284927487373,
        "Neutral": 0.9102457165718079,
        "Mixed": 0.013182565569877625
    }
}
