{
    "Sentiment": "POSITIVE",
    "SentimentScore": {
        "Positive": 0.8786114454269409,
        "Negative": 0.0015979490708559752,
        "Neutral": 0.11492175608873367,
        "Mixed": 0.004868768155574799
    }
}
