{
    "Sentiment": "NEUTRAL",
    "SentimentScore": {
        "Positive": 0.0031509813852608204,
        "Negative": 0.000867342168930918,
        "Neutral": 0.995772659778595,
        "Mixed": 0.0002090937487082556
    }
}
