{
    "Sentiment": "NEUTRAL",
    "SentimentScore": {
        "Positive": 0.22201871871948242,
        "Negative": 0.015925941988825798,
        "Neutral": 0.7572101950645447,
        "Mixed": 0.004845134913921356
    }
}
