{
    "Sentiment": "NEUTRAL",
    "SentimentScore": {
        "Positive": 0.009403876028954983,
        "Negative": 0.1666819453239441,
        "Neutral": 0.8165968656539917,
        "Mixed": 0.007317337207496166
    }
}
