{
    "Sentiment": "NEUTRAL",
    "SentimentScore": {
        "Positive": 0.012451839633286,
        "Negative": 0.013961399905383587,
        "Neutral": 0.9717740416526794,
        "Mixed": 0.001812717760913074
    }
}
