{
    "Sentiment": "NEUTRAL",
    "SentimentScore": {
        "Positive": 0.11432108283042908,
        "Negative": 0.012679765932261944,
        "Neutral": 0.868124783039093,
        "Mixed": 0.004874440375715494
    }
}
