{
    "Sentiment": "NEUTRAL",
    "SentimentScore": {
        "Positive": 0.004336514975875616,
        "Negative": 0.10278245061635971,
        "Neutral": 0.88584965467453,
        "Mixed": 0.0070313881151378155
    }
}
