{
    "Sentiment": "NEUTRAL",
    "SentimentScore": {
        "Positive": 0.009834364987909794,
        "Negative": 0.17047417163848877,
        "Neutral": 0.8026238679885864,
        "Mixed": 0.017067650333046913
    }
}
