{
    "Sentiment": "NEUTRAL",
    "SentimentScore": {
        "Positive": 0.028289970010519028,
        "Negative": 0.007191442418843508,
        "Neutral": 0.9628069996833801,
        "Mixed": 0.0017115987138822675
    }
}
