{
    "Sentiment": "NEUTRAL",
    "SentimentScore": {
        "Positive": 0.006584509275853634,
        "Negative": 0.00986055750399828,
        "Neutral": 0.9820709824562073,
        "Mixed": 0.0014839262003079057
    }
}
