{
    "Sentiment": "NEUTRAL",
    "SentimentScore": {
        "Positive": 0.006459412164986134,
        "Negative": 0.3455457091331482,
        "Neutral": 0.6379453539848328,
        "Mixed": 0.010049490258097649
    }
}
