{
    "Sentiment": "POSITIVE",
    "SentimentScore": {
        "Positive": 0.8519952297210693,
        "Negative": 0.007700541988015175,
        "Neutral": 0.12112084776163101,
        "Mixed": 0.019183481112122536
    }
}
