{
    "Sentiment": "NEUTRAL",
    "SentimentScore": {
        "Positive": 0.004753682762384415,
        "Negative": 0.032308727502822876,
        "Neutral": 0.9606949687004089,
        "Mixed": 0.002242661314085126
    }
}
