{
    "Sentiment": "NEUTRAL",
    "SentimentScore": {
        "Positive": 0.014410246163606644,
        "Negative": 0.010592743754386902,
        "Neutral": 0.9730076193809509,
        "Mixed": 0.001989374402910471
    }
}
