{
    "Sentiment": "NEUTRAL",
    "SentimentScore": {
        "Positive": 0.07888787984848022,
        "Negative": 0.026865370571613312,
        "Neutral": 0.8870021104812622,
        "Mixed": 0.007244638167321682
    }
}
