{
    "Sentiment": "NEUTRAL",
    "SentimentScore": {
        "Positive": 0.00722315302118659,
        "Negative": 0.3671484887599945,
        "Neutral": 0.6126391291618347,
        "Mixed": 0.01298923883587122
    }
}
