{
    "Sentiment": "NEUTRAL",
    "SentimentScore": {
        "Positive": 0.005933009088039398,
        "Negative": 0.0018318324582651258,
        "Neutral": 0.9919021725654602,
        "Mixed": 0.00033293338492512703
    }
}
