{
    "Sentiment": "NEUTRAL",
    "SentimentScore": {
        "Positive": 0.001656410750001669,
        "Negative": 0.06707173585891724,
        "Neutral": 0.927960216999054,
        "Mixed": 0.003311726963147521
    }
}
