{
    "Sentiment": "NEUTRAL",
    "SentimentScore": {
        "Positive": 0.0031237320508807898,
        "Negative": 0.05197533965110779,
        "Neutral": 0.9395008683204651,
        "Mixed": 0.005400004796683788
    }
}
