{
    "Sentiment": "NEUTRAL",
    "SentimentScore": {
        "Positive": 0.027656694874167442,
        "Negative": 0.3616076409816742,
        "Neutral": 0.5801059007644653,
        "Mixed": 0.030629750341176987
    }
}
