{
    "Sentiment": "NEUTRAL",
    "SentimentScore": {
        "Positive": 0.3988139033317566,
        "Negative": 0.002385438419878483,
        "Neutral": 0.5948575139045715,
        "Mixed": 0.003943194635212421
    }
}
