{
    "Sentiment": "NEUTRAL",
    "SentimentScore": {
        "Positive": 0.006997451651841402,
        "Negative": 0.11978878080844879,
        "Neutral": 0.8620365858078003,
        "Mixed": 0.011177193373441696
    }
}
