{
    "Sentiment": "NEUTRAL",
    "SentimentScore": {
        "Positive": 0.07562044262886047,
        "Negative": 0.0037324305158108473,
        "Neutral": 0.917460560798645,
        "Mixed": 0.0031866158824414015
    }
}
