{
    "Sentiment": "NEUTRAL",
    "SentimentScore": {
        "Positive": 0.0409981831908226,
        "Negative": 0.016818786039948463,
        "Neutral": 0.9314833283424377,
        "Mixed": 0.010699775069952011
    }
}
