{
    "Sentiment": "NEUTRAL",
    "SentimentScore": {
        "Positive": 0.0320352241396904,
        "Negative": 0.06384681910276413,
        "Neutral": 0.9000750780105591,
        "Mixed": 0.004042808432132006
    }
}
