{
    "Sentiment": "NEUTRAL",
    "SentimentScore": {
        "Positive": 0.013653605245053768,
        "Negative": 0.0071060433983802795,
        "Neutral": 0.978300154209137,
        "Mixed": 0.0009401927818544209
    }
}
