{
    "Sentiment": "POSITIVE",
    "SentimentScore": {
        "Positive": 0.7166734337806702,
        "Negative": 0.05502014979720116,
        "Neutral": 0.19697633385658264,
        "Mixed": 0.03133007138967514
    }
}
