{
    "Sentiment": "NEUTRAL",
    "SentimentScore": {
        "Positive": 0.009723355062305927,
        "Negative": 0.0003376909007783979,
        "Neutral": 0.9897031188011169,
        "Mixed": 0.00023585620510857552
    }
}
