{
    "Sentiment": "NEUTRAL",
    "SentimentScore": {
        "Positive": 0.023982256650924683,
        "Negative": 0.008753716014325619,
        "Neutral": 0.9652138352394104,
        "Mixed": 0.002050125738605857
    }
}
