{
    "Sentiment": "NEUTRAL",
    "SentimentScore": {
        "Positive": 0.01412950735539198,
        "Negative": 0.005493502598255873,
        "Neutral": 0.9790986776351929,
        "Mixed": 0.0012782482663169503
    }
}
