{
    "Sentiment": "NEUTRAL",
    "SentimentScore": {
        "Positive": 0.09373650699853897,
        "Negative": 0.02067418396472931,
        "Neutral": 0.8697435855865479,
        "Mixed": 0.015845786780118942
    }
}
