{
    "Sentiment": "NEUTRAL",
    "SentimentScore": {
        "Positive": 0.021469704806804657,
        "Negative": 0.23736032843589783,
        "Neutral": 0.709679365158081,
        "Mixed": 0.03149059787392616
    }
}
