{
    "Sentiment": "NEUTRAL",
    "SentimentScore": {
        "Positive": 0.0015378255629912019,
        "Negative": 0.01784861832857132,
        "Neutral": 0.9795605540275574,
        "Mixed": 0.00105293991509825
    }
}
