{
    "Sentiment": "NEUTRAL",
    "SentimentScore": {
        "Positive": 0.16077667474746704,
        "Negative": 0.009186090901494026,
        "Neutral": 0.8115496635437012,
        "Mixed": 0.018487559631466866
    }
}
