{
    "Sentiment": "POSITIVE",
    "SentimentScore": {
        "Positive": 0.6094032526016235,
        "Negative": 0.0025072116404771805,
        "Neutral": 0.3809169828891754,
        "Mixed": 0.007172568701207638
    }
}
