{
    "Sentiment": "NEUTRAL",
    "SentimentScore": {
        "Positive": 0.015366818755865097,
        "Negative": 0.2471350133419037,
        "Neutral": 0.7238506078720093,
        "Mixed": 0.013647601939737797
    }
}
