{
    "Sentiment": "NEUTRAL",
    "SentimentScore": {
        "Positive": 0.003237397177144885,
        "Negative": 0.052271220833063126,
        "Neutral": 0.9400098323822021,
        "Mixed": 0.004481574986129999
    }
}
