{
    "Sentiment": "NEUTRAL",
    "SentimentScore": {
        "Positive": 0.004619241692125797,
        "Negative": 0.022577015683054924,
        "Neutral": 0.9689542651176453,
        "Mixed": 0.0038495277985930443
    }
}
