{
    "Sentiment": "NEUTRAL",
    "SentimentScore": {
        "Positive": 0.0633789524435997,
        "Negative": 0.048349447548389435,
        "Neutral": 0.880652904510498,
        "Mixed": 0.007618755102157593
    }
}
