{
    "Sentiment": "NEUTRAL",
    "SentimentScore": {
        "Positive": 0.26494094729423523,
        "Negative": 0.0014786801766604185,
        "Neutral": 0.7305544018745422,
        "Mixed": 0.0030259403865784407
    }
}
