{
    "Sentiment": "NEUTRAL",
    "SentimentScore": {
        "Positive": 0.0037526022642850876,
        "Negative": 0.057855505496263504,
        "Neutral": 0.9335564970970154,
        "Mixed": 0.004835332743823528
    }
}
