{
    "Sentiment": "NEUTRAL",
    "SentimentScore": {
        "Positive": 0.006200022995471954,
        "Negative": 0.25704318284988403,
        "Neutral": 0.7280555367469788,
        "Mixed": 0.008701268583536148
    }
}
