{
    "Sentiment": "NEUTRAL",
    "SentimentScore": {
        "Positive": 0.029953578487038612,
        "Negative": 0.05864338204264641,
        "Neutral": 0.9019678831100464,
        "Mixed": 0.009435123763978481
    }
}
