{
    "Sentiment": "NEUTRAL",
    "SentimentScore": {
        "Positive": 0.023457009345293045,
        "Negative": 0.01636417955160141,
        "Neutral": 0.9527644515037537,
        "Mixed": 0.00741439638659358
    }
}
