{
    "Sentiment": "NEUTRAL",
    "SentimentScore": {
        "Positive": 0.0031357123516499996,
        "Negative": 0.05489473044872284,
        "Neutral": 0.9398238062858582,
        "Mixed": 0.0021456649992614985
    }
}
