{
    "Sentiment": "NEUTRAL",
    "SentimentScore": {
        "Positive": 0.013560076244175434,
        "Negative": 0.020573822781443596,
        "Neutral": 0.9632757902145386,
        "Mixed": 0.002590327989310026
    }
}
