{
    "Sentiment": "NEUTRAL",
    "SentimentScore": {
        "Positive": 0.04547961801290512,
        "Negative": 0.07220502942800522,
        "Neutral": 0.8747372627258301,
        "Mixed": 0.007578074932098389
    }
}
