{
    "Sentiment": "NEUTRAL",
    "SentimentScore": {
        "Positive": 0.00930811371654272,
        "Negative": 0.028053974732756615,
        "Neutral": 0.958578884601593,
        "Mixed": 0.004059075843542814
    }
}
