{
    "Sentiment": "NEUTRAL",
    "SentimentScore": {
        "Positive": 0.002345344051718712,
        "Negative": 0.06603085994720459,
        "Neutral": 0.9275255799293518,
        "Mixed": 0.00409830454736948
    }
}
