{
    "Sentiment": "NEUTRAL",
    "SentimentScore": {
        "Positive": 0.014810480177402496,
        "Negative": 0.02696145884692669,
        "Neutral": 0.9532463550567627,
        "Mixed": 0.004981664475053549
    }
}
