{
    "Sentiment": "NEUTRAL",
    "SentimentScore": {
        "Positive": 0.029668480157852173,
        "Negative": 0.054092392325401306,
        "Neutral": 0.9059690833091736,
        "Mixed": 0.010270028375089169
    }
}
