{
    "Sentiment": "NEUTRAL",
    "SentimentScore": {
        "Positive": 0.08134850114583969,
        "Negative": 0.00891001708805561,
        "Neutral": 0.9054604172706604,
        "Mixed": 0.004281042143702507
    }
}
