{
    "Sentiment": "NEUTRAL",
    "SentimentScore": {
        "Positive": 0.002495392458513379,
        "Negative": 0.02064100094139576,
        "Neutral": 0.9756383895874023,
        "Mixed": 0.0012252795277163386
    }
}
