{
    "Sentiment": "NEUTRAL",
    "SentimentScore": {
        "Positive": 0.007792223710566759,
        "Negative": 0.005398730747401714,
        "Neutral": 0.9852765202522278,
        "Mixed": 0.0015325474087148905
    }
}
