{
    "Sentiment": "NEUTRAL",
    "SentimentScore": {
        "Positive": 0.09160884469747543,
        "Negative": 0.4116836190223694,
        "Neutral": 0.48274174332618713,
        "Mixed": 0.013965863734483719
    }
}
