{
    "Sentiment": "NEUTRAL",
    "SentimentScore": {
        "Positive": 0.018709054216742516,
        "Negative": 0.008146046660840511,
        "Neutral": 0.9711171388626099,
        "Mixed": 0.0020277714356780052
    }
}
