{
    "Sentiment": "NEUTRAL",
    "SentimentScore": {
        "Positive": 0.0057757021859288216,
        "Negative": 0.07578574866056442,
        "Neutral": 0.9130862355232239,
        "Mixed": 0.005352319218218327
    }
}
