{
    "Sentiment": "NEUTRAL",
    "SentimentScore": {
        "Positive": 0.007694812025874853,
        "Negative": 0.007699961774051189,
        "Neutral": 0.9838867783546448,
        "Mixed": 0.0007183452835306525
    }
}
