{
    "Sentiment": "NEUTRAL",
    "SentimentScore": {
        "Positive": 0.15870100259780884,
        "Negative": 0.0021552362013608217,
        "Neutral": 0.8355212211608887,
        "Mixed": 0.0036225123330950737
    }
}
