{
    "Sentiment": "NEUTRAL",
    "SentimentScore": {
        "Positive": 0.013339127413928509,
        "Negative": 0.02210642769932747,
        "Neutral": 0.9606640934944153,
        "Mixed": 0.0038903348613530397
    }
}
