{
    "Sentiment": "NEUTRAL",
    "SentimentScore": {
        "Positive": 0.018224043771624565,
        "Negative": 0.0010329346405342221,
        "Neutral": 0.9801169037818909,
        "Mixed": 0.000626126304268837
    }
}
