{
    "Sentiment": "POSITIVE",
    "SentimentScore": {
        "Positive": 0.5198588371276855,
        "Negative": 0.10454028099775314,
        "Neutral": 0.08243493735790253,
        "Mixed": 0.293165922164917
    }
}
