{
    "Sentiment": "NEUTRAL",
    "SentimentScore": {
        "Positive": 0.008666741661727428,
        "Negative": 0.01629572920501232,
        "Neutral": 0.9728143215179443,
        "Mixed": 0.0022232767660170794
    }
}
