{
    "Sentiment": "NEUTRAL",
    "SentimentScore": {
        "Positive": 0.043452996760606766,
        "Negative": 0.003696831874549389,
        "Neutral": 0.9516995549201965,
        "Mixed": 0.0011506479931995273
    }
}
