{
    "Sentiment": "NEUTRAL",
    "SentimentScore": {
        "Positive": 0.003607639344409108,
        "Negative": 0.0017600349383428693,
        "Neutral": 0.9943245053291321,
        "Mixed": 0.0003078207664657384
    }
}
