{
    "Sentiment": "NEUTRAL",
    "SentimentScore": {
        "Positive": 0.3891546428203583,
        "Negative": 0.0072590503841638565,
        "Neutral": 0.5423898696899414,
        "Mixed": 0.06119644269347191
    }
}
