{
    "Sentiment": "NEUTRAL",
    "SentimentScore": {
        "Positive": 0.005266686901450157,
        "Negative": 0.015987997874617577,
        "Neutral": 0.9766829609870911,
        "Mixed": 0.0020623295567929745
    }
}
