{
    "Sentiment": "NEUTRAL",
    "SentimentScore": {
        "Positive": 0.007227793335914612,
        "Negative": 0.020532798022031784,
        "Neutral": 0.9675685167312622,
        "Mixed": 0.004670894704759121
    }
}
