{
    "Sentiment": "NEUTRAL",
    "SentimentScore": {
        "Positive": 0.00320376711897552,
        "Negative": 0.050894442945718765,
        "Neutral": 0.9369989037513733,
        "Mixed": 0.008902931585907936
    }
}
