{
    "Sentiment": "NEUTRAL",
    "SentimentScore": {
        "Positive": 0.03571394458413124,
        "Negative": 0.006548036355525255,
        "Neutral": 0.9506887793540955,
        "Mixed": 0.007049170322716236
    }
}
