{
    "Sentiment": "NEUTRAL",
    "SentimentScore": {
        "Positive": 0.0049639055505394936,
        "Negative": 0.13986074924468994,
        "Neutral": 0.8415076732635498,
        "Mixed": 0.013667721301317215
    }
}
