{
    "Sentiment": "NEUTRAL",
    "SentimentScore": {
        "Positive": 0.45929622650146484,
        "Negative": 0.0015081340679898858,
        "Neutral": 0.5364011526107788,
        "Mixed": 0.0027945018373429775
    }
}
