{
    "Sentiment": "NEUTRAL",
    "SentimentScore": {
        "Positive": 0.0015058837598189712,
        "Negative": 0.005620477255433798,
        "Neutral": 0.9924465417861938,
        "Mixed": 0.00042708226828835905
    }
}
