{
    "Sentiment": "POSITIVE",
    "SentimentScore": {
        "Positive": 0.8061237931251526,
        "Negative": 0.008126291446387768,
        "Neutral": 0.17902925610542297,
        "Mixed": 0.006720667704939842
    }
}
