{
    "Sentiment": "MIXED",
    "SentimentScore": {
        "Positive": 0.07201811671257019,
        "Negative": 0.010434024035930634,
        "Neutral": 0.009417226538062096,
        "Mixed": 0.9081306457519531
    }
}
