{
    "Sentiment": "NEUTRAL",
    "SentimentScore": {
        "Positive": 0.00875758845359087,
        "Negative": 0.09078947454690933,
        "Neutral": 0.885279655456543,
        "Mixed": 0.01517327968031168
    }
}
