{
    "Sentiment": "NEUTRAL",
    "SentimentScore": {
        "Positive": 0.10920697450637817,
        "Negative": 0.002229727106168866,
        "Neutral": 0.8868003487586975,
        "Mixed": 0.0017629293724894524
    }
}
