{
    "Sentiment": "NEUTRAL",
    "SentimentScore": {
        "Positive": 0.006057089660316706,
        "Negative": 0.003397711319848895,
        "Neutral": 0.9898570775985718,
        "Mixed": 0.0006881920853629708
    }
}
