{
    "Sentiment": "NEUTRAL",
    "SentimentScore": {
        "Positive": 0.004698117729276419,
        "Negative": 0.023550907149910927,
        "Neutral": 0.9690959453582764,
        "Mixed": 0.0026549543254077435
    }
}
