{
    "Sentiment": "NEUTRAL",
    "SentimentScore": {
        "Positive": 0.002990432782098651,
        "Negative": 0.11772393435239792,
        "Neutral": 0.8758219480514526,
        "Mixed": 0.003463689936324954
    }
}
