{
    "Sentiment": "NEUTRAL",
    "SentimentScore": {
        "Positive": 0.022754428908228874,
        "Negative": 0.013759414665400982,
        "Neutral": 0.9590955972671509,
        "Mixed": 0.004390481393784285
    }
}
