{
    "Sentiment": "NEUTRAL",
    "SentimentScore": {
        "Positive": 0.03833857551217079,
        "Negative": 0.0011888669105246663,
        "Neutral": 0.9589119553565979,
        "Mixed": 0.0015606137458235025
    }
}
