{
    "Sentiment": "NEUTRAL",
    "SentimentScore": {
        "Positive": 0.001959848217666149,
        "Negative": 0.016753748059272766,
        "Neutral": 0.9798205494880676,
        "Mixed": 0.001465874956920743
    }
}
