{
    "Sentiment": "NEUTRAL",
    "SentimentScore": {
        "Positive": 0.2840476930141449,
        "Negative": 0.0031756102107465267,
        "Neutral": 0.7068328857421875,
        "Mixed": 0.0059438138268888
    }
}
