{
    "Sentiment": "NEUTRAL",
    "SentimentScore": {
        "Positive": 0.08474427461624146,
        "Negative": 0.038944441825151443,
        "Neutral": 0.8650467395782471,
        "Mixed": 0.011264595203101635
    }
}
