{
    "Sentiment": "NEUTRAL",
    "SentimentScore": {
        "Positive": 0.0017545762239024043,
        "Negative": 0.22076773643493652,
        "Neutral": 0.7698681950569153,
        "Mixed": 0.007609472144395113
    }
}
