{
    "Sentiment": "NEUTRAL",
    "SentimentScore": {
        "Positive": 0.08610492944717407,
        "Negative": 0.024770572781562805,
        "Neutral": 0.8792564868927002,
        "Mixed": 0.009867952205240726
    }
}
