{
    "Sentiment": "NEUTRAL",
    "SentimentScore": {
        "Positive": 0.32254576683044434,
        "Negative": 0.005144746042788029,
        "Neutral": 0.6658891439437866,
        "Mixed": 0.006420346442610025
    }
}
