{
    "Sentiment": "NEUTRAL",
    "SentimentScore": {
        "Positive": 0.003930521197617054,
        "Negative": 0.044649381190538406,
        "Neutral": 0.9467881917953491,
        "Mixed": 0.004631952382624149
    }
}
