{
    "Sentiment": "NEUTRAL",
    "SentimentScore": {
        "Positive": 0.3690962791442871,
        "Negative": 0.002126020845025778,
        "Neutral": 0.625216543674469,
        "Mixed": 0.0035611006896942854
    }
}
