{
    "Sentiment": "POSITIVE",
    "SentimentScore": {
        "Positive": 0.416500061750412,
        "Negative": 0.11172603070735931,
        "Neutral": 0.4129350781440735,
        "Mixed": 0.058838870376348495
    }
}
