{
    "Sentiment": "NEUTRAL",
    "SentimentScore": {
        "Positive": 0.17659065127372742,
        "Negative": 0.052635177969932556,
        "Neutral": 0.7406578063964844,
        "Mixed": 0.030116427689790726
    }
}
