{
    "Sentiment": "NEUTRAL",
    "SentimentScore": {
        "Positive": 0.218387171626091,
        "Negative": 0.21184292435646057,
        "Neutral": 0.46570339798927307,
        "Mixed": 0.10406648367643356
    }
}
