{
    "Sentiment": "NEUTRAL",
    "SentimentScore": {
        "Positive": 0.006281633395701647,
        "Negative": 0.01897369511425495,
        "Neutral": 0.9726058840751648,
        "Mixed": 0.002138850511983037
    }
}
