{
    "Sentiment": "NEUTRAL",
    "SentimentScore": {
        "Positive": 0.003089810721576214,
        "Negative": 0.009092708118259907,
        "Neutral": 0.9866926074028015,
        "Mixed": 0.0011248653754591942
    }
}
