{
    "Sentiment": "NEUTRAL",
    "SentimentScore": {
        "Positive": 0.17640183866024017,
        "Negative": 0.003362491726875305,
        "Neutral": 0.815119206905365,
        "Mixed": 0.005116451531648636
    }
}
