{
    "Sentiment": "NEUTRAL",
    "SentimentScore": {
        "Positive": 0.014642493799328804,
        "Negative": 0.06369079649448395,
        "Neutral": 0.9093132019042969,
        "Mixed": 0.012353586032986641
    }
}
