{
    "Sentiment": "NEUTRAL",
    "SentimentScore": {
        "Positive": 0.03209692984819412,
        "Negative": 0.01998073421418667,
        "Neutral": 0.9448844790458679,
        "Mixed": 0.0030378331430256367
    }
}
