{
    "Sentiment": "NEUTRAL",
    "SentimentScore": {
        "Positive": 0.02137654274702072,
        "Negative": 0.006826498080044985,
        "Neutral": 0.9701337814331055,
        "Mixed": 0.0016631262842565775
    }
}
