{
    "Sentiment": "NEUTRAL",
    "SentimentScore": {
        "Positive": 0.13797368109226227,
        "Negative": 0.01217788178473711,
        "Neutral": 0.8430209159851074,
        "Mixed": 0.006827466189861298
    }
}
