{
    "Sentiment": "NEUTRAL",
    "SentimentScore": {
        "Positive": 0.016432100906968117,
        "Negative": 0.45027831196784973,
        "Neutral": 0.4989052712917328,
        "Mixed": 0.03438428416848183
    }
}
