{
    "Sentiment": "NEUTRAL",
    "SentimentScore": {
        "Positive": 0.009805235080420971,
        "Negative": 0.0022381851449608803,
        "Neutral": 0.9875257015228271,
        "Mixed": 0.00043089353130199015
    }
}
