{
    "Sentiment": "POSITIVE",
    "SentimentScore": {
        "Positive": 0.8653520941734314,
        "Negative": 0.00450131157413125,
        "Neutral": 0.11828454583883286,
        "Mixed": 0.011862029321491718
    }
}
