{
    "Sentiment": "NEUTRAL",
    "SentimentScore": {
        "Positive": 0.004753922112286091,
        "Negative": 0.0021182531490921974,
        "Neutral": 0.9928134083747864,
        "Mixed": 0.0003144904039800167
    }
}
