{
    "Sentiment": "NEUTRAL",
    "SentimentScore": {
        "Positive": 0.005591686349362135,
        "Negative": 0.002871614182367921,
        "Neutral": 0.9910741448402405,
        "Mixed": 0.0004625899891834706
    }
}
