{
    "Sentiment": "NEUTRAL",
    "SentimentScore": {
        "Positive": 0.052508290857076645,
        "Negative": 0.0037069290410727262,
        "Neutral": 0.9420362114906311,
        "Mixed": 0.0017486480064690113
    }
}
