{
    "Sentiment": "NEUTRAL",
    "SentimentScore": {
        "Positive": 0.007299691904336214,
        "Negative": 0.0017874083714559674,
        "Neutral": 0.990476131439209,
        "Mixed": 0.0004367880756035447
    }
}
