{
    "Sentiment": "NEUTRAL",
    "SentimentScore": {
        "Positive": 0.4626757502555847,
        "Negative": 0.005916724447160959,
        "Neutral": 0.5244970321655273,
        "Mixed": 0.006910418160259724
    }
}
