{
    "Sentiment": "NEUTRAL",
    "SentimentScore": {
        "Positive": 0.006277546286582947,
        "Negative": 0.047820042818784714,
        "Neutral": 0.9382982850074768,
        "Mixed": 0.007604202721267939
    }
}
