{
    "Sentiment": "NEUTRAL",
    "SentimentScore": {
        "Positive": 0.2730519473552704,
        "Negative": 0.006544983480125666,
        "Neutral": 0.7106111645698547,
        "Mixed": 0.009791855700314045
    }
}
