{
    "Sentiment": "NEUTRAL",
    "SentimentScore": {
        "Positive": 0.0027883192524313927,
        "Negative": 0.018364014104008675,
        "Neutral": 0.9782132506370544,
        "Mixed": 0.0006343789282254875
    }
}
