{
    "Sentiment": "NEUTRAL",
    "SentimentScore": {
        "Positive": 0.009054902009665966,
        "Negative": 0.14799562096595764,
        "Neutral": 0.8298863172531128,
        "Mixed": 0.013063161633908749
    }
}
