{
    "Sentiment": "NEUTRAL",
    "SentimentScore": {
        "Positive": 0.04575744643807411,
        "Negative": 0.0018299741204828024,
        "Neutral": 0.9511629939079285,
        "Mixed": 0.0012494975235313177
    }
}
