{
    "Sentiment": "NEUTRAL",
    "SentimentScore": {
        "Positive": 0.01128327939659357,
        "Negative": 0.003481987165287137,
        "Neutral": 0.9845018982887268,
        "Mixed": 0.0007328252540901303
    }
}
