{
    "Sentiment": "NEUTRAL",
    "SentimentScore": {
        "Positive": 0.001964464085176587,
        "Negative": 0.09203729778528214,
        "Neutral": 0.9029949307441711,
        "Mixed": 0.003003286197781563
    }
}
