{
    "Sentiment": "NEUTRAL",
    "SentimentScore": {
        "Positive": 0.03440718725323677,
        "Negative": 0.0022623902186751366,
        "Neutral": 0.9621951580047607,
        "Mixed": 0.001135174767114222
    }
}
