{
    "Sentiment": "NEUTRAL",
    "SentimentScore": {
        "Positive": 0.0178359504789114,
        "Negative": 0.06281672418117523,
        "Neutral": 0.9056122303009033,
        "Mixed": 0.013735070824623108
    }
}
