{
    "Sentiment": "NEUTRAL",
    "SentimentScore": {
        "Positive": 0.006813885644078255,
        "Negative": 0.0028416491113603115,
        "Neutral": 0.9895758628845215,
        "Mixed": 0.0007685029413551092
    }
}
