{
    "Sentiment": "NEUTRAL",
    "SentimentScore": {
        "Positive": 0.019134866073727608,
        "Negative": 0.0031674979254603386,
        "Neutral": 0.9765596985816956,
        "Mixed": 0.0011379375355318189
    }
}
