{
    "Sentiment": "NEUTRAL",
    "SentimentScore": {
        "Positive": 0.04920215159654617,
        "Negative": 0.0104232681915164,
        "Neutral": 0.9387953877449036,
        "Mixed": 0.0015791594050824642
    }
}
