{
    "Sentiment": "NEUTRAL",
    "SentimentScore": {
        "Positive": 0.0035650418139994144,
        "Negative": 0.004673693794757128,
        "Neutral": 0.9910613894462585,
        "Mixed": 0.0006999273900873959
    }
}
