{
    "Sentiment": "NEUTRAL",
    "SentimentScore": {
        "Positive": 0.08119591325521469,
        "Negative": 0.006951096002012491,
        "Neutral": 0.9071478247642517,
        "Mixed": 0.004705138970166445
    }
}
