{
    "Sentiment": "NEUTRAL",
    "SentimentScore": {
        "Positive": 0.3547936677932739,
        "Negative": 0.030748827382922173,
        "Neutral": 0.5916346311569214,
        "Mixed": 0.022822799161076546
    }
}
