{
    "Sentiment": "NEGATIVE",
    "SentimentScore": {
        "Positive": 0.007875100709497929,
        "Negative": 0.5326618552207947,
        "Neutral": 0.42848315834999084,
        "Mixed": 0.03097986988723278
    }
}
