{
    "Sentiment": "NEUTRAL",
    "SentimentScore": {
        "Positive": 0.004841619171202183,
        "Negative": 0.002152944216504693,
        "Neutral": 0.9925967454910278,
        "Mixed": 0.0004086901026312262
    }
}
