{
    "Sentiment": "NEUTRAL",
    "SentimentScore": {
        "Positive": 0.008412031456828117,
        "Negative": 0.003107568481937051,
        "Neutral": 0.9877603650093079,
        "Mixed": 0.0007200010004453361
    }
}
