{
    "Sentiment": "NEUTRAL",
    "SentimentScore": {
        "Positive": 0.06797493249177933,
        "Negative": 0.04952189698815346,
        "Neutral": 0.8519129753112793,
        "Mixed": 0.03059014305472374
    }
}
