{
    "Sentiment": "NEUTRAL",
    "SentimentScore": {
        "Positive": 0.004451893735677004,
        "Negative": 0.09482116252183914,
        "Neutral": 0.8955799341201782,
        "Mixed": 0.0051469700410962105
    }
}
