{
    "Sentiment": "NEUTRAL",
    "SentimentScore": {
        "Positive": 0.03648867458105087,
        "Negative": 0.0469372533261776,
        "Neutral": 0.8882663249969482,
        "Mixed": 0.028307681903243065
    }
}
