{
    "Sentiment": "NEUTRAL",
    "SentimentScore": {
        "Positive": 0.00169923878274858,
        "Negative": 0.09072332829236984,
        "Neutral": 0.9057949781417847,
        "Mixed": 0.0017824103124439716
    }
}
