{
    "Sentiment": "NEUTRAL",
    "SentimentScore": {
        "Positive": 0.0068611386232078075,
        "Negative": 0.1145520806312561,
        "Neutral": 0.8563743233680725,
        "Mixed": 0.02221241407096386
    }
}
