{
    "Sentiment": "NEUTRAL",
    "SentimentScore": {
        "Positive": 0.003930890467017889,
        "Negative": 0.004439435433596373,
        "Neutral": 0.9905450344085693,
        "Mixed": 0.0010846054647117853
    }
}
