{
    "Sentiment": "NEUTRAL",
    "SentimentScore": {
        "Positive": 0.0013964781537652016,
        "Negative": 0.007369017694145441,
        "Neutral": 0.9906636476516724,
        "Mixed": 0.0005708997487090528
    }
}
