{
    "Sentiment": "NEUTRAL",
    "SentimentScore": {
        "Positive": 0.3982211649417877,
        "Negative": 0.01215998362749815,
        "Neutral": 0.5801660418510437,
        "Mixed": 0.009452826343476772
    }
}
