{
    "Sentiment": "NEUTRAL",
    "SentimentScore": {
        "Positive": 0.037489648908376694,
        "Negative": 0.07361431419849396,
        "Neutral": 0.8779413104057312,
        "Mixed": 0.010954754427075386
    }
}
