{
    "Sentiment": "NEUTRAL",
    "SentimentScore": {
        "Positive": 0.02186613529920578,
        "Negative": 0.0009801624109968543,
        "Neutral": 0.9764626622200012,
        "Mixed": 0.0006910787196829915
    }
}
