{
    "Sentiment": "NEUTRAL",
    "SentimentScore": {
        "Positive": 0.005488308612257242,
        "Negative": 0.027517464011907578,
        "Neutral": 0.9648288488388062,
        "Mixed": 0.0021654071751981974
    }
}
