{
    "Sentiment": "NEUTRAL",
    "SentimentScore": {
        "Positive": 0.009010410867631435,
        "Negative": 0.0021462775766849518,
        "Neutral": 0.9883061051368713,
        "Mixed": 0.0005372251034714282
    }
}
