{
    "Sentiment": "NEUTRAL",
    "SentimentScore": {
        "Positive": 0.04534563794732094,
        "Negative": 0.0027532202657312155,
        "Neutral": 0.9504636526107788,
        "Mixed": 0.0014375454047694802
    }
}
