{
    "Sentiment": "NEUTRAL",
    "SentimentScore": {
        "Positive": 0.004881826229393482,
        "Negative": 0.004070119000971317,
        "Neutral": 0.9902772903442383,
        "Mixed": 0.0007707804325036705
    }
}
