{
    "Sentiment": "NEUTRAL",
    "SentimentScore": {
        "Positive": 0.006353128235787153,
        "Negative": 0.04739149659872055,
        "Neutral": 0.9436956644058228,
        "Mixed": 0.002559686778113246
    }
}
