{
    "Sentiment": "NEUTRAL",
    "SentimentScore": {
        "Positive": 0.17582400143146515,
        "Negative": 0.007195675745606422,
        "Neutral": 0.8047071099281311,
        "Mixed": 0.012273184955120087
    }
}
