{
    "Sentiment": "NEUTRAL",
    "SentimentScore": {
        "Positive": 0.00323212007060647,
        "Negative": 0.0061630671843886375,
        "Neutral": 0.9897968173027039,
        "Mixed": 0.0008079868275672197
    }
}
