{
    "Sentiment": "NEGATIVE",
    "SentimentScore": {
        "Positive": 0.002950869034975767,
        "Negative": 0.8361027240753174,
        "Neutral": 0.14643792808055878,
        "Mixed": 0.01450845506042242
    }
}
