{
    "Sentiment": "NEUTRAL",
    "SentimentScore": {
        "Positive": 0.0043420204892754555,
        "Negative": 0.02170427329838276,
        "Neutral": 0.9718350172042847,
        "Mixed": 0.002118655014783144
    }
}
