{
    "Sentiment": "NEUTRAL",
    "SentimentScore": {
        "Positive": 0.004722882993519306,
        "Negative": 0.004246871452778578,
        "Neutral": 0.9902955293655396,
        "Mixed": 0.000734747969545424
    }
}
