{
    "Sentiment": "NEUTRAL",
    "SentimentScore": {
        "Positive": 0.00463909562677145,
        "Negative": 0.0075655183754861355,
        "Neutral": 0.9864953756332397,
        "Mixed": 0.0013000090839341283
    }
}
