{
    "Sentiment": "NEUTRAL",
    "SentimentScore": {
        "Positive": 0.026990706101059914,
        "Negative": 0.0157735887914896,
        "Neutral": 0.9536867737770081,
        "Mixed": 0.003548854496330023
    }
}
