{
    "Sentiment": "POSITIVE",
    "SentimentScore": {
        "Positive": 0.9067175388336182,
        "Negative": 0.0011706751538440585,
        "Neutral": 0.08928775042295456,
        "Mixed": 0.0028239532839506865
    }
}
