{
    "Sentiment": "POSITIVE",
    "SentimentScore": {
        "Positive": 0.6149244904518127,
        "Negative": 0.006302725989371538,
        "Neutral": 0.36098894476890564,
        "Mixed": 0.017783869057893753
    }
}
