{
    "Sentiment": "NEUTRAL",
    "SentimentScore": {
        "Positive": 0.017655611038208008,
        "Negative": 0.006219681352376938,
        "Neutral": 0.9738153219223022,
        "Mixed": 0.0023093903437256813
    }
}
