{
    "Sentiment": "NEUTRAL",
    "SentimentScore": {
        "Positive": 0.41268372535705566,
        "Negative": 0.0015395506052300334,
        "Neutral": 0.5808214545249939,
        "Mixed": 0.004955314099788666
    }
}
