{
    "Sentiment": "NEUTRAL",
    "SentimentScore": {
        "Positive": 0.009342317469418049,
        "Negative": 0.00037237993092276156,
        "Neutral": 0.9899581074714661,
        "Mixed": 0.00032723729964345694
    }
}
