{
    "Sentiment": "NEUTRAL",
    "SentimentScore": {
        "Positive": 0.002616280922666192,
        "Negative": 0.004062275867909193,
        "Neutral": 0.9928171634674072,
        "Mixed": 0.0005043112323619425
    }
}
