{
    "Sentiment": "NEUTRAL",
    "SentimentScore": {
        "Positive": 0.005880551878362894,
        "Negative": 0.10607419908046722,
        "Neutral": 0.8798539042472839,
        "Mixed": 0.008191353641450405
    }
}
