{
    "Sentiment": "NEUTRAL",
    "SentimentScore": {
        "Positive": 0.01792355254292488,
        "Negative": 0.0015924526378512383,
        "Neutral": 0.9797955751419067,
        "Mixed": 0.0006884547183290124
    }
}
