{
    "Sentiment": "NEUTRAL",
    "SentimentScore": {
        "Positive": 0.06043234467506409,
        "Negative": 0.2963310778141022,
        "Neutral": 0.5692272186279297,
        "Mixed": 0.07400938868522644
    }
}
