{
    "Sentiment": "NEUTRAL",
    "SentimentScore": {
        "Positive": 0.004029660951346159,
        "Negative": 0.4709562659263611,
        "Neutral": 0.5079497694969177,
        "Mixed": 0.017064260318875313
    }
}
