{
    "Sentiment": "NEUTRAL",
    "SentimentScore": {
        "Positive": 0.20116183161735535,
        "Negative": 0.002620384097099304,
        "Neutral": 0.7916622757911682,
        "Mixed": 0.004555549472570419
    }
}
