{
    "Sentiment": "NEUTRAL",
    "SentimentScore": {
        "Positive": 0.16511903703212738,
        "Negative": 0.0015854071825742722,
        "Neutral": 0.8312808275222778,
        "Mixed": 0.0020146812312304974
    }
}
