{
    "Sentiment": "NEUTRAL",
    "SentimentScore": {
        "Positive": 0.004195564892143011,
        "Negative": 0.036374036222696304,
        "Neutral": 0.9571582078933716,
        "Mixed": 0.002272214274853468
    }
}
