{
    "Sentiment": "NEUTRAL",
    "SentimentScore": {
        "Positive": 0.006328459829092026,
        "Negative": 0.10086750239133835,
        "Neutral": 0.8836852312088013,
        "Mixed": 0.00911887176334858
    }
}
