{
    "Sentiment": "NEUTRAL",
    "SentimentScore": {
        "Positive": 0.01792933978140354,
        "Negative": 0.013018345460295677,
        "Neutral": 0.9660119414329529,
        "Mixed": 0.0030404042918235064
    }
}
