{
    "Sentiment": "NEUTRAL",
    "SentimentScore": {
        "Positive": 0.005550704896450043,
        "Negative": 0.012277493253350258,
        "Neutral": 0.9805288910865784,
        "Mixed": 0.0016428215894848108
    }
}
