{
    "Sentiment": "NEUTRAL",
    "SentimentScore": {
        "Positive": 0.0055942051112651825,
        "Negative": 0.006811387836933136,
        "Neutral": 0.9862176775932312,
        "Mixed": 0.0013767065247520804
    }
}
