{
    "Sentiment": "NEUTRAL",
    "SentimentScore": {
        "Positive": 0.07931095361709595,
        "Negative": 0.014259611256420612,
        "Neutral": 0.8973326086997986,
        "Mixed": 0.009096859022974968
    }
}
