{
    "Sentiment": "NEGATIVE",
    "SentimentScore": {
        "Positive": 0.004365577828139067,
        "Negative": 0.6233699321746826,
        "Neutral": 0.36029380559921265,
        "Mixed": 0.011970716528594494
    }
}
