{
    "Sentiment": "NEUTRAL",
    "SentimentScore": {
        "Positive": 0.05572148784995079,
        "Negative": 0.06266547739505768,
        "Neutral": 0.8703586459159851,
        "Mixed": 0.011254370212554932
    }
}
