{
    "Sentiment": "NEUTRAL",
    "SentimentScore": {
        "Positive": 0.014891903847455978,
        "Negative": 0.0020534193608909845,
        "Neutral": 0.9823695421218872,
        "Mixed": 0.0006850425852462649
    }
}
