{
    "Sentiment": "NEUTRAL",
    "SentimentScore": {
        "Positive": 0.022090096026659012,
        "Negative": 0.01619807444512844,
        "Neutral": 0.9556673169136047,
        "Mixed": 0.006044459994882345
    }
}
