{
    "Sentiment": "NEUTRAL",
    "SentimentScore": {
        "Positive": 0.10430768877267838,
        "Negative": 0.010102719999849796,
        "Neutral": 0.8819102048873901,
        "Mixed": 0.003679378656670451
    }
}
