{
    "Sentiment": "NEUTRAL",
    "SentimentScore": {
        "Positive": 0.007836434990167618,
        "Negative": 0.005982787813991308,
        "Neutral": 0.9848355650901794,
        "Mixed": 0.0013452282873913646
    }
}
