{
    "Sentiment": "NEUTRAL",
    "SentimentScore": {
        "Positive": 0.10042703151702881,
        "Negative": 0.010165040381252766,
        "Neutral": 0.886459231376648,
        "Mixed": 0.002948700450360775
    }
}
