{
    "Sentiment": "NEUTRAL",
    "SentimentScore": {
        "Positive": 0.007764735724776983,
        "Negative": 0.00739766051992774,
        "Neutral": 0.9829367399215698,
        "Mixed": 0.0019009339157491922
    }
}
