{
    "Sentiment": "NEUTRAL",
    "SentimentScore": {
        "Positive": 0.025879312306642532,
        "Negative": 0.009435153566300869,
        "Neutral": 0.9609150886535645,
        "Mixed": 0.0037704401183873415
    }
}
