{
    "Sentiment": "NEUTRAL",
    "SentimentScore": {
        "Positive": 0.0032562753185629845,
        "Negative": 0.02695263922214508,
        "Neutral": 0.9678888916969299,
        "Mixed": 0.0019021237967535853
    }
}
