{
    "Sentiment": "NEUTRAL",
    "SentimentScore": {
        "Positive": 0.026270847767591476,
        "Negative": 0.0029157353565096855,
        "Neutral": 0.9696986675262451,
        "Mixed": 0.0011148540070280433
    }
}
