{
    "Sentiment": "NEUTRAL",
    "SentimentScore": {
        "Positive": 0.0014634702820330858,
        "Negative": 0.004443890415132046,
        "Neutral": 0.9935856461524963,
        "Mixed": 0.0005071063642390072
    }
}
