{
    "Sentiment": "NEUTRAL",
    "SentimentScore": {
        "Positive": 0.3474382758140564,
        "Negative": 0.0014374257298186421,
        "Neutral": 0.6488601565361023,
        "Mixed": 0.00226419884711504
    }
}
