{
    "Sentiment": "NEUTRAL",
    "SentimentScore": {
        "Positive": 0.04064424708485603,
        "Negative": 0.0018863064469769597,
        "Neutral": 0.9561301469802856,
        "Mixed": 0.00133920565713197
    }
}
