{
    "Sentiment": "NEGATIVE",
    "SentimentScore": {
        "Positive": 0.0026939569506794214,
        "Negative": 0.8408461809158325,
        "Neutral": 0.12248585373163223,
        "Mixed": 0.033974066376686096
    }
}
