{
    "Sentiment": "NEUTRAL",
    "SentimentScore": {
        "Positive": 0.03557824343442917,
        "Negative": 0.003781117731705308,
        "Neutral": 0.9578145742416382,
        "Mixed": 0.002826058305799961
    }
}
