{
    "Sentiment": "NEUTRAL",
    "SentimentScore": {
        "Positive": 0.04376715049147606,
        "Negative": 0.05644506588578224,
        "Neutral": 0.8919205069541931,
        "Mixed": 0.007867181673645973
    }
}
