{
    "Sentiment": "NEUTRAL",
    "SentimentScore": {
        "Positive": 0.007385482080280781,
        "Negative": 0.013800706714391708,
        "Neutral": 0.9769811034202576,
        "Mixed": 0.001832679146900773
    }
}
