{
    "Sentiment": "NEUTRAL",
    "SentimentScore": {
        "Positive": 0.0029192797373980284,
        "Negative": 0.0038703728932887316,
        "Neutral": 0.9927639365196228,
        "Mixed": 0.00044642877764999866
    }
}
