{
    "Sentiment": "POSITIVE",
    "SentimentScore": {
        "Positive": 0.9160429835319519,
        "Negative": 0.00030298411729745567,
        "Neutral": 0.08149471133947372,
        "Mixed": 0.0021592106204479933
    }
}
