{
    "Sentiment": "NEUTRAL",
    "SentimentScore": {
        "Positive": 0.007659488823264837,
        "Negative": 0.1433165818452835,
        "Neutral": 0.8289946913719177,
        "Mixed": 0.020029248669743538
    }
}
