{
    "Sentiment": "NEUTRAL",
    "SentimentScore": {
        "Positive": 0.010884114541113377,
        "Negative": 0.0009458410204388201,
        "Neutral": 0.9875602126121521,
        "Mixed": 0.0006098613957874477
    }
}
