{
    "Sentiment": "NEUTRAL",
    "SentimentScore": {
        "Positive": 0.024095049127936363,
        "Negative": 0.4097979664802551,
        "Neutral": 0.46650776267051697,
        "Mixed": 0.09959927946329117
    }
}
