{
    "Sentiment": "NEUTRAL",
    "SentimentScore": {
        "Positive": 0.031079601496458054,
        "Negative": 0.3245585262775421,
        "Neutral": 0.5620421767234802,
        "Mixed": 0.0823196992278099
    }
}
