{
    "Sentiment": "NEUTRAL",
    "SentimentScore": {
        "Positive": 0.008008834905922413,
        "Negative": 0.074404776096344,
        "Neutral": 0.9098419547080994,
        "Mixed": 0.007744457107037306
    }
}
