{
    "Sentiment": "NEUTRAL",
    "SentimentScore": {
        "Positive": 0.0026905073318630457,
        "Negative": 0.0972207561135292,
        "Neutral": 0.8942650556564331,
        "Mixed": 0.005823567975312471
    }
}
