{
    "Sentiment": "NEUTRAL",
    "SentimentScore": {
        "Positive": 0.010241136886179447,
        "Negative": 0.09392200410366058,
        "Neutral": 0.8901694416999817,
        "Mixed": 0.005667385179549456
    }
}
