{
    "Sentiment": "NEUTRAL",
    "SentimentScore": {
        "Positive": 0.06486329436302185,
        "Negative": 0.019895467907190323,
        "Neutral": 0.9089040160179138,
        "Mixed": 0.006337159313261509
    }
}
