{
    "Sentiment": "NEUTRAL",
    "SentimentScore": {
        "Positive": 0.0023554200306534767,
        "Negative": 0.12517620623111725,
        "Neutral": 0.8650669455528259,
        "Mixed": 0.007401423528790474
    }
}
