{
    "Sentiment": "NEUTRAL",
    "SentimentScore": {
        "Positive": 0.008754308335483074,
        "Negative": 0.008423224091529846,
        "Neutral": 0.9815830588340759,
        "Mixed": 0.001239411998540163
    }
}
