{
    "Sentiment": "NEUTRAL",
    "SentimentScore": {
        "Positive": 0.0006592401769012213,
        "Negative": 0.02505882829427719,
        "Neutral": 0.9735113382339478,
        "Mixed": 0.0007705442258156836
    }
}
