{
    "Sentiment": "NEUTRAL",
    "SentimentScore": {
        "Positive": 0.06358293443918228,
        "Negative": 0.021717483177781105,
        "Neutral": 0.9100151658058167,
        "Mixed": 0.004684338811784983
    }
}
