{
    "Sentiment": "NEUTRAL",
    "SentimentScore": {
        "Positive": 0.008967334404587746,
        "Negative": 0.05182098597288132,
        "Neutral": 0.9303421974182129,
        "Mixed": 0.008869482204318047
    }
}
