{
    "Sentiment": "NEUTRAL",
    "SentimentScore": {
        "Positive": 0.00973388273268938,
        "Negative": 0.02900681644678116,
        "Neutral": 0.9567928910255432,
        "Mixed": 0.00446641631424427
    }
}
