{
    "Sentiment": "NEGATIVE",
    "SentimentScore": {
        "Positive": 0.007411956787109375,
        "Negative": 0.6142542958259583,
        "Neutral": 0.36205559968948364,
        "Mixed": 0.016278186812996864
    }
}
