{
    "Sentiment": "NEUTRAL",
    "SentimentScore": {
        "Positive": 0.0051899198442697525,
        "Negative": 0.04876300320029259,
        "Neutral": 0.943976879119873,
        "Mixed": 0.0020702502224594355
    }
}
