{
    "Sentiment": "NEUTRAL",
    "SentimentScore": {
        "Positive": 0.13485229015350342,
        "Negative": 0.02836010977625847,
        "Neutral": 0.8263322114944458,
        "Mixed": 0.010455400682985783
    }
}
