{
    "Sentiment": "NEUTRAL",
    "SentimentScore": {
        "Positive": 0.0033969590440392494,
        "Negative": 0.002312788972631097,
        "Neutral": 0.9938031435012817,
        "Mixed": 0.0004870526900049299
    }
}
