{
    "Sentiment": "NEUTRAL",
    "SentimentScore": {
        "Positive": 0.014783439226448536,
        "Negative": 0.007534227799624205,
        "Neutral": 0.9747784733772278,
        "Mixed": 0.002903961343690753
    }
}
