{
    "Sentiment": "NEUTRAL",
    "SentimentScore": {
        "Positive": 0.21359355747699738,
        "Negative": 0.007079685106873512,
        "Neutral": 0.7725502848625183,
        "Mixed": 0.006776452995836735
    }
}
