{
    "Sentiment": "NEUTRAL",
    "SentimentScore": {
        "Positive": 0.12473152577877045,
        "Negative": 0.0021523097530007362,
        "Neutral": 0.8690443634986877,
        "Mixed": 0.004071866627782583
    }
}
