{
    "Sentiment": "POSITIVE",
    "SentimentScore": {
        "Positive": 0.5646727681159973,
        "Negative": 0.012950781732797623,
        "Neutral": 0.4171389937400818,
        "Mixed": 0.005237446166574955
    }
}
