{
    "Sentiment": "NEUTRAL",
    "SentimentScore": {
        "Positive": 0.0023990499321371317,
        "Negative": 0.002535270992666483,
        "Neutral": 0.9946929812431335,
        "Mixed": 0.0003726396826095879
    }
}
