{
    "Sentiment": "NEUTRAL",
    "SentimentScore": {
        "Positive": 0.011023147962987423,
        "Negative": 0.09580428153276443,
        "Neutral": 0.8800926208496094,
        "Mixed": 0.0130799924954772
    }
}
