{
    "Sentiment": "NEUTRAL",
    "SentimentScore": {
        "Positive": 0.021879179403185844,
        "Negative": 0.023763984441757202,
        "Neutral": 0.9519750475883484,
        "Mixed": 0.0023817948531359434
    }
}
