{
    "Sentiment": "NEUTRAL",
    "SentimentScore": {
        "Positive": 0.22668255865573883,
        "Negative": 0.04763594642281532,
        "Neutral": 0.6566247940063477,
        "Mixed": 0.06905660778284073
    }
}
