{
    "Sentiment": "NEUTRAL",
    "SentimentScore": {
        "Positive": 0.0019035687437281013,
        "Negative": 0.02439812384545803,
        "Neutral": 0.9719197154045105,
        "Mixed": 0.001778548932634294
    }
}
