{
    "Sentiment": "NEUTRAL",
    "SentimentScore": {
        "Positive": 0.007761791348457336,
        "Negative": 0.03785022348165512,
        "Neutral": 0.9523042440414429,
        "Mixed": 0.0020837162155658007
    }
}
