{
    "Sentiment": "NEUTRAL",
    "SentimentScore": {
        "Positive": 0.009254219010472298,
        "Negative": 0.0013681889977306128,
        "Neutral": 0.9888027310371399,
        "Mixed": 0.0005748640396632254
    }
}
