{
    "Sentiment": "NEUTRAL",
    "SentimentScore": {
        "Positive": 0.1259971261024475,
        "Negative": 0.17446616291999817,
        "Neutral": 0.4678453803062439,
        "Mixed": 0.23169130086898804
    }
}
