{
    "Sentiment": "NEUTRAL",
    "SentimentScore": {
        "Positive": 0.4711114764213562,
        "Negative": 0.0008950000046752393,
        "Neutral": 0.5258045792579651,
        "Mixed": 0.0021889442577958107
    }
}
