{
    "Sentiment": "NEUTRAL",
    "SentimentScore": {
        "Positive": 0.006042012944817543,
        "Negative": 0.08580997586250305,
        "Neutral": 0.904285192489624,
        "Mixed": 0.003862787503749132
    }
}
