{
    "Sentiment": "NEUTRAL",
    "SentimentScore": {
        "Positive": 0.13966843485832214,
        "Negative": 0.12077158689498901,
        "Neutral": 0.7101520299911499,
        "Mixed": 0.02940797060728073
    }
}
