{
    "Sentiment": "NEUTRAL",
    "SentimentScore": {
        "Positive": 0.18054726719856262,
        "Negative": 0.004579298663884401,
        "Neutral": 0.8122638463973999,
        "Mixed": 0.0026095304638147354
    }
}
