{
    "Sentiment": "NEUTRAL",
    "SentimentScore": {
        "Positive": 0.0058075012639164925,
        "Negative": 0.12595343589782715,
        "Neutral": 0.8625312447547913,
        "Mixed": 0.00570786464959383
    }
}
