{
    "Sentiment": "NEUTRAL",
    "SentimentScore": {
        "Positive": 0.05139075964689255,
        "Negative": 0.13805259764194489,
        "Neutral": 0.8029910326004028,
        "Mixed": 0.00756566459313035
    }
}
