{
    "Sentiment": "NEUTRAL",
    "SentimentScore": {
        "Positive": 0.012716563418507576,
        "Negative": 0.13296622037887573,
        "Neutral": 0.8385135531425476,
        "Mixed": 0.015803629532456398
    }
}
