{
    "Sentiment": "NEUTRAL",
    "SentimentScore": {
        "Positive": 0.00281635788269341,
        "Negative": 0.00678973039612174,
        "Neutral": 0.9898558855056763,
        "Mixed": 0.0005379297654144466
    }
}
