{
    "Sentiment": "NEUTRAL",
    "SentimentScore": {
        "Positive": 0.2144879698753357,
        "Negative": 0.04664904624223709,
        "Neutral": 0.7265077829360962,
        "Mixed": 0.012355225160717964
    }
}
