{
    "Sentiment": "NEUTRAL",
    "SentimentScore": {
        "Positive": 0.002425946993753314,
        "Negative": 0.015091661363840103,
        "Neutral": 0.9815795421600342,
        "Mixed": 0.0009029251523315907
    }
}
