{
    "Sentiment": "NEUTRAL",
    "SentimentScore": {
        "Positive": 0.022743506357073784,
        "Negative": 0.00391066400334239,
        "Neutral": 0.9710172414779663,
        "Mixed": 0.0023286149371415377
    }
}
