{
    "Sentiment": "NEUTRAL",
    "SentimentScore": {
        "Positive": 0.24156823754310608,
        "Negative": 0.0029066563583910465,
        "Neutral": 0.7510767579078674,
        "Mixed": 0.004448412451893091
    }
}
