{
    "Sentiment": "NEUTRAL",
    "SentimentScore": {
        "Positive": 0.0013083836529403925,
        "Negative": 0.005319191142916679,
        "Neutral": 0.9930319786071777,
        "Mixed": 0.00034049880923703313
    }
}
