{
    "Sentiment": "NEUTRAL",
    "SentimentScore": {
        "Positive": 0.010013912804424763,
        "Negative": 0.09903514385223389,
        "Neutral": 0.876868486404419,
        "Mixed": 0.014082442969083786
    }
}
