{
    "Sentiment": "NEUTRAL",
    "SentimentScore": {
        "Positive": 0.07206680625677109,
        "Negative": 0.002494609681889415,
        "Neutral": 0.9232526421546936,
        "Mixed": 0.002185940044000745
    }
}
