{
    "Sentiment": "NEUTRAL",
    "SentimentScore": {
        "Positive": 0.015326264314353466,
        "Negative": 0.012763545848429203,
        "Neutral": 0.9677859544754028,
        "Mixed": 0.004124233033508062
    }
}
