{
    "Sentiment": "NEUTRAL",
    "SentimentScore": {
        "Positive": 0.12778189778327942,
        "Negative": 0.09768315404653549,
        "Neutral": 0.729761004447937,
        "Mixed": 0.044773999601602554
    }
}
