{
    "Sentiment": "NEUTRAL",
    "SentimentScore": {
        "Positive": 0.2817740738391876,
        "Negative": 0.009141488932073116,
        "Neutral": 0.6949357390403748,
        "Mixed": 0.014148687943816185
    }
}
