{
    "Sentiment": "NEUTRAL",
    "SentimentScore": {
        "Positive": 0.00296416855417192,
        "Negative": 0.00251333718188107,
        "Neutral": 0.9942556023597717,
        "Mixed": 0.00026688037905842066
    }
}
