{
    "Sentiment": "NEUTRAL",
    "SentimentScore": {
        "Positive": 0.0025997443590313196,
        "Negative": 0.005425245966762304,
        "Neutral": 0.9914932250976562,
        "Mixed": 0.00048175721894949675
    }
}
