{
    "Sentiment": "NEUTRAL",
    "SentimentScore": {
        "Positive": 0.007473490200936794,
        "Negative": 0.3432214558124542,
        "Neutral": 0.6398462057113647,
        "Mixed": 0.009458775632083416
    }
}
