{
    "Sentiment": "NEUTRAL",
    "SentimentScore": {
        "Positive": 0.0034141894429922104,
        "Negative": 0.010201727040112019,
        "Neutral": 0.9856361150741577,
        "Mixed": 0.0007479579071514308
    }
}
