{
    "Sentiment": "NEUTRAL",
    "SentimentScore": {
        "Positive": 0.013041391968727112,
        "Negative": 0.002204759744927287,
        "Neutral": 0.9835985898971558,
        "Mixed": 0.0011552153155207634
    }
}
