{
    "Sentiment": "POSITIVE",
    "SentimentScore": {
        "Positive": 0.7191862463951111,
        "Negative": 0.0005284441285766661,
        "Neutral": 0.27747464179992676,
        "Mixed": 0.0028106318786740303
    }
}
