{
    "Sentiment": "NEUTRAL",
    "SentimentScore": {
        "Positive": 0.02367728017270565,
        "Negative": 0.014878954738378525,
        "Neutral": 0.9527699947357178,
        "Mixed": 0.008673753589391708
    }
}
