{
    "Sentiment": "NEUTRAL",
    "SentimentScore": {
        "Positive": 0.008969317190349102,
        "Negative": 0.14990973472595215,
        "Neutral": 0.8187329769134521,
        "Mixed": 0.02238788828253746
    }
}
