{
    "Sentiment": "NEUTRAL",
    "SentimentScore": {
        "Positive": 0.005677137058228254,
        "Negative": 0.036005426198244095,
        "Neutral": 0.9547795057296753,
        "Mixed": 0.0035379237961024046
    }
}
