{
    "Sentiment": "NEUTRAL",
    "SentimentScore": {
        "Positive": 0.03199565410614014,
        "Negative": 0.03867090865969658,
        "Neutral": 0.9124585390090942,
        "Mixed": 0.01687495782971382
    }
}
