{
    "Sentiment": "NEUTRAL",
    "SentimentScore": {
        "Positive": 0.0014123038854449987,
        "Negative": 0.19474153220653534,
        "Neutral": 0.7972238659858704,
        "Mixed": 0.0066223437897861
    }
}
