{
    "Sentiment": "NEUTRAL",
    "SentimentScore": {
        "Positive": 0.017319146543741226,
        "Negative": 0.2906225323677063,
        "Neutral": 0.6717502474784851,
        "Mixed": 0.0203081127256155
    }
}
