{
    "Sentiment": "NEUTRAL",
    "SentimentScore": {
        "Positive": 0.156574085354805,
        "Negative": 0.005471471231430769,
        "Neutral": 0.8354383707046509,
        "Mixed": 0.002516047563403845
    }
}
