{
    "Sentiment": "NEUTRAL",
    "SentimentScore": {
        "Positive": 0.04670919477939606,
        "Negative": 0.017008863389492035,
        "Neutral": 0.9338995814323425,
        "Mixed": 0.002382346661761403
    }
}
