{
    "Sentiment": "NEUTRAL",
    "SentimentScore": {
        "Positive": 0.23155584931373596,
        "Negative": 0.10831108689308167,
        "Neutral": 0.5985294580459595,
        "Mixed": 0.06160358339548111
    }
}
