{
    "Sentiment": "NEUTRAL",
    "SentimentScore": {
        "Positive": 0.019826656207442284,
        "Negative": 0.05125410482287407,
        "Neutral": 0.9260160326957703,
        "Mixed": 0.002903300803154707
    }
}
