{
    "Sentiment": "NEUTRAL",
    "SentimentScore": {
        "Positive": 0.3011772930622101,
        "Negative": 0.0648244246840477,
        "Neutral": 0.5787633061408997,
        "Mixed": 0.05523496866226196
    }
}
