{
    "Sentiment": "NEUTRAL",
    "SentimentScore": {
        "Positive": 0.008982831612229347,
        "Negative": 0.0025593184400349855,
        "Neutral": 0.9877177476882935,
        "Mixed": 0.0007400009781122208
    }
}
