{
    "Sentiment": "NEUTRAL",
    "SentimentScore": {
        "Positive": 0.008671063929796219,
        "Negative": 0.0464235320687294,
        "Neutral": 0.9401922821998596,
        "Mixed": 0.004713220521807671
    }
}
