{
    "Sentiment": "NEUTRAL",
    "SentimentScore": {
        "Positive": 0.004651348106563091,
        "Negative": 0.0026144429575651884,
        "Neutral": 0.9920454025268555,
        "Mixed": 0.0006887716008350253
    }
}
