{
    "Sentiment": "NEUTRAL",
    "SentimentScore": {
        "Positive": 0.012631471268832684,
        "Negative": 0.08598539978265762,
        "Neutral": 0.8896296620368958,
        "Mixed": 0.0117534464225173
    }
}
