{
    "Sentiment": "NEUTRAL",
    "SentimentScore": {
        "Positive": 0.006774024106562138,
        "Negative": 0.04505592957139015,
        "Neutral": 0.9381197690963745,
        "Mixed": 0.010050259530544281
    }
}
