{
    "Sentiment": "NEUTRAL",
    "SentimentScore": {
        "Positive": 0.03347328305244446,
        "Negative": 0.021562939509749413,
        "Neutral": 0.9376733899116516,
        "Mixed": 0.007290374021977186
    }
}
