{
    "Sentiment": "NEUTRAL",
    "SentimentScore": {
        "Positive": 0.00694104703143239,
        "Negative": 0.03842800110578537,
        "Neutral": 0.9479495286941528,
        "Mixed": 0.006681540049612522
    }
}
