{
    "Sentiment": "NEUTRAL",
    "SentimentScore": {
        "Positive": 0.016688238829374313,
        "Negative": 0.032211825251579285,
        "Neutral": 0.9464449882507324,
        "Mixed": 0.004654908087104559
    }
}
