{
    "Sentiment": "NEUTRAL",
    "SentimentScore": {
        "Positive": 0.003776197088882327,
        "Negative": 0.030187150463461876,
        "Neutral": 0.960721492767334,
        "Mixed": 0.005315242800861597
    }
}
