{
    "Sentiment": "NEUTRAL",
    "SentimentScore": {
        "Positive": 0.012728352099657059,
        "Negative": 0.03777049481868744,
        "Neutral": 0.9420396685600281,
        "Mixed": 0.00746141979470849
    }
}
