{
    "Sentiment": "NEUTRAL",
    "SentimentScore": {
        "Positive": 0.014649216085672379,
        "Negative": 0.021758029237389565,
        "Neutral": 0.9602867364883423,
        "Mixed": 0.0033060957212001085
    }
}
