{
    "Sentiment": "NEUTRAL",
    "SentimentScore": {
        "Positive": 0.014594824984669685,
        "Negative": 0.0011763243237510324,
        "Neutral": 0.9834582805633545,
        "Mixed": 0.0007706574397161603
    }
}
