{
    "Sentiment": "NEUTRAL",
    "SentimentScore": {
        "Positive": 0.003092907601967454,
        "Negative": 0.10668814927339554,
        "Neutral": 0.8835861682891846,
        "Mixed": 0.00663272850215435
    }
}
