{
    "Sentiment": "NEUTRAL",
    "SentimentScore": {
        "Positive": 0.001815255032852292,
        "Negative": 0.024606768041849136,
        "Neutral": 0.9724244475364685,
        "Mixed": 0.0011535403318703175
    }
}
