{
    "Sentiment": "NEUTRAL",
    "SentimentScore": {
        "Positive": 0.004166217055171728,
        "Negative": 0.025731651112437248,
        "Neutral": 0.9666406512260437,
        "Mixed": 0.003461443353444338
    }
}
