{
    "Sentiment": "NEUTRAL",
    "SentimentScore": {
        "Positive": 0.0030947087798267603,
        "Negative": 0.008405005559325218,
        "Neutral": 0.9876118302345276,
        "Mixed": 0.0008884225971996784
    }
}
