{
    "Sentiment": "NEUTRAL",
    "SentimentScore": {
        "Positive": 0.20043021440505981,
        "Negative": 0.007255239877849817,
        "Neutral": 0.7819945216178894,
        "Mixed": 0.010320029221475124
    }
}
