{
    "Sentiment": "NEUTRAL",
    "SentimentScore": {
        "Positive": 0.012341408990323544,
        "Negative": 0.019574079662561417,
        "Neutral": 0.9653986692428589,
        "Mixed": 0.0026857848279178143
    }
}
