{
    "Sentiment": "NEUTRAL",
    "SentimentScore": {
        "Positive": 0.23267962038516998,
        "Negative": 0.004954098258167505,
        "Neutral": 0.7523560523986816,
        "Mixed": 0.010010254569351673
    }
}
