{
    "Sentiment": "NEUTRAL",
    "SentimentScore": {
        "Positive": 0.007263866253197193,
        "Negative": 0.007803871296346188,
        "Neutral": 0.9843929409980774,
        "Mixed": 0.0005393403116613626
    }
}
