{
    "Sentiment": "NEUTRAL",
    "SentimentScore": {
        "Positive": 0.007181193679571152,
        "Negative": 0.10770789533853531,
        "Neutral": 0.8714980483055115,
        "Mixed": 0.013612930662930012
    }
}
