{
    "Sentiment": "NEUTRAL",
    "SentimentScore": {
        "Positive": 0.028673291206359863,
        "Negative": 0.01515693124383688,
        "Neutral": 0.9544868469238281,
        "Mixed": 0.0016830252716317773
    }
}
