{
    "Sentiment": "NEGATIVE",
    "SentimentScore": {
        "Positive": 0.02598525770008564,
        "Negative": 0.7781018018722534,
        "Neutral": 0.15654413402080536,
        "Mixed": 0.03936879336833954
    }
}
