{
    "Sentiment": "NEUTRAL",
    "SentimentScore": {
        "Positive": 0.003554222173988819,
        "Negative": 0.0051613315008580685,
        "Neutral": 0.9904725551605225,
        "Mixed": 0.0008119259146042168
    }
}
