{
    "Sentiment": "NEUTRAL",
    "SentimentScore": {
        "Positive": 0.004705776460468769,
        "Negative": 0.024884259328246117,
        "Neutral": 0.9684644937515259,
        "Mixed": 0.0019454407738521695
    }
}
