{
    "Sentiment": "NEUTRAL",
    "SentimentScore": {
        "Positive": 0.007624487392604351,
        "Negative": 0.004257085267454386,
        "Neutral": 0.9872735738754272,
        "Mixed": 0.0008447879808954895
    }
}
