{
    "Sentiment": "NEUTRAL",
    "SentimentScore": {
        "Positive": 0.20867328345775604,
        "Negative": 0.03625387325882912,
        "Neutral": 0.7025001645088196,
        "Mixed": 0.05257267504930496
    }
}
