{
    "Sentiment": "NEUTRAL",
    "SentimentScore": {
        "Positive": 0.00260878074914217,
        "Negative": 0.06865483522415161,
        "Neutral": 0.9227539896965027,
        "Mixed": 0.005982359871268272
    }
}
