{
    "Sentiment": "NEUTRAL",
    "SentimentScore": {
        "Positive": 0.0044520702213048935,
        "Negative": 0.0024433911312371492,
        "Neutral": 0.9925271272659302,
        "Mixed": 0.0005773664452135563
    }
}
