{
    "Sentiment": "NEUTRAL",
    "SentimentScore": {
        "Positive": 0.005267121829092503,
        "Negative": 0.043337978422641754,
        "Neutral": 0.9467104077339172,
        "Mixed": 0.00468443613499403
    }
}
