{
    "Sentiment": "NEUTRAL",
    "SentimentScore": {
        "Positive": 0.007386191748082638,
        "Negative": 0.0031950720585882664,
        "Neutral": 0.9889121055603027,
        "Mixed": 0.0005067327874712646
    }
}
