{
    "Sentiment": "NEUTRAL",
    "SentimentScore": {
        "Positive": 0.004999822936952114,
        "Negative": 0.031916480511426926,
        "Neutral": 0.9605933427810669,
        "Mixed": 0.0024903740268200636
    }
}
