{
    "Sentiment": "NEUTRAL",
    "SentimentScore": {
        "Positive": 0.0036430861800909042,
        "Negative": 0.003614021698012948,
        "Neutral": 0.9922513365745544,
        "Mixed": 0.0004916423931717873
    }
}
