{
    "Sentiment": "NEUTRAL",
    "SentimentScore": {
        "Positive": 0.34253859519958496,
        "Negative": 0.004157732240855694,
        "Neutral": 0.650726854801178,
        "Mixed": 0.002576836384832859
    }
}
