{
    "Sentiment": "NEUTRAL",
    "SentimentScore": {
        "Positive": 0.020526286214590073,
        "Negative": 0.08289745450019836,
        "Neutral": 0.8780777454376221,
        "Mixed": 0.01849851943552494
    }
}
