{
    "Sentiment": "NEUTRAL",
    "SentimentScore": {
        "Positive": 0.15036918222904205,
        "Negative": 0.005466484930366278,
        "Neutral": 0.8396917581558228,
        "Mixed": 0.00447263615205884
    }
}
