{
    "Sentiment": "NEUTRAL",
    "SentimentScore": {
        "Positive": 0.16701890528202057,
        "Negative": 0.02279798686504364,
        "Neutral": 0.7949906587600708,
        "Mixed": 0.015192440710961819
    }
}
