{
    "Sentiment": "NEUTRAL",
    "SentimentScore": {
        "Positive": 0.3577047884464264,
        "Negative": 0.03360139578580856,
        "Neutral": 0.564075767993927,
        "Mixed": 0.044618044048547745
    }
}
