{
    "Sentiment": "NEUTRAL",
    "SentimentScore": {
        "Positive": 0.015281887724995613,
        "Negative": 0.022284317761659622,
        "Neutral": 0.9555694460868835,
        "Mixed": 0.006864425726234913
    }
}
