{
    "Sentiment": "NEUTRAL",
    "SentimentScore": {
        "Positive": 0.005564708262681961,
        "Negative": 0.0068625351414084435,
        "Neutral": 0.987011730670929,
        "Mixed": 0.0005609941435977817
    }
}
