{
    "Sentiment": "NEUTRAL",
    "SentimentScore": {
        "Positive": 0.008623983711004257,
        "Negative": 0.02000344730913639,
        "Neutral": 0.9682068228721619,
        "Mixed": 0.003165672766044736
    }
}
