{
    "Sentiment": "NEUTRAL",
    "SentimentScore": {
        "Positive": 0.00709463469684124,
        "Negative": 0.019481902942061424,
        "Neutral": 0.9706261157989502,
        "Mixed": 0.0027973896358162165
    }
}
