{
    "Sentiment": "NEUTRAL",
    "SentimentScore": {
        "Positive": 0.01331570278853178,
        "Negative": 0.021212121471762657,
        "Neutral": 0.9624210596084595,
        "Mixed": 0.0030510802753269672
    }
}
