{
    "Sentiment": "NEUTRAL",
    "SentimentScore": {
        "Positive": 0.005254227668046951,
        "Negative": 0.0067707751877605915,
        "Neutral": 0.9874676465988159,
        "Mixed": 0.0005073973443359137
    }
}
