{
    "Sentiment": "NEUTRAL",
    "SentimentScore": {
        "Positive": 0.16893063485622406,
        "Negative": 0.1367027312517166,
        "Neutral": 0.657974362373352,
        "Mixed": 0.03639225661754608
    }
}
