{
    "Sentiment": "NEUTRAL",
    "SentimentScore": {
        "Positive": 0.1822974979877472,
        "Negative": 0.005578536540269852,
        "Neutral": 0.8077904582023621,
        "Mixed": 0.004333480726927519
    }
}
