{
    "Sentiment": "NEUTRAL",
    "SentimentScore": {
        "Positive": 0.13068334758281708,
        "Negative": 0.013639425858855247,
        "Neutral": 0.8521528244018555,
        "Mixed": 0.0035244100727140903
    }
}
