{
    "Sentiment": "NEUTRAL",
    "SentimentScore": {
        "Positive": 0.01361415907740593,
        "Negative": 0.0005164050962775946,
        "Neutral": 0.9853960871696472,
        "Mixed": 0.0004733495006803423
    }
}
