{
    "Sentiment": "NEUTRAL",
    "SentimentScore": {
        "Positive": 0.20753474533557892,
        "Negative": 0.11500507593154907,
        "Neutral": 0.6265245676040649,
        "Mixed": 0.05093560740351677
    }
}
