{
    "Sentiment": "NEUTRAL",
    "SentimentScore": {
        "Positive": 0.010403559543192387,
        "Negative": 0.009462644346058369,
        "Neutral": 0.9791862368583679,
        "Mixed": 0.0009476140257902443
    }
}
