{
    "Sentiment": "NEUTRAL",
    "SentimentScore": {
        "Positive": 0.029643479734659195,
        "Negative": 0.06373465061187744,
        "Neutral": 0.9020227789878845,
        "Mixed": 0.004598990548402071
    }
}
