{
    "Sentiment": "NEUTRAL",
    "SentimentScore": {
        "Positive": 0.0012206305982545018,
        "Negative": 0.005698590073734522,
        "Neutral": 0.9925526976585388,
        "Mixed": 0.0005280914483591914
    }
}
