{
    "Sentiment": "NEUTRAL",
    "SentimentScore": {
        "Positive": 0.02900768630206585,
        "Negative": 0.10129296034574509,
        "Neutral": 0.8623594045639038,
        "Mixed": 0.007339966017752886
    }
}
