{
    "Sentiment": "NEUTRAL",
    "SentimentScore": {
        "Positive": 0.22020752727985382,
        "Negative": 0.007235895376652479,
        "Neutral": 0.7628742456436157,
        "Mixed": 0.009682337753474712
    }
}
