{
    "Sentiment": "NEUTRAL",
    "SentimentScore": {
        "Positive": 0.016586802899837494,
        "Negative": 0.09046149998903275,
        "Neutral": 0.8887523412704468,
        "Mixed": 0.004199369810521603
    }
}
