{
    "Sentiment": "NEUTRAL",
    "SentimentScore": {
        "Positive": 0.021363263949751854,
        "Negative": 0.2656375467777252,
        "Neutral": 0.6847705841064453,
        "Mixed": 0.028228655457496643
    }
}
