{
    "Sentiment": "NEUTRAL",
    "SentimentScore": {
        "Positive": 0.1959192156791687,
        "Negative": 0.17293110489845276,
        "Neutral": 0.6001344323158264,
        "Mixed": 0.031015215441584587
    }
}
