{
    "Sentiment": "NEGATIVE",
    "SentimentScore": {
        "Positive": 0.025142423808574677,
        "Negative": 0.5021393299102783,
        "Neutral": 0.4596737027168274,
        "Mixed": 0.01304447278380394
    }
}
