{
    "Sentiment": "NEUTRAL",
    "SentimentScore": {
        "Positive": 0.12342096120119095,
        "Negative": 0.008537711575627327,
        "Neutral": 0.8610358238220215,
        "Mixed": 0.007005493622273207
    }
}
