{
    "Sentiment": "NEUTRAL",
    "SentimentScore": {
        "Positive": 0.03656817600131035,
        "Negative": 0.036942604929208755,
        "Neutral": 0.9133750200271606,
        "Mixed": 0.013114147819578648
    }
}
