{
    "Sentiment": "NEUTRAL",
    "SentimentScore": {
        "Positive": 0.005310048349201679,
        "Negative": 0.023855218663811684,
        "Neutral": 0.9691593050956726,
        "Mixed": 0.001675436389632523
    }
}
