{
    "Sentiment": "NEUTRAL",
    "SentimentScore": {
        "Positive": 0.04083596169948578,
        "Negative": 0.061074212193489075,
        "Neutral": 0.889279305934906,
        "Mixed": 0.008810504339635372
    }
}
