{
    "Sentiment": "NEUTRAL",
    "SentimentScore": {
        "Positive": 0.03665408864617348,
        "Negative": 0.17006821930408478,
        "Neutral": 0.778739869594574,
        "Mixed": 0.014537832699716091
    }
}
