{
    "Sentiment": "NEUTRAL",
    "SentimentScore": {
        "Positive": 0.004307782277464867,
        "Negative": 0.10136031359434128,
        "Neutral": 0.8882366418838501,
        "Mixed": 0.006095266435295343
    }
}
