{
    "Sentiment": "NEUTRAL",
    "SentimentScore": {
        "Positive": 0.0033705278765410185,
        "Negative": 0.0013231654884293675,
        "Neutral": 0.9950020909309387,
        "Mixed": 0.0003042195166926831
    }
}
