{
    "Sentiment": "NEUTRAL",
    "SentimentScore": {
        "Positive": 0.003597735660150647,
        "Negative": 0.005447783041745424,
        "Neutral": 0.9901745319366455,
        "Mixed": 0.0007800478488206863
    }
}
