{
    "Sentiment": "NEUTRAL",
    "SentimentScore": {
        "Positive": 0.0016049653058871627,
        "Negative": 0.019076170399785042,
        "Neutral": 0.9775522947311401,
        "Mixed": 0.001766570145264268
    }
}
