{
    "Sentiment": "NEUTRAL",
    "SentimentScore": {
        "Positive": 0.02085604891180992,
        "Negative": 0.004023653455078602,
        "Neutral": 0.9738515019416809,
        "Mixed": 0.0012687742710113525
    }
}
