{
    "Sentiment": "NEUTRAL",
    "SentimentScore": {
        "Positive": 0.001919229980558157,
        "Negative": 0.003120474750176072,
        "Neutral": 0.9947064518928528,
        "Mixed": 0.00025388895301148295
    }
}
