{
    "Sentiment": "NEUTRAL",
    "SentimentScore": {
        "Positive": 0.001763758948072791,
        "Negative": 0.0027889611665159464,
        "Neutral": 0.9951463341712952,
        "Mixed": 0.0003009196661878377
    }
}
