{
    "Sentiment": "NEUTRAL",
    "SentimentScore": {
        "Positive": 0.02977260760962963,
        "Negative": 0.06301815807819366,
        "Neutral": 0.896351158618927,
        "Mixed": 0.010858164168894291
    }
}
