{
    "Sentiment": "NEUTRAL",
    "SentimentScore": {
        "Positive": 0.024834228679537773,
        "Negative": 0.005980498623102903,
        "Neutral": 0.9667701721191406,
        "Mixed": 0.002414994640275836
    }
}
