{
    "Sentiment": "NEUTRAL",
    "SentimentScore": {
        "Positive": 0.004923719447106123,
        "Negative": 0.15506334602832794,
        "Neutral": 0.8310885429382324,
        "Mixed": 0.008924436755478382
    }
}
