{
    "Sentiment": "NEUTRAL",
    "SentimentScore": {
        "Positive": 0.025422241538763046,
        "Negative": 0.0012404104927554727,
        "Neutral": 0.9726683497428894,
        "Mixed": 0.0006690079462714493
    }
}
