{
    "Sentiment": "NEUTRAL",
    "SentimentScore": {
        "Positive": 0.02349221333861351,
        "Negative": 0.25789180397987366,
        "Neutral": 0.694422721862793,
        "Mixed": 0.024193301796913147
    }
}
