{
    "Sentiment": "NEUTRAL",
    "SentimentScore": {
        "Positive": 0.00761885242536664,
        "Negative": 0.003283066675066948,
        "Neutral": 0.9885787963867188,
        "Mixed": 0.0005193983670324087
    }
}
