{
    "Sentiment": "NEUTRAL",
    "SentimentScore": {
        "Positive": 0.002957930089905858,
        "Negative": 0.011543141677975655,
        "Neutral": 0.9844269156455994,
        "Mixed": 0.0010719745187088847
    }
}
