{
    "Sentiment": "NEUTRAL",
    "SentimentScore": {
        "Positive": 0.04806375131011009,
        "Negative": 0.004473356530070305,
        "Neutral": 0.9418003559112549,
        "Mixed": 0.005662497133016586
    }
}
