{
    "Sentiment": "NEUTRAL",
    "SentimentScore": {
        "Positive": 0.010104392655193806,
        "Negative": 0.23796500265598297,
        "Neutral": 0.7312837243080139,
        "Mixed": 0.02064691297709942
    }
}
