{
    "Sentiment": "NEUTRAL",
    "SentimentScore": {
        "Positive": 0.0020092420745640993,
        "Negative": 0.0037936840672045946,
        "Neutral": 0.9937818646430969,
        "Mixed": 0.00041527400026097894
    }
}
