{
    "Sentiment": "NEUTRAL",
    "SentimentScore": {
        "Positive": 0.008439031429588795,
        "Negative": 0.05441755801439285,
        "Neutral": 0.9274188280105591,
        "Mixed": 0.009724591858685017
    }
}
