{
    "Sentiment": "NEUTRAL",
    "SentimentScore": {
        "Positive": 0.0027011334896087646,
        "Negative": 0.0010577755747362971,
        "Neutral": 0.9959433674812317,
        "Mixed": 0.00029775823350064456
    }
}
