{
    "Sentiment": "NEUTRAL",
    "SentimentScore": {
        "Positive": 0.08175911754369736,
        "Negative": 0.0032039331272244453,
        "Neutral": 0.9138126373291016,
        "Mixed": 0.0012243058299645782
    }
}
