{
    "Sentiment": "NEUTRAL",
    "SentimentScore": {
        "Positive": 0.004172682762145996,
        "Negative": 0.0066721136681735516,
        "Neutral": 0.9877602458000183,
        "Mixed": 0.0013949756976217031
    }
}
