{
    "Sentiment": "NEUTRAL",
    "SentimentScore": {
        "Positive": 0.005075502209365368,
        "Negative": 0.0048906030133366585,
        "Neutral": 0.9893612265586853,
        "Mixed": 0.0006726135034114122
    }
}
