{
    "Sentiment": "NEUTRAL",
    "SentimentScore": {
        "Positive": 0.0019787969067692757,
        "Negative": 0.018631646409630775,
        "Neutral": 0.9779807925224304,
        "Mixed": 0.0014086361043155193
    }
}
