{
    "Sentiment": "NEUTRAL",
    "SentimentScore": {
        "Positive": 0.009165788069367409,
        "Negative": 0.016567351296544075,
        "Neutral": 0.97198885679245,
        "Mixed": 0.002277955412864685
    }
}
