{
    "Sentiment": "NEUTRAL",
    "SentimentScore": {
        "Positive": 0.01781872659921646,
        "Negative": 0.06553729623556137,
        "Neutral": 0.9133336544036865,
        "Mixed": 0.003310327185317874
    }
}
