{
    "Sentiment": "NEUTRAL",
    "SentimentScore": {
        "Positive": 0.1240377277135849,
        "Negative": 0.003858218202367425,
        "Neutral": 0.8697366118431091,
        "Mixed": 0.002367450390011072
    }
}
