{
    "Sentiment": "NEUTRAL",
    "SentimentScore": {
        "Positive": 0.0030507324263453484,
        "Negative": 0.1499200314283371,
        "Neutral": 0.8442620635032654,
        "Mixed": 0.0027671554125845432
    }
}
