{
    "Sentiment": "NEUTRAL",
    "SentimentScore": {
        "Positive": 0.004433418624103069,
        "Negative": 0.08905952423810959,
        "Neutral": 0.9002167582511902,
        "Mixed": 0.006290209945291281
    }
}
