{
    "Sentiment": "NEUTRAL",
    "SentimentScore": {
        "Positive": 0.013557336293160915,
        "Negative": 0.036239489912986755,
        "Neutral": 0.9386156797409058,
        "Mixed": 0.011587542481720448
    }
}
