{
    "Sentiment": "NEUTRAL",
    "SentimentScore": {
        "Positive": 0.007583525497466326,
        "Negative": 0.002357570920139551,
        "Neutral": 0.9896708130836487,
        "Mixed": 0.0003881059819832444
    }
}
