{
    "Sentiment": "NEGATIVE",
    "SentimentScore": {
        "Positive": 0.01894104853272438,
        "Negative": 0.6745010614395142,
        "Neutral": 0.2803916037082672,
        "Mixed": 0.0261662807315588
    }
}
