{
    "Sentiment": "NEUTRAL",
    "SentimentScore": {
        "Positive": 0.007869577966630459,
        "Negative": 0.007229786366224289,
        "Neutral": 0.9832368493080139,
        "Mixed": 0.0016637699445709586
    }
}
