{
    "Sentiment": "NEUTRAL",
    "SentimentScore": {
        "Positive": 0.005698653403669596,
        "Negative": 0.22267213463783264,
        "Neutral": 0.7564505338668823,
        "Mixed": 0.015178658999502659
    }
}
