{
    "Sentiment": "NEUTRAL",
    "SentimentScore": {
        "Positive": 0.0026390033308416605,
        "Negative": 0.00422496534883976,
        "Neutral": 0.9926080703735352,
        "Mixed": 0.0005279219476506114
    }
}
