{
    "Sentiment": "NEUTRAL",
    "SentimentScore": {
        "Positive": 0.00770127447322011,
        "Negative": 0.01508348248898983,
        "Neutral": 0.9753807187080383,
        "Mixed": 0.001834406633861363
    }
}
