{
    "Sentiment": "NEUTRAL",
    "SentimentScore": {
        "Positive": 0.0030516081023961306,
        "Negative": 0.047785043716430664,
        "Neutral": 0.9459172487258911,
        "Mixed": 0.0032460754737257957
    }
}
