{
    "Sentiment": "NEUTRAL",
    "SentimentScore": {
        "Positive": 0.004939560312777758,
        "Negative": 0.0026868360582739115,
        "Neutral": 0.9920525550842285,
        "Mixed": 0.00032103806734085083
    }
}
