{
    "Sentiment": "NEGATIVE",
    "SentimentScore": {
        "Positive": 0.008555756881833076,
        "Negative": 0.7634034752845764,
        "Neutral": 0.20146790146827698,
        "Mixed": 0.02657295949757099
    }
}
