{
    "Sentiment": "NEUTRAL",
    "SentimentScore": {
        "Positive": 0.06518438458442688,
        "Negative": 0.0019905369263142347,
        "Neutral": 0.9311375617980957,
        "Mixed": 0.0016875858418643475
    }
}
