{
    "Sentiment": "NEUTRAL",
    "SentimentScore": {
        "Positive": 0.019469231367111206,
        "Negative": 0.005532318726181984,
        "Neutral": 0.9736630916595459,
        "Mixed": 0.0013354329857975245
    }
}
