{
    "Sentiment": "NEUTRAL",
    "SentimentScore": {
        "Positive": 0.0040674833580851555,
        "Negative": 0.06120631843805313,
        "Neutral": 0.9322645664215088,
        "Mixed": 0.0024616243317723274
    }
}
