{
    "Sentiment": "POSITIVE",
    "SentimentScore": {
        "Positive": 0.8729749321937561,
        "Negative": 0.005388710647821426,
        "Neutral": 0.11485625058412552,
        "Mixed": 0.0067801522091031075
    }
}
