{
    "Sentiment": "NEUTRAL",
    "SentimentScore": {
        "Positive": 0.0029513263143599033,
        "Negative": 0.0009705191478133202,
        "Neutral": 0.9958087205886841,
        "Mixed": 0.000269474636297673
    }
}
