{
    "Sentiment": "NEUTRAL",
    "SentimentScore": {
        "Positive": 0.09979403764009476,
        "Negative": 0.0884971022605896,
        "Neutral": 0.7683126926422119,
        "Mixed": 0.04339613392949104
    }
}
