{
    "Sentiment": "NEUTRAL",
    "SentimentScore": {
        "Positive": 0.09243536740541458,
        "Negative": 0.04129549860954285,
        "Neutral": 0.856218159198761,
        "Mixed": 0.010050905868411064
    }
}
