{
    "Sentiment": "NEUTRAL",
    "SentimentScore": {
        "Positive": 0.4658151865005493,
        "Negative": 0.02970331348478794,
        "Neutral": 0.48324936628341675,
        "Mixed": 0.021232130005955696
    }
}
