{
    "Sentiment": "NEUTRAL",
    "SentimentScore": {
        "Positive": 0.0053698900155723095,
        "Negative": 0.021902067586779594,
        "Neutral": 0.9697092771530151,
        "Mixed": 0.0030187489464879036
    }
}
