{
    "Sentiment": "NEUTRAL",
    "SentimentScore": {
        "Positive": 0.00178705679718405,
        "Negative": 0.19666866958141327,
        "Neutral": 0.7951164245605469,
        "Mixed": 0.0064278761856257915
    }
}
