{
    "Sentiment": "NEUTRAL",
    "SentimentScore": {
        "Positive": 0.004986576735973358,
        "Negative": 0.004989509470760822,
        "Neutral": 0.9885807633399963,
        "Mixed": 0.0014431861927732825
    }
}
