{
    "Sentiment": "NEUTRAL",
    "SentimentScore": {
        "Positive": 0.010756254196166992,
        "Negative": 0.004075541626662016,
        "Neutral": 0.984257698059082,
        "Mixed": 0.0009104626951739192
    }
}
