{
    "Sentiment": "NEUTRAL",
    "SentimentScore": {
        "Positive": 0.013121475465595722,
        "Negative": 0.0024407990276813507,
        "Neutral": 0.9837002158164978,
        "Mixed": 0.0007374859414994717
    }
}
