{
    "Sentiment": "NEUTRAL",
    "SentimentScore": {
        "Positive": 0.002365813124924898,
        "Negative": 0.012860402464866638,
        "Neutral": 0.9832289814949036,
        "Mixed": 0.001544770086184144
    }
}
