{
    "Sentiment": "NEGATIVE",
    "SentimentScore": {
        "Positive": 0.0419989712536335,
        "Negative": 0.5333719849586487,
        "Neutral": 0.28891128301620483,
        "Mixed": 0.13571776449680328
    }
}
