{
    "Sentiment": "NEUTRAL",
    "SentimentScore": {
        "Positive": 0.047701410949230194,
        "Negative": 0.013994948007166386,
        "Neutral": 0.9361472725868225,
        "Mixed": 0.0021563975606113672
    }
}
