{
    "Sentiment": "NEUTRAL",
    "SentimentScore": {
        "Positive": 0.004227318335324526,
        "Negative": 0.14434462785720825,
        "Neutral": 0.8427942991256714,
        "Mixed": 0.008633842691779137
    }
}
