{
    "Sentiment": "NEUTRAL",
    "SentimentScore": {
        "Positive": 0.006878365762531757,
        "Negative": 0.05554571375250816,
        "Neutral": 0.9285595417022705,
        "Mixed": 0.009016341529786587
    }
}
