{
    "Sentiment": "NEUTRAL",
    "SentimentScore": {
        "Positive": 0.0069533539935946465,
        "Negative": 0.2593960165977478,
        "Neutral": 0.7242518067359924,
        "Mixed": 0.009398851543664932
    }
}
