{
    "Sentiment": "NEUTRAL",
    "SentimentScore": {
        "Positive": 0.008383645676076412,
        "Negative": 0.1272028684616089,
        "Neutral": 0.8523640632629395,
        "Mixed": 0.012049399316310883
    }
}
