{
    "Sentiment": "NEUTRAL",
    "SentimentScore": {
        "Positive": 0.01938551664352417,
        "Negative": 0.10186519473791122,
        "Neutral": 0.8678514361381531,
        "Mixed": 0.010897863656282425
    }
}
