{
    "Sentiment": "NEUTRAL",
    "SentimentScore": {
        "Positive": 0.0058829751797020435,
        "Negative": 0.1650444120168686,
        "Neutral": 0.8186871409416199,
        "Mixed": 0.010385449044406414
    }
}
