{
    "Sentiment": "NEUTRAL",
    "SentimentScore": {
        "Positive": 0.03509607911109924,
        "Negative": 0.04379129782319069,
        "Neutral": 0.9175277948379517,
        "Mixed": 0.0035848552361130714
    }
}
