{
    "Sentiment": "NEUTRAL",
    "SentimentScore": {
        "Positive": 0.018234597519040108,
        "Negative": 0.001511176466010511,
        "Neutral": 0.979314386844635,
        "Mixed": 0.0009399144328199327
    }
}
