{
    "Sentiment": "NEUTRAL",
    "SentimentScore": {
        "Positive": 0.002529189456254244,
        "Negative": 0.006207927595824003,
        "Neutral": 0.9899798631668091,
        "Mixed": 0.0012830302584916353
    }
}
