{
    "Sentiment": "NEUTRAL",
    "SentimentScore": {
        "Positive": 0.0019381262827664614,
        "Negative": 0.001483017229475081,
        "Neutral": 0.9963845014572144,
        "Mixed": 0.00019435131980571896
    }
}
