{
    "Sentiment": "NEUTRAL",
    "SentimentScore": {
        "Positive": 0.15449847280979156,
        "Negative": 0.008867431432008743,
        "Neutral": 0.8242629170417786,
        "Mixed": 0.012371067889034748
    }
}
