{
    "Sentiment": "NEUTRAL",
    "SentimentScore": {
        "Positive": 0.03950221836566925,
        "Negative": 0.02331698127090931,
        "Neutral": 0.9292792081832886,
        "Mixed": 0.007901633158326149
    }
}
