{
    "Sentiment": "NEUTRAL",
    "SentimentScore": {
        "Positive": 0.013504349626600742,
        "Negative": 0.023961985483765602,
        "Neutral": 0.9559535384178162,
        "Mixed": 0.006580066867172718
    }
}
