{
    "Sentiment": "NEUTRAL",
    "SentimentScore": {
        "Positive": 0.022984998300671577,
        "Negative": 0.024462228640913963,
        "Neutral": 0.9484222531318665,
        "Mixed": 0.004130598157644272
    }
}
