{
    "Sentiment": "NEUTRAL",
    "SentimentScore": {
        "Positive": 0.017659872770309448,
        "Negative": 0.050162892788648605,
        "Neutral": 0.9249207973480225,
        "Mixed": 0.007256477605551481
    }
}
