{
    "Sentiment": "NEUTRAL",
    "SentimentScore": {
        "Positive": 0.0020413165912032127,
        "Negative": 0.14358818531036377,
        "Neutral": 0.8484843969345093,
        "Mixed": 0.00588605459779501
    }
}
