{
    "Sentiment": "NEUTRAL",
    "SentimentScore": {
        "Positive": 0.004603886511176825,
        "Negative": 0.07316340506076813,
        "Neutral": 0.9140977263450623,
        "Mixed": 0.008135007694363594
    }
}
