{
    "Sentiment": "NEUTRAL",
    "SentimentScore": {
        "Positive": 0.4047964811325073,
        "Negative": 0.007920065894722939,
        "Neutral": 0.5736393332481384,
        "Mixed": 0.013644050806760788
    }
}
