{
    "Sentiment": "NEUTRAL",
    "SentimentScore": {
        "Positive": 0.01661258563399315,
        "Negative": 0.060475923120975494,
        "Neutral": 0.9115143418312073,
        "Mixed": 0.011397113092243671
    }
}
