{
    "Sentiment": "NEUTRAL",
    "SentimentScore": {
        "Positive": 0.0010766838677227497,
        "Negative": 0.02027956396341324,
        "Neutral": 0.9778915643692017,
        "Mixed": 0.0007522000814788043
    }
}
