{
    "Sentiment": "NEUTRAL",
    "SentimentScore": {
        "Positive": 0.004451925400644541,
        "Negative": 0.0026249357033520937,
        "Neutral": 0.9925559163093567,
        "Mixed": 0.0003672272723633796
    }
}
