{
    "Sentiment": "NEUTRAL",
    "SentimentScore": {
        "Positive": 0.2198600023984909,
        "Negative": 0.009389616549015045,
        "Neutral": 0.7599741816520691,
        "Mixed": 0.01077618170529604
    }
}
