{
    "Sentiment": "NEUTRAL",
    "SentimentScore": {
        "Positive": 0.009113803505897522,
        "Negative": 0.05667885020375252,
        "Neutral": 0.928842306137085,
        "Mixed": 0.005365029908716679
    }
}
