{
    "Sentiment": "NEUTRAL",
    "SentimentScore": {
        "Positive": 0.19333554804325104,
        "Negative": 0.12367334961891174,
        "Neutral": 0.6704300045967102,
        "Mixed": 0.012561083771288395
    }
}
