{
    "Sentiment": "NEUTRAL",
    "SentimentScore": {
        "Positive": 0.01654183119535446,
        "Negative": 0.11604293435811996,
        "Neutral": 0.8611364960670471,
        "Mixed": 0.006278669461607933
    }
}
