{
    "Sentiment": "NEUTRAL",
    "SentimentScore": {
        "Positive": 0.054787587374448776,
        "Negative": 0.0031243874691426754,
        "Neutral": 0.9398862719535828,
        "Mixed": 0.00220174016430974
    }
}
