{
    "Sentiment": "NEUTRAL",
    "SentimentScore": {
        "Positive": 0.45554041862487793,
        "Negative": 0.006560837384313345,
        "Neutral": 0.5332633852958679,
        "Mixed": 0.00463530421257019
    }
}
