{
    "Sentiment": "NEUTRAL",
    "SentimentScore": {
        "Positive": 0.03947075456380844,
        "Negative": 0.02217407152056694,
        "Neutral": 0.9361541867256165,
        "Mixed": 0.0022009925451129675
    }
}
