{
    "Sentiment": "NEUTRAL",
    "SentimentScore": {
        "Positive": 0.0018551155226305127,
        "Negative": 0.028587477281689644,
        "Neutral": 0.9672327041625977,
        "Mixed": 0.002324749017134309
    }
}
