{
    "Sentiment": "NEUTRAL",
    "SentimentScore": {
        "Positive": 0.0023335344158113003,
        "Negative": 0.0008374119061045349,
        "Neutral": 0.9966583251953125,
        "Mixed": 0.00017072980699595064
    }
}
