{
    "Sentiment": "NEUTRAL",
    "SentimentScore": {
        "Positive": 0.02615201473236084,
        "Negative": 0.08987462520599365,
        "Neutral": 0.8792452216148376,
        "Mixed": 0.004728132858872414
    }
}
