{
    "Sentiment": "NEUTRAL",
    "SentimentScore": {
        "Positive": 0.009377442300319672,
        "Negative": 0.13887794315814972,
        "Neutral": 0.8365818858146667,
        "Mixed": 0.01516276877373457
    }
}
