{
    "Sentiment": "NEUTRAL",
    "SentimentScore": {
        "Positive": 0.006229075137525797,
        "Negative": 0.006646809168159962,
        "Neutral": 0.9860097169876099,
        "Mixed": 0.0011144598247483373
    }
}
