{
    "Sentiment": "NEUTRAL",
    "SentimentScore": {
        "Positive": 0.007609964814037085,
        "Negative": 0.01933995820581913,
        "Neutral": 0.9701455235481262,
        "Mixed": 0.002904508262872696
    }
}
