{
    "Sentiment": "NEUTRAL",
    "SentimentScore": {
        "Positive": 0.02598145417869091,
        "Negative": 0.11285156011581421,
        "Neutral": 0.8463746309280396,
        "Mixed": 0.014792283996939659
    }
}
