{
    "Sentiment": "NEUTRAL",
    "SentimentScore": {
        "Positive": 0.012557999230921268,
        "Negative": 0.12061360478401184,
        "Neutral": 0.8570609092712402,
        "Mixed": 0.00976747926324606
    }
}
