{
    "Sentiment": "NEUTRAL",
    "SentimentScore": {
        "Positive": 0.0031819487921893597,
        "Negative": 0.0022491414565593004,
        "Neutral": 0.9941439032554626,
        "Mixed": 0.0004250379861332476
    }
}
