{
    "Sentiment": "NEUTRAL",
    "SentimentScore": {
        "Positive": 0.014673278667032719,
        "Negative": 0.015888363122940063,
        "Neutral": 0.9591989517211914,
        "Mixed": 0.010239360854029655
    }
}
