{
    "Sentiment": "NEUTRAL",
    "SentimentScore": {
        "Positive": 0.00262534455396235,
        "Negative": 0.011052644811570644,
        "Neutral": 0.9854267835617065,
        "Mixed": 0.0008952117059379816
    }
}
