{
    "Sentiment": "NEGATIVE",
    "SentimentScore": {
        "Positive": 0.005929527338594198,
        "Negative": 0.6602963209152222,
        "Neutral": 0.29372650384902954,
        "Mixed": 0.04004761949181557
    }
}
