{
    "Sentiment": "NEUTRAL",
    "SentimentScore": {
        "Positive": 0.0059437681920826435,
        "Negative": 0.13748033344745636,
        "Neutral": 0.8450900316238403,
        "Mixed": 0.011485815979540348
    }
}
