{
    "Sentiment": "NEUTRAL",
    "SentimentScore": {
        "Positive": 0.011835254728794098,
        "Negative": 0.012346616014838219,
        "Neutral": 0.9735852479934692,
        "Mixed": 0.002232906874269247
    }
}
