{
    "Sentiment": "NEUTRAL",
    "SentimentScore": {
        "Positive": 0.021965211257338524,
        "Negative": 0.013906732201576233,
        "Neutral": 0.961717963218689,
        "Mixed": 0.0024100570008158684
    }
}
