{
    "Sentiment": "NEUTRAL",
    "SentimentScore": {
        "Positive": 0.04951532930135727,
        "Negative": 0.019781939685344696,
        "Neutral": 0.9209082126617432,
        "Mixed": 0.009794511832296848
    }
}
