{
    "Sentiment": "NEUTRAL",
    "SentimentScore": {
        "Positive": 0.0037714396603405476,
        "Negative": 0.06678586453199387,
        "Neutral": 0.9252227544784546,
        "Mixed": 0.004219899885356426
    }
}
