{
    "Sentiment": "NEUTRAL",
    "SentimentScore": {
        "Positive": 0.0328482910990715,
        "Negative": 0.06402859091758728,
        "Neutral": 0.8939865827560425,
        "Mixed": 0.009136484935879707
    }
}
