{
    "Sentiment": "NEUTRAL",
    "SentimentScore": {
        "Positive": 0.00739723164588213,
        "Negative": 0.0502643808722496,
        "Neutral": 0.938715934753418,
        "Mixed": 0.0036224061623215675
    }
}
