{
    "Sentiment": "NEUTRAL",
    "SentimentScore": {
        "Positive": 0.00653179083019495,
        "Negative": 0.10616184026002884,
        "Neutral": 0.872524082660675,
        "Mixed": 0.014782366342842579
    }
}
