{
    "Sentiment": "NEUTRAL",
    "SentimentScore": {
        "Positive": 0.0015750207239761949,
        "Negative": 0.07916145026683807,
        "Neutral": 0.9173913598060608,
        "Mixed": 0.0018721752567216754
    }
}
