{
    "Sentiment": "NEUTRAL",
    "SentimentScore": {
        "Positive": 0.0061497557908296585,
        "Negative": 0.0035312147811055183,
        "Neutral": 0.98985755443573,
        "Mixed": 0.0004614972276613116
    }
}
