{
    "Sentiment": "NEUTRAL",
    "SentimentScore": {
        "Positive": 0.022207675501704216,
        "Negative": 0.0208746287971735,
        "Neutral": 0.9518151879310608,
        "Mixed": 0.00510250823572278
    }
}
