{
    "Sentiment": "NEUTRAL",
    "SentimentScore": {
        "Positive": 0.053675565868616104,
        "Negative": 0.01655086688697338,
        "Neutral": 0.9252145886421204,
        "Mixed": 0.004559001885354519
    }
}
