{
    "Sentiment": "NEUTRAL",
    "SentimentScore": {
        "Positive": 0.008814201690256596,
        "Negative": 0.0072145056910812855,
        "Neutral": 0.9825656414031982,
        "Mixed": 0.0014056727522984147
    }
}
