{
    "Sentiment": "NEUTRAL",
    "SentimentScore": {
        "Positive": 0.011604784056544304,
        "Negative": 0.08172465115785599,
        "Neutral": 0.8984110951423645,
        "Mixed": 0.008259478956460953
    }
}
