{
    "Sentiment": "NEUTRAL",
    "SentimentScore": {
        "Positive": 0.0013397102011367679,
        "Negative": 0.0017738462192937732,
        "Neutral": 0.9966536164283752,
        "Mixed": 0.00023284491908270866
    }
}
