{
    "Sentiment": "NEUTRAL",
    "SentimentScore": {
        "Positive": 0.010331356897950172,
        "Negative": 0.0012561106123030186,
        "Neutral": 0.9877683520317078,
        "Mixed": 0.0006441967561841011
    }
}
