{
    "Sentiment": "POSITIVE",
    "SentimentScore": {
        "Positive": 0.8676151037216187,
        "Negative": 0.0009816436795517802,
        "Neutral": 0.12773878872394562,
        "Mixed": 0.0036644686479121447
    }
}
