{
    "Sentiment": "NEUTRAL",
    "SentimentScore": {
        "Positive": 0.02921415865421295,
        "Negative": 0.01640578731894493,
        "Neutral": 0.9501088261604309,
        "Mixed": 0.004271169658750296
    }
}
