{
    "Sentiment": "NEUTRAL",
    "SentimentScore": {
        "Positive": 0.02426942065358162,
        "Negative": 0.02165362611413002,
        "Neutral": 0.9526637196540833,
        "Mixed": 0.0014131872449070215
    }
}
