{
    "Sentiment": "NEUTRAL",
    "SentimentScore": {
        "Positive": 0.04011016711592674,
        "Negative": 0.041608117520809174,
        "Neutral": 0.8983103632926941,
        "Mixed": 0.019971372559666634
    }
}
