{
    "Sentiment": "NEUTRAL",
    "SentimentScore": {
        "Positive": 0.002613956807181239,
        "Negative": 0.01859346032142639,
        "Neutral": 0.9771468043327332,
        "Mixed": 0.001645813463255763
    }
}
