{
    "Sentiment": "NEUTRAL",
    "SentimentScore": {
        "Positive": 0.010268962010741234,
        "Negative": 0.0020308331586420536,
        "Neutral": 0.9871949553489685,
        "Mixed": 0.0005052805645391345
    }
}
