{
    "Sentiment": "NEUTRAL",
    "SentimentScore": {
        "Positive": 0.03722165897488594,
        "Negative": 0.09972942620515823,
        "Neutral": 0.8538925647735596,
        "Mixed": 0.009156431071460247
    }
}
