{
    "Sentiment": "POSITIVE",
    "SentimentScore": {
        "Positive": 0.6184960603713989,
        "Negative": 0.008242505602538586,
        "Neutral": 0.3230445981025696,
        "Mixed": 0.050216786563396454
    }
}
