{
    "Sentiment": "NEUTRAL",
    "SentimentScore": {
        "Positive": 0.08122768253087997,
        "Negative": 0.01218756940215826,
        "Neutral": 0.9039511680603027,
        "Mixed": 0.0026335744187235832
    }
}
