{
    "Sentiment": "NEUTRAL",
    "SentimentScore": {
        "Positive": 0.010477772913873196,
        "Negative": 0.21451884508132935,
        "Neutral": 0.7678529024124146,
        "Mixed": 0.007150489371269941
    }
}
