{
    "Sentiment": "NEUTRAL",
    "SentimentScore": {
        "Positive": 0.023396864533424377,
        "Negative": 0.0966922789812088,
        "Neutral": 0.8686793446540833,
        "Mixed": 0.011231547221541405
    }
}
