{
    "Sentiment": "NEUTRAL",
    "SentimentScore": {
        "Positive": 0.030040070414543152,
        "Negative": 0.17709049582481384,
        "Neutral": 0.7786178588867188,
        "Mixed": 0.014251502230763435
    }
}
