{
    "Sentiment": "NEUTRAL",
    "SentimentScore": {
        "Positive": 0.025669993832707405,
        "Negative": 0.0011226648930460215,
        "Neutral": 0.9725205302238464,
        "Mixed": 0.0006868147174827754
    }
}
