{
    "Sentiment": "NEUTRAL",
    "SentimentScore": {
        "Positive": 0.024368245154619217,
        "Negative": 0.02500014752149582,
        "Neutral": 0.9310526251792908,
        "Mixed": 0.019579043611884117
    }
}
