{
    "Sentiment": "NEUTRAL",
    "SentimentScore": {
        "Positive": 0.00469429325312376,
        "Negative": 0.02368807978928089,
        "Neutral": 0.9703495502471924,
        "Mixed": 0.0012680370127782226
    }
}
