{
    "Sentiment": "NEUTRAL",
    "SentimentScore": {
        "Positive": 0.007702421862632036,
        "Negative": 0.12102892249822617,
        "Neutral": 0.8610317707061768,
        "Mixed": 0.010236898437142372
    }
}
