{
    "Sentiment": "NEUTRAL",
    "SentimentScore": {
        "Positive": 0.22104349732398987,
        "Negative": 0.0007917481125332415,
        "Neutral": 0.7765843272209167,
        "Mixed": 0.0015805036528035998
    }
}
