{
    "Sentiment": "NEUTRAL",
    "SentimentScore": {
        "Positive": 0.13109461963176727,
        "Negative": 0.014711621217429638,
        "Neutral": 0.8336585164070129,
        "Mixed": 0.020535243675112724
    }
}
