{
    "Sentiment": "NEUTRAL",
    "SentimentScore": {
        "Positive": 0.002883954206481576,
        "Negative": 0.12542971968650818,
        "Neutral": 0.8600128293037415,
        "Mixed": 0.011673511937260628
    }
}
