{
    "Sentiment": "NEUTRAL",
    "SentimentScore": {
        "Positive": 0.0056967646814882755,
        "Negative": 0.003287198022007942,
        "Neutral": 0.9902557730674744,
        "Mixed": 0.000760189606808126
    }
}
