{
    "Sentiment": "NEUTRAL",
    "SentimentScore": {
        "Positive": 0.009389199316501617,
        "Negative": 0.23814518749713898,
        "Neutral": 0.7403544187545776,
        "Mixed": 0.012111129239201546
    }
}
