{
    "Sentiment": "NEUTRAL",
    "SentimentScore": {
        "Positive": 0.0160805843770504,
        "Negative": 0.06460677087306976,
        "Neutral": 0.9140108823776245,
        "Mixed": 0.00530178751796484
    }
}
