{
    "Sentiment": "POSITIVE",
    "SentimentScore": {
        "Positive": 0.9276495575904846,
        "Negative": 0.0026396552566438913,
        "Neutral": 0.0627644807100296,
        "Mixed": 0.006946243345737457
    }
}
