{
    "Sentiment": "NEUTRAL",
    "SentimentScore": {
        "Positive": 0.0784679502248764,
        "Negative": 0.011372690089046955,
        "Neutral": 0.9064462184906006,
        "Mixed": 0.00371317146345973
    }
}
