{
    "Sentiment": "NEUTRAL",
    "SentimentScore": {
        "Positive": 0.004244409501552582,
        "Negative": 0.05301136150956154,
        "Neutral": 0.9342155456542969,
        "Mixed": 0.008528714068233967
    }
}
