{
    "Sentiment": "NEUTRAL",
    "SentimentScore": {
        "Positive": 0.025000890716910362,
        "Negative": 0.0022181854583323,
        "Neutral": 0.9700465798377991,
        "Mixed": 0.0027342899702489376
    }
}
