{
    "Sentiment": "NEUTRAL",
    "SentimentScore": {
        "Positive": 0.02586754970252514,
        "Negative": 0.13666142523288727,
        "Neutral": 0.8267201781272888,
        "Mixed": 0.010750853456556797
    }
}
