{
    "Sentiment": "NEUTRAL",
    "SentimentScore": {
        "Positive": 0.023082101717591286,
        "Negative": 0.00295778876170516,
        "Neutral": 0.973000168800354,
        "Mixed": 0.0009599337936379015
    }
}
