{
    "Sentiment": "NEUTRAL",
    "SentimentScore": {
        "Positive": 0.05632743239402771,
        "Negative": 0.04324420541524887,
        "Neutral": 0.8933722376823425,
        "Mixed": 0.00705612450838089
    }
}
