{
    "Sentiment": "NEUTRAL",
    "SentimentScore": {
        "Positive": 0.05945082753896713,
        "Negative": 0.003023468889296055,
        "Neutral": 0.9355598092079163,
        "Mixed": 0.0019659402314573526
    }
}
