{
    "Sentiment": "NEUTRAL",
    "SentimentScore": {
        "Positive": 0.004232217092067003,
        "Negative": 0.0039120749570429325,
        "Neutral": 0.9913221597671509,
        "Mixed": 0.0005335191963240504
    }
}
