{
    "Sentiment": "NEUTRAL",
    "SentimentScore": {
        "Positive": 0.018185844644904137,
        "Negative": 0.03268557786941528,
        "Neutral": 0.9467462301254272,
        "Mixed": 0.00238241208717227
    }
}
