{
    "Sentiment": "NEUTRAL",
    "SentimentScore": {
        "Positive": 0.008606433868408203,
        "Negative": 0.1643814891576767,
        "Neutral": 0.8126205801963806,
        "Mixed": 0.014391554519534111
    }
}
