{
    "Sentiment": "NEUTRAL",
    "SentimentScore": {
        "Positive": 0.0034975726157426834,
        "Negative": 0.0021865356247872114,
        "Neutral": 0.9939903020858765,
        "Mixed": 0.0003256757336203009
    }
}
