{
    "Sentiment": "NEUTRAL",
    "SentimentScore": {
        "Positive": 0.003302923170849681,
        "Negative": 0.02445167489349842,
        "Neutral": 0.9702833294868469,
        "Mixed": 0.0019620617385953665
    }
}
