{
    "Sentiment": "NEUTRAL",
    "SentimentScore": {
        "Positive": 0.004239879082888365,
        "Negative": 0.0025793903041630983,
        "Neutral": 0.9924582839012146,
        "Mixed": 0.0007223582360893488
    }
}
