{
    "Sentiment": "NEUTRAL",
    "SentimentScore": {
        "Positive": 0.05948452278971672,
        "Negative": 0.3169805407524109,
        "Neutral": 0.529508650302887,
        "Mixed": 0.09402631968259811
    }
}
