{
    "Sentiment": "NEUTRAL",
    "SentimentScore": {
        "Positive": 0.2164742797613144,
        "Negative": 0.06251879036426544,
        "Neutral": 0.6674277186393738,
        "Mixed": 0.05357919633388519
    }
}
