{
    "Sentiment": "NEUTRAL",
    "SentimentScore": {
        "Positive": 0.02502220682799816,
        "Negative": 0.06346489489078522,
        "Neutral": 0.9068396091461182,
        "Mixed": 0.00467333709821105
    }
}
