{
    "Sentiment": "NEGATIVE",
    "SentimentScore": {
        "Positive": 0.03700196370482445,
        "Negative": 0.49895575642585754,
        "Neutral": 0.4104105532169342,
        "Mixed": 0.0536317341029644
    }
}
