{
    "Sentiment": "NEUTRAL",
    "SentimentScore": {
        "Positive": 0.03334566578269005,
        "Negative": 0.01092124916613102,
        "Neutral": 0.9540867209434509,
        "Mixed": 0.0016463369829580188
    }
}
