{
    "Sentiment": "POSITIVE",
    "SentimentScore": {
        "Positive": 0.6054922938346863,
        "Negative": 0.0013301799772307277,
        "Neutral": 0.3890492618083954,
        "Mixed": 0.004128208849579096
    }
}
