{
    "Sentiment": "NEUTRAL",
    "SentimentScore": {
        "Positive": 0.006063294131308794,
        "Negative": 0.0038717600982636213,
        "Neutral": 0.9888876080513,
        "Mixed": 0.0011772679863497615
    }
}
