{
    "Sentiment": "NEUTRAL",
    "SentimentScore": {
        "Positive": 0.04430055618286133,
        "Negative": 0.09949779510498047,
        "Neutral": 0.8430872559547424,
        "Mixed": 0.013114381581544876
    }
}
