{
    "Sentiment": "NEUTRAL",
    "SentimentScore": {
        "Positive": 0.026294004172086716,
        "Negative": 0.019532499834895134,
        "Neutral": 0.9459615349769592,
        "Mixed": 0.008211996406316757
    }
}
