{
    "Sentiment": "NEUTRAL",
    "SentimentScore": {
        "Positive": 0.0027044550515711308,
        "Negative": 0.018693603575229645,
        "Neutral": 0.9767338037490845,
        "Mixed": 0.0018680370412766933
    }
}
