{
    "Sentiment": "NEUTRAL",
    "SentimentScore": {
        "Positive": 0.015177993103861809,
        "Negative": 0.07113821804523468,
        "Neutral": 0.9104885458946228,
        "Mixed": 0.003195182653144002
    }
}
