{
    "Sentiment": "NEUTRAL",
    "SentimentScore": {
        "Positive": 0.023262817412614822,
        "Negative": 0.12940740585327148,
        "Neutral": 0.8337550759315491,
        "Mixed": 0.013574679382145405
    }
}
