{
    "Sentiment": "NEUTRAL",
    "SentimentScore": {
        "Positive": 0.005701921414583921,
        "Negative": 0.08178764581680298,
        "Neutral": 0.9033119082450867,
        "Mixed": 0.009198524989187717
    }
}
