{
    "Sentiment": "NEUTRAL",
    "SentimentScore": {
        "Positive": 0.012338285334408283,
        "Negative": 0.014896281063556671,
        "Neutral": 0.9711604118347168,
        "Mixed": 0.0016050628619268537
    }
}
