{
    "Sentiment": "NEUTRAL",
    "SentimentScore": {
        "Positive": 0.023130154237151146,
        "Negative": 0.13603420555591583,
        "Neutral": 0.8037614226341248,
        "Mixed": 0.03707418963313103
    }
}
