{
    "Sentiment": "NEUTRAL",
    "SentimentScore": {
        "Positive": 0.0029137530364096165,
        "Negative": 0.005971692036837339,
        "Neutral": 0.9900031089782715,
        "Mixed": 0.0011114657390862703
    }
}
