{
    "Sentiment": "NEUTRAL",
    "SentimentScore": {
        "Positive": 0.012184550985693932,
        "Negative": 0.05610550194978714,
        "Neutral": 0.9202988743782043,
        "Mixed": 0.011411082930862904
    }
}
