{
    "Sentiment": "NEUTRAL",
    "SentimentScore": {
        "Positive": 0.00929450336843729,
        "Negative": 0.16023856401443481,
        "Neutral": 0.8187932372093201,
        "Mixed": 0.011673662811517715
    }
}
