{
    "Sentiment": "POSITIVE",
    "SentimentScore": {
        "Positive": 0.6583414673805237,
        "Negative": 0.0038261129520833492,
        "Neutral": 0.32210224866867065,
        "Mixed": 0.0157302375882864
    }
}
