{
    "Sentiment": "NEUTRAL",
    "SentimentScore": {
        "Positive": 0.0034094781149178743,
        "Negative": 0.040514539927244186,
        "Neutral": 0.9518296718597412,
        "Mixed": 0.004246242810040712
    }
}
