{
    "Sentiment": "NEUTRAL",
    "SentimentScore": {
        "Positive": 0.01335457805544138,
        "Negative": 0.01981179043650627,
        "Neutral": 0.9630911946296692,
        "Mixed": 0.0037424955517053604
    }
}
