{
    "Sentiment": "NEUTRAL",
    "SentimentScore": {
        "Positive": 0.007987137883901596,
        "Negative": 0.03413357958197594,
        "Neutral": 0.9504809975624084,
        "Mixed": 0.007398351561278105
    }
}
