{
    "Sentiment": "NEUTRAL",
    "SentimentScore": {
        "Positive": 0.002018454484641552,
        "Negative": 0.0016171822790056467,
        "Neutral": 0.9960302710533142,
        "Mixed": 0.00033417699160054326
    }
}
