{
    "Sentiment": "NEUTRAL",
    "SentimentScore": {
        "Positive": 0.004694545641541481,
        "Negative": 0.005125333555042744,
        "Neutral": 0.9894610047340393,
        "Mixed": 0.0007190958131104708
    }
}
