{
    "Sentiment": "NEUTRAL",
    "SentimentScore": {
        "Positive": 0.010441279970109463,
        "Negative": 0.004270623903721571,
        "Neutral": 0.9837632179260254,
        "Mixed": 0.001524906954728067
    }
}
