{
    "Sentiment": "NEUTRAL",
    "SentimentScore": {
        "Positive": 0.013739588670432568,
        "Negative": 0.0615394301712513,
        "Neutral": 0.9147077202796936,
        "Mixed": 0.01001324225217104
    }
}
