{
    "Sentiment": "NEUTRAL",
    "SentimentScore": {
        "Positive": 0.03785979747772217,
        "Negative": 0.18505960702896118,
        "Neutral": 0.7596758604049683,
        "Mixed": 0.017404772341251373
    }
}
