{
    "Sentiment": "NEUTRAL",
    "SentimentScore": {
        "Positive": 0.08045689761638641,
        "Negative": 0.1283169537782669,
        "Neutral": 0.7787184119224548,
        "Mixed": 0.01250773947685957
    }
}
