{
    "Sentiment": "NEUTRAL",
    "SentimentScore": {
        "Positive": 0.14449989795684814,
        "Negative": 0.01691107451915741,
        "Neutral": 0.8328627943992615,
        "Mixed": 0.00572627829387784
    }
}
