{
    "Sentiment": "NEUTRAL",
    "SentimentScore": {
        "Positive": 0.004578560125082731,
        "Negative": 0.0020817562472075224,
        "Neutral": 0.9929524064064026,
        "Mixed": 0.0003872979723382741
    }
}
