{
    "Sentiment": "NEUTRAL",
    "SentimentScore": {
        "Positive": 0.002000730484724045,
        "Negative": 0.013515399768948555,
        "Neutral": 0.9829948544502258,
        "Mixed": 0.0014890182064846158
    }
}
