{
    "Sentiment": "NEUTRAL",
    "SentimentScore": {
        "Positive": 0.0025146896950900555,
        "Negative": 0.0052082231268286705,
        "Neutral": 0.9913339018821716,
        "Mixed": 0.0009431089274585247
    }
}
