{
    "Sentiment": "NEUTRAL",
    "SentimentScore": {
        "Positive": 0.01775307208299637,
        "Negative": 0.08136361837387085,
        "Neutral": 0.8867720365524292,
        "Mixed": 0.01411129254847765
    }
}
