{
    "Sentiment": "NEUTRAL",
    "SentimentScore": {
        "Positive": 0.004800161812454462,
        "Negative": 0.002527158008888364,
        "Neutral": 0.9918177127838135,
        "Mixed": 0.0008549289195798337
    }
}
