{
    "Sentiment": "NEUTRAL",
    "SentimentScore": {
        "Positive": 0.0049395253881812096,
        "Negative": 0.006536850240081549,
        "Neutral": 0.9878612756729126,
        "Mixed": 0.0006622683722525835
    }
}
