{
    "Sentiment": "NEUTRAL",
    "SentimentScore": {
        "Positive": 0.008032728917896748,
        "Negative": 0.04406511411070824,
        "Neutral": 0.9409715533256531,
        "Mixed": 0.006930604111403227
    }
}
