{
    "Sentiment": "NEUTRAL",
    "SentimentScore": {
        "Positive": 0.0021207593381404877,
        "Negative": 0.011216757819056511,
        "Neutral": 0.9857985973358154,
        "Mixed": 0.0008638746803626418
    }
}
