{
    "Sentiment": "NEUTRAL",
    "SentimentScore": {
        "Positive": 0.005385617259889841,
        "Negative": 0.02898995764553547,
        "Neutral": 0.963439404964447,
        "Mixed": 0.0021850517950952053
    }
}
