{
    "Sentiment": "NEGATIVE",
    "SentimentScore": {
        "Positive": 0.002464186865836382,
        "Negative": 0.8269802331924438,
        "Neutral": 0.15591132640838623,
        "Mixed": 0.014644202776253223
    }
}
