{
    "Sentiment": "NEUTRAL",
    "SentimentScore": {
        "Positive": 0.030703483149409294,
        "Negative": 0.04440862685441971,
        "Neutral": 0.9201071858406067,
        "Mixed": 0.004780717194080353
    }
}
