{
    "Sentiment": "NEUTRAL",
    "SentimentScore": {
        "Positive": 0.010968572460114956,
        "Negative": 0.04997814819216728,
        "Neutral": 0.9285429120063782,
        "Mixed": 0.010510366410017014
    }
}
