{
    "Sentiment": "NEUTRAL",
    "SentimentScore": {
        "Positive": 0.005663946270942688,
        "Negative": 0.0013758743880316615,
        "Neutral": 0.9926642775535583,
        "Mixed": 0.0002957881079055369
    }
}
