{
    "Sentiment": "NEUTRAL",
    "SentimentScore": {
        "Positive": 0.003230214351788163,
        "Negative": 0.0014378952328115702,
        "Neutral": 0.9950007796287537,
        "Mixed": 0.0003310547908768058
    }
}
