{
    "Sentiment": "NEUTRAL",
    "SentimentScore": {
        "Positive": 0.037157539278268814,
        "Negative": 0.045091528445482254,
        "Neutral": 0.8979120850563049,
        "Mixed": 0.019838785752654076
    }
}
