{
    "Sentiment": "NEUTRAL",
    "SentimentScore": {
        "Positive": 0.008472914807498455,
        "Negative": 0.05265463516116142,
        "Neutral": 0.9303258657455444,
        "Mixed": 0.008546566590666771
    }
}
