{
    "Sentiment": "NEUTRAL",
    "SentimentScore": {
        "Positive": 0.0609264113008976,
        "Negative": 0.019989876076579094,
        "Neutral": 0.8994350433349609,
        "Mixed": 0.019648708403110504
    }
}
