{
    "Sentiment": "NEUTRAL",
    "SentimentScore": {
        "Positive": 0.10427572578191757,
        "Negative": 0.030718041583895683,
        "Neutral": 0.861391544342041,
        "Mixed": 0.0036147066857665777
    }
}
