{
    "Sentiment": "NEUTRAL",
    "SentimentScore": {
        "Positive": 0.0018670547287911177,
        "Negative": 0.0073361084796488285,
        "Neutral": 0.9898011088371277,
        "Mixed": 0.0009957060683518648
    }
}
