{
    "Sentiment": "NEUTRAL",
    "SentimentScore": {
        "Positive": 0.013932785950601101,
        "Negative": 0.0025768845807760954,
        "Neutral": 0.9826128482818604,
        "Mixed": 0.000877492013387382
    }
}
