{
    "Sentiment": "NEUTRAL",
    "SentimentScore": {
        "Positive": 0.04890871420502663,
        "Negative": 0.02598460763692856,
        "Neutral": 0.9141508936882019,
        "Mixed": 0.01095577422529459
    }
}
