{
    "Sentiment": "NEUTRAL",
    "SentimentScore": {
        "Positive": 0.007911933586001396,
        "Negative": 0.10122295469045639,
        "Neutral": 0.8750550150871277,
        "Mixed": 0.015810096636414528
    }
}
