{
    "Sentiment": "NEUTRAL",
    "SentimentScore": {
        "Positive": 0.002745832549408078,
        "Negative": 0.0022196366917341948,
        "Neutral": 0.9946550130844116,
        "Mixed": 0.00037951910053379834
    }
}
