{
    "Sentiment": "NEUTRAL",
    "SentimentScore": {
        "Positive": 0.0018636907916516066,
        "Negative": 0.00391286751255393,
        "Neutral": 0.9937623143196106,
        "Mixed": 0.0004611436161212623
    }
}
