{
    "Sentiment": "NEUTRAL",
    "SentimentScore": {
        "Positive": 0.008034919388592243,
        "Negative": 0.1553838700056076,
        "Neutral": 0.8233695030212402,
        "Mixed": 0.013211725279688835
    }
}
