{
    "Sentiment": "NEUTRAL",
    "SentimentScore": {
        "Positive": 0.002974663395434618,
        "Negative": 0.07451894134283066,
        "Neutral": 0.9189378023147583,
        "Mixed": 0.0035685987677425146
    }
}
