{
    "Sentiment": "NEUTRAL",
    "SentimentScore": {
        "Positive": 0.023945478722453117,
        "Negative": 0.015954451635479927,
        "Neutral": 0.9538675546646118,
        "Mixed": 0.006232576444745064
    }
}
