{
    "Sentiment": "NEUTRAL",
    "SentimentScore": {
        "Positive": 0.007123102433979511,
        "Negative": 0.0024311181623488665,
        "Neutral": 0.989966869354248,
        "Mixed": 0.0004788689548149705
    }
}
