{
    "Sentiment": "NEUTRAL",
    "SentimentScore": {
        "Positive": 0.007549972273409367,
        "Negative": 0.007533059921115637,
        "Neutral": 0.9835594296455383,
        "Mixed": 0.0013575273333117366
    }
}
