{
    "Sentiment": "NEUTRAL",
    "SentimentScore": {
        "Positive": 0.1153508722782135,
        "Negative": 0.0147956358268857,
        "Neutral": 0.8590970635414124,
        "Mixed": 0.01075634267181158
    }
}
