{
    "Sentiment": "NEUTRAL",
    "SentimentScore": {
        "Positive": 0.04718939960002899,
        "Negative": 0.03314553573727608,
        "Neutral": 0.8895922899246216,
        "Mixed": 0.030072813853621483
    }
}
