{
    "Sentiment": "NEUTRAL",
    "SentimentScore": {
        "Positive": 0.0032329054083675146,
        "Negative": 0.005830659065395594,
        "Neutral": 0.9902526140213013,
        "Mixed": 0.000683899677824229
    }
}
