{
    "Sentiment": "NEUTRAL",
    "SentimentScore": {
        "Positive": 0.007508679758757353,
        "Negative": 0.006626619957387447,
        "Neutral": 0.984887421131134,
        "Mixed": 0.000977246672846377
    }
}
