{
    "Sentiment": "NEUTRAL",
    "SentimentScore": {
        "Positive": 0.0052326214499771595,
        "Negative": 0.10833097249269485,
        "Neutral": 0.8718421459197998,
        "Mixed": 0.014594322070479393
    }
}
