{
    "Sentiment": "NEUTRAL",
    "SentimentScore": {
        "Positive": 0.028385156765580177,
        "Negative": 0.08169705420732498,
        "Neutral": 0.8674744367599487,
        "Mixed": 0.02244333177804947
    }
}
