{
    "Sentiment": "NEUTRAL",
    "SentimentScore": {
        "Positive": 0.0031261141411960125,
        "Negative": 0.05305983126163483,
        "Neutral": 0.9421780705451965,
        "Mixed": 0.0016360548324882984
    }
}
