{
    "Sentiment": "NEGATIVE",
    "SentimentScore": {
        "Positive": 0.015301079489290714,
        "Negative": 0.6310197710990906,
        "Neutral": 0.22036680579185486,
        "Mixed": 0.13331234455108643
    }
}
