{
    "Sentiment": "NEUTRAL",
    "SentimentScore": {
        "Positive": 0.015201964415609837,
        "Negative": 0.03200069069862366,
        "Neutral": 0.9472616314888,
        "Mixed": 0.005535702221095562
    }
}
