{
    "Sentiment": "NEUTRAL",
    "SentimentScore": {
        "Positive": 0.025176605209708214,
        "Negative": 0.010960264131426811,
        "Neutral": 0.9611288905143738,
        "Mixed": 0.0027342606335878372
    }
}
