{
    "Sentiment": "NEUTRAL",
    "SentimentScore": {
        "Positive": 0.00793897919356823,
        "Negative": 0.08689668774604797,
        "Neutral": 0.8919852375984192,
        "Mixed": 0.013179078698158264
    }
}
