{
    "Sentiment": "NEUTRAL",
    "SentimentScore": {
        "Positive": 0.43628016114234924,
        "Negative": 0.003864619415253401,
        "Neutral": 0.5567130446434021,
        "Mixed": 0.003142142668366432
    }
}
