{
    "Sentiment": "NEUTRAL",
    "SentimentScore": {
        "Positive": 0.026617400348186493,
        "Negative": 0.0006627521943300962,
        "Neutral": 0.9721516370773315,
        "Mixed": 0.0005681869224645197
    }
}
