{
    "Sentiment": "POSITIVE",
    "SentimentScore": {
        "Positive": 0.9139981269836426,
        "Negative": 0.0025331866927444935,
        "Neutral": 0.07136409729719162,
        "Mixed": 0.012104564346373081
    }
}
