{
    "Sentiment": "NEUTRAL",
    "SentimentScore": {
        "Positive": 0.010906387120485306,
        "Negative": 0.02433091588318348,
        "Neutral": 0.9571589231491089,
        "Mixed": 0.007603828329592943
    }
}
