{
    "Sentiment": "NEUTRAL",
    "SentimentScore": {
        "Positive": 0.006550457328557968,
        "Negative": 0.007547756657004356,
        "Neutral": 0.9849272966384888,
        "Mixed": 0.0009745312854647636
    }
}
