{
    "Sentiment": "NEUTRAL",
    "SentimentScore": {
        "Positive": 0.015507032163441181,
        "Negative": 0.029037093743681908,
        "Neutral": 0.9532137513160706,
        "Mixed": 0.002242116956040263
    }
}
