{
    "Sentiment": "NEUTRAL",
    "SentimentScore": {
        "Positive": 0.0030750783625990152,
        "Negative": 0.0013496509054675698,
        "Neutral": 0.9953254461288452,
        "Mixed": 0.0002497155510354787
    }
}
