{
    "Sentiment": "NEUTRAL",
    "SentimentScore": {
        "Positive": 0.0027365388814359903,
        "Negative": 0.028712822124361992,
        "Neutral": 0.967517077922821,
        "Mixed": 0.0010335505940020084
    }
}
