{
    "Sentiment": "NEUTRAL",
    "SentimentScore": {
        "Positive": 0.015207415446639061,
        "Negative": 0.3863949179649353,
        "Neutral": 0.5857487320899963,
        "Mixed": 0.012648901902139187
    }
}
