{
    "Sentiment": "NEUTRAL",
    "SentimentScore": {
        "Positive": 0.013082250952720642,
        "Negative": 0.004533957224339247,
        "Neutral": 0.9816219210624695,
        "Mixed": 0.0007619247189722955
    }
}
