{
    "Sentiment": "NEUTRAL",
    "SentimentScore": {
        "Positive": 0.006915453355759382,
        "Negative": 0.001877638278529048,
        "Neutral": 0.9907352924346924,
        "Mixed": 0.00047160868416540325
    }
}
