{
    "Sentiment": "NEUTRAL",
    "SentimentScore": {
        "Positive": 0.004901581443846226,
        "Negative": 0.20782503485679626,
        "Neutral": 0.7817735075950623,
        "Mixed": 0.005499917548149824
    }
}
