{
    "Sentiment": "NEUTRAL",
    "SentimentScore": {
        "Positive": 0.006691143848001957,
        "Negative": 0.033179208636283875,
        "Neutral": 0.9558583498001099,
        "Mixed": 0.004271296784281731
    }
}
