{
    "Sentiment": "NEUTRAL",
    "SentimentScore": {
        "Positive": 0.0041520907543599606,
        "Negative": 0.23160108923912048,
        "Neutral": 0.7570531964302063,
        "Mixed": 0.007193664088845253
    }
}
