{
    "Sentiment": "NEUTRAL",
    "SentimentScore": {
        "Positive": 0.05530162900686264,
        "Negative": 0.06389599293470383,
        "Neutral": 0.871421217918396,
        "Mixed": 0.009381252340972424
    }
}
