{
    "Sentiment": "NEUTRAL",
    "SentimentScore": {
        "Positive": 0.11970772594213486,
        "Negative": 0.016572648659348488,
        "Neutral": 0.8607922196388245,
        "Mixed": 0.002927351975813508
    }
}
