{
    "Sentiment": "NEUTRAL",
    "SentimentScore": {
        "Positive": 0.021414803341031075,
        "Negative": 0.014673015102744102,
        "Neutral": 0.9626162648200989,
        "Mixed": 0.0012958996230736375
    }
}
