{
    "Sentiment": "NEUTRAL",
    "SentimentScore": {
        "Positive": 0.012709799222648144,
        "Negative": 0.0008317192550748587,
        "Neutral": 0.9860624670982361,
        "Mixed": 0.0003959977475460619
    }
}
