{
    "Sentiment": "NEUTRAL",
    "SentimentScore": {
        "Positive": 0.06817479431629181,
        "Negative": 0.0770825520157814,
        "Neutral": 0.8225746154785156,
        "Mixed": 0.03216804936528206
    }
}
