{
    "Sentiment": "NEUTRAL",
    "SentimentScore": {
        "Positive": 0.034509580582380295,
        "Negative": 0.1036127433180809,
        "Neutral": 0.8475989699363708,
        "Mixed": 0.014278685674071312
    }
}
