{
    "Sentiment": "NEUTRAL",
    "SentimentScore": {
        "Positive": 0.05065968632698059,
        "Negative": 0.03179030492901802,
        "Neutral": 0.9047145247459412,
        "Mixed": 0.012835538946092129
    }
}
