{
    "Sentiment": "NEUTRAL",
    "SentimentScore": {
        "Positive": 0.024506764486432076,
        "Negative": 0.03566896542906761,
        "Neutral": 0.9352489709854126,
        "Mixed": 0.004575385712087154
    }
}
