{
    "Sentiment": "NEUTRAL",
    "SentimentScore": {
        "Positive": 0.059523191303014755,
        "Negative": 0.02578793279826641,
        "Neutral": 0.909955620765686,
        "Mixed": 0.004733247682452202
    }
}
