{
    "Sentiment": "NEUTRAL",
    "SentimentScore": {
        "Positive": 0.3021574914455414,
        "Negative": 0.0026061804965138435,
        "Neutral": 0.6920759081840515,
        "Mixed": 0.003160422667860985
    }
}
