{
    "Sentiment": "NEUTRAL",
    "SentimentScore": {
        "Positive": 0.025191161781549454,
        "Negative": 0.11463987082242966,
        "Neutral": 0.8270466327667236,
        "Mixed": 0.03312234580516815
    }
}
