{
    "Sentiment": "POSITIVE",
    "SentimentScore": {
        "Positive": 0.9828265905380249,
        "Negative": 0.00021358999947551638,
        "Neutral": 0.015302413143217564,
        "Mixed": 0.0016573789762333035
    }
}
