{
    "Sentiment": "NEUTRAL",
    "SentimentScore": {
        "Positive": 0.003697462845593691,
        "Negative": 0.000734557572286576,
        "Neutral": 0.9953442215919495,
        "Mixed": 0.0002237376756966114
    }
}
