{
    "Sentiment": "NEUTRAL",
    "SentimentScore": {
        "Positive": 0.0018612691201269627,
        "Negative": 0.12081325054168701,
        "Neutral": 0.8727795481681824,
        "Mixed": 0.00454599317163229
    }
}
