{
    "Sentiment": "NEUTRAL",
    "SentimentScore": {
        "Positive": 0.01903245598077774,
        "Negative": 0.0015406779712066054,
        "Neutral": 0.9786568284034729,
        "Mixed": 0.0007699339184910059
    }
}
