{
    "Sentiment": "NEUTRAL",
    "SentimentScore": {
        "Positive": 0.010474261827766895,
        "Negative": 0.004554315935820341,
        "Neutral": 0.9838617444038391,
        "Mixed": 0.0011096500093117356
    }
}
