{
    "Sentiment": "NEUTRAL",
    "SentimentScore": {
        "Positive": 0.042496297508478165,
        "Negative": 0.02125202864408493,
        "Neutral": 0.9301366806030273,
        "Mixed": 0.006114918738603592
    }
}
