{
    "Sentiment": "NEUTRAL",
    "SentimentScore": {
        "Positive": 0.04213937371969223,
        "Negative": 0.0011230065720155835,
        "Neutral": 0.9553807377815247,
        "Mixed": 0.0013568884460255504
    }
}
