{
    "Sentiment": "NEUTRAL",
    "SentimentScore": {
        "Positive": 0.002988056279718876,
        "Negative": 0.0014014671323820949,
        "Neutral": 0.9953556060791016,
        "Mixed": 0.00025490796542726457
    }
}
