{
    "Sentiment": "NEUTRAL",
    "SentimentScore": {
        "Positive": 0.0025445574428886175,
        "Negative": 0.00162385159637779,
        "Neutral": 0.995500385761261,
        "Mixed": 0.00033118625287897885
    }
}
