{
    "Sentiment": "NEUTRAL",
    "SentimentScore": {
        "Positive": 0.1027790904045105,
        "Negative": 0.003937730565667152,
        "Neutral": 0.8881000876426697,
        "Mixed": 0.0051831030286848545
    }
}
