{
    "Sentiment": "NEUTRAL",
    "SentimentScore": {
        "Positive": 0.0226555485278368,
        "Negative": 0.03194241225719452,
        "Neutral": 0.942683756351471,
        "Mixed": 0.002718237228691578
    }
}
