{
    "Sentiment": "NEUTRAL",
    "SentimentScore": {
        "Positive": 0.0015095928683876991,
        "Negative": 0.04882337898015976,
        "Neutral": 0.9468578100204468,
        "Mixed": 0.002809239085763693
    }
}
