{
    "Sentiment": "NEUTRAL",
    "SentimentScore": {
        "Positive": 0.003618734423071146,
        "Negative": 0.23082773387432098,
        "Neutral": 0.76002037525177,
        "Mixed": 0.0055331639014184475
    }
}
