{
    "Sentiment": "NEUTRAL",
    "SentimentScore": {
        "Positive": 0.08275698125362396,
        "Negative": 0.004604184068739414,
        "Neutral": 0.9093249440193176,
        "Mixed": 0.003313885536044836
    }
}
