{
    "Sentiment": "POSITIVE",
    "SentimentScore": {
        "Positive": 0.9008192420005798,
        "Negative": 0.021006595343351364,
        "Neutral": 0.04274451360106468,
        "Mixed": 0.0354296900331974
    }
}
