{
    "Sentiment": "NEUTRAL",
    "SentimentScore": {
        "Positive": 0.19882746040821075,
        "Negative": 0.01760486327111721,
        "Neutral": 0.7796730399131775,
        "Mixed": 0.0038946359418332577
    }
}
