{
    "Sentiment": "NEUTRAL",
    "SentimentScore": {
        "Positive": 0.010503874160349369,
        "Negative": 0.025858553126454353,
        "Neutral": 0.9602303504943848,
        "Mixed": 0.0034071034751832485
    }
}
