{
    "Sentiment": "NEUTRAL",
    "SentimentScore": {
        "Positive": 0.005144451279193163,
        "Negative": 0.019629474729299545,
        "Neutral": 0.97276771068573,
        "Mixed": 0.0024583106860518456
    }
}
