{
    "Sentiment": "NEUTRAL",
    "SentimentScore": {
        "Positive": 0.1606372445821762,
        "Negative": 0.06166952848434448,
        "Neutral": 0.7574126124382019,
        "Mixed": 0.020280634984374046
    }
}
