{
    "Sentiment": "NEUTRAL",
    "SentimentScore": {
        "Positive": 0.007645564153790474,
        "Negative": 0.4271813631057739,
        "Neutral": 0.5349666476249695,
        "Mixed": 0.03020636737346649
    }
}
