{
    "Sentiment": "NEUTRAL",
    "SentimentScore": {
        "Positive": 0.021895920857787132,
        "Negative": 0.004198206122964621,
        "Neutral": 0.9715378880500793,
        "Mixed": 0.0023679351434111595
    }
}
