{
    "Sentiment": "NEUTRAL",
    "SentimentScore": {
        "Positive": 0.0054527283646166325,
        "Negative": 0.06595592200756073,
        "Neutral": 0.9228780269622803,
        "Mixed": 0.005713385529816151
    }
}
