{
    "Sentiment": "NEUTRAL",
    "SentimentScore": {
        "Positive": 0.008154136128723621,
        "Negative": 0.02659413032233715,
        "Neutral": 0.9605228304862976,
        "Mixed": 0.004728891421109438
    }
}
