{
    "Sentiment": "NEUTRAL",
    "SentimentScore": {
        "Positive": 0.0015644888626411557,
        "Negative": 0.0699036493897438,
        "Neutral": 0.9253044128417969,
        "Mixed": 0.0032274278346449137
    }
}
