{
    "Sentiment": "NEUTRAL",
    "SentimentScore": {
        "Positive": 0.003191953292116523,
        "Negative": 0.0034900663886219263,
        "Neutral": 0.9927749633789062,
        "Mixed": 0.0005430029123090208
    }
}
