{
    "Sentiment": "NEUTRAL",
    "SentimentScore": {
        "Positive": 0.038433197885751724,
        "Negative": 0.02644224651157856,
        "Neutral": 0.9301087260246277,
        "Mixed": 0.005015806294977665
    }
}
