{
    "Sentiment": "NEUTRAL",
    "SentimentScore": {
        "Positive": 0.0701134204864502,
        "Negative": 0.1479550004005432,
        "Neutral": 0.7589867115020752,
        "Mixed": 0.022944804280996323
    }
}
