{
    "Sentiment": "NEUTRAL",
    "SentimentScore": {
        "Positive": 0.012954594567418098,
        "Negative": 0.03569923713803291,
        "Neutral": 0.9489043951034546,
        "Mixed": 0.002441818593069911
    }
}
