{
    "Sentiment": "NEUTRAL",
    "SentimentScore": {
        "Positive": 0.00397398229688406,
        "Negative": 0.17157354950904846,
        "Neutral": 0.817145824432373,
        "Mixed": 0.007306637242436409
    }
}
