{
    "Sentiment": "NEUTRAL",
    "SentimentScore": {
        "Positive": 0.0019154383335262537,
        "Negative": 0.06964248418807983,
        "Neutral": 0.9254826307296753,
        "Mixed": 0.0029593869112432003
    }
}
