{
    "Sentiment": "NEUTRAL",
    "SentimentScore": {
        "Positive": 0.010488866828382015,
        "Negative": 0.0021257493644952774,
        "Neutral": 0.9861985445022583,
        "Mixed": 0.001186853158287704
    }
}
