{
    "Sentiment": "NEUTRAL",
    "SentimentScore": {
        "Positive": 0.022209249436855316,
        "Negative": 0.027142316102981567,
        "Neutral": 0.9419092535972595,
        "Mixed": 0.0087392283603549
    }
}
