{
    "Sentiment": "NEUTRAL",
    "SentimentScore": {
        "Positive": 0.058305054903030396,
        "Negative": 0.021826546639204025,
        "Neutral": 0.9176321625709534,
        "Mixed": 0.002236264757812023
    }
}
