{
    "Sentiment": "NEUTRAL",
    "SentimentScore": {
        "Positive": 0.03383878991007805,
        "Negative": 0.019823933020234108,
        "Neutral": 0.9407580494880676,
        "Mixed": 0.005579186137765646
    }
}
