{
    "Sentiment": "NEUTRAL",
    "SentimentScore": {
        "Positive": 0.004695772659033537,
        "Negative": 0.08039332926273346,
        "Neutral": 0.9106578826904297,
        "Mixed": 0.004252973012626171
    }
}
