{
    "Sentiment": "NEUTRAL",
    "SentimentScore": {
        "Positive": 0.018727755174040794,
        "Negative": 0.015967682003974915,
        "Neutral": 0.9601835608482361,
        "Mixed": 0.005121012218296528
    }
}
