{
    "Sentiment": "NEUTRAL",
    "SentimentScore": {
        "Positive": 0.003441954730078578,
        "Negative": 0.009234786033630371,
        "Neutral": 0.9862250089645386,
        "Mixed": 0.0010981744853779674
    }
}
