{
    "Sentiment": "NEUTRAL",
    "SentimentScore": {
        "Positive": 0.005972419399768114,
        "Negative": 0.007085720542818308,
        "Neutral": 0.9852069020271301,
        "Mixed": 0.0017350383568555117
    }
}
