{
    "Sentiment": "NEUTRAL",
    "SentimentScore": {
        "Positive": 0.01564030721783638,
        "Negative": 0.0025348209310323,
        "Neutral": 0.9804682731628418,
        "Mixed": 0.0013566684210672975
    }
}
