{
    "Sentiment": "NEUTRAL",
    "SentimentScore": {
        "Positive": 0.00269721494987607,
        "Negative": 0.03590307757258415,
        "Neutral": 0.959620475769043,
        "Mixed": 0.0017792361322790384
    }
}
