{
    "Sentiment": "NEUTRAL",
    "SentimentScore": {
        "Positive": 0.05922781676054001,
        "Negative": 0.27392467856407166,
        "Neutral": 0.6541340351104736,
        "Mixed": 0.012713434174656868
    }
}
