{
    "Sentiment": "NEUTRAL",
    "SentimentScore": {
        "Positive": 0.020869381725788116,
        "Negative": 0.006101480685174465,
        "Neutral": 0.9711950421333313,
        "Mixed": 0.0018341678660362959
    }
}
