{
    "Sentiment": "NEUTRAL",
    "SentimentScore": {
        "Positive": 0.010667492635548115,
        "Negative": 0.008590061217546463,
        "Neutral": 0.9776442646980286,
        "Mixed": 0.0030981884337961674
    }
}
