{
    "Sentiment": "NEUTRAL",
    "SentimentScore": {
        "Positive": 0.27209389209747314,
        "Negative": 0.0033659774344414473,
        "Neutral": 0.7220023274421692,
        "Mixed": 0.002537777414545417
    }
}
