{
    "Sentiment": "NEUTRAL",
    "SentimentScore": {
        "Positive": 0.002399340271949768,
        "Negative": 0.0040037124417722225,
        "Neutral": 0.9931701421737671,
        "Mixed": 0.00042678150930441916
    }
}
