{
    "Sentiment": "NEUTRAL",
    "SentimentScore": {
        "Positive": 0.002516841981559992,
        "Negative": 0.10371259599924088,
        "Neutral": 0.8907132148742676,
        "Mixed": 0.0030573622789233923
    }
}
