{
    "Sentiment": "POSITIVE",
    "SentimentScore": {
        "Positive": 0.70010906457901,
        "Negative": 0.02694409154355526,
        "Neutral": 0.2669889032840729,
        "Mixed": 0.005957978777587414
    }
}
