{
    "Sentiment": "NEUTRAL",
    "SentimentScore": {
        "Positive": 0.003401699010282755,
        "Negative": 0.23449143767356873,
        "Neutral": 0.7510743737220764,
        "Mixed": 0.011032451875507832
    }
}
