{
    "Sentiment": "NEUTRAL",
    "SentimentScore": {
        "Positive": 0.0042413766495883465,
        "Negative": 0.003459369298070669,
        "Neutral": 0.991330623626709,
        "Mixed": 0.0009686346747912467
    }
}
