{
    "Sentiment": "NEUTRAL",
    "SentimentScore": {
        "Positive": 0.01523431297391653,
        "Negative": 0.10187483578920364,
        "Neutral": 0.8708815574645996,
        "Mixed": 0.0120093934237957
    }
}
