{
    "Sentiment": "NEUTRAL",
    "SentimentScore": {
        "Positive": 0.008769765496253967,
        "Negative": 0.0030501203145831823,
        "Neutral": 0.9876304268836975,
        "Mixed": 0.0005497546517290175
    }
}
