{
    "Sentiment": "NEUTRAL",
    "SentimentScore": {
        "Positive": 0.0008918204111978412,
        "Negative": 0.019963262602686882,
        "Neutral": 0.9783188700675964,
        "Mixed": 0.000826012110337615
    }
}
