{
    "Sentiment": "NEUTRAL",
    "SentimentScore": {
        "Positive": 0.015978794544935226,
        "Negative": 0.009390376508235931,
        "Neutral": 0.9736420512199402,
        "Mixed": 0.0009887921623885632
    }
}
