{
    "Sentiment": "NEUTRAL",
    "SentimentScore": {
        "Positive": 0.0027632066048681736,
        "Negative": 0.08667697757482529,
        "Neutral": 0.9059411287307739,
        "Mixed": 0.00461870850995183
    }
}
