{
    "Sentiment": "NEUTRAL",
    "SentimentScore": {
        "Positive": 0.002145991660654545,
        "Negative": 0.04794823005795479,
        "Neutral": 0.9476983547210693,
        "Mixed": 0.002207353478297591
    }
}
