{
    "Sentiment": "NEUTRAL",
    "SentimentScore": {
        "Positive": 0.004873297642916441,
        "Negative": 0.03017585352063179,
        "Neutral": 0.9635028839111328,
        "Mixed": 0.0014478580560535192
    }
}
