{
    "Sentiment": "NEUTRAL",
    "SentimentScore": {
        "Positive": 0.003812977811321616,
        "Negative": 0.009445201605558395,
        "Neutral": 0.9858786463737488,
        "Mixed": 0.0008631641394458711
    }
}
