{
    "Sentiment": "NEUTRAL",
    "SentimentScore": {
        "Positive": 0.054641734808683395,
        "Negative": 0.002207014011219144,
        "Neutral": 0.9416122436523438,
        "Mixed": 0.0015389996115118265
    }
}
