{
    "Sentiment": "POSITIVE",
    "SentimentScore": {
        "Positive": 0.7663144469261169,
        "Negative": 0.0162242129445076,
        "Neutral": 0.19241052865982056,
        "Mixed": 0.025050872936844826
    }
}
