{
    "Sentiment": "NEUTRAL",
    "SentimentScore": {
        "Positive": 0.0162091925740242,
        "Negative": 0.014935248531401157,
        "Neutral": 0.9660521149635315,
        "Mixed": 0.0028035270515829325
    }
}
