{
    "Sentiment": "NEUTRAL",
    "SentimentScore": {
        "Positive": 0.03838053345680237,
        "Negative": 0.013191997073590755,
        "Neutral": 0.9450842142105103,
        "Mixed": 0.0033432424534112215
    }
}
