{
    "Sentiment": "NEUTRAL",
    "SentimentScore": {
        "Positive": 0.005032212007790804,
        "Negative": 0.006875467486679554,
        "Neutral": 0.9871724247932434,
        "Mixed": 0.0009198733023367822
    }
}
