{
    "Sentiment": "NEUTRAL",
    "SentimentScore": {
        "Positive": 0.002543472684919834,
        "Negative": 0.003638830268755555,
        "Neutral": 0.9933480620384216,
        "Mixed": 0.0004696758696809411
    }
}
