{
    "Sentiment": "NEUTRAL",
    "SentimentScore": {
        "Positive": 0.009296371601521969,
        "Negative": 0.005851796828210354,
        "Neutral": 0.9838352203369141,
        "Mixed": 0.0010166610591113567
    }
}
