{
    "Sentiment": "NEUTRAL",
    "SentimentScore": {
        "Positive": 0.007175094913691282,
        "Negative": 0.04513593390583992,
        "Neutral": 0.9425398111343384,
        "Mixed": 0.005149239208549261
    }
}
