{
    "Sentiment": "NEUTRAL",
    "SentimentScore": {
        "Positive": 0.05130042880773544,
        "Negative": 0.15138036012649536,
        "Neutral": 0.7874940037727356,
        "Mixed": 0.009825211949646473
    }
}
