{
    "Sentiment": "NEUTRAL",
    "SentimentScore": {
        "Positive": 0.004343139473348856,
        "Negative": 0.006602975074201822,
        "Neutral": 0.9877942800521851,
        "Mixed": 0.0012596118031069636
    }
}
