{
    "Sentiment": "NEUTRAL",
    "SentimentScore": {
        "Positive": 0.00990421511232853,
        "Negative": 0.0022279343102127314,
        "Neutral": 0.9871588945388794,
        "Mixed": 0.0007088867132551968
    }
}
