{
    "Sentiment": "NEUTRAL",
    "SentimentScore": {
        "Positive": 0.09148475527763367,
        "Negative": 0.029433848336338997,
        "Neutral": 0.855114758014679,
        "Mixed": 0.023966701701283455
    }
}
