{
    "Sentiment": "NEUTRAL",
    "SentimentScore": {
        "Positive": 0.0035314317792654037,
        "Negative": 0.010681710205972195,
        "Neutral": 0.9847193956375122,
        "Mixed": 0.0010674220975488424
    }
}
