{
    "Sentiment": "NEUTRAL",
    "SentimentScore": {
        "Positive": 0.003418190171942115,
        "Negative": 0.0019251100020483136,
        "Neutral": 0.9943172335624695,
        "Mixed": 0.00033945293398573995
    }
}
