{
    "Sentiment": "NEUTRAL",
    "SentimentScore": {
        "Positive": 0.0029922437388449907,
        "Negative": 0.026069486513733864,
        "Neutral": 0.9697492122650146,
        "Mixed": 0.0011891163885593414
    }
}
