{
    "Sentiment": "NEUTRAL",
    "SentimentScore": {
        "Positive": 0.3302364647388458,
        "Negative": 0.08384756743907928,
        "Neutral": 0.5483487844467163,
        "Mixed": 0.037567175924777985
    }
}
