{
    "Sentiment": "NEUTRAL",
    "SentimentScore": {
        "Positive": 0.014687320217490196,
        "Negative": 0.18193210661411285,
        "Neutral": 0.7908475995063782,
        "Mixed": 0.012533023953437805
    }
}
