{
    "Sentiment": "NEUTRAL",
    "SentimentScore": {
        "Positive": 0.068526491522789,
        "Negative": 0.04934491962194443,
        "Neutral": 0.8791835904121399,
        "Mixed": 0.0029449970461428165
    }
}
