{
    "Sentiment": "POSITIVE",
    "SentimentScore": {
        "Positive": 0.813470721244812,
        "Negative": 0.006039182189851999,
        "Neutral": 0.15000884234905243,
        "Mixed": 0.03048119880259037
    }
}
