{
    "Sentiment": "NEUTRAL",
    "SentimentScore": {
        "Positive": 0.022371774539351463,
        "Negative": 0.06271924823522568,
        "Neutral": 0.906583309173584,
        "Mixed": 0.008325784467160702
    }
}
