{
    "Sentiment": "NEUTRAL",
    "SentimentScore": {
        "Positive": 0.03206074237823486,
        "Negative": 0.010100428014993668,
        "Neutral": 0.9562336802482605,
        "Mixed": 0.00160511233843863
    }
}
