{
    "Sentiment": "NEUTRAL",
    "SentimentScore": {
        "Positive": 0.0031202214304357767,
        "Negative": 0.06802746653556824,
        "Neutral": 0.9245184659957886,
        "Mixed": 0.004333857912570238
    }
}
