{
    "Sentiment": "NEUTRAL",
    "SentimentScore": {
        "Positive": 0.05638888478279114,
        "Negative": 0.2905450463294983,
        "Neutral": 0.6451520323753357,
        "Mixed": 0.007914112880825996
    }
}
