{
    "Sentiment": "NEUTRAL",
    "SentimentScore": {
        "Positive": 0.0036361003294587135,
        "Negative": 0.023553937673568726,
        "Neutral": 0.9693586826324463,
        "Mixed": 0.0034513052087277174
    }
}
