{
    "Sentiment": "NEUTRAL",
    "SentimentScore": {
        "Positive": 0.08183714002370834,
        "Negative": 0.00793825276196003,
        "Neutral": 0.9042093753814697,
        "Mixed": 0.006015264429152012
    }
}
