{
    "Sentiment": "NEUTRAL",
    "SentimentScore": {
        "Positive": 0.01119309477508068,
        "Negative": 0.01714864932000637,
        "Neutral": 0.9696012735366821,
        "Mixed": 0.0020569637417793274
    }
}
