{
    "Sentiment": "NEUTRAL",
    "SentimentScore": {
        "Positive": 0.00534020084887743,
        "Negative": 0.1088530421257019,
        "Neutral": 0.8679540753364563,
        "Mixed": 0.017852582037448883
    }
}
