{
    "Sentiment": "NEUTRAL",
    "SentimentScore": {
        "Positive": 0.2629808783531189,
        "Negative": 0.01540780533105135,
        "Neutral": 0.7112440466880798,
        "Mixed": 0.010367223061621189
    }
}
