{
    "Sentiment": "NEUTRAL",
    "SentimentScore": {
        "Positive": 0.02317660301923752,
        "Negative": 0.3089073598384857,
        "Neutral": 0.634550154209137,
        "Mixed": 0.03336590901017189
    }
}
