{
    "Sentiment": "NEUTRAL",
    "SentimentScore": {
        "Positive": 0.16779866814613342,
        "Negative": 0.0808480978012085,
        "Neutral": 0.720200777053833,
        "Mixed": 0.031152404844760895
    }
}
