{
    "Sentiment": "NEGATIVE",
    "SentimentScore": {
        "Positive": 0.0019616468343883753,
        "Negative": 0.6064148545265198,
        "Neutral": 0.376301109790802,
        "Mixed": 0.015322328545153141
    }
}
