{
    "Sentiment": "NEUTRAL",
    "SentimentScore": {
        "Positive": 0.0094988401979208,
        "Negative": 0.31046077609062195,
        "Neutral": 0.6629464030265808,
        "Mixed": 0.01709406077861786
    }
}
