{
    "Sentiment": "NEUTRAL",
    "SentimentScore": {
        "Positive": 0.0038884892128407955,
        "Negative": 0.06603273749351501,
        "Neutral": 0.9235791563987732,
        "Mixed": 0.006499622482806444
    }
}
