{
    "Sentiment": "NEUTRAL",
    "SentimentScore": {
        "Positive": 0.016553198918700218,
        "Negative": 0.1293940395116806,
        "Neutral": 0.8403925895690918,
        "Mixed": 0.013660209253430367
    }
}
