{
    "Sentiment": "NEUTRAL",
    "SentimentScore": {
        "Positive": 0.00238367123529315,
        "Negative": 0.003150490578263998,
        "Neutral": 0.9939687252044678,
        "Mixed": 0.0004970470909029245
    }
}
