{
    "Sentiment": "NEUTRAL",
    "SentimentScore": {
        "Positive": 0.04958882927894592,
        "Negative": 0.029501812532544136,
        "Neutral": 0.9124139547348022,
        "Mixed": 0.008495423942804337
    }
}
