{
    "Sentiment": "NEUTRAL",
    "SentimentScore": {
        "Positive": 0.10130945593118668,
        "Negative": 0.006263466086238623,
        "Neutral": 0.8851526975631714,
        "Mixed": 0.007274293340742588
    }
}
