{
    "Sentiment": "NEUTRAL",
    "SentimentScore": {
        "Positive": 0.26967915892601013,
        "Negative": 0.010995087213814259,
        "Neutral": 0.6947256922721863,
        "Mixed": 0.024600034579634666
    }
}
