{
    "Sentiment": "NEUTRAL",
    "SentimentScore": {
        "Positive": 0.0026753749698400497,
        "Negative": 0.22708886861801147,
        "Neutral": 0.7623389959335327,
        "Mixed": 0.007896813564002514
    }
}
