{
    "Sentiment": "NEUTRAL",
    "SentimentScore": {
        "Positive": 0.007371903862804174,
        "Negative": 0.007089061662554741,
        "Neutral": 0.9840376377105713,
        "Mixed": 0.0015013490337878466
    }
}
