{
    "Sentiment": "NEUTRAL",
    "SentimentScore": {
        "Positive": 0.030464766547083855,
        "Negative": 0.00981536041945219,
        "Neutral": 0.9547266364097595,
        "Mixed": 0.0049932654947042465
    }
}
