{
    "Sentiment": "POSITIVE",
    "SentimentScore": {
        "Positive": 0.8121117949485779,
        "Negative": 0.0034994876477867365,
        "Neutral": 0.1802268624305725,
        "Mixed": 0.004161816090345383
    }
}
