{
    "Sentiment": "NEUTRAL",
    "SentimentScore": {
        "Positive": 0.0023688923101872206,
        "Negative": 0.0011286661028862,
        "Neutral": 0.9962748289108276,
        "Mixed": 0.00022767165501136333
    }
}
