{
    "Sentiment": "NEUTRAL",
    "SentimentScore": {
        "Positive": 0.09272710233926773,
        "Negative": 0.09603255987167358,
        "Neutral": 0.8043718338012695,
        "Mixed": 0.006868457421660423
    }
}
