{
    "Sentiment": "NEUTRAL",
    "SentimentScore": {
        "Positive": 0.04532782360911369,
        "Negative": 0.01709831692278385,
        "Neutral": 0.9340413808822632,
        "Mixed": 0.0035324336495250463
    }
}
