{
    "Sentiment": "NEUTRAL",
    "SentimentScore": {
        "Positive": 0.028054704889655113,
        "Negative": 0.005923009943217039,
        "Neutral": 0.9637062549591064,
        "Mixed": 0.002316046738997102
    }
}
