{
    "Sentiment": "NEUTRAL",
    "SentimentScore": {
        "Positive": 0.005628869868814945,
        "Negative": 0.2863112986087799,
        "Neutral": 0.6969358325004578,
        "Mixed": 0.011124025098979473
    }
}
