{
    "Sentiment": "NEUTRAL",
    "SentimentScore": {
        "Positive": 0.04749777913093567,
        "Negative": 0.00727717624977231,
        "Neutral": 0.9419903755187988,
        "Mixed": 0.0032346148509532213
    }
}
