{
    "Sentiment": "NEUTRAL",
    "SentimentScore": {
        "Positive": 0.10825174301862717,
        "Negative": 0.08716311305761337,
        "Neutral": 0.7130184769630432,
        "Mixed": 0.09156669676303864
    }
}
