{
    "Sentiment": "NEUTRAL",
    "SentimentScore": {
        "Positive": 0.0026586877647787333,
        "Negative": 0.0009641299257054925,
        "Neutral": 0.996136486530304,
        "Mixed": 0.00024067967024166137
    }
}
