{
    "Sentiment": "NEUTRAL",
    "SentimentScore": {
        "Positive": 0.005859224125742912,
        "Negative": 0.050977613776922226,
        "Neutral": 0.9361460208892822,
        "Mixed": 0.007017095573246479
    }
}
