{
    "Sentiment": "NEUTRAL",
    "SentimentScore": {
        "Positive": 0.007856122218072414,
        "Negative": 0.044614728540182114,
        "Neutral": 0.9429505467414856,
        "Mixed": 0.004578617867082357
    }
}
