{
    "Sentiment": "NEUTRAL",
    "SentimentScore": {
        "Positive": 0.003206966444849968,
        "Negative": 0.0010167781729251146,
        "Neutral": 0.995459258556366,
        "Mixed": 0.0003170010750181973
    }
}
