{
    "Sentiment": "NEUTRAL",
    "SentimentScore": {
        "Positive": 0.007228925824165344,
        "Negative": 0.003022158984094858,
        "Neutral": 0.9891074895858765,
        "Mixed": 0.0006414552917703986
    }
}
