{
    "Sentiment": "NEUTRAL",
    "SentimentScore": {
        "Positive": 0.01795460470020771,
        "Negative": 0.01656258851289749,
        "Neutral": 0.9627946019172668,
        "Mixed": 0.002688224893063307
    }
}
