{
    "Sentiment": "NEUTRAL",
    "SentimentScore": {
        "Positive": 0.0020448341965675354,
        "Negative": 0.0035412900615483522,
        "Neutral": 0.9940359592437744,
        "Mixed": 0.000377877353457734
    }
}
