{
    "Sentiment": "NEUTRAL",
    "SentimentScore": {
        "Positive": 0.09661983698606491,
        "Negative": 0.0971202701330185,
        "Neutral": 0.7980932593345642,
        "Mixed": 0.008166641928255558
    }
}
