{
    "Sentiment": "NEUTRAL",
    "SentimentScore": {
        "Positive": 0.005657310131937265,
        "Negative": 0.07559952139854431,
        "Neutral": 0.9099881052970886,
        "Mixed": 0.008755063638091087
    }
}
