{
    "Sentiment": "NEUTRAL",
    "SentimentScore": {
        "Positive": 0.019513973966240883,
        "Negative": 0.02030911110341549,
        "Neutral": 0.9549762606620789,
        "Mixed": 0.005200658924877644
    }
}
