{
    "Sentiment": "NEUTRAL",
    "SentimentScore": {
        "Positive": 0.014207083731889725,
        "Negative": 0.10566425323486328,
        "Neutral": 0.8642812967300415,
        "Mixed": 0.015847427770495415
    }
}
