{
    "Sentiment": "NEUTRAL",
    "SentimentScore": {
        "Positive": 0.0017889795126393437,
        "Negative": 0.02045278251171112,
        "Neutral": 0.9765117764472961,
        "Mixed": 0.0012465529143810272
    }
}
