{
    "Sentiment": "NEUTRAL",
    "SentimentScore": {
        "Positive": 0.016333067789673805,
        "Negative": 0.002654185751453042,
        "Neutral": 0.9801878929138184,
        "Mixed": 0.0008248646627180278
    }
}
