{
    "Sentiment": "NEUTRAL",
    "SentimentScore": {
        "Positive": 0.0016787252388894558,
        "Negative": 0.2011505663394928,
        "Neutral": 0.7903611063957214,
        "Mixed": 0.006809641607105732
    }
}
