{
    "Sentiment": "NEUTRAL",
    "SentimentScore": {
        "Positive": 0.0425722599029541,
        "Negative": 0.24066604673862457,
        "Neutral": 0.681943953037262,
        "Mixed": 0.034817781299352646
    }
}
