{
    "Sentiment": "NEUTRAL",
    "SentimentScore": {
        "Positive": 0.18798121809959412,
        "Negative": 0.03879433125257492,
        "Neutral": 0.6851232051849365,
        "Mixed": 0.08810131251811981
    }
}
