{
    "Sentiment": "NEUTRAL",
    "SentimentScore": {
        "Positive": 0.018146870657801628,
        "Negative": 0.010260357521474361,
        "Neutral": 0.970508873462677,
        "Mixed": 0.0010838828748092055
    }
}
