{
    "Sentiment": "NEUTRAL",
    "SentimentScore": {
        "Positive": 0.015016603283584118,
        "Negative": 0.006745418533682823,
        "Neutral": 0.9762646555900574,
        "Mixed": 0.001973384991288185
    }
}
