{
    "Sentiment": "NEUTRAL",
    "SentimentScore": {
        "Positive": 0.0032407415565103292,
        "Negative": 0.0010027599055320024,
        "Neutral": 0.9952937960624695,
        "Mixed": 0.0004627011949196458
    }
}
