{
    "Sentiment": "NEUTRAL",
    "SentimentScore": {
        "Positive": 0.02359139360487461,
        "Negative": 0.006262679118663073,
        "Neutral": 0.9671322107315063,
        "Mixed": 0.003013702342286706
    }
}
