{
    "Sentiment": "NEUTRAL",
    "SentimentScore": {
        "Positive": 0.03777056559920311,
        "Negative": 0.001552210422232747,
        "Neutral": 0.960019588470459,
        "Mixed": 0.000657583586871624
    }
}
