{
    "Sentiment": "NEUTRAL",
    "SentimentScore": {
        "Positive": 0.2552250325679779,
        "Negative": 0.0022996268235147,
        "Neutral": 0.7389806509017944,
        "Mixed": 0.0034946973901242018
    }
}
