{
    "Sentiment": "NEUTRAL",
    "SentimentScore": {
        "Positive": 0.021561281755566597,
        "Negative": 0.0047262622974812984,
        "Neutral": 0.9725697040557861,
        "Mixed": 0.0011428173165768385
    }
}
