{
    "Sentiment": "NEUTRAL",
    "SentimentScore": {
        "Positive": 0.00606467155739665,
        "Negative": 0.06721436977386475,
        "Neutral": 0.9248093366622925,
        "Mixed": 0.0019117016345262527
    }
}
