{
    "Sentiment": "NEUTRAL",
    "SentimentScore": {
        "Positive": 0.014942167326807976,
        "Negative": 0.033260833472013474,
        "Neutral": 0.9468581080436707,
        "Mixed": 0.0049389442428946495
    }
}
