{
    "Sentiment": "NEUTRAL",
    "SentimentScore": {
        "Positive": 0.0095605980604887,
        "Negative": 0.011452052742242813,
        "Neutral": 0.9775722622871399,
        "Mixed": 0.0014151225332170725
    }
}
