{
    "Sentiment": "NEUTRAL",
    "SentimentScore": {
        "Positive": 0.004754690919071436,
        "Negative": 0.03760117292404175,
        "Neutral": 0.9537124037742615,
        "Mixed": 0.003931775689125061
    }
}
