{
    "Sentiment": "NEUTRAL",
    "SentimentScore": {
        "Positive": 0.0036098400596529245,
        "Negative": 0.003196486970409751,
        "Neutral": 0.9927686452865601,
        "Mixed": 0.00042507200851105154
    }
}
