{
    "Sentiment": "NEUTRAL",
    "SentimentScore": {
        "Positive": 0.21721087396144867,
        "Negative": 0.005541892256587744,
        "Neutral": 0.772679328918457,
        "Mixed": 0.004567851312458515
    }
}
