{
    "Sentiment": "NEUTRAL",
    "SentimentScore": {
        "Positive": 0.0024402469862252474,
        "Negative": 0.0061493213288486,
        "Neutral": 0.9908377528190613,
        "Mixed": 0.0005726095987483859
    }
}
