{
    "Sentiment": "NEUTRAL",
    "SentimentScore": {
        "Positive": 0.00312325288541615,
        "Negative": 0.34997129440307617,
        "Neutral": 0.6390672326087952,
        "Mixed": 0.007838188670575619
    }
}
