{
    "Sentiment": "NEUTRAL",
    "SentimentScore": {
        "Positive": 0.020911969244480133,
        "Negative": 0.017462514340877533,
        "Neutral": 0.9581617116928101,
        "Mixed": 0.0034638186916708946
    }
}
