{
    "Sentiment": "NEUTRAL",
    "SentimentScore": {
        "Positive": 0.011410994455218315,
        "Negative": 0.35750049352645874,
        "Neutral": 0.6098483204841614,
        "Mixed": 0.021240217611193657
    }
}
