{
    "Sentiment": "NEUTRAL",
    "SentimentScore": {
        "Positive": 0.008709756657481194,
        "Negative": 0.022672615945339203,
        "Neutral": 0.9676151275634766,
        "Mixed": 0.0010024801595136523
    }
}
