{
    "Sentiment": "NEUTRAL",
    "SentimentScore": {
        "Positive": 0.02060217224061489,
        "Negative": 0.008738883771002293,
        "Neutral": 0.968722939491272,
        "Mixed": 0.0019360058940947056
    }
}
