{
    "Sentiment": "NEUTRAL",
    "SentimentScore": {
        "Positive": 0.009609701111912727,
        "Negative": 0.0016592360334470868,
        "Neutral": 0.9883682131767273,
        "Mixed": 0.0003628720005508512
    }
}
