{
    "Sentiment": "NEUTRAL",
    "SentimentScore": {
        "Positive": 0.009483995847404003,
        "Negative": 0.1571442186832428,
        "Neutral": 0.8185866475105286,
        "Mixed": 0.014785120263695717
    }
}
