{
    "Sentiment": "NEUTRAL",
    "SentimentScore": {
        "Positive": 0.05038631334900856,
        "Negative": 0.0016546144615858793,
        "Neutral": 0.9467249512672424,
        "Mixed": 0.0012341480469331145
    }
}
