{
    "Sentiment": "NEGATIVE",
    "SentimentScore": {
        "Positive": 0.0017014617333188653,
        "Negative": 0.7423895001411438,
        "Neutral": 0.23081624507904053,
        "Mixed": 0.025092780590057373
    }
}
