{
    "Sentiment": "NEUTRAL",
    "SentimentScore": {
        "Positive": 0.008931619115173817,
        "Negative": 0.05270132049918175,
        "Neutral": 0.9361998438835144,
        "Mixed": 0.0021672584116458893
    }
}
