{
    "Sentiment": "NEUTRAL",
    "SentimentScore": {
        "Positive": 0.0334310457110405,
        "Negative": 0.21628828346729279,
        "Neutral": 0.7320331931114197,
        "Mixed": 0.018247414380311966
    }
}
