{
    "Sentiment": "NEUTRAL",
    "SentimentScore": {
        "Positive": 0.01803283765912056,
        "Negative": 0.023936983197927475,
        "Neutral": 0.9534777998924255,
        "Mixed": 0.004552292171865702
    }
}
