{
    "Sentiment": "NEUTRAL",
    "SentimentScore": {
        "Positive": 0.008293074555695057,
        "Negative": 0.007197113242000341,
        "Neutral": 0.9835336804389954,
        "Mixed": 0.0009760635439306498
    }
}
