{
    "Sentiment": "NEUTRAL",
    "SentimentScore": {
        "Positive": 0.0033794206101447344,
        "Negative": 0.029911961406469345,
        "Neutral": 0.9652962684631348,
        "Mixed": 0.0014124461449682713
    }
}
