{
    "Sentiment": "NEUTRAL",
    "SentimentScore": {
        "Positive": 0.19260837137699127,
        "Negative": 0.0018112483667209744,
        "Neutral": 0.8030674457550049,
        "Mixed": 0.002512852195650339
    }
}
