{
    "Sentiment": "NEUTRAL",
    "SentimentScore": {
        "Positive": 0.01549322810024023,
        "Negative": 0.02961605042219162,
        "Neutral": 0.9474181532859802,
        "Mixed": 0.007472548168152571
    }
}
