{
    "Sentiment": "NEUTRAL",
    "SentimentScore": {
        "Positive": 0.01590362936258316,
        "Negative": 0.0069925799034535885,
        "Neutral": 0.9757598042488098,
        "Mixed": 0.001343906274996698
    }
}
