{
    "Sentiment": "NEUTRAL",
    "SentimentScore": {
        "Positive": 0.005306225270032883,
        "Negative": 0.005189904943108559,
        "Neutral": 0.9889500737190247,
        "Mixed": 0.0005536859389394522
    }
}
