{
    "Sentiment": "NEUTRAL",
    "SentimentScore": {
        "Positive": 0.04426563158631325,
        "Negative": 0.016358299180865288,
        "Neutral": 0.9291692972183228,
        "Mixed": 0.010206853970885277
    }
}
