{
    "Sentiment": "NEUTRAL",
    "SentimentScore": {
        "Positive": 0.01205209270119667,
        "Negative": 0.034141864627599716,
        "Neutral": 0.9494304060935974,
        "Mixed": 0.004375523421913385
    }
}
