{
    "Sentiment": "NEUTRAL",
    "SentimentScore": {
        "Positive": 0.0010396376019343734,
        "Negative": 0.04628526419401169,
        "Neutral": 0.9509807825088501,
        "Mixed": 0.0016943406080827117
    }
}
