{
    "Sentiment": "NEUTRAL",
    "SentimentScore": {
        "Positive": 0.003996932879090309,
        "Negative": 0.15249909460544586,
        "Neutral": 0.8345102667808533,
        "Mixed": 0.00899373460561037
    }
}
