{
    "Sentiment": "NEUTRAL",
    "SentimentScore": {
        "Positive": 0.22082607448101044,
        "Negative": 0.00800237525254488,
        "Neutral": 0.7547290325164795,
        "Mixed": 0.016442490741610527
    }
}
