{
    "Sentiment": "NEUTRAL",
    "SentimentScore": {
        "Positive": 0.008881933055818081,
        "Negative": 0.026094922795891762,
        "Neutral": 0.9617764949798584,
        "Mixed": 0.0032465727999806404
    }
}
