{
    "Sentiment": "NEUTRAL",
    "SentimentScore": {
        "Positive": 0.09251992404460907,
        "Negative": 0.019049769267439842,
        "Neutral": 0.8821336030960083,
        "Mixed": 0.006296693347394466
    }
}
