{
    "Sentiment": "NEUTRAL",
    "SentimentScore": {
        "Positive": 0.008060037158429623,
        "Negative": 0.44253358244895935,
        "Neutral": 0.5317307114601135,
        "Mixed": 0.017675675451755524
    }
}
