{
    "Sentiment": "NEUTRAL",
    "SentimentScore": {
        "Positive": 0.08299477398395538,
        "Negative": 0.0029853673186153173,
        "Neutral": 0.9109069108963013,
        "Mixed": 0.0031130558345466852
    }
}
