{
    "Sentiment": "NEUTRAL",
    "SentimentScore": {
        "Positive": 0.020840948447585106,
        "Negative": 0.05425885319709778,
        "Neutral": 0.9206395745277405,
        "Mixed": 0.004260679241269827
    }
}
