{
    "Sentiment": "NEUTRAL",
    "SentimentScore": {
        "Positive": 0.011341363191604614,
        "Negative": 0.031283941119909286,
        "Neutral": 0.9558240175247192,
        "Mixed": 0.0015506736235693097
    }
}
