{
    "Sentiment": "NEUTRAL",
    "SentimentScore": {
        "Positive": 0.008042796514928341,
        "Negative": 0.24779711663722992,
        "Neutral": 0.7320574522018433,
        "Mixed": 0.012102706357836723
    }
}
