{
    "Sentiment": "NEUTRAL",
    "SentimentScore": {
        "Positive": 0.0019299174891784787,
        "Negative": 0.004565427545458078,
        "Neutral": 0.9929425716400146,
        "Mixed": 0.0005621486925520003
    }
}
