{
    "Sentiment": "NEUTRAL",
    "SentimentScore": {
        "Positive": 0.008467809297144413,
        "Negative": 0.002182301599532366,
        "Neutral": 0.9887767434120178,
        "Mixed": 0.000573104654904455
    }
}
