{
    "Sentiment": "NEUTRAL",
    "SentimentScore": {
        "Positive": 0.012930769473314285,
        "Negative": 0.0018931571394205093,
        "Neutral": 0.9844451546669006,
        "Mixed": 0.0007309041102416813
    }
}
