{
    "Sentiment": "NEUTRAL",
    "SentimentScore": {
        "Positive": 0.0030473992228507996,
        "Negative": 0.12457011640071869,
        "Neutral": 0.8654475212097168,
        "Mixed": 0.006934958975762129
    }
}
