{
    "Sentiment": "NEUTRAL",
    "SentimentScore": {
        "Positive": 0.0020876554772257805,
        "Negative": 0.0692482516169548,
        "Neutral": 0.9266447424888611,
        "Mixed": 0.0020193748641759157
    }
}
