{
    "Sentiment": "NEUTRAL",
    "SentimentScore": {
        "Positive": 0.01992037333548069,
        "Negative": 0.05594087392091751,
        "Neutral": 0.9177421927452087,
        "Mixed": 0.006396597716957331
    }
}
