{
    "Sentiment": "NEUTRAL",
    "SentimentScore": {
        "Positive": 0.007452839519828558,
        "Negative": 0.08090057969093323,
        "Neutral": 0.9010238647460938,
        "Mixed": 0.010622711852192879
    }
}
