{
    "Sentiment": "NEUTRAL",
    "SentimentScore": {
        "Positive": 0.005037714261561632,
        "Negative": 0.0034601849038153887,
        "Neutral": 0.991050124168396,
        "Mixed": 0.00045198429143056273
    }
}
