{
    "Sentiment": "NEUTRAL",
    "SentimentScore": {
        "Positive": 0.007998268119990826,
        "Negative": 0.1187494620680809,
        "Neutral": 0.8691267371177673,
        "Mixed": 0.004125574603676796
    }
}
