{
    "Sentiment": "NEUTRAL",
    "SentimentScore": {
        "Positive": 0.007267240900546312,
        "Negative": 0.004707115236669779,
        "Neutral": 0.9869902729988098,
        "Mixed": 0.0010353728430345654
    }
}
