{
    "Sentiment": "NEUTRAL",
    "SentimentScore": {
        "Positive": 0.00435548136010766,
        "Negative": 0.04429052770137787,
        "Neutral": 0.949721097946167,
        "Mixed": 0.001632878789678216
    }
}
