{
    "Sentiment": "NEUTRAL",
    "SentimentScore": {
        "Positive": 0.022701125591993332,
        "Negative": 0.2123238444328308,
        "Neutral": 0.7330448627471924,
        "Mixed": 0.03193018212914467
    }
}
