{
    "Sentiment": "NEUTRAL",
    "SentimentScore": {
        "Positive": 0.08396711200475693,
        "Negative": 0.09941502660512924,
        "Neutral": 0.7144359946250916,
        "Mixed": 0.10218192636966705
    }
}
