{
    "Sentiment": "NEUTRAL",
    "SentimentScore": {
        "Positive": 0.0027040995191782713,
        "Negative": 0.009189423173666,
        "Neutral": 0.987160325050354,
        "Mixed": 0.000946140440646559
    }
}
