{
    "Sentiment": "NEUTRAL",
    "SentimentScore": {
        "Positive": 0.0620577298104763,
        "Negative": 0.35300570726394653,
        "Neutral": 0.5744935870170593,
        "Mixed": 0.01044303085654974
    }
}
