{
    "Sentiment": "NEUTRAL",
    "SentimentScore": {
        "Positive": 0.022533142939209938,
        "Negative": 0.02514277584850788,
        "Neutral": 0.9481706619262695,
        "Mixed": 0.004153464920818806
    }
}
