{
    "Sentiment": "NEUTRAL",
    "SentimentScore": {
        "Positive": 0.07444330304861069,
        "Negative": 0.02915440872311592,
        "Neutral": 0.8643778562545776,
        "Mixed": 0.03202448785305023
    }
}
