{
    "Sentiment": "NEUTRAL",
    "SentimentScore": {
        "Positive": 0.0019388284999877214,
        "Negative": 0.0012453319504857063,
        "Neutral": 0.9966153502464294,
        "Mixed": 0.00020052831678185612
    }
}
