{
    "Sentiment": "NEUTRAL",
    "SentimentScore": {
        "Positive": 0.059187278151512146,
        "Negative": 0.026862027123570442,
        "Neutral": 0.8678063750267029,
        "Mixed": 0.04614436253905296
    }
}
