{
    "Sentiment": "POSITIVE",
    "SentimentScore": {
        "Positive": 0.692262589931488,
        "Negative": 0.05977128446102142,
        "Neutral": 0.24233375489711761,
        "Mixed": 0.005632384680211544
    }
}
