{
    "Sentiment": "POSITIVE",
    "SentimentScore": {
        "Positive": 0.6908599734306335,
        "Negative": 0.00965897087007761,
        "Neutral": 0.2847294807434082,
        "Mixed": 0.014751520939171314
    }
}
