{
    "Sentiment": "NEUTRAL",
    "SentimentScore": {
        "Positive": 0.004531072918325663,
        "Negative": 0.0121143264696002,
        "Neutral": 0.9822013974189758,
        "Mixed": 0.0011531640775501728
    }
}
