{
    "Sentiment": "NEGATIVE",
    "SentimentScore": {
        "Positive": 0.1009601429104805,
        "Negative": 0.49184367060661316,
        "Neutral": 0.3503744900226593,
        "Mixed": 0.056821707636117935
    }
}
