{
    "Sentiment": "NEUTRAL",
    "SentimentScore": {
        "Positive": 0.0075597879476845264,
        "Negative": 0.2912624776363373,
        "Neutral": 0.6918032765388489,
        "Mixed": 0.00937447976320982
    }
}
