{
    "Sentiment": "NEUTRAL",
    "SentimentScore": {
        "Positive": 0.27947568893432617,
        "Negative": 0.006619405932724476,
        "Neutral": 0.7067956328392029,
        "Mixed": 0.0071092708967626095
    }
}
