{
    "Sentiment": "NEUTRAL",
    "SentimentScore": {
        "Positive": 0.008114734664559364,
        "Negative": 0.01946287602186203,
        "Neutral": 0.970969557762146,
        "Mixed": 0.0014528660103678703
    }
}
