{
    "Sentiment": "NEUTRAL",
    "SentimentScore": {
        "Positive": 0.1257466971874237,
        "Negative": 0.01293146051466465,
        "Neutral": 0.8564688563346863,
        "Mixed": 0.004853003658354282
    }
}
