{
    "Sentiment": "NEUTRAL",
    "SentimentScore": {
        "Positive": 0.0022634940687566996,
        "Negative": 0.002428114414215088,
        "Neutral": 0.9949317574501038,
        "Mixed": 0.0003765278379432857
    }
}
