{
    "Sentiment": "NEUTRAL",
    "SentimentScore": {
        "Positive": 0.0034162041265517473,
        "Negative": 0.02730732411146164,
        "Neutral": 0.9679983854293823,
        "Mixed": 0.0012780739925801754
    }
}
