{
    "Sentiment": "NEUTRAL",
    "SentimentScore": {
        "Positive": 0.03198457881808281,
        "Negative": 0.05105198919773102,
        "Neutral": 0.9085716605186462,
        "Mixed": 0.008391762152314186
    }
}
