{
    "Sentiment": "NEUTRAL",
    "SentimentScore": {
        "Positive": 0.004872406832873821,
        "Negative": 0.05220016464591026,
        "Neutral": 0.9352054595947266,
        "Mixed": 0.007721859961748123
    }
}
