{
    "Sentiment": "NEUTRAL",
    "SentimentScore": {
        "Positive": 0.20181559026241302,
        "Negative": 0.02393069863319397,
        "Neutral": 0.7651870846748352,
        "Mixed": 0.009066634811460972
    }
}
