{
    "Sentiment": "NEUTRAL",
    "SentimentScore": {
        "Positive": 0.379875123500824,
        "Negative": 0.021256372332572937,
        "Neutral": 0.5816131234169006,
        "Mixed": 0.01725543662905693
    }
}
