{
    "Sentiment": "NEUTRAL",
    "SentimentScore": {
        "Positive": 0.10229712724685669,
        "Negative": 0.05665717273950577,
        "Neutral": 0.7734286785125732,
        "Mixed": 0.06761711090803146
    }
}
