{
    "Sentiment": "NEUTRAL",
    "SentimentScore": {
        "Positive": 0.01931195892393589,
        "Negative": 0.08010447770357132,
        "Neutral": 0.8847058415412903,
        "Mixed": 0.015877753496170044
    }
}
