{
    "Sentiment": "NEUTRAL",
    "SentimentScore": {
        "Positive": 0.0029024772811681032,
        "Negative": 0.024624597281217575,
        "Neutral": 0.9702653884887695,
        "Mixed": 0.002207551384344697
    }
}
