{
    "Sentiment": "NEUTRAL",
    "SentimentScore": {
        "Positive": 0.07701306790113449,
        "Negative": 0.011968133971095085,
        "Neutral": 0.8997660279273987,
        "Mixed": 0.011252653785049915
    }
}
