{
    "Sentiment": "NEUTRAL",
    "SentimentScore": {
        "Positive": 0.002793839666992426,
        "Negative": 0.016099194064736366,
        "Neutral": 0.9798340201377869,
        "Mixed": 0.0012729972368106246
    }
}
