{
    "Sentiment": "NEUTRAL",
    "SentimentScore": {
        "Positive": 0.1432514190673828,
        "Negative": 0.004555789288133383,
        "Neutral": 0.8476806879043579,
        "Mixed": 0.004512111656367779
    }
}
