{
    "Sentiment": "NEUTRAL",
    "SentimentScore": {
        "Positive": 0.014609728008508682,
        "Negative": 0.008186198770999908,
        "Neutral": 0.9760294556617737,
        "Mixed": 0.0011746396776288748
    }
}
