{
    "Sentiment": "NEGATIVE",
    "SentimentScore": {
        "Positive": 0.1574699729681015,
        "Negative": 0.6096271872520447,
        "Neutral": 0.21179750561714172,
        "Mixed": 0.02110532857477665
    }
}
