{
    "Sentiment": "NEUTRAL",
    "SentimentScore": {
        "Positive": 0.003456969279795885,
        "Negative": 0.04227500781416893,
        "Neutral": 0.9507850408554077,
        "Mixed": 0.0034829997457563877
    }
}
