{
    "Sentiment": "NEUTRAL",
    "SentimentScore": {
        "Positive": 0.015515795908868313,
        "Negative": 0.21169352531433105,
        "Neutral": 0.7549657821655273,
        "Mixed": 0.017824916169047356
    }
}
