{
    "Sentiment": "NEUTRAL",
    "SentimentScore": {
        "Positive": 0.016472121700644493,
        "Negative": 0.06543176621198654,
        "Neutral": 0.914680004119873,
        "Mixed": 0.003416097490116954
    }
}
