{
    "Sentiment": "NEUTRAL",
    "SentimentScore": {
        "Positive": 0.0012525479542091489,
        "Negative": 0.0067700548097491264,
        "Neutral": 0.9914345741271973,
        "Mixed": 0.000542865542229265
    }
}
