{
    "Sentiment": "NEUTRAL",
    "SentimentScore": {
        "Positive": 0.009287407621741295,
        "Negative": 0.005244123749434948,
        "Neutral": 0.9841917753219604,
        "Mixed": 0.0012766928412020206
    }
}
