{
    "Sentiment": "NEUTRAL",
    "SentimentScore": {
        "Positive": 0.02717023342847824,
        "Negative": 0.15827491879463196,
        "Neutral": 0.7711161375045776,
        "Mixed": 0.04343871399760246
    }
}
