{
    "Sentiment": "NEUTRAL",
    "SentimentScore": {
        "Positive": 0.01487033162266016,
        "Negative": 0.17450585961341858,
        "Neutral": 0.8053432106971741,
        "Mixed": 0.005280652549117804
    }
}
