{
    "Sentiment": "NEUTRAL",
    "SentimentScore": {
        "Positive": 0.005918793845921755,
        "Negative": 0.0055926195345819,
        "Neutral": 0.9872892498970032,
        "Mixed": 0.001199315651319921
    }
}
