{
    "Sentiment": "NEUTRAL",
    "SentimentScore": {
        "Positive": 0.004864274524152279,
        "Negative": 0.056770142167806625,
        "Neutral": 0.9305422902107239,
        "Mixed": 0.007823286578059196
    }
}
