{
    "Sentiment": "NEUTRAL",
    "SentimentScore": {
        "Positive": 0.0042573679238557816,
        "Negative": 0.005009561777114868,
        "Neutral": 0.9893798232078552,
        "Mixed": 0.0013532409211620688
    }
}
