{
    "Sentiment": "NEUTRAL",
    "SentimentScore": {
        "Positive": 0.0033560541924089193,
        "Negative": 0.03953171148896217,
        "Neutral": 0.9530795812606812,
        "Mixed": 0.004032691475003958
    }
}
