{
    "Sentiment": "NEUTRAL",
    "SentimentScore": {
        "Positive": 0.005373761989176273,
        "Negative": 0.057346589863300323,
        "Neutral": 0.9326063990592957,
        "Mixed": 0.004673206713050604
    }
}
