{
    "Sentiment": "NEUTRAL",
    "SentimentScore": {
        "Positive": 0.007085280492901802,
        "Negative": 0.0457652322947979,
        "Neutral": 0.945637047290802,
        "Mixed": 0.0015125263016670942
    }
}
