{
    "Sentiment": "POSITIVE",
    "SentimentScore": {
        "Positive": 0.7990937232971191,
        "Negative": 0.000872777949552983,
        "Neutral": 0.1953156590461731,
        "Mixed": 0.004717864096164703
    }
}
