{
    "Sentiment": "NEUTRAL",
    "SentimentScore": {
        "Positive": 0.0024021926801651716,
        "Negative": 0.007879026234149933,
        "Neutral": 0.9891442656517029,
        "Mixed": 0.0005744516965933144
    }
}
