{
    "Sentiment": "NEUTRAL",
    "SentimentScore": {
        "Positive": 0.0069886259734630585,
        "Negative": 0.10241831839084625,
        "Neutral": 0.8803799748420715,
        "Mixed": 0.01021308172494173
    }
}
