{
    "Sentiment": "NEUTRAL",
    "SentimentScore": {
        "Positive": 0.0028493923600763083,
        "Negative": 0.035219259560108185,
        "Neutral": 0.9586721062660217,
        "Mixed": 0.0032592141069471836
    }
}
