{
    "Sentiment": "NEUTRAL",
    "SentimentScore": {
        "Positive": 0.005869321990758181,
        "Negative": 0.003962695598602295,
        "Neutral": 0.9897187948226929,
        "Mixed": 0.00044919131323695183
    }
}
