{
    "Sentiment": "NEUTRAL",
    "SentimentScore": {
        "Positive": 0.0025526504032313824,
        "Negative": 0.007039176300168037,
        "Neutral": 0.9895987510681152,
        "Mixed": 0.0008093697833828628
    }
}
