{
    "Sentiment": "NEUTRAL",
    "SentimentScore": {
        "Positive": 0.0723329707980156,
        "Negative": 0.004450480919331312,
        "Neutral": 0.9203916788101196,
        "Mixed": 0.0028248645830899477
    }
}
