{
    "Sentiment": "NEUTRAL",
    "SentimentScore": {
        "Positive": 0.06707500666379929,
        "Negative": 0.15455275774002075,
        "Neutral": 0.7629913091659546,
        "Mixed": 0.015380894765257835
    }
}
