{
    "Sentiment": "NEUTRAL",
    "SentimentScore": {
        "Positive": 0.013794777914881706,
        "Negative": 0.02308952622115612,
        "Neutral": 0.9578200578689575,
        "Mixed": 0.0052956161089241505
    }
}
