{
    "Sentiment": "NEUTRAL",
    "SentimentScore": {
        "Positive": 0.1665256768465042,
        "Negative": 0.013020089827477932,
        "Neutral": 0.8141558170318604,
        "Mixed": 0.006298359017819166
    }
}
