{
    "Sentiment": "NEUTRAL",
    "SentimentScore": {
        "Positive": 0.002262722235172987,
        "Negative": 0.1753612458705902,
        "Neutral": 0.8141909837722778,
        "Mixed": 0.008185083046555519
    }
}
