{
    "Sentiment": "NEUTRAL",
    "SentimentScore": {
        "Positive": 0.00939180701971054,
        "Negative": 0.006444323807954788,
        "Neutral": 0.9829809665679932,
        "Mixed": 0.0011829414870589972
    }
}
