{
    "Sentiment": "NEUTRAL",
    "SentimentScore": {
        "Positive": 0.007157410029321909,
        "Negative": 0.11473290622234344,
        "Neutral": 0.8692634701728821,
        "Mixed": 0.008846156299114227
    }
}
