{
    "Sentiment": "NEUTRAL",
    "SentimentScore": {
        "Positive": 0.005281125195324421,
        "Negative": 0.001458441372960806,
        "Neutral": 0.9927915334701538,
        "Mixed": 0.00046895365812815726
    }
}
