{
    "Sentiment": "NEUTRAL",
    "SentimentScore": {
        "Positive": 0.12042931467294693,
        "Negative": 0.006642309483140707,
        "Neutral": 0.8611467480659485,
        "Mixed": 0.011781553737819195
    }
}
