{
    "Sentiment": "NEUTRAL",
    "SentimentScore": {
        "Positive": 0.002311927732080221,
        "Negative": 0.003635754343122244,
        "Neutral": 0.9935264587402344,
        "Mixed": 0.0005259093013592064
    }
}
