{
    "Sentiment": "NEUTRAL",
    "SentimentScore": {
        "Positive": 0.23963876068592072,
        "Negative": 0.03262500837445259,
        "Neutral": 0.715300440788269,
        "Mixed": 0.01243577804416418
    }
}
