{
    "Sentiment": "NEUTRAL",
    "SentimentScore": {
        "Positive": 0.02818598970770836,
        "Negative": 0.17023470997810364,
        "Neutral": 0.7768704891204834,
        "Mixed": 0.024708865210413933
    }
}
