{
    "Sentiment": "NEUTRAL",
    "SentimentScore": {
        "Positive": 0.004741103388369083,
        "Negative": 0.008610520511865616,
        "Neutral": 0.9854177236557007,
        "Mixed": 0.001230679452419281
    }
}
