{
    "Sentiment": "NEUTRAL",
    "SentimentScore": {
        "Positive": 0.021309832111001015,
        "Negative": 0.013174646534025669,
        "Neutral": 0.9626238942146301,
        "Mixed": 0.0028916141018271446
    }
}
