{
    "Sentiment": "NEUTRAL",
    "SentimentScore": {
        "Positive": 0.4392225742340088,
        "Negative": 0.015829695388674736,
        "Neutral": 0.5273207426071167,
        "Mixed": 0.017626997083425522
    }
}
