{
    "Sentiment": "NEUTRAL",
    "SentimentScore": {
        "Positive": 0.02011064626276493,
        "Negative": 0.04125427454710007,
        "Neutral": 0.9352337121963501,
        "Mixed": 0.0034012403339147568
    }
}
