{
    "Sentiment": "NEUTRAL",
    "SentimentScore": {
        "Positive": 0.0038019607309252024,
        "Negative": 0.0011120704002678394,
        "Neutral": 0.9948871731758118,
        "Mixed": 0.0001987946598092094
    }
}
