{
    "Sentiment": "NEUTRAL",
    "SentimentScore": {
        "Positive": 0.004626080393791199,
        "Negative": 0.008130460046231747,
        "Neutral": 0.9865075349807739,
        "Mixed": 0.0007359875016845763
    }
}
