{
    "Sentiment": "POSITIVE",
    "SentimentScore": {
        "Positive": 0.7139226794242859,
        "Negative": 0.004306865856051445,
        "Neutral": 0.27312031388282776,
        "Mixed": 0.008650104515254498
    }
}
