{
    "Sentiment": "NEUTRAL",
    "SentimentScore": {
        "Positive": 0.19329950213432312,
        "Negative": 0.034781280905008316,
        "Neutral": 0.7591400742530823,
        "Mixed": 0.012779086828231812
    }
}
