{
    "Sentiment": "NEUTRAL",
    "SentimentScore": {
        "Positive": 0.002337532816454768,
        "Negative": 0.029708068817853928,
        "Neutral": 0.966783881187439,
        "Mixed": 0.0011704718926921487
    }
}
