{
    "Sentiment": "NEUTRAL",
    "SentimentScore": {
        "Positive": 0.002094822470098734,
        "Negative": 0.047518789768218994,
        "Neutral": 0.9460867643356323,
        "Mixed": 0.004299618769437075
    }
}
