{
    "Sentiment": "NEUTRAL",
    "SentimentScore": {
        "Positive": 0.0711226835846901,
        "Negative": 0.02759312279522419,
        "Neutral": 0.8981729745864868,
        "Mixed": 0.0031111182179301977
    }
}
