{
    "Sentiment": "NEUTRAL",
    "SentimentScore": {
        "Positive": 0.019831478595733643,
        "Negative": 0.03453933820128441,
        "Neutral": 0.9372973442077637,
        "Mixed": 0.008331828750669956
    }
}
