{
    "Sentiment": "NEUTRAL",
    "SentimentScore": {
        "Positive": 0.13598373532295227,
        "Negative": 0.00232924846932292,
        "Neutral": 0.8591009378433228,
        "Mixed": 0.0025860234163701534
    }
}
