{
    "Sentiment": "NEUTRAL",
    "SentimentScore": {
        "Positive": 0.002206840319558978,
        "Negative": 0.013105756603181362,
        "Neutral": 0.9832131266593933,
        "Mixed": 0.0014744095969945192
    }
}
