{
    "Sentiment": "NEUTRAL",
    "SentimentScore": {
        "Positive": 0.004329328890889883,
        "Negative": 0.1922098696231842,
        "Neutral": 0.791634202003479,
        "Mixed": 0.011826582252979279
    }
}
