{
    "Sentiment": "NEUTRAL",
    "SentimentScore": {
        "Positive": 0.009319018572568893,
        "Negative": 0.02047882229089737,
        "Neutral": 0.9686610698699951,
        "Mixed": 0.0015411453787237406
    }
}
