{
    "Sentiment": "NEUTRAL",
    "SentimentScore": {
        "Positive": 0.004683520644903183,
        "Negative": 0.00400320952758193,
        "Neutral": 0.9904991984367371,
        "Mixed": 0.0008140132413245738
    }
}
