{
    "Sentiment": "NEUTRAL",
    "SentimentScore": {
        "Positive": 0.005382380448281765,
        "Negative": 0.0020122318528592587,
        "Neutral": 0.9921914935112,
        "Mixed": 0.0004138616204727441
    }
}
