{
    "Sentiment": "NEUTRAL",
    "SentimentScore": {
        "Positive": 0.06047958880662918,
        "Negative": 0.009484825655817986,
        "Neutral": 0.9277735948562622,
        "Mixed": 0.002261964837089181
    }
}
