{
    "Sentiment": "NEUTRAL",
    "SentimentScore": {
        "Positive": 0.008768719621002674,
        "Negative": 0.05106663331389427,
        "Neutral": 0.9325419068336487,
        "Mixed": 0.007622785400599241
    }
}
