{
    "Sentiment": "NEUTRAL",
    "SentimentScore": {
        "Positive": 0.007973013445734978,
        "Negative": 0.010097218677401543,
        "Neutral": 0.9800513982772827,
        "Mixed": 0.001878275885246694
    }
}
