{
    "Sentiment": "NEUTRAL",
    "SentimentScore": {
        "Positive": 0.00513667706400156,
        "Negative": 0.08263788372278214,
        "Neutral": 0.9013283252716064,
        "Mixed": 0.010897085070610046
    }
}
