{
    "Sentiment": "NEUTRAL",
    "SentimentScore": {
        "Positive": 0.005239756777882576,
        "Negative": 0.10891105234622955,
        "Neutral": 0.8738647699356079,
        "Mixed": 0.011984444223344326
    }
}
