{
    "Sentiment": "NEUTRAL",
    "SentimentScore": {
        "Positive": 0.46831345558166504,
        "Negative": 0.006504394579678774,
        "Neutral": 0.5115866661071777,
        "Mixed": 0.013595500029623508
    }
}
