{
    "Sentiment": "NEUTRAL",
    "SentimentScore": {
        "Positive": 0.01842099241912365,
        "Negative": 0.3111807703971863,
        "Neutral": 0.6624500155448914,
        "Mixed": 0.007948247715830803
    }
}
