{
    "Sentiment": "NEUTRAL",
    "SentimentScore": {
        "Positive": 0.05816544592380524,
        "Negative": 0.0026572023052722216,
        "Neutral": 0.9364094734191895,
        "Mixed": 0.002767822938039899
    }
}
