{
    "Sentiment": "NEUTRAL",
    "SentimentScore": {
        "Positive": 0.002190846484154463,
        "Negative": 0.04784968122839928,
        "Neutral": 0.9469007849693298,
        "Mixed": 0.003058723406866193
    }
}
