{
    "Sentiment": "POSITIVE",
    "SentimentScore": {
        "Positive": 0.7104361653327942,
        "Negative": 0.0006457250565290451,
        "Neutral": 0.2847214341163635,
        "Mixed": 0.004196568857878447
    }
}
