{
    "Sentiment": "NEUTRAL",
    "SentimentScore": {
        "Positive": 0.029635164886713028,
        "Negative": 0.012921537272632122,
        "Neutral": 0.9560137987136841,
        "Mixed": 0.0014295261353254318
    }
}
