{
    "Sentiment": "NEUTRAL",
    "SentimentScore": {
        "Positive": 0.01989707723259926,
        "Negative": 0.24864767491817474,
        "Neutral": 0.7125924229621887,
        "Mixed": 0.01886282116174698
    }
}
