{
    "Sentiment": "NEUTRAL",
    "SentimentScore": {
        "Positive": 0.00417054258286953,
        "Negative": 0.015572011470794678,
        "Neutral": 0.9790779948234558,
        "Mixed": 0.0011793766170740128
    }
}
