{
    "Sentiment": "NEUTRAL",
    "SentimentScore": {
        "Positive": 0.09020698070526123,
        "Negative": 0.021810321137309074,
        "Neutral": 0.8844603300094604,
        "Mixed": 0.0035224000457674265
    }
}
