{
    "Sentiment": "NEGATIVE",
    "SentimentScore": {
        "Positive": 0.3170287013053894,
        "Negative": 0.5099539756774902,
        "Neutral": 0.14881159365177155,
        "Mixed": 0.024205714464187622
    }
}
