{
    "Sentiment": "NEUTRAL",
    "SentimentScore": {
        "Positive": 0.017602968961000443,
        "Negative": 0.057035453617572784,
        "Neutral": 0.9130373001098633,
        "Mixed": 0.012324240989983082
    }
}
