{
    "Sentiment": "NEUTRAL",
    "SentimentScore": {
        "Positive": 0.01071969885379076,
        "Negative": 0.07401105761528015,
        "Neutral": 0.9090535640716553,
        "Mixed": 0.006215622182935476
    }
}
