{
    "Sentiment": "NEUTRAL",
    "SentimentScore": {
        "Positive": 0.024532653391361237,
        "Negative": 0.02487754076719284,
        "Neutral": 0.9480206370353699,
        "Mixed": 0.00256907707080245
    }
}
