{
    "Sentiment": "NEUTRAL",
    "SentimentScore": {
        "Positive": 0.011732541024684906,
        "Negative": 0.16837646067142487,
        "Neutral": 0.7975153923034668,
        "Mixed": 0.022375596687197685
    }
}
