{
    "Sentiment": "NEUTRAL",
    "SentimentScore": {
        "Positive": 0.012212390080094337,
        "Negative": 0.007749826647341251,
        "Neutral": 0.9785121083259583,
        "Mixed": 0.0015258101047948003
    }
}
