{
    "Sentiment": "NEUTRAL",
    "SentimentScore": {
        "Positive": 0.006585754454135895,
        "Negative": 0.1699810028076172,
        "Neutral": 0.8100825548171997,
        "Mixed": 0.013350737281143665
    }
}
