{
    "Sentiment": "NEUTRAL",
    "SentimentScore": {
        "Positive": 0.018313389271497726,
        "Negative": 0.05406264215707779,
        "Neutral": 0.9175508618354797,
        "Mixed": 0.010073034092783928
    }
}
