{
    "Sentiment": "NEUTRAL",
    "SentimentScore": {
        "Positive": 0.00385806686244905,
        "Negative": 0.012961105443537235,
        "Neutral": 0.9816567301750183,
        "Mixed": 0.0015241571236401796
    }
}
