{
    "Sentiment": "NEUTRAL",
    "SentimentScore": {
        "Positive": 0.24070391058921814,
        "Negative": 0.01160519476979971,
        "Neutral": 0.7441156506538391,
        "Mixed": 0.0035751457326114178
    }
}
