{
    "Sentiment": "NEUTRAL",
    "SentimentScore": {
        "Positive": 0.23045960068702698,
        "Negative": 0.014424131251871586,
        "Neutral": 0.7380262017250061,
        "Mixed": 0.017090002074837685
    }
}
