{
    "Sentiment": "NEUTRAL",
    "SentimentScore": {
        "Positive": 0.0012010905193164945,
        "Negative": 0.010473530739545822,
        "Neutral": 0.9875800013542175,
        "Mixed": 0.0007454321021214128
    }
}
