{
    "Sentiment": "NEUTRAL",
    "SentimentScore": {
        "Positive": 0.005565984174609184,
        "Negative": 0.00182072794996202,
        "Neutral": 0.9919975399971008,
        "Mixed": 0.0006157752359285951
    }
}
