{
    "Sentiment": "NEUTRAL",
    "SentimentScore": {
        "Positive": 0.0028877679724246264,
        "Negative": 0.0125068798661232,
        "Neutral": 0.9833362102508545,
        "Mixed": 0.0012691494775936007
    }
}
