{
    "Sentiment": "NEUTRAL",
    "SentimentScore": {
        "Positive": 0.005216950550675392,
        "Negative": 0.05714839696884155,
        "Neutral": 0.9314964413642883,
        "Mixed": 0.006138276774436235
    }
}
