{
    "Sentiment": "NEUTRAL",
    "SentimentScore": {
        "Positive": 0.031000591814517975,
        "Negative": 0.18916836380958557,
        "Neutral": 0.7507855296134949,
        "Mixed": 0.02904546819627285
    }
}
