{
    "Sentiment": "NEUTRAL",
    "SentimentScore": {
        "Positive": 0.0018226795364171267,
        "Negative": 0.0020782984793186188,
        "Neutral": 0.9958158135414124,
        "Mixed": 0.0002832176105584949
    }
}
