{
    "Sentiment": "NEUTRAL",
    "SentimentScore": {
        "Positive": 0.0035799387842416763,
        "Negative": 0.047165632247924805,
        "Neutral": 0.9474236369132996,
        "Mixed": 0.0018307308200746775
    }
}
