{
    "Sentiment": "NEUTRAL",
    "SentimentScore": {
        "Positive": 0.06804150342941284,
        "Negative": 0.019800296053290367,
        "Neutral": 0.9076201319694519,
        "Mixed": 0.0045380680821835995
    }
}
