{
    "Sentiment": "NEUTRAL",
    "SentimentScore": {
        "Positive": 0.004252937622368336,
        "Negative": 0.008672451600432396,
        "Neutral": 0.9853339195251465,
        "Mixed": 0.0017406231490895152
    }
}
