{
    "Sentiment": "NEUTRAL",
    "SentimentScore": {
        "Positive": 0.00558093748986721,
        "Negative": 0.08398626744747162,
        "Neutral": 0.9010356068611145,
        "Mixed": 0.009397296234965324
    }
}
