{
    "Sentiment": "NEUTRAL",
    "SentimentScore": {
        "Positive": 0.12864485383033752,
        "Negative": 0.005369808059185743,
        "Neutral": 0.8639394044876099,
        "Mixed": 0.002045843517407775
    }
}
