{
    "Sentiment": "NEUTRAL",
    "SentimentScore": {
        "Positive": 0.015846123918890953,
        "Negative": 0.09077991545200348,
        "Neutral": 0.8804985284805298,
        "Mixed": 0.012875493615865707
    }
}
