{
    "Sentiment": "NEUTRAL",
    "SentimentScore": {
        "Positive": 0.0032888944260776043,
        "Negative": 0.0019001216860488057,
        "Neutral": 0.9943780303001404,
        "Mixed": 0.0004329620860517025
    }
}
