{
    "Sentiment": "NEUTRAL",
    "SentimentScore": {
        "Positive": 0.0028033603448420763,
        "Negative": 0.013284384272992611,
        "Neutral": 0.9825398921966553,
        "Mixed": 0.0013724197633564472
    }
}
