{
    "Sentiment": "NEUTRAL",
    "SentimentScore": {
        "Positive": 0.006402961909770966,
        "Negative": 0.011619691736996174,
        "Neutral": 0.9806482195854187,
        "Mixed": 0.001329147140495479
    }
}
