{
    "Sentiment": "POSITIVE",
    "SentimentScore": {
        "Positive": 0.82879239320755,
        "Negative": 0.001352135557681322,
        "Neutral": 0.16407807171344757,
        "Mixed": 0.005777422804385424
    }
}
