{
    "Sentiment": "NEUTRAL",
    "SentimentScore": {
        "Positive": 0.05842702090740204,
        "Negative": 0.17864558100700378,
        "Neutral": 0.7342517971992493,
        "Mixed": 0.028675543144345284
    }
}
