{
    "Sentiment": "NEUTRAL",
    "SentimentScore": {
        "Positive": 0.012310754507780075,
        "Negative": 0.21589063107967377,
        "Neutral": 0.7642052173614502,
        "Mixed": 0.007593424059450626
    }
}
