{
    "Sentiment": "NEUTRAL",
    "SentimentScore": {
        "Positive": 0.012318095192313194,
        "Negative": 0.15231607854366302,
        "Neutral": 0.8093472123146057,
        "Mixed": 0.026018569245934486
    }
}
