{
    "Sentiment": "NEUTRAL",
    "SentimentScore": {
        "Positive": 0.041536565870046616,
        "Negative": 0.020236622542142868,
        "Neutral": 0.9303221702575684,
        "Mixed": 0.007904660888016224
    }
}
