{
    "Sentiment": "NEUTRAL",
    "SentimentScore": {
        "Positive": 0.002366904867812991,
        "Negative": 0.01433177012950182,
        "Neutral": 0.9815938472747803,
        "Mixed": 0.001707511954009533
    }
}
