{
    "Sentiment": "NEUTRAL",
    "SentimentScore": {
        "Positive": 0.08317194879055023,
        "Negative": 0.0010170373134315014,
        "Neutral": 0.9142636656761169,
        "Mixed": 0.0015472595114260912
    }
}
