{
    "Sentiment": "NEUTRAL",
    "SentimentScore": {
        "Positive": 0.4362790882587433,
        "Negative": 0.0062411632388830185,
        "Neutral": 0.541260838508606,
        "Mixed": 0.016218889504671097
    }
}
