{
    "Sentiment": "NEUTRAL",
    "SentimentScore": {
        "Positive": 0.002413473092019558,
        "Negative": 0.013130821287631989,
        "Neutral": 0.9831474423408508,
        "Mixed": 0.0013082778314128518
    }
}
