{
    "Sentiment": "NEUTRAL",
    "SentimentScore": {
        "Positive": 0.06064407899975777,
        "Negative": 0.07950803637504578,
        "Neutral": 0.8395350575447083,
        "Mixed": 0.020312774926424026
    }
}
