{
    "Sentiment": "NEUTRAL",
    "SentimentScore": {
        "Positive": 0.010827149264514446,
        "Negative": 0.028337428346276283,
        "Neutral": 0.9580584168434143,
        "Mixed": 0.0027770455926656723
    }
}
