{
    "Sentiment": "NEUTRAL",
    "SentimentScore": {
        "Positive": 0.03339016065001488,
        "Negative": 0.07728886604309082,
        "Neutral": 0.8740779161453247,
        "Mixed": 0.015243069268763065
    }
}
