{
    "Sentiment": "NEUTRAL",
    "SentimentScore": {
        "Positive": 0.11229028552770615,
        "Negative": 0.009051554836332798,
        "Neutral": 0.8751975893974304,
        "Mixed": 0.0034605604596436024
    }
}
