{
    "Sentiment": "NEUTRAL",
    "SentimentScore": {
        "Positive": 0.00479457201436162,
        "Negative": 0.009695245884358883,
        "Neutral": 0.982111930847168,
        "Mixed": 0.0033982531167566776
    }
}
