{
    "Sentiment": "NEUTRAL",
    "SentimentScore": {
        "Positive": 0.0014939685352146626,
        "Negative": 0.0066193630918860435,
        "Neutral": 0.991431713104248,
        "Mixed": 0.0004548674914985895
    }
}
