{
    "Sentiment": "NEUTRAL",
    "SentimentScore": {
        "Positive": 0.0021548413205891848,
        "Negative": 0.019321395084261894,
        "Neutral": 0.9772503972053528,
        "Mixed": 0.0012733250623568892
    }
}
