{
    "Sentiment": "NEUTRAL",
    "SentimentScore": {
        "Positive": 0.0028919719625264406,
        "Negative": 0.030595341697335243,
        "Neutral": 0.9626343250274658,
        "Mixed": 0.003878352465108037
    }
}
