{
    "Sentiment": "NEUTRAL",
    "SentimentScore": {
        "Positive": 0.004702446982264519,
        "Negative": 0.08902806043624878,
        "Neutral": 0.8962419033050537,
        "Mixed": 0.010027567856013775
    }
}
