{
    "Sentiment": "NEUTRAL",
    "SentimentScore": {
        "Positive": 0.02131154015660286,
        "Negative": 0.002170821651816368,
        "Neutral": 0.975435733795166,
        "Mixed": 0.001081882044672966
    }
}
