{
    "Sentiment": "NEUTRAL",
    "SentimentScore": {
        "Positive": 0.01733410730957985,
        "Negative": 0.36733174324035645,
        "Neutral": 0.5948240756988525,
        "Mixed": 0.020510053262114525
    }
}
