{
    "Sentiment": "NEUTRAL",
    "SentimentScore": {
        "Positive": 0.04913785681128502,
        "Negative": 0.2593314051628113,
        "Neutral": 0.6693967580795288,
        "Mixed": 0.022133955731987953
    }
}
