{
    "Sentiment": "NEUTRAL",
    "SentimentScore": {
        "Positive": 0.00414220942184329,
        "Negative": 0.004880852997303009,
        "Neutral": 0.9896805882453918,
        "Mixed": 0.0012963423505425453
    }
}
