{
    "Sentiment": "NEUTRAL",
    "SentimentScore": {
        "Positive": 0.004020759370177984,
        "Negative": 0.026829184964299202,
        "Neutral": 0.9658154845237732,
        "Mixed": 0.0033345301635563374
    }
}
