{
    "Sentiment": "NEUTRAL",
    "SentimentScore": {
        "Positive": 0.03435304015874863,
        "Negative": 0.008664807304739952,
        "Neutral": 0.9556323885917664,
        "Mixed": 0.001349672325886786
    }
}
