{
    "Sentiment": "NEUTRAL",
    "SentimentScore": {
        "Positive": 0.09552474319934845,
        "Negative": 0.03126132860779762,
        "Neutral": 0.8589165210723877,
        "Mixed": 0.014297427609562874
    }
}
