{
    "Sentiment": "NEUTRAL",
    "SentimentScore": {
        "Positive": 0.006670685485005379,
        "Negative": 0.0032548171002417803,
        "Neutral": 0.989236056804657,
        "Mixed": 0.0008384286775253713
    }
}
