{
    "Sentiment": "NEUTRAL",
    "SentimentScore": {
        "Positive": 0.02267279103398323,
        "Negative": 0.033964093774557114,
        "Neutral": 0.9325143098831177,
        "Mixed": 0.010848772712051868
    }
}
