{
    "Sentiment": "NEUTRAL",
    "SentimentScore": {
        "Positive": 0.05711352825164795,
        "Negative": 0.03933126479387283,
        "Neutral": 0.8918969035148621,
        "Mixed": 0.01165827177464962
    }
}
