{
    "Sentiment": "NEUTRAL",
    "SentimentScore": {
        "Positive": 0.002865781541913748,
        "Negative": 0.12992438673973083,
        "Neutral": 0.8588449954986572,
        "Mixed": 0.008364816196262836
    }
}
