{
    "Sentiment": "NEUTRAL",
    "SentimentScore": {
        "Positive": 0.008290201425552368,
        "Negative": 0.003616314148530364,
        "Neutral": 0.9873512387275696,
        "Mixed": 0.0007421805057674646
    }
}
