{
    "Sentiment": "NEUTRAL",
    "SentimentScore": {
        "Positive": 0.002548355609178543,
        "Negative": 0.006760837975889444,
        "Neutral": 0.9900442361831665,
        "Mixed": 0.0006466095801442862
    }
}
