{
    "Sentiment": "NEUTRAL",
    "SentimentScore": {
        "Positive": 0.054823294281959534,
        "Negative": 0.009410376660525799,
        "Neutral": 0.932013988494873,
        "Mixed": 0.003752348246052861
    }
}
