{
    "Sentiment": "NEUTRAL",
    "SentimentScore": {
        "Positive": 0.00399862602353096,
        "Negative": 0.004483470693230629,
        "Neutral": 0.9909889101982117,
        "Mixed": 0.0005290011176839471
    }
}
