{
    "Sentiment": "NEUTRAL",
    "SentimentScore": {
        "Positive": 0.02703925408422947,
        "Negative": 0.006908243987709284,
        "Neutral": 0.9638088941574097,
        "Mixed": 0.002243682276457548
    }
}
