{
    "Sentiment": "NEUTRAL",
    "SentimentScore": {
        "Positive": 0.001879825838841498,
        "Negative": 0.020294280722737312,
        "Neutral": 0.9760955572128296,
        "Mixed": 0.0017303371569141746
    }
}
