{
    "Sentiment": "NEUTRAL",
    "SentimentScore": {
        "Positive": 0.004525542259216309,
        "Negative": 0.06759100407361984,
        "Neutral": 0.9176651239395142,
        "Mixed": 0.010218258947134018
    }
}
