{
    "Sentiment": "POSITIVE",
    "SentimentScore": {
        "Positive": 0.38270655274391174,
        "Negative": 0.2661743760108948,
        "Neutral": 0.26544108986854553,
        "Mixed": 0.08567802608013153
    }
}
