{
    "Sentiment": "NEUTRAL",
    "SentimentScore": {
        "Positive": 0.15548044443130493,
        "Negative": 0.16030603647232056,
        "Neutral": 0.660376250743866,
        "Mixed": 0.023837223649024963
    }
}
