{
    "Sentiment": "NEUTRAL",
    "SentimentScore": {
        "Positive": 0.029392143711447716,
        "Negative": 0.10113175213336945,
        "Neutral": 0.8616847395896912,
        "Mixed": 0.007791368290781975
    }
}
