{
    "Sentiment": "NEUTRAL",
    "SentimentScore": {
        "Positive": 0.015697743743658066,
        "Negative": 0.0027338932268321514,
        "Neutral": 0.9806118607521057,
        "Mixed": 0.000956445001065731
    }
}
