{
    "Sentiment": "NEUTRAL",
    "SentimentScore": {
        "Positive": 0.276364803314209,
        "Negative": 0.13536383211612701,
        "Neutral": 0.5539640784263611,
        "Mixed": 0.03430730104446411
    }
}
