{
    "Sentiment": "NEUTRAL",
    "SentimentScore": {
        "Positive": 0.02651354856789112,
        "Negative": 0.005824854597449303,
        "Neutral": 0.9663306474685669,
        "Mixed": 0.0013309601927176118
    }
}
