{
    "Sentiment": "NEUTRAL",
    "SentimentScore": {
        "Positive": 0.006429723929613829,
        "Negative": 0.027518615126609802,
        "Neutral": 0.9625630378723145,
        "Mixed": 0.0034886898938566446
    }
}
