{
    "Sentiment": "NEUTRAL",
    "SentimentScore": {
        "Positive": 0.007877115160226822,
        "Negative": 0.06741086393594742,
        "Neutral": 0.9185397028923035,
        "Mixed": 0.006172338034957647
    }
}
