{
    "Sentiment": "NEUTRAL",
    "SentimentScore": {
        "Positive": 0.02097320556640625,
        "Negative": 0.1021227017045021,
        "Neutral": 0.865976095199585,
        "Mixed": 0.010927925817668438
    }
}
