{
    "Sentiment": "NEUTRAL",
    "SentimentScore": {
        "Positive": 0.008190656080842018,
        "Negative": 0.012317649088799953,
        "Neutral": 0.9776846766471863,
        "Mixed": 0.0018069761572405696
    }
}
