{
    "Sentiment": "NEGATIVE",
    "SentimentScore": {
        "Positive": 0.22670257091522217,
        "Negative": 0.39661046862602234,
        "Neutral": 0.2813279330730438,
        "Mixed": 0.09535899013280869
    }
}
