{
    "Sentiment": "NEUTRAL",
    "SentimentScore": {
        "Positive": 0.02058982476592064,
        "Negative": 0.18641602993011475,
        "Neutral": 0.7869177460670471,
        "Mixed": 0.006076394114643335
    }
}
