{
    "Sentiment": "NEUTRAL",
    "SentimentScore": {
        "Positive": 0.03057391382753849,
        "Negative": 0.03554357960820198,
        "Neutral": 0.9254976511001587,
        "Mixed": 0.008384858258068562
    }
}
