{
    "Sentiment": "NEUTRAL",
    "SentimentScore": {
        "Positive": 0.010756110772490501,
        "Negative": 0.04699503630399704,
        "Neutral": 0.9348414540290833,
        "Mixed": 0.007407415192574263
    }
}
