{
    "Sentiment": "NEUTRAL",
    "SentimentScore": {
        "Positive": 0.04720108583569527,
        "Negative": 0.3053849935531616,
        "Neutral": 0.5267817974090576,
        "Mixed": 0.1206321269273758
    }
}
