{
    "Sentiment": "NEUTRAL",
    "SentimentScore": {
        "Positive": 0.008153862319886684,
        "Negative": 0.014297161251306534,
        "Neutral": 0.975243091583252,
        "Mixed": 0.0023058741353452206
    }
}
