{
    "Sentiment": "NEUTRAL",
    "SentimentScore": {
        "Positive": 0.031441617757081985,
        "Negative": 0.002569925971329212,
        "Neutral": 0.9647610783576965,
        "Mixed": 0.0012273521861061454
    }
}
