{
    "Sentiment": "NEUTRAL",
    "SentimentScore": {
        "Positive": 0.024999255314469337,
        "Negative": 0.02071910724043846,
        "Neutral": 0.949029266834259,
        "Mixed": 0.005252375267446041
    }
}
