{
    "Sentiment": "NEUTRAL",
    "SentimentScore": {
        "Positive": 0.021364673972129822,
        "Negative": 0.009204206056892872,
        "Neutral": 0.9664083123207092,
        "Mixed": 0.00302271731197834
    }
}
