{
    "Sentiment": "NEUTRAL",
    "SentimentScore": {
        "Positive": 0.0754852220416069,
        "Negative": 0.032951463013887405,
        "Neutral": 0.8649815320968628,
        "Mixed": 0.026581859216094017
    }
}
