{
    "Sentiment": "NEGATIVE",
    "SentimentScore": {
        "Positive": 0.0068482994101941586,
        "Negative": 0.5078509449958801,
        "Neutral": 0.4643413722515106,
        "Mixed": 0.020959394052624702
    }
}
