{
    "Sentiment": "NEUTRAL",
    "SentimentScore": {
        "Positive": 0.0020212058443576097,
        "Negative": 0.0258169062435627,
        "Neutral": 0.9701639413833618,
        "Mixed": 0.0019978645723313093
    }
}
