{
    "Sentiment": "NEUTRAL",
    "SentimentScore": {
        "Positive": 0.37657833099365234,
        "Negative": 0.002630284521728754,
        "Neutral": 0.6137903928756714,
        "Mixed": 0.00700098741799593
    }
}
