{
    "Sentiment": "NEUTRAL",
    "SentimentScore": {
        "Positive": 0.002033133991062641,
        "Negative": 0.06527292728424072,
        "Neutral": 0.9292915463447571,
        "Mixed": 0.003402430796995759
    }
}
