{
    "Sentiment": "NEUTRAL",
    "SentimentScore": {
        "Positive": 0.012508447282016277,
        "Negative": 0.026887234300374985,
        "Neutral": 0.9543380737304688,
        "Mixed": 0.0062661971896886826
    }
}
