{
    "Sentiment": "NEUTRAL",
    "SentimentScore": {
        "Positive": 0.07917481660842896,
        "Negative": 0.02221488021314144,
        "Neutral": 0.8842800855636597,
        "Mixed": 0.014330281876027584
    }
}
