{
    "Sentiment": "NEUTRAL",
    "SentimentScore": {
        "Positive": 0.0007895940216258168,
        "Negative": 0.012990987859666348,
        "Neutral": 0.9856926202774048,
        "Mixed": 0.0005267618107609451
    }
}
