{
    "Sentiment": "NEUTRAL",
    "SentimentScore": {
        "Positive": 0.08925069123506546,
        "Negative": 0.0030528390780091286,
        "Neutral": 0.9045695662498474,
        "Mixed": 0.0031269164755940437
    }
}
