{
    "Sentiment": "NEUTRAL",
    "SentimentScore": {
        "Positive": 0.008072443306446075,
        "Negative": 0.0019135581096634269,
        "Neutral": 0.9895678162574768,
        "Mixed": 0.0004461911739781499
    }
}
