{
    "Sentiment": "NEUTRAL",
    "SentimentScore": {
        "Positive": 0.1060991957783699,
        "Negative": 0.0027243252843618393,
        "Neutral": 0.888710618019104,
        "Mixed": 0.002465778263285756
    }
}
