{
    "Sentiment": "NEUTRAL",
    "SentimentScore": {
        "Positive": 0.02081775851547718,
        "Negative": 0.06340769678354263,
        "Neutral": 0.8989916443824768,
        "Mixed": 0.0167828556150198
    }
}
