{
    "Sentiment": "NEUTRAL",
    "SentimentScore": {
        "Positive": 0.005829164758324623,
        "Negative": 0.23301514983177185,
        "Neutral": 0.7416912317276001,
        "Mixed": 0.019464485347270966
    }
}
