{
    "Sentiment": "NEUTRAL",
    "SentimentScore": {
        "Positive": 0.014655090868473053,
        "Negative": 0.02081546001136303,
        "Neutral": 0.9619378447532654,
        "Mixed": 0.002591614378616214
    }
}
