{
    "Sentiment": "NEGATIVE",
    "SentimentScore": {
        "Positive": 0.008084570989012718,
        "Negative": 0.5726906657218933,
        "Neutral": 0.40299323201179504,
        "Mixed": 0.016231557354331017
    }
}
