{
    "Sentiment": "NEUTRAL",
    "SentimentScore": {
        "Positive": 0.004163932520896196,
        "Negative": 0.13433869183063507,
        "Neutral": 0.8508777618408203,
        "Mixed": 0.010619591921567917
    }
}
