{
    "Sentiment": "NEUTRAL",
    "SentimentScore": {
        "Positive": 0.07326961308717728,
        "Negative": 0.20926210284233093,
        "Neutral": 0.6836175918579102,
        "Mixed": 0.03385074809193611
    }
}
