{
    "Sentiment": "NEUTRAL",
    "SentimentScore": {
        "Positive": 0.0018140930915251374,
        "Negative": 0.0035330653190612793,
        "Neutral": 0.9942131638526917,
        "Mixed": 0.00043975934386253357
    }
}
