{
    "Sentiment": "NEUTRAL",
    "SentimentScore": {
        "Positive": 0.14600151777267456,
        "Negative": 0.010549787431955338,
        "Neutral": 0.8309236764907837,
        "Mixed": 0.012525094673037529
    }
}
