{
    "Sentiment": "NEUTRAL",
    "SentimentScore": {
        "Positive": 0.001220712554641068,
        "Negative": 0.003054203698411584,
        "Neutral": 0.9954248070716858,
        "Mixed": 0.0003002976591233164
    }
}
