{
    "Sentiment": "POSITIVE",
    "SentimentScore": {
        "Positive": 0.5496580600738525,
        "Negative": 0.07487306743860245,
        "Neutral": 0.2677440047264099,
        "Mixed": 0.1077248677611351
    }
}
