{
    "Sentiment": "NEUTRAL",
    "SentimentScore": {
        "Positive": 0.12523676455020905,
        "Negative": 0.02984047681093216,
        "Neutral": 0.7715787291526794,
        "Mixed": 0.07334405928850174
    }
}
