{
    "Sentiment": "NEUTRAL",
    "SentimentScore": {
        "Positive": 0.0036210680846124887,
        "Negative": 0.002500261412933469,
        "Neutral": 0.9933865666389465,
        "Mixed": 0.0004921028157696128
    }
}
