{
    "Sentiment": "NEUTRAL",
    "SentimentScore": {
        "Positive": 0.002924847649410367,
        "Negative": 0.0019639336969703436,
        "Neutral": 0.9946801066398621,
        "Mixed": 0.00043116023880429566
    }
}
