{
    "Sentiment": "NEUTRAL",
    "SentimentScore": {
        "Positive": 0.018832147121429443,
        "Negative": 0.06440650671720505,
        "Neutral": 0.9030609130859375,
        "Mixed": 0.013700367882847786
    }
}
