{
    "Sentiment": "NEUTRAL",
    "SentimentScore": {
        "Positive": 0.008560924790799618,
        "Negative": 0.014505953527987003,
        "Neutral": 0.9746772050857544,
        "Mixed": 0.0022559764329344034
    }
}
