{
    "Sentiment": "NEUTRAL",
    "SentimentScore": {
        "Positive": 0.0031266568694263697,
        "Negative": 0.001844397746026516,
        "Neutral": 0.9946526288986206,
        "Mixed": 0.00037635042099282146
    }
}
