{
    "Sentiment": "NEUTRAL",
    "SentimentScore": {
        "Positive": 0.027663111686706543,
        "Negative": 0.05542203038930893,
        "Neutral": 0.8980608582496643,
        "Mixed": 0.01885390281677246
    }
}
