{
    "Sentiment": "NEUTRAL",
    "SentimentScore": {
        "Positive": 0.3247387111186981,
        "Negative": 0.02190317213535309,
        "Neutral": 0.6448023319244385,
        "Mixed": 0.008555784821510315
    }
}
