{
    "Sentiment": "NEUTRAL",
    "SentimentScore": {
        "Positive": 0.04559314250946045,
        "Negative": 0.0040481919422745705,
        "Neutral": 0.949217677116394,
        "Mixed": 0.001140971900895238
    }
}
