{
    "Sentiment": "NEUTRAL",
    "SentimentScore": {
        "Positive": 0.11809618771076202,
        "Negative": 0.003969527781009674,
        "Neutral": 0.8763535022735596,
        "Mixed": 0.0015807816525921226
    }
}
