{
    "Sentiment": "NEUTRAL",
    "SentimentScore": {
        "Positive": 0.001312021166086197,
        "Negative": 0.06418044120073318,
        "Neutral": 0.9314863085746765,
        "Mixed": 0.0030212420970201492
    }
}
