{
    "Sentiment": "NEUTRAL",
    "SentimentScore": {
        "Positive": 0.0056663816794753075,
        "Negative": 0.041539959609508514,
        "Neutral": 0.9512301087379456,
        "Mixed": 0.0015636595198884606
    }
}
