{
    "Sentiment": "NEUTRAL",
    "SentimentScore": {
        "Positive": 0.2775999903678894,
        "Negative": 0.0017266270006075501,
        "Neutral": 0.7175005674362183,
        "Mixed": 0.0031727259047329426
    }
}
