{
    "Sentiment": "NEUTRAL",
    "SentimentScore": {
        "Positive": 0.005640197545289993,
        "Negative": 0.0056397453881800175,
        "Neutral": 0.9880096316337585,
        "Mixed": 0.0007104529649950564
    }
}
