{
    "Sentiment": "NEUTRAL",
    "SentimentScore": {
        "Positive": 0.08444895595312119,
        "Negative": 0.1357782930135727,
        "Neutral": 0.7674564719200134,
        "Mixed": 0.012316275388002396
    }
}
