{
    "Sentiment": "NEUTRAL",
    "SentimentScore": {
        "Positive": 0.0018738762009888887,
        "Negative": 0.0025343354791402817,
        "Neutral": 0.9952343106269836,
        "Mixed": 0.0003574401489458978
    }
}
