{
    "Sentiment": "NEUTRAL",
    "SentimentScore": {
        "Positive": 0.12283669412136078,
        "Negative": 0.03302769362926483,
        "Neutral": 0.8254380226135254,
        "Mixed": 0.01869753748178482
    }
}
