{
    "Sentiment": "NEUTRAL",
    "SentimentScore": {
        "Positive": 0.01251941453665495,
        "Negative": 0.0223743487149477,
        "Neutral": 0.9599751234054565,
        "Mixed": 0.0051311650313436985
    }
}
