{
    "Sentiment": "NEUTRAL",
    "SentimentScore": {
        "Positive": 0.006924903020262718,
        "Negative": 0.18248741328716278,
        "Neutral": 0.7996165156364441,
        "Mixed": 0.01097110752016306
    }
}
