{
    "Sentiment": "NEUTRAL",
    "SentimentScore": {
        "Positive": 0.03302012011408806,
        "Negative": 0.020617859438061714,
        "Neutral": 0.9403364658355713,
        "Mixed": 0.0060255322605371475
    }
}
