{
    "Sentiment": "NEUTRAL",
    "SentimentScore": {
        "Positive": 0.0963420644402504,
        "Negative": 0.007663301192224026,
        "Neutral": 0.8932467699050903,
        "Mixed": 0.0027479229029268026
    }
}
