{
    "Sentiment": "NEGATIVE",
    "SentimentScore": {
        "Positive": 0.0026247769128531218,
        "Negative": 0.5816317796707153,
        "Neutral": 0.3991852402687073,
        "Mixed": 0.016558188945055008
    }
}
