{
    "Sentiment": "NEUTRAL",
    "SentimentScore": {
        "Positive": 0.014855160377919674,
        "Negative": 0.21902349591255188,
        "Neutral": 0.7407364249229431,
        "Mixed": 0.025385020300745964
    }
}
