{
    "Sentiment": "NEUTRAL",
    "SentimentScore": {
        "Positive": 0.13784104585647583,
        "Negative": 0.021689776331186295,
        "Neutral": 0.8163893818855286,
        "Mixed": 0.024079810827970505
    }
}
