{
    "Sentiment": "POSITIVE",
    "SentimentScore": {
        "Positive": 0.5290024876594543,
        "Negative": 0.0020430544391274452,
        "Neutral": 0.4635235667228699,
        "Mixed": 0.005430891178548336
    }
}
