{
    "Sentiment": "NEUTRAL",
    "SentimentScore": {
        "Positive": 0.0051646120846271515,
        "Negative": 0.007407601922750473,
        "Neutral": 0.9849379062652588,
        "Mixed": 0.002489930484443903
    }
}
