{
    "Sentiment": "NEUTRAL",
    "SentimentScore": {
        "Positive": 0.00464475667104125,
        "Negative": 0.18089520931243896,
        "Neutral": 0.7988637089729309,
        "Mixed": 0.015596297569572926
    }
}
