{
    "Sentiment": "NEUTRAL",
    "SentimentScore": {
        "Positive": 0.05149441212415695,
        "Negative": 0.3172503709793091,
        "Neutral": 0.48841580748558044,
        "Mixed": 0.14283941686153412
    }
}
