{
    "Sentiment": "POSITIVE",
    "SentimentScore": {
        "Positive": 0.8742804527282715,
        "Negative": 0.01752137951552868,
        "Neutral": 0.1000102311372757,
        "Mixed": 0.008188039064407349
    }
}
