{
    "Sentiment": "NEUTRAL",
    "SentimentScore": {
        "Positive": 0.0024060632567852736,
        "Negative": 0.07116753607988358,
        "Neutral": 0.9201893210411072,
        "Mixed": 0.006237050984054804
    }
}
