{
    "Sentiment": "NEUTRAL",
    "SentimentScore": {
        "Positive": 0.006531889550387859,
        "Negative": 0.32524919509887695,
        "Neutral": 0.6504985094070435,
        "Mixed": 0.01772044040262699
    }
}
