{
    "Sentiment": "NEUTRAL",
    "SentimentScore": {
        "Positive": 0.28745704889297485,
        "Negative": 0.0018868882907554507,
        "Neutral": 0.7077613472938538,
        "Mixed": 0.002894776640459895
    }
}
