{
    "Sentiment": "NEUTRAL",
    "SentimentScore": {
        "Positive": 0.06452147662639618,
        "Negative": 0.28111371397972107,
        "Neutral": 0.5298634171485901,
        "Mixed": 0.12450139224529266
    }
}
