{
    "Sentiment": "NEUTRAL",
    "SentimentScore": {
        "Positive": 0.004554716870188713,
        "Negative": 0.009077901020646095,
        "Neutral": 0.9855619072914124,
        "Mixed": 0.0008055370417423546
    }
}
