{
    "Sentiment": "NEUTRAL",
    "SentimentScore": {
        "Positive": 0.06888141483068466,
        "Negative": 0.2590996325016022,
        "Neutral": 0.6555790901184082,
        "Mixed": 0.01643987186253071
    }
}
