{
    "Sentiment": "NEUTRAL",
    "SentimentScore": {
        "Positive": 0.007730822078883648,
        "Negative": 0.10770410299301147,
        "Neutral": 0.8790754079818726,
        "Mixed": 0.005489677656441927
    }
}
