{
    "Sentiment": "NEUTRAL",
    "SentimentScore": {
        "Positive": 0.004046803340315819,
        "Negative": 0.0682736411690712,
        "Neutral": 0.9205849766731262,
        "Mixed": 0.00709450151771307
    }
}
