{
    "Sentiment": "NEUTRAL",
    "SentimentScore": {
        "Positive": 0.359742671251297,
        "Negative": 0.035260990262031555,
        "Neutral": 0.5735260248184204,
        "Mixed": 0.031470343470573425
    }
}
