{
    "Sentiment": "NEUTRAL",
    "SentimentScore": {
        "Positive": 0.022595131769776344,
        "Negative": 0.05744393542408943,
        "Neutral": 0.897473156452179,
        "Mixed": 0.022487737238407135
    }
}
