{
    "Sentiment": "NEUTRAL",
    "SentimentScore": {
        "Positive": 0.056299593299627304,
        "Negative": 0.06533201783895493,
        "Neutral": 0.8655589818954468,
        "Mixed": 0.012809417210519314
    }
}
