{
    "Sentiment": "NEUTRAL",
    "SentimentScore": {
        "Positive": 0.06570989638566971,
        "Negative": 0.01720651425421238,
        "Neutral": 0.9151851534843445,
        "Mixed": 0.0018984199268743396
    }
}
