{
    "Sentiment": "NEUTRAL",
    "SentimentScore": {
        "Positive": 0.0010534597095102072,
        "Negative": 0.015672259032726288,
        "Neutral": 0.9823639392852783,
        "Mixed": 0.0009104241034947336
    }
}
