{
    "Sentiment": "NEUTRAL",
    "SentimentScore": {
        "Positive": 0.050106361508369446,
        "Negative": 0.031291209161281586,
        "Neutral": 0.9039171934127808,
        "Mixed": 0.014685244299471378
    }
}
