{
    "Sentiment": "NEUTRAL",
    "SentimentScore": {
        "Positive": 0.006376930046826601,
        "Negative": 0.03741995617747307,
        "Neutral": 0.9540974497795105,
        "Mixed": 0.002105584368109703
    }
}
