{
    "Sentiment": "NEUTRAL",
    "SentimentScore": {
        "Positive": 0.011373274959623814,
        "Negative": 0.011461061425507069,
        "Neutral": 0.9759728908538818,
        "Mixed": 0.001192767987959087
    }
}
