{
    "Sentiment": "NEUTRAL",
    "SentimentScore": {
        "Positive": 0.0011096877278760076,
        "Negative": 0.044432852417230606,
        "Neutral": 0.9522058367729187,
        "Mixed": 0.002251580823212862
    }
}
