{
    "Sentiment": "NEUTRAL",
    "SentimentScore": {
        "Positive": 0.02113569714128971,
        "Negative": 0.0005646669305860996,
        "Neutral": 0.9778522253036499,
        "Mixed": 0.0004473909211810678
    }
}
