{
    "Sentiment": "NEUTRAL",
    "SentimentScore": {
        "Positive": 0.0029662400484085083,
        "Negative": 0.009863887913525105,
        "Neutral": 0.9853514432907104,
        "Mixed": 0.0018184178043156862
    }
}
