{
    "Sentiment": "NEUTRAL",
    "SentimentScore": {
        "Positive": 0.16648997366428375,
        "Negative": 0.0858810767531395,
        "Neutral": 0.7417316436767578,
        "Mixed": 0.005897343624383211
    }
}
