{
    "Sentiment": "NEUTRAL",
    "SentimentScore": {
        "Positive": 0.0022470271214842796,
        "Negative": 0.0972255989909172,
        "Neutral": 0.8962067365646362,
        "Mixed": 0.004320669919252396
    }
}
