{
    "Sentiment": "NEUTRAL",
    "SentimentScore": {
        "Positive": 0.002205735072493553,
        "Negative": 0.004587116185575724,
        "Neutral": 0.9924545288085938,
        "Mixed": 0.0007525383844040334
    }
}
