{
    "Sentiment": "NEUTRAL",
    "SentimentScore": {
        "Positive": 0.035660095512866974,
        "Negative": 0.2503666281700134,
        "Neutral": 0.6829831600189209,
        "Mixed": 0.030990110710263252
    }
}
