{
    "Sentiment": "NEUTRAL",
    "SentimentScore": {
        "Positive": 0.013773666694760323,
        "Negative": 0.02808191627264023,
        "Neutral": 0.9521089196205139,
        "Mixed": 0.006035447120666504
    }
}
