{
    "Sentiment": "NEUTRAL",
    "SentimentScore": {
        "Positive": 0.004915820900350809,
        "Negative": 0.027227751910686493,
        "Neutral": 0.9641918540000916,
        "Mixed": 0.003664532909169793
    }
}
