{
    "Sentiment": "NEUTRAL",
    "SentimentScore": {
        "Positive": 0.013798397034406662,
        "Negative": 0.12446016818284988,
        "Neutral": 0.8536537885665894,
        "Mixed": 0.00808766670525074
    }
}
