{
    "Sentiment": "NEUTRAL",
    "SentimentScore": {
        "Positive": 0.028803039342164993,
        "Negative": 0.04766612499952316,
        "Neutral": 0.9135646224021912,
        "Mixed": 0.009966282173991203
    }
}
