{
    "Sentiment": "NEUTRAL",
    "SentimentScore": {
        "Positive": 0.2093687206506729,
        "Negative": 0.04961414262652397,
        "Neutral": 0.7245365381240845,
        "Mixed": 0.01648065075278282
    }
}
