{
    "Sentiment": "NEUTRAL",
    "SentimentScore": {
        "Positive": 0.014697464182972908,
        "Negative": 0.016027672216296196,
        "Neutral": 0.9637394547462463,
        "Mixed": 0.005535313859581947
    }
}
