{
    "Sentiment": "POSITIVE",
    "SentimentScore": {
        "Positive": 0.5225252509117126,
        "Negative": 0.0040861256420612335,
        "Neutral": 0.465697318315506,
        "Mixed": 0.007691273931413889
    }
}
