{
    "Sentiment": "NEUTRAL",
    "SentimentScore": {
        "Positive": 0.023587394505739212,
        "Negative": 0.007880479097366333,
        "Neutral": 0.9655826091766357,
        "Mixed": 0.002949461340904236
    }
}
