{
    "Sentiment": "NEUTRAL",
    "SentimentScore": {
        "Positive": 0.03438502922654152,
        "Negative": 0.013388829305768013,
        "Neutral": 0.9462853074073792,
        "Mixed": 0.005940786562860012
    }
}
