{
    "Sentiment": "NEUTRAL",
    "SentimentScore": {
        "Positive": 0.004410857334733009,
        "Negative": 0.001930371974594891,
        "Neutral": 0.9933037161827087,
        "Mixed": 0.0003550171968527138
    }
}
