{
    "Sentiment": "NEUTRAL",
    "SentimentScore": {
        "Positive": 0.02099393866956234,
        "Negative": 0.08499126881361008,
        "Neutral": 0.8853035569190979,
        "Mixed": 0.008711297996342182
    }
}
