{
    "Sentiment": "NEUTRAL",
    "SentimentScore": {
        "Positive": 0.003313390538096428,
        "Negative": 0.1648770272731781,
        "Neutral": 0.822429895401001,
        "Mixed": 0.009379674680531025
    }
}
