{
    "Sentiment": "NEUTRAL",
    "SentimentScore": {
        "Positive": 0.01439439132809639,
        "Negative": 0.009376770816743374,
        "Neutral": 0.9749797582626343,
        "Mixed": 0.0012490460649132729
    }
}
