{
    "Sentiment": "NEUTRAL",
    "SentimentScore": {
        "Positive": 0.01364978775382042,
        "Negative": 0.07804713398218155,
        "Neutral": 0.9041136503219604,
        "Mixed": 0.004189440980553627
    }
}
