{
    "Sentiment": "NEUTRAL",
    "SentimentScore": {
        "Positive": 0.009195314720273018,
        "Negative": 0.03898298740386963,
        "Neutral": 0.9453121423721313,
        "Mixed": 0.006509531755000353
    }
}
