{
    "Sentiment": "NEUTRAL",
    "SentimentScore": {
        "Positive": 0.02571934275329113,
        "Negative": 0.0195352453738451,
        "Neutral": 0.9474539160728455,
        "Mixed": 0.007291547022759914
    }
}
