{
    "Sentiment": "POSITIVE",
    "SentimentScore": {
        "Positive": 0.3964433968067169,
        "Negative": 0.195346862077713,
        "Neutral": 0.3850250244140625,
        "Mixed": 0.023184653371572495
    }
}
