{
    "Sentiment": "NEUTRAL",
    "SentimentScore": {
        "Positive": 0.03460917994379997,
        "Negative": 0.04688527435064316,
        "Neutral": 0.9051550030708313,
        "Mixed": 0.013350634835660458
    }
}
