{
    "Sentiment": "NEUTRAL",
    "SentimentScore": {
        "Positive": 0.03934503719210625,
        "Negative": 0.0015368445310741663,
        "Neutral": 0.9579075574874878,
        "Mixed": 0.0012105072382837534
    }
}
