{
    "Sentiment": "NEUTRAL",
    "SentimentScore": {
        "Positive": 0.0024325845297425985,
        "Negative": 0.029961885884404182,
        "Neutral": 0.9663524627685547,
        "Mixed": 0.0012531423708423972
    }
}
