{
    "Sentiment": "NEUTRAL",
    "SentimentScore": {
        "Positive": 0.004561819136142731,
        "Negative": 0.012247102335095406,
        "Neutral": 0.9817277193069458,
        "Mixed": 0.0014633802929893136
    }
}
