{
    "Sentiment": "NEUTRAL",
    "SentimentScore": {
        "Positive": 0.05304497480392456,
        "Negative": 0.027302315458655357,
        "Neutral": 0.9077009558677673,
        "Mixed": 0.01195177435874939
    }
}
