{
    "Sentiment": "NEUTRAL",
    "SentimentScore": {
        "Positive": 0.09658665955066681,
        "Negative": 0.13636115193367004,
        "Neutral": 0.7491052746772766,
        "Mixed": 0.01794692873954773
    }
}
