{
    "Sentiment": "POSITIVE",
    "SentimentScore": {
        "Positive": 0.5293881893157959,
        "Negative": 0.023439791053533554,
        "Neutral": 0.4102410674095154,
        "Mixed": 0.03693090006709099
    }
}
