{
    "Sentiment": "NEUTRAL",
    "SentimentScore": {
        "Positive": 0.002416255185380578,
        "Negative": 0.026619598269462585,
        "Neutral": 0.9697182774543762,
        "Mixed": 0.0012459118152037263
    }
}
