{
    "Sentiment": "NEUTRAL",
    "SentimentScore": {
        "Positive": 0.005439648870378733,
        "Negative": 0.0027002946007996798,
        "Neutral": 0.9914394617080688,
        "Mixed": 0.00042067051981575787
    }
}
