{
    "Sentiment": "NEUTRAL",
    "SentimentScore": {
        "Positive": 0.010099686682224274,
        "Negative": 0.08127908408641815,
        "Neutral": 0.8995158076286316,
        "Mixed": 0.009105447679758072
    }
}
