{
    "Sentiment": "NEUTRAL",
    "SentimentScore": {
        "Positive": 0.03131754323840141,
        "Negative": 0.061174824833869934,
        "Neutral": 0.8432275652885437,
        "Mixed": 0.06428010016679764
    }
}
