{
    "Sentiment": "NEUTRAL",
    "SentimentScore": {
        "Positive": 0.025074433535337448,
        "Negative": 0.3559950292110443,
        "Neutral": 0.5723105072975159,
        "Mixed": 0.04661999270319939
    }
}
