{
    "Sentiment": "NEUTRAL",
    "SentimentScore": {
        "Positive": 0.2774515748023987,
        "Negative": 0.0008188312058337033,
        "Neutral": 0.7193599939346313,
        "Mixed": 0.002369531663134694
    }
}
