{
    "Sentiment": "NEUTRAL",
    "SentimentScore": {
        "Positive": 0.0038719966541975737,
        "Negative": 0.0361853651702404,
        "Neutral": 0.9582420587539673,
        "Mixed": 0.0017005293630063534
    }
}
