{
    "Sentiment": "NEUTRAL",
    "SentimentScore": {
        "Positive": 0.10089355707168579,
        "Negative": 0.17322947084903717,
        "Neutral": 0.6211998462677002,
        "Mixed": 0.10467720031738281
    }
}
