{
    "Sentiment": "NEUTRAL",
    "SentimentScore": {
        "Positive": 0.07314787805080414,
        "Negative": 0.006245847791433334,
        "Neutral": 0.914282500743866,
        "Mixed": 0.006323718931525946
    }
}
