{
    "Sentiment": "NEUTRAL",
    "SentimentScore": {
        "Positive": 0.07295917719602585,
        "Negative": 0.0065015340223908424,
        "Neutral": 0.9175236821174622,
        "Mixed": 0.0030156238935887814
    }
}
