{
    "Sentiment": "NEUTRAL",
    "SentimentScore": {
        "Positive": 0.022633176296949387,
        "Negative": 0.08254922181367874,
        "Neutral": 0.8705617189407349,
        "Mixed": 0.02425587736070156
    }
}
