{
    "Sentiment": "NEUTRAL",
    "SentimentScore": {
        "Positive": 0.06078729033470154,
        "Negative": 0.0019464257638901472,
        "Neutral": 0.9352793097496033,
        "Mixed": 0.001986913150176406
    }
}
