{
    "Sentiment": "NEUTRAL",
    "SentimentScore": {
        "Positive": 0.005110538564622402,
        "Negative": 0.025188272818922997,
        "Neutral": 0.9671452641487122,
        "Mixed": 0.002555955434218049
    }
}
