{
    "Sentiment": "NEUTRAL",
    "SentimentScore": {
        "Positive": 0.001638763933442533,
        "Negative": 0.002206104574725032,
        "Neutral": 0.9959214925765991,
        "Mixed": 0.0002336464822292328
    }
}
