{
    "Sentiment": "NEUTRAL",
    "SentimentScore": {
        "Positive": 0.05247272178530693,
        "Negative": 0.01967625319957733,
        "Neutral": 0.9160110950469971,
        "Mixed": 0.011839952319860458
    }
}
