{
    "Sentiment": "NEUTRAL",
    "SentimentScore": {
        "Positive": 0.006257237866520882,
        "Negative": 0.003581708064302802,
        "Neutral": 0.9897788166999817,
        "Mixed": 0.00038227098411880434
    }
}
