{
    "Sentiment": "NEUTRAL",
    "SentimentScore": {
        "Positive": 0.006775731220841408,
        "Negative": 0.27400121092796326,
        "Neutral": 0.7100952863693237,
        "Mixed": 0.009127730503678322
    }
}
