{
    "Sentiment": "NEGATIVE",
    "SentimentScore": {
        "Positive": 0.00830099731683731,
        "Negative": 0.6127099990844727,
        "Neutral": 0.34443169832229614,
        "Mixed": 0.03455733135342598
    }
}
