{
    "Sentiment": "NEUTRAL",
    "SentimentScore": {
        "Positive": 0.06149610877037048,
        "Negative": 0.0038958240766078234,
        "Neutral": 0.9291462302207947,
        "Mixed": 0.005461793392896652
    }
}
