{
    "Sentiment": "NEUTRAL",
    "SentimentScore": {
        "Positive": 0.011065736413002014,
        "Negative": 0.059643715620040894,
        "Neutral": 0.921110212802887,
        "Mixed": 0.008180398494005203
    }
}
