{
    "Sentiment": "NEUTRAL",
    "SentimentScore": {
        "Positive": 0.011411805637180805,
        "Negative": 0.03765881806612015,
        "Neutral": 0.9481891989707947,
        "Mixed": 0.002740166848525405
    }
}
