{
    "Sentiment": "NEUTRAL",
    "SentimentScore": {
        "Positive": 0.135680690407753,
        "Negative": 0.11601587384939194,
        "Neutral": 0.7039669752120972,
        "Mixed": 0.04433635622262955
    }
}
