{
    "Sentiment": "NEUTRAL",
    "SentimentScore": {
        "Positive": 0.0819164365530014,
        "Negative": 0.004239057190716267,
        "Neutral": 0.9116266369819641,
        "Mixed": 0.0022177956998348236
    }
}
