{
    "Sentiment": "NEUTRAL",
    "SentimentScore": {
        "Positive": 0.036252982914447784,
        "Negative": 0.003896158654242754,
        "Neutral": 0.9582470655441284,
        "Mixed": 0.0016038581961765885
    }
}
