{
    "Sentiment": "NEUTRAL",
    "SentimentScore": {
        "Positive": 0.00468634394928813,
        "Negative": 0.02634485438466072,
        "Neutral": 0.9641377925872803,
        "Mixed": 0.0048310114070773125
    }
}
