{
    "Sentiment": "NEUTRAL",
    "SentimentScore": {
        "Positive": 0.007974394597113132,
        "Negative": 0.15824627876281738,
        "Neutral": 0.8231775164604187,
        "Mixed": 0.010601840913295746
    }
}
