{
    "Sentiment": "NEUTRAL",
    "SentimentScore": {
        "Positive": 0.0048881107941269875,
        "Negative": 0.244172602891922,
        "Neutral": 0.7399980425834656,
        "Mixed": 0.010941291227936745
    }
}
