{
    "Sentiment": "NEUTRAL",
    "SentimentScore": {
        "Positive": 0.0021185018122196198,
        "Negative": 0.0008837695349939167,
        "Neutral": 0.9968346953392029,
        "Mixed": 0.00016309178317897022
    }
}
