{
    "Sentiment": "NEUTRAL",
    "SentimentScore": {
        "Positive": 0.02093583531677723,
        "Negative": 0.04634260758757591,
        "Neutral": 0.9255983233451843,
        "Mixed": 0.007123191375285387
    }
}
