{
    "Sentiment": "NEUTRAL",
    "SentimentScore": {
        "Positive": 0.00628901831805706,
        "Negative": 0.001191797317005694,
        "Neutral": 0.9920791983604431,
        "Mixed": 0.0004399113531690091
    }
}
