{
    "Sentiment": "NEUTRAL",
    "SentimentScore": {
        "Positive": 0.005970815196633339,
        "Negative": 0.043110646307468414,
        "Neutral": 0.9478160738945007,
        "Mixed": 0.0031024282798171043
    }
}
