{
    "Sentiment": "NEUTRAL",
    "SentimentScore": {
        "Positive": 0.005871577188372612,
        "Negative": 0.0029528439044952393,
        "Neutral": 0.9906378984451294,
        "Mixed": 0.000537716958206147
    }
}
