{
    "Sentiment": "NEUTRAL",
    "SentimentScore": {
        "Positive": 0.055722739547491074,
        "Negative": 0.013162950053811073,
        "Neutral": 0.9281864166259766,
        "Mixed": 0.0029278239235281944
    }
}
