{
    "Sentiment": "NEUTRAL",
    "SentimentScore": {
        "Positive": 0.03352323919534683,
        "Negative": 0.11407720297574997,
        "Neutral": 0.7923749089241028,
        "Mixed": 0.060024693608284
    }
}
