{
    "Sentiment": "POSITIVE",
    "SentimentScore": {
        "Positive": 0.5808122754096985,
        "Negative": 0.0017141405260190368,
        "Neutral": 0.41388243436813354,
        "Mixed": 0.003591190790757537
    }
}
