{
    "Sentiment": "NEUTRAL",
    "SentimentScore": {
        "Positive": 0.10694165527820587,
        "Negative": 0.33443692326545715,
        "Neutral": 0.3973488211631775,
        "Mixed": 0.16127263009548187
    }
}
