{
    "Sentiment": "NEUTRAL",
    "SentimentScore": {
        "Positive": 0.0043192761950194836,
        "Negative": 0.05642033368349075,
        "Neutral": 0.9351202845573425,
        "Mixed": 0.0041401018388569355
    }
}
