{
    "Sentiment": "NEUTRAL",
    "SentimentScore": {
        "Positive": 0.002805910771712661,
        "Negative": 0.012280359864234924,
        "Neutral": 0.9838000535964966,
        "Mixed": 0.0011136379325762391
    }
}
