{
    "Sentiment": "NEUTRAL",
    "SentimentScore": {
        "Positive": 0.010613487102091312,
        "Negative": 0.11181356012821198,
        "Neutral": 0.8516339659690857,
        "Mixed": 0.025939032435417175
    }
}
