{
    "Sentiment": "NEUTRAL",
    "SentimentScore": {
        "Positive": 0.03020140901207924,
        "Negative": 0.010055888444185257,
        "Neutral": 0.9545671343803406,
        "Mixed": 0.005175503436475992
    }
}
