{
    "Sentiment": "NEUTRAL",
    "SentimentScore": {
        "Positive": 0.003236082848161459,
        "Negative": 0.0026286845095455647,
        "Neutral": 0.993644118309021,
        "Mixed": 0.0004910476855002344
    }
}
