{
    "Sentiment": "NEUTRAL",
    "SentimentScore": {
        "Positive": 0.005621571093797684,
        "Negative": 0.044593874365091324,
        "Neutral": 0.9432657957077026,
        "Mixed": 0.006518686655908823
    }
}
