{
    "Sentiment": "NEUTRAL",
    "SentimentScore": {
        "Positive": 0.021801108494400978,
        "Negative": 0.16686028242111206,
        "Neutral": 0.7886462211608887,
        "Mixed": 0.022692430764436722
    }
}
