{
    "Sentiment": "NEUTRAL",
    "SentimentScore": {
        "Positive": 0.01284117717295885,
        "Negative": 0.09731746464967728,
        "Neutral": 0.8817586302757263,
        "Mixed": 0.008082748390734196
    }
}
