{
    "Sentiment": "NEUTRAL",
    "SentimentScore": {
        "Positive": 0.001133130630478263,
        "Negative": 0.136626198887825,
        "Neutral": 0.8584474921226501,
        "Mixed": 0.0037931131664663553
    }
}
