{
    "Sentiment": "NEUTRAL",
    "SentimentScore": {
        "Positive": 0.006381179206073284,
        "Negative": 0.048762138932943344,
        "Neutral": 0.9391219019889832,
        "Mixed": 0.005734750535339117
    }
}
