{
    "Sentiment": "POSITIVE",
    "SentimentScore": {
        "Positive": 0.5844547152519226,
        "Negative": 0.002430448541417718,
        "Neutral": 0.40583521127700806,
        "Mixed": 0.007279610261321068
    }
}
