{
    "Sentiment": "NEUTRAL",
    "SentimentScore": {
        "Positive": 0.008158494718372822,
        "Negative": 0.033874254673719406,
        "Neutral": 0.9541577100753784,
        "Mixed": 0.0038095484487712383
    }
}
