{
    "Sentiment": "NEUTRAL",
    "SentimentScore": {
        "Positive": 0.0010558220092207193,
        "Negative": 0.009011390618979931,
        "Neutral": 0.9893123507499695,
        "Mixed": 0.0006204224191606045
    }
}
