{
    "Sentiment": "NEUTRAL",
    "SentimentScore": {
        "Positive": 0.010973403230309486,
        "Negative": 0.07151001691818237,
        "Neutral": 0.9139310717582703,
        "Mixed": 0.003585551166906953
    }
}
