{
    "Sentiment": "NEUTRAL",
    "SentimentScore": {
        "Positive": 0.012698791921138763,
        "Negative": 0.028153711929917336,
        "Neutral": 0.9572579264640808,
        "Mixed": 0.0018895762041211128
    }
}
