{
    "Sentiment": "NEUTRAL",
    "SentimentScore": {
        "Positive": 0.01606552116572857,
        "Negative": 0.0006544048083014786,
        "Neutral": 0.9828733801841736,
        "Mixed": 0.0004067242844030261
    }
}
