{
    "Sentiment": "NEUTRAL",
    "SentimentScore": {
        "Positive": 0.019157597795128822,
        "Negative": 0.006168663967400789,
        "Neutral": 0.9720755815505981,
        "Mixed": 0.002598158549517393
    }
}
