{
    "Sentiment": "NEUTRAL",
    "SentimentScore": {
        "Positive": 0.12373796105384827,
        "Negative": 0.17697936296463013,
        "Neutral": 0.5982400178909302,
        "Mixed": 0.10104266554117203
    }
}
