{
    "Sentiment": "NEUTRAL",
    "SentimentScore": {
        "Positive": 0.04884115979075432,
        "Negative": 0.3706972897052765,
        "Neutral": 0.488734632730484,
        "Mixed": 0.0917268767952919
    }
}
