{
    "Sentiment": "NEUTRAL",
    "SentimentScore": {
        "Positive": 0.10166759788990021,
        "Negative": 0.01191115565598011,
        "Neutral": 0.8831387162208557,
        "Mixed": 0.003282570978626609
    }
}
