{
    "Sentiment": "NEUTRAL",
    "SentimentScore": {
        "Positive": 0.005632665939629078,
        "Negative": 0.014085902832448483,
        "Neutral": 0.978750467300415,
        "Mixed": 0.001530958921648562
    }
}
