{
    "Sentiment": "NEUTRAL",
    "SentimentScore": {
        "Positive": 0.021091075614094734,
        "Negative": 0.002572049153968692,
        "Neutral": 0.9753869771957397,
        "Mixed": 0.0009498195722699165
    }
}
