{
    "Sentiment": "NEUTRAL",
    "SentimentScore": {
        "Positive": 0.02987915836274624,
        "Negative": 0.043648961931467056,
        "Neutral": 0.9201794266700745,
        "Mixed": 0.006292474921792746
    }
}
