{
    "Sentiment": "NEUTRAL",
    "SentimentScore": {
        "Positive": 0.011323710903525352,
        "Negative": 0.015455863438546658,
        "Neutral": 0.9715060591697693,
        "Mixed": 0.0017143554287031293
    }
}
