{
    "Sentiment": "NEUTRAL",
    "SentimentScore": {
        "Positive": 0.0026095870416611433,
        "Negative": 0.001986254006624222,
        "Neutral": 0.9950487017631531,
        "Mixed": 0.0003553361166268587
    }
}
