{
    "Sentiment": "POSITIVE",
    "SentimentScore": {
        "Positive": 0.7258730530738831,
        "Negative": 0.002240855246782303,
        "Neutral": 0.2667521834373474,
        "Mixed": 0.005133890546858311
    }
}
