{
    "Sentiment": "NEUTRAL",
    "SentimentScore": {
        "Positive": 0.0490371435880661,
        "Negative": 0.016478488221764565,
        "Neutral": 0.9314956068992615,
        "Mixed": 0.0029886888805776834
    }
}
