{
    "Sentiment": "NEUTRAL",
    "SentimentScore": {
        "Positive": 0.013568785041570663,
        "Negative": 0.05158793553709984,
        "Neutral": 0.9307892918586731,
        "Mixed": 0.004053938202559948
    }
}
