{
    "Sentiment": "NEUTRAL",
    "SentimentScore": {
        "Positive": 0.02170327864587307,
        "Negative": 0.1683153659105301,
        "Neutral": 0.788891077041626,
        "Mixed": 0.021090202033519745
    }
}
