{
    "Sentiment": "NEUTRAL",
    "SentimentScore": {
        "Positive": 0.011965829879045486,
        "Negative": 0.0030260661151260138,
        "Neutral": 0.9839858412742615,
        "Mixed": 0.001022227923385799
    }
}
