{
    "Sentiment": "POSITIVE",
    "SentimentScore": {
        "Positive": 0.49600717425346375,
        "Negative": 0.010178124532103539,
        "Neutral": 0.4866805672645569,
        "Mixed": 0.0071341730654239655
    }
}
