{
    "Sentiment": "NEUTRAL",
    "SentimentScore": {
        "Positive": 0.36684751510620117,
        "Negative": 0.021262258291244507,
        "Neutral": 0.5850646495819092,
        "Mixed": 0.02682553604245186
    }
}
