{
    "Sentiment": "NEUTRAL",
    "SentimentScore": {
        "Positive": 0.03836466744542122,
        "Negative": 0.3642558157444,
        "Neutral": 0.5849741101264954,
        "Mixed": 0.012405449524521828
    }
}
