{
    "Sentiment": "NEUTRAL",
    "SentimentScore": {
        "Positive": 0.023401200771331787,
        "Negative": 0.001574086956679821,
        "Neutral": 0.9740942120552063,
        "Mixed": 0.0009305306011810899
    }
}
