{
    "Sentiment": "NEUTRAL",
    "SentimentScore": {
        "Positive": 0.058395758271217346,
        "Negative": 0.0018499286379665136,
        "Neutral": 0.9382290244102478,
        "Mixed": 0.0015253908932209015
    }
}
