{
    "Sentiment": "NEUTRAL",
    "SentimentScore": {
        "Positive": 0.03596648946404457,
        "Negative": 0.02350735291838646,
        "Neutral": 0.9378434419631958,
        "Mixed": 0.0026827671099454165
    }
}
