{
    "Sentiment": "NEUTRAL",
    "SentimentScore": {
        "Positive": 0.001798496232368052,
        "Negative": 0.001954032573848963,
        "Neutral": 0.9959438443183899,
        "Mixed": 0.0003035607805941254
    }
}
