{
    "Sentiment": "NEUTRAL",
    "SentimentScore": {
        "Positive": 0.023045450448989868,
        "Negative": 0.04274033010005951,
        "Neutral": 0.9184543490409851,
        "Mixed": 0.01575981266796589
    }
}
