{
    "Sentiment": "NEUTRAL",
    "SentimentScore": {
        "Positive": 0.054712895303964615,
        "Negative": 0.0038850281853228807,
        "Neutral": 0.9383992552757263,
        "Mixed": 0.003002818441018462
    }
}
