{
    "Sentiment": "NEUTRAL",
    "SentimentScore": {
        "Positive": 0.008916486985981464,
        "Negative": 0.03423473238945007,
        "Neutral": 0.950398862361908,
        "Mixed": 0.006449999753385782
    }
}
