{
    "Sentiment": "NEUTRAL",
    "SentimentScore": {
        "Positive": 0.0510450080037117,
        "Negative": 0.024816380813717842,
        "Neutral": 0.908236563205719,
        "Mixed": 0.015902064740657806
    }
}
