{
    "Sentiment": "NEUTRAL",
    "SentimentScore": {
        "Positive": 0.008869688026607037,
        "Negative": 0.04176165163516998,
        "Neutral": 0.9473193883895874,
        "Mixed": 0.00204921024851501
    }
}
