{
    "Sentiment": "NEUTRAL",
    "SentimentScore": {
        "Positive": 0.002206874545663595,
        "Negative": 0.05677788332104683,
        "Neutral": 0.9382147192955017,
        "Mixed": 0.0028005039785057306
    }
}
