{
    "Sentiment": "NEUTRAL",
    "SentimentScore": {
        "Positive": 0.008436005562543869,
        "Negative": 0.0017844407120719552,
        "Neutral": 0.9893155097961426,
        "Mixed": 0.00046409887727349997
    }
}
