{
    "Sentiment": "NEUTRAL",
    "SentimentScore": {
        "Positive": 0.0016861313488334417,
        "Negative": 0.005746851675212383,
        "Neutral": 0.9919740557670593,
        "Mixed": 0.0005929751205258071
    }
}
