{
    "Sentiment": "NEUTRAL",
    "SentimentScore": {
        "Positive": 0.0022427227813750505,
        "Negative": 0.024363510310649872,
        "Neutral": 0.9726126194000244,
        "Mixed": 0.0007811059476807714
    }
}
