{
    "Sentiment": "NEUTRAL",
    "SentimentScore": {
        "Positive": 0.00860246829688549,
        "Negative": 0.1381087452173233,
        "Neutral": 0.8423987030982971,
        "Mixed": 0.010890169069170952
    }
}
