{
    "Sentiment": "NEUTRAL",
    "SentimentScore": {
        "Positive": 0.0036341450177133083,
        "Negative": 0.2325240820646286,
        "Neutral": 0.7535655498504639,
        "Mixed": 0.010276274755597115
    }
}
