{
    "Sentiment": "POSITIVE",
    "SentimentScore": {
        "Positive": 0.7293434143066406,
        "Negative": 0.0005173063836991787,
        "Neutral": 0.266751766204834,
        "Mixed": 0.003387500997632742
    }
}
