{
    "Sentiment": "NEUTRAL",
    "SentimentScore": {
        "Positive": 0.1506575644016266,
        "Negative": 0.25312235951423645,
        "Neutral": 0.5376862287521362,
        "Mixed": 0.05853384733200073
    }
}
