{
    "Sentiment": "NEUTRAL",
    "SentimentScore": {
        "Positive": 0.0032463576644659042,
        "Negative": 0.0075960359536111355,
        "Neutral": 0.9882149696350098,
        "Mixed": 0.0009426918695680797
    }
}
