{
    "Sentiment": "NEUTRAL",
    "SentimentScore": {
        "Positive": 0.021505948156118393,
        "Negative": 0.00409726845100522,
        "Neutral": 0.9728224277496338,
        "Mixed": 0.0015744370175525546
    }
}
