{
    "Sentiment": "NEUTRAL",
    "SentimentScore": {
        "Positive": 0.006156100891530514,
        "Negative": 0.004696451127529144,
        "Neutral": 0.9886437058448792,
        "Mixed": 0.0005037210648879409
    }
}
