{
    "Sentiment": "NEUTRAL",
    "SentimentScore": {
        "Positive": 0.011007232591509819,
        "Negative": 0.1656939834356308,
        "Neutral": 0.815287172794342,
        "Mixed": 0.008011606521904469
    }
}
