{
    "Sentiment": "NEUTRAL",
    "SentimentScore": {
        "Positive": 0.10179200023412704,
        "Negative": 0.01885991357266903,
        "Neutral": 0.8724429607391357,
        "Mixed": 0.006905130576342344
    }
}
