{
    "Sentiment": "NEUTRAL",
    "SentimentScore": {
        "Positive": 0.004311653319746256,
        "Negative": 0.06204668805003166,
        "Neutral": 0.9261225461959839,
        "Mixed": 0.007519090082496405
    }
}
