{
    "Sentiment": "NEUTRAL",
    "SentimentScore": {
        "Positive": 0.01286108698695898,
        "Negative": 0.16171392798423767,
        "Neutral": 0.8193330764770508,
        "Mixed": 0.006091943010687828
    }
}
