{
    "Sentiment": "NEUTRAL",
    "SentimentScore": {
        "Positive": 0.0074178799986839294,
        "Negative": 0.0027490730863064528,
        "Neutral": 0.9892143607139587,
        "Mixed": 0.0006186901009641588
    }
}
