{
    "Sentiment": "NEUTRAL",
    "SentimentScore": {
        "Positive": 0.009992116130888462,
        "Negative": 0.009652027860283852,
        "Neutral": 0.9782204031944275,
        "Mixed": 0.002135372953489423
    }
}
