{
    "Sentiment": "NEUTRAL",
    "SentimentScore": {
        "Positive": 0.001983214868232608,
        "Negative": 0.028096400201320648,
        "Neutral": 0.96908038854599,
        "Mixed": 0.0008399133221246302
    }
}
