{
    "Sentiment": "NEUTRAL",
    "SentimentScore": {
        "Positive": 0.0743967592716217,
        "Negative": 0.22730733454227448,
        "Neutral": 0.6563855409622192,
        "Mixed": 0.04191039502620697
    }
}
