{
    "Sentiment": "NEUTRAL",
    "SentimentScore": {
        "Positive": 0.006315850652754307,
        "Negative": 0.010974653996527195,
        "Neutral": 0.9793821573257446,
        "Mixed": 0.0033272530417889357
    }
}
