{
    "Sentiment": "NEUTRAL",
    "SentimentScore": {
        "Positive": 0.003290825290605426,
        "Negative": 0.15947388112545013,
        "Neutral": 0.8313375115394592,
        "Mixed": 0.00589772267267108
    }
}
