{
    "Sentiment": "NEUTRAL",
    "SentimentScore": {
        "Positive": 0.01990482397377491,
        "Negative": 0.0763203352689743,
        "Neutral": 0.8888477087020874,
        "Mixed": 0.014927048236131668
    }
}
