{
    "Sentiment": "NEUTRAL",
    "SentimentScore": {
        "Positive": 0.06602699309587479,
        "Negative": 0.06721509248018265,
        "Neutral": 0.8412719964981079,
        "Mixed": 0.025485940277576447
    }
}
