{
    "Sentiment": "NEUTRAL",
    "SentimentScore": {
        "Positive": 0.004970953334122896,
        "Negative": 0.012398759834468365,
        "Neutral": 0.9809690713882446,
        "Mixed": 0.0016612906474620104
    }
}
