{
    "Sentiment": "NEUTRAL",
    "SentimentScore": {
        "Positive": 0.008555621840059757,
        "Negative": 0.06380226463079453,
        "Neutral": 0.9184937477111816,
        "Mixed": 0.009148369543254375
    }
}
