{
    "Sentiment": "NEUTRAL",
    "SentimentScore": {
        "Positive": 0.23397310078144073,
        "Negative": 0.004233588930219412,
        "Neutral": 0.7578338980674744,
        "Mixed": 0.00395933398976922
    }
}
