{
    "Sentiment": "NEUTRAL",
    "SentimentScore": {
        "Positive": 0.007454529870301485,
        "Negative": 0.004902479704469442,
        "Neutral": 0.9867015480995178,
        "Mixed": 0.0009415157837793231
    }
}
