{
    "Sentiment": "NEUTRAL",
    "SentimentScore": {
        "Positive": 0.05574871227145195,
        "Negative": 0.05511559173464775,
        "Neutral": 0.8822141289710999,
        "Mixed": 0.006921526975929737
    }
}
