{
    "Sentiment": "NEUTRAL",
    "SentimentScore": {
        "Positive": 0.03674924001097679,
        "Negative": 0.01600751094520092,
        "Neutral": 0.9441141486167908,
        "Mixed": 0.0031291681807488203
    }
}
