{
    "Sentiment": "NEUTRAL",
    "SentimentScore": {
        "Positive": 0.04563865810632706,
        "Negative": 0.2476659119129181,
        "Neutral": 0.6694965958595276,
        "Mixed": 0.037198856472969055
    }
}
