{
    "Sentiment": "NEUTRAL",
    "SentimentScore": {
        "Positive": 0.007175639737397432,
        "Negative": 0.003151705488562584,
        "Neutral": 0.9891505837440491,
        "Mixed": 0.0005221549072302878
    }
}
