{
    "Sentiment": "NEUTRAL",
    "SentimentScore": {
        "Positive": 0.009600313380360603,
        "Negative": 0.05805647745728493,
        "Neutral": 0.9139800667762756,
        "Mixed": 0.018363120034337044
    }
}
