{
    "Sentiment": "NEUTRAL",
    "SentimentScore": {
        "Positive": 0.025808045640587807,
        "Negative": 0.22059324383735657,
        "Neutral": 0.716968834400177,
        "Mixed": 0.03662982955574989
    }
}
