{
    "Sentiment": "NEUTRAL",
    "SentimentScore": {
        "Positive": 0.03766820579767227,
        "Negative": 0.27502498030662537,
        "Neutral": 0.6503050327301025,
        "Mixed": 0.03700178861618042
    }
}
