{
    "Sentiment": "NEUTRAL",
    "SentimentScore": {
        "Positive": 0.004424589220434427,
        "Negative": 0.032594554126262665,
        "Neutral": 0.9595561623573303,
        "Mixed": 0.0034246735740453005
    }
}
