{
    "Sentiment": "NEUTRAL",
    "SentimentScore": {
        "Positive": 0.003642774187028408,
        "Negative": 0.008893589489161968,
        "Neutral": 0.9867100119590759,
        "Mixed": 0.0007536652265116572
    }
}
