{
    "Sentiment": "NEUTRAL",
    "SentimentScore": {
        "Positive": 0.2805207371711731,
        "Negative": 0.0013551149750128388,
        "Neutral": 0.7151491045951843,
        "Mixed": 0.002975024515762925
    }
}
