{
    "Sentiment": "NEUTRAL",
    "SentimentScore": {
        "Positive": 0.04233640804886818,
        "Negative": 0.08189144730567932,
        "Neutral": 0.85569828748703,
        "Mixed": 0.020073913037776947
    }
}
