{
    "Sentiment": "NEUTRAL",
    "SentimentScore": {
        "Positive": 0.014239443466067314,
        "Negative": 0.0055401804856956005,
        "Neutral": 0.9783841371536255,
        "Mixed": 0.0018362055998295546
    }
}
