{
    "Sentiment": "NEUTRAL",
    "SentimentScore": {
        "Positive": 0.0018988741794601083,
        "Negative": 0.011461521498858929,
        "Neutral": 0.985688328742981,
        "Mixed": 0.0009512610849924386
    }
}
