{
    "Sentiment": "NEUTRAL",
    "SentimentScore": {
        "Positive": 0.017750034108757973,
        "Negative": 0.005238872487097979,
        "Neutral": 0.9749298095703125,
        "Mixed": 0.00208125077188015
    }
}
