{
    "Sentiment": "NEUTRAL",
    "SentimentScore": {
        "Positive": 0.024375464767217636,
        "Negative": 0.02550557628273964,
        "Neutral": 0.9451826810836792,
        "Mixed": 0.004936236422508955
    }
}
