{
    "Sentiment": "NEUTRAL",
    "SentimentScore": {
        "Positive": 0.007196186110377312,
        "Negative": 0.0020089424215257168,
        "Neutral": 0.9903574585914612,
        "Mixed": 0.0004374056006781757
    }
}
