{
    "Sentiment": "NEUTRAL",
    "SentimentScore": {
        "Positive": 0.006653419695794582,
        "Negative": 0.0491492822766304,
        "Neutral": 0.9378021955490112,
        "Mixed": 0.006395059637725353
    }
}
