{
    "Sentiment": "POSITIVE",
    "SentimentScore": {
        "Positive": 0.8585260510444641,
        "Negative": 0.0026858977507799864,
        "Neutral": 0.13451018929481506,
        "Mixed": 0.004277858417481184
    }
}
