{
    "Sentiment": "NEUTRAL",
    "SentimentScore": {
        "Positive": 0.002563306363299489,
        "Negative": 0.029000502079725266,
        "Neutral": 0.9663633704185486,
        "Mixed": 0.002072818810120225
    }
}
