{
    "Sentiment": "NEUTRAL",
    "SentimentScore": {
        "Positive": 0.004357775207608938,
        "Negative": 0.009549970738589764,
        "Neutral": 0.9852603673934937,
        "Mixed": 0.0008319569751620293
    }
}
