{
    "Sentiment": "NEUTRAL",
    "SentimentScore": {
        "Positive": 0.006021631881594658,
        "Negative": 0.026177888736128807,
        "Neutral": 0.9665409326553345,
        "Mixed": 0.001259446726180613
    }
}
