{
    "Sentiment": "NEUTRAL",
    "SentimentScore": {
        "Positive": 0.003920935560017824,
        "Negative": 0.019000036641955376,
        "Neutral": 0.9749774932861328,
        "Mixed": 0.002101512160152197
    }
}
