{
    "Sentiment": "NEUTRAL",
    "SentimentScore": {
        "Positive": 0.0011873950716108084,
        "Negative": 0.050031181424856186,
        "Neutral": 0.9466446042060852,
        "Mixed": 0.0021368402522057295
    }
}
