{
    "Sentiment": "NEUTRAL",
    "SentimentScore": {
        "Positive": 0.003231783164665103,
        "Negative": 0.04254944249987602,
        "Neutral": 0.9509779810905457,
        "Mixed": 0.0032407427206635475
    }
}
