{
    "Sentiment": "NEUTRAL",
    "SentimentScore": {
        "Positive": 0.003420518711209297,
        "Negative": 0.14258697628974915,
        "Neutral": 0.8467779159545898,
        "Mixed": 0.0072145964950323105
    }
}
