{
    "Sentiment": "NEUTRAL",
    "SentimentScore": {
        "Positive": 0.006282498594373465,
        "Negative": 0.0032554965000599623,
        "Neutral": 0.989050030708313,
        "Mixed": 0.0014120538253337145
    }
}
