{
    "Sentiment": "NEUTRAL",
    "SentimentScore": {
        "Positive": 0.0029826422687619925,
        "Negative": 0.002109722001478076,
        "Neutral": 0.9945650100708008,
        "Mixed": 0.00034260060056112707
    }
}
