{
    "Sentiment": "NEUTRAL",
    "SentimentScore": {
        "Positive": 0.0028542904183268547,
        "Negative": 0.013999415561556816,
        "Neutral": 0.9814230799674988,
        "Mixed": 0.0017231665551662445
    }
}
