{
    "Sentiment": "NEUTRAL",
    "SentimentScore": {
        "Positive": 0.1494448035955429,
        "Negative": 0.010195408947765827,
        "Neutral": 0.83210289478302,
        "Mixed": 0.008256974630057812
    }
}
