{
    "Sentiment": "NEUTRAL",
    "SentimentScore": {
        "Positive": 0.11191388219594955,
        "Negative": 0.018940068781375885,
        "Neutral": 0.8646251559257507,
        "Mixed": 0.004520883318036795
    }
}
