{
    "Sentiment": "NEUTRAL",
    "SentimentScore": {
        "Positive": 0.0356091670691967,
        "Negative": 0.1765933483839035,
        "Neutral": 0.7416200041770935,
        "Mixed": 0.04617743566632271
    }
}
