{
    "Sentiment": "NEUTRAL",
    "SentimentScore": {
        "Positive": 0.009364685043692589,
        "Negative": 0.05626218765974045,
        "Neutral": 0.9254083037376404,
        "Mixed": 0.008964836597442627
    }
}
