{
    "Sentiment": "NEUTRAL",
    "SentimentScore": {
        "Positive": 0.005167788825929165,
        "Negative": 0.03911196440458298,
        "Neutral": 0.9522129893302917,
        "Mixed": 0.0035071824677288532
    }
}
