{
    "Sentiment": "NEUTRAL",
    "SentimentScore": {
        "Positive": 0.0625903382897377,
        "Negative": 0.39916279911994934,
        "Neutral": 0.5206316113471985,
        "Mixed": 0.017615200951695442
    }
}
