{
    "Sentiment": "NEUTRAL",
    "SentimentScore": {
        "Positive": 0.006208278238773346,
        "Negative": 0.02715744450688362,
        "Neutral": 0.9642783999443054,
        "Mixed": 0.002355779753997922
    }
}
