{
    "Sentiment": "NEUTRAL",
    "SentimentScore": {
        "Positive": 0.03869209438562393,
        "Negative": 0.005217183381319046,
        "Neutral": 0.954286515712738,
        "Mixed": 0.0018042505253106356
    }
}
