{
    "Sentiment": "NEUTRAL",
    "SentimentScore": {
        "Positive": 0.002267817733809352,
        "Negative": 0.007872362621128559,
        "Neutral": 0.9889856576919556,
        "Mixed": 0.0008742441423237324
    }
}
