{
    "Sentiment": "NEUTRAL",
    "SentimentScore": {
        "Positive": 0.016311880201101303,
        "Negative": 0.3084481358528137,
        "Neutral": 0.665785014629364,
        "Mixed": 0.009454981423914433
    }
}
