{
    "Sentiment": "NEUTRAL",
    "SentimentScore": {
        "Positive": 0.002113604685291648,
        "Negative": 0.04700722172856331,
        "Neutral": 0.9485225081443787,
        "Mixed": 0.002356652170419693
    }
}
