{
    "Sentiment": "NEGATIVE",
    "SentimentScore": {
        "Positive": 0.003054810920730233,
        "Negative": 0.509448230266571,
        "Neutral": 0.45709753036499023,
        "Mixed": 0.030399413779377937
    }
}
