{
    "Sentiment": "NEUTRAL",
    "SentimentScore": {
        "Positive": 0.0018424552399665117,
        "Negative": 0.043530844151973724,
        "Neutral": 0.9532374739646912,
        "Mixed": 0.0013892377028241754
    }
}
