{
    "Sentiment": "NEUTRAL",
    "SentimentScore": {
        "Positive": 0.007862892001867294,
        "Negative": 0.07590626180171967,
        "Neutral": 0.9123376607894897,
        "Mixed": 0.0038932303432375193
    }
}
