{
    "Sentiment": "NEUTRAL",
    "SentimentScore": {
        "Positive": 0.009293516166508198,
        "Negative": 0.015522466972470284,
        "Neutral": 0.9739243388175964,
        "Mixed": 0.0012597129680216312
    }
}
