{
    "Sentiment": "NEUTRAL",
    "SentimentScore": {
        "Positive": 0.023619696497917175,
        "Negative": 0.006892533507198095,
        "Neutral": 0.965703010559082,
        "Mixed": 0.0037847706116735935
    }
}
