{
    "Sentiment": "NEUTRAL",
    "SentimentScore": {
        "Positive": 0.00358812278136611,
        "Negative": 0.02265567146241665,
        "Neutral": 0.9705405235290527,
        "Mixed": 0.0032157129608094692
    }
}
