{
    "Sentiment": "NEUTRAL",
    "SentimentScore": {
        "Positive": 0.12830345332622528,
        "Negative": 0.015589282847940922,
        "Neutral": 0.8500910401344299,
        "Mixed": 0.006016273982822895
    }
}
