{
    "Sentiment": "NEGATIVE",
    "SentimentScore": {
        "Positive": 0.01006157323718071,
        "Negative": 0.5257920026779175,
        "Neutral": 0.45542049407958984,
        "Mixed": 0.008725889027118683
    }
}
