{
    "Sentiment": "NEUTRAL",
    "SentimentScore": {
        "Positive": 0.0030117551796138287,
        "Negative": 0.030396081507205963,
        "Neutral": 0.9652715921401978,
        "Mixed": 0.001320481300354004
    }
}
