{
    "Sentiment": "NEUTRAL",
    "SentimentScore": {
        "Positive": 0.015717431902885437,
        "Negative": 0.11810548603534698,
        "Neutral": 0.8487260341644287,
        "Mixed": 0.017451053485274315
    }
}
