{
    "Sentiment": "NEUTRAL",
    "SentimentScore": {
        "Positive": 0.2579208314418793,
        "Negative": 0.0028418065048754215,
        "Neutral": 0.7339800596237183,
        "Mixed": 0.005257372744381428
    }
}
