{
    "Sentiment": "MIXED",
    "SentimentScore": {
        "Positive": 0.04357340931892395,
        "Negative": 0.09216789901256561,
        "Neutral": 0.2034454643726349,
        "Mixed": 0.6608132719993591
    }
}
