{
    "Sentiment": "NEUTRAL",
    "SentimentScore": {
        "Positive": 0.03610028699040413,
        "Negative": 0.1234927549958229,
        "Neutral": 0.8187922239303589,
        "Mixed": 0.021614769473671913
    }
}
