{
    "Sentiment": "NEUTRAL",
    "SentimentScore": {
        "Positive": 0.006011122837662697,
        "Negative": 0.019131029024720192,
        "Neutral": 0.9730560183525085,
        "Mixed": 0.00180175865534693
    }
}
