{
    "Sentiment": "NEUTRAL",
    "SentimentScore": {
        "Positive": 0.12375124543905258,
        "Negative": 0.0026723199989646673,
        "Neutral": 0.8719520568847656,
        "Mixed": 0.001624341239221394
    }
}
