{
    "Sentiment": "NEUTRAL",
    "SentimentScore": {
        "Positive": 0.008895453996956348,
        "Negative": 0.029143694788217545,
        "Neutral": 0.9577228426933289,
        "Mixed": 0.004237981978803873
    }
}
