{
    "Sentiment": "NEUTRAL",
    "SentimentScore": {
        "Positive": 0.005404797848314047,
        "Negative": 0.1485276073217392,
        "Neutral": 0.8339561223983765,
        "Mixed": 0.012111491523683071
    }
}
