{
    "Sentiment": "NEUTRAL",
    "SentimentScore": {
        "Positive": 0.12987494468688965,
        "Negative": 0.01866745576262474,
        "Neutral": 0.8466066718101501,
        "Mixed": 0.004850984085351229
    }
}
