{
    "Sentiment": "NEUTRAL",
    "SentimentScore": {
        "Positive": 0.08343549817800522,
        "Negative": 0.011543585918843746,
        "Neutral": 0.8955941796302795,
        "Mixed": 0.009426758624613285
    }
}
