{
    "Sentiment": "NEUTRAL",
    "SentimentScore": {
        "Positive": 0.012037689797580242,
        "Negative": 0.1925995647907257,
        "Neutral": 0.7899040579795837,
        "Mixed": 0.005458647385239601
    }
}
