{
    "Sentiment": "POSITIVE",
    "SentimentScore": {
        "Positive": 0.5469473600387573,
        "Negative": 0.002044225577265024,
        "Neutral": 0.4489399790763855,
        "Mixed": 0.002068367786705494
    }
}
