{
    "Sentiment": "NEUTRAL",
    "SentimentScore": {
        "Positive": 0.01097236666828394,
        "Negative": 0.017920654267072678,
        "Neutral": 0.9659192562103271,
        "Mixed": 0.005187642760574818
    }
}
