{
    "Sentiment": "NEUTRAL",
    "SentimentScore": {
        "Positive": 0.004125822801142931,
        "Negative": 0.008046199567615986,
        "Neutral": 0.9851474165916443,
        "Mixed": 0.0026804849039763212
    }
}
