{
    "Sentiment": "NEUTRAL",
    "SentimentScore": {
        "Positive": 0.013567473739385605,
        "Negative": 0.009515343233942986,
        "Neutral": 0.9758539199829102,
        "Mixed": 0.0010632157791405916
    }
}
