{
    "Sentiment": "NEUTRAL",
    "SentimentScore": {
        "Positive": 0.016846591606736183,
        "Negative": 0.0023365821689367294,
        "Neutral": 0.9800915122032166,
        "Mixed": 0.0007253043004311621
    }
}
