{
    "Sentiment": "NEUTRAL",
    "SentimentScore": {
        "Positive": 0.00428863987326622,
        "Negative": 0.26203179359436035,
        "Neutral": 0.7227755784988403,
        "Mixed": 0.010904044844210148
    }
}
