{
    "Sentiment": "NEUTRAL",
    "SentimentScore": {
        "Positive": 0.005864933133125305,
        "Negative": 0.03764381632208824,
        "Neutral": 0.949540913105011,
        "Mixed": 0.006950375158339739
    }
}
