{
    "Sentiment": "NEUTRAL",
    "SentimentScore": {
        "Positive": 0.14538368582725525,
        "Negative": 0.1137499064207077,
        "Neutral": 0.6299895644187927,
        "Mixed": 0.11087678372859955
    }
}
