{
    "Sentiment": "NEUTRAL",
    "SentimentScore": {
        "Positive": 0.009264115244150162,
        "Negative": 0.0036671047564595938,
        "Neutral": 0.9865052103996277,
        "Mixed": 0.0005635329289361835
    }
}
