{
    "Sentiment": "NEUTRAL",
    "SentimentScore": {
        "Positive": 0.00937950424849987,
        "Negative": 0.02188931591808796,
        "Neutral": 0.9673376679420471,
        "Mixed": 0.0013934264425188303
    }
}
