{
    "Sentiment": "NEUTRAL",
    "SentimentScore": {
        "Positive": 0.003378193126991391,
        "Negative": 0.06922584772109985,
        "Neutral": 0.9229625463485718,
        "Mixed": 0.004433404188603163
    }
}
