{
    "Sentiment": "NEUTRAL",
    "SentimentScore": {
        "Positive": 0.004393451381474733,
        "Negative": 0.002870593685656786,
        "Neutral": 0.9923539161682129,
        "Mixed": 0.000381970196031034
    }
}
