{
    "Sentiment": "NEUTRAL",
    "SentimentScore": {
        "Positive": 0.03543931618332863,
        "Negative": 0.003997191786766052,
        "Neutral": 0.9587713479995728,
        "Mixed": 0.0017920860555022955
    }
}
