{
    "Sentiment": "NEUTRAL",
    "SentimentScore": {
        "Positive": 0.04156560078263283,
        "Negative": 0.04613066092133522,
        "Neutral": 0.9009490013122559,
        "Mixed": 0.01135479100048542
    }
}
