{
    "Sentiment": "NEUTRAL",
    "SentimentScore": {
        "Positive": 0.007061620708554983,
        "Negative": 0.001249003573320806,
        "Neutral": 0.9911738038063049,
        "Mixed": 0.0005156266852281988
    }
}
