{
    "Sentiment": "NEUTRAL",
    "SentimentScore": {
        "Positive": 0.007670002058148384,
        "Negative": 0.0012142749037593603,
        "Neutral": 0.9907378554344177,
        "Mixed": 0.0003779896651394665
    }
}
