{
    "Sentiment": "NEUTRAL",
    "SentimentScore": {
        "Positive": 0.0044824169017374516,
        "Negative": 0.02525889128446579,
        "Neutral": 0.9674563407897949,
        "Mixed": 0.002802308415994048
    }
}
