{
    "Sentiment": "NEUTRAL",
    "SentimentScore": {
        "Positive": 0.15117418766021729,
        "Negative": 0.0222226120531559,
        "Neutral": 0.8128259778022766,
        "Mixed": 0.013777235522866249
    }
}
