{
    "Sentiment": "NEUTRAL",
    "SentimentScore": {
        "Positive": 0.01339894998818636,
        "Negative": 0.014196253381669521,
        "Neutral": 0.9691050052642822,
        "Mixed": 0.0032998055685311556
    }
}
