{
    "Sentiment": "NEUTRAL",
    "SentimentScore": {
        "Positive": 0.03179192915558815,
        "Negative": 0.2768666446208954,
        "Neutral": 0.6615247130393982,
        "Mixed": 0.029816726222634315
    }
}
