{
    "Sentiment": "NEUTRAL",
    "SentimentScore": {
        "Positive": 0.03142419829964638,
        "Negative": 0.006412278860807419,
        "Neutral": 0.9605786800384521,
        "Mixed": 0.0015848648035898805
    }
}
