{
    "Sentiment": "NEUTRAL",
    "SentimentScore": {
        "Positive": 0.012467668391764164,
        "Negative": 0.16842272877693176,
        "Neutral": 0.8009105920791626,
        "Mixed": 0.01819898933172226
    }
}
