{
    "Sentiment": "POSITIVE",
    "SentimentScore": {
        "Positive": 0.3715711236000061,
        "Negative": 0.2745518386363983,
        "Neutral": 0.27729758620262146,
        "Mixed": 0.07657948136329651
    }
}
