{
    "Sentiment": "NEUTRAL",
    "SentimentScore": {
        "Positive": 0.03997071832418442,
        "Negative": 0.07658345997333527,
        "Neutral": 0.8758202195167542,
        "Mixed": 0.007625602651387453
    }
}
