{
    "Sentiment": "NEUTRAL",
    "SentimentScore": {
        "Positive": 0.047147154808044434,
        "Negative": 0.061615001410245895,
        "Neutral": 0.8862497210502625,
        "Mixed": 0.004988069646060467
    }
}
