{
    "Sentiment": "NEUTRAL",
    "SentimentScore": {
        "Positive": 0.00845890399068594,
        "Negative": 0.013879608362913132,
        "Neutral": 0.9748850464820862,
        "Mixed": 0.002776340115815401
    }
}
