{
    "Sentiment": "NEUTRAL",
    "SentimentScore": {
        "Positive": 0.004522737581282854,
        "Negative": 0.09879816323518753,
        "Neutral": 0.88614821434021,
        "Mixed": 0.010530849918723106
    }
}
