{
    "Sentiment": "NEUTRAL",
    "SentimentScore": {
        "Positive": 0.05602636560797691,
        "Negative": 0.009733639657497406,
        "Neutral": 0.9304189682006836,
        "Mixed": 0.00382102164439857
    }
}
