{
    "Sentiment": "MIXED",
    "SentimentScore": {
        "Positive": 0.051521845161914825,
        "Negative": 0.1785997748374939,
        "Neutral": 0.18541985750198364,
        "Mixed": 0.5844585299491882
    }
}
