{
    "Sentiment": "NEUTRAL",
    "SentimentScore": {
        "Positive": 0.009074837900698185,
        "Negative": 0.0936228558421135,
        "Neutral": 0.8730615973472595,
        "Mixed": 0.02424069121479988
    }
}
