{
    "Sentiment": "NEUTRAL",
    "SentimentScore": {
        "Positive": 0.006470961030572653,
        "Negative": 0.0018207260873168707,
        "Neutral": 0.9912989735603333,
        "Mixed": 0.0004093815805390477
    }
}
