{
    "Sentiment": "POSITIVE",
    "SentimentScore": {
        "Positive": 0.5615254640579224,
        "Negative": 0.04400034621357918,
        "Neutral": 0.38093820214271545,
        "Mixed": 0.013535890728235245
    }
}
