{
    "Sentiment": "NEUTRAL",
    "SentimentScore": {
        "Positive": 0.012545919977128506,
        "Negative": 0.05343114212155342,
        "Neutral": 0.9310417771339417,
        "Mixed": 0.0029811167623847723
    }
}
