{
    "Sentiment": "NEUTRAL",
    "SentimentScore": {
        "Positive": 0.1747685819864273,
        "Negative": 0.001258649630472064,
        "Neutral": 0.8224963545799255,
        "Mixed": 0.001476430450566113
    }
}
