{
    "Sentiment": "NEUTRAL",
    "SentimentScore": {
        "Positive": 0.004065445624291897,
        "Negative": 0.43773213028907776,
        "Neutral": 0.5454874634742737,
        "Mixed": 0.012714928947389126
    }
}
