{
    "Sentiment": "NEUTRAL",
    "SentimentScore": {
        "Positive": 0.0788540169596672,
        "Negative": 0.0026389912236481905,
        "Neutral": 0.9169751405715942,
        "Mixed": 0.0015317368088290095
    }
}
