{
    "Sentiment": "NEUTRAL",
    "SentimentScore": {
        "Positive": 0.011418724432587624,
        "Negative": 0.03209751099348068,
        "Neutral": 0.9491884708404541,
        "Mixed": 0.0072952331975102425
    }
}
