{
    "Sentiment": "NEUTRAL",
    "SentimentScore": {
        "Positive": 0.0012424838496372104,
        "Negative": 0.05147448182106018,
        "Neutral": 0.9447317719459534,
        "Mixed": 0.002551248762756586
    }
}
