{
    "Sentiment": "NEUTRAL",
    "SentimentScore": {
        "Positive": 0.06463523209095001,
        "Negative": 0.006613881792873144,
        "Neutral": 0.9238643646240234,
        "Mixed": 0.004886465612798929
    }
}
