{
    "Sentiment": "MIXED",
    "SentimentScore": {
        "Positive": 0.09740549325942993,
        "Negative": 0.2001601606607437,
        "Neutral": 0.25510549545288086,
        "Mixed": 0.4473288357257843
    }
}
