{
    "Sentiment": "NEUTRAL",
    "SentimentScore": {
        "Positive": 0.00196914398111403,
        "Negative": 0.019872795790433884,
        "Neutral": 0.9771337509155273,
        "Mixed": 0.001024396508000791
    }
}
