{
    "Sentiment": "NEUTRAL",
    "SentimentScore": {
        "Positive": 0.04342164471745491,
        "Negative": 0.070752814412117,
        "Neutral": 0.8685095310211182,
        "Mixed": 0.017315998673439026
    }
}
