{
    "Sentiment": "NEUTRAL",
    "SentimentScore": {
        "Positive": 0.0043076262809336185,
        "Negative": 0.10467559844255447,
        "Neutral": 0.8868370652198792,
        "Mixed": 0.004179723560810089
    }
}
