{
    "Sentiment": "NEUTRAL",
    "SentimentScore": {
        "Positive": 0.006803637836128473,
        "Negative": 0.0584440603852272,
        "Neutral": 0.9264382123947144,
        "Mixed": 0.00831405445933342
    }
}
