{
    "Sentiment": "POSITIVE",
    "SentimentScore": {
        "Positive": 0.6822356581687927,
        "Negative": 0.006093711592257023,
        "Neutral": 0.22530126571655273,
        "Mixed": 0.0863693356513977
    }
}
