{
    "Sentiment": "NEUTRAL",
    "SentimentScore": {
        "Positive": 0.0073999096639454365,
        "Negative": 0.05738745629787445,
        "Neutral": 0.9308496713638306,
        "Mixed": 0.004362943582236767
    }
}
