{
    "Sentiment": "NEUTRAL",
    "SentimentScore": {
        "Positive": 0.0033909317571669817,
        "Negative": 0.006791147869080305,
        "Neutral": 0.989301860332489,
        "Mixed": 0.0005161308799870312
    }
}
