{
    "Sentiment": "NEUTRAL",
    "SentimentScore": {
        "Positive": 0.01143218670040369,
        "Negative": 0.03359237313270569,
        "Neutral": 0.9527612924575806,
        "Mixed": 0.0022140482906252146
    }
}
