{
    "Sentiment": "NEUTRAL",
    "SentimentScore": {
        "Positive": 0.010514749214053154,
        "Negative": 0.011653276160359383,
        "Neutral": 0.9751020669937134,
        "Mixed": 0.002729950239881873
    }
}
