{
    "Sentiment": "NEUTRAL",
    "SentimentScore": {
        "Positive": 0.0014878291403874755,
        "Negative": 0.12813960015773773,
        "Neutral": 0.866922914981842,
        "Mixed": 0.0034496423322707415
    }
}
