{
    "Sentiment": "NEUTRAL",
    "SentimentScore": {
        "Positive": 0.001719101332128048,
        "Negative": 0.01750512607395649,
        "Neutral": 0.9797719120979309,
        "Mixed": 0.0010038925101980567
    }
}
