{
    "Sentiment": "NEUTRAL",
    "SentimentScore": {
        "Positive": 0.0158770140260458,
        "Negative": 0.030311426147818565,
        "Neutral": 0.9478943347930908,
        "Mixed": 0.005917239002883434
    }
}
