{
    "Sentiment": "NEUTRAL",
    "SentimentScore": {
        "Positive": 0.003645598888397217,
        "Negative": 0.01191519945859909,
        "Neutral": 0.9832225441932678,
        "Mixed": 0.0012166484957560897
    }
}
