{
    "Sentiment": "NEUTRAL",
    "SentimentScore": {
        "Positive": 0.007356616202741861,
        "Negative": 0.0027954033575952053,
        "Neutral": 0.9892086386680603,
        "Mixed": 0.0006394364754669368
    }
}
