{
    "Sentiment": "NEUTRAL",
    "SentimentScore": {
        "Positive": 0.056332942098379135,
        "Negative": 0.0026006412226706743,
        "Neutral": 0.9393740892410278,
        "Mixed": 0.0016922485083341599
    }
}
