{
    "Sentiment": "NEUTRAL",
    "SentimentScore": {
        "Positive": 0.022161774337291718,
        "Negative": 0.002848048461601138,
        "Neutral": 0.9739150404930115,
        "Mixed": 0.0010750836227089167
    }
}
