{
    "Sentiment": "NEUTRAL",
    "SentimentScore": {
        "Positive": 0.3129839301109314,
        "Negative": 0.04514686390757561,
        "Neutral": 0.5445049405097961,
        "Mixed": 0.09736429899930954
    }
}
