{
    "Sentiment": "NEUTRAL",
    "SentimentScore": {
        "Positive": 0.07720566540956497,
        "Negative": 0.0031814314424991608,
        "Neutral": 0.9145181775093079,
        "Mixed": 0.005094816442579031
    }
}
