{
    "Sentiment": "NEUTRAL",
    "SentimentScore": {
        "Positive": 0.025702863931655884,
        "Negative": 0.310896635055542,
        "Neutral": 0.5989568829536438,
        "Mixed": 0.06444363296031952
    }
}
