{
    "Sentiment": "NEUTRAL",
    "SentimentScore": {
        "Positive": 0.0026065735146403313,
        "Negative": 0.012020486406981945,
        "Neutral": 0.9842304587364197,
        "Mixed": 0.0011423986870795488
    }
}
