{
    "Sentiment": "NEUTRAL",
    "SentimentScore": {
        "Positive": 0.39081642031669617,
        "Negative": 0.002670906949788332,
        "Neutral": 0.6025761961936951,
        "Mixed": 0.003936463035643101
    }
}
