{
    "Sentiment": "NEUTRAL",
    "SentimentScore": {
        "Positive": 0.1239449605345726,
        "Negative": 0.022958287969231606,
        "Neutral": 0.8483176827430725,
        "Mixed": 0.004779119044542313
    }
}
