{
    "Sentiment": "NEUTRAL",
    "SentimentScore": {
        "Positive": 0.023536736145615578,
        "Negative": 0.03758683800697327,
        "Neutral": 0.9357072710990906,
        "Mixed": 0.0031692185439169407
    }
}
