{
    "Sentiment": "NEUTRAL",
    "SentimentScore": {
        "Positive": 0.008488554507493973,
        "Negative": 0.11142818629741669,
        "Neutral": 0.8735339045524597,
        "Mixed": 0.0065494016744196415
    }
}
