{
    "Sentiment": "NEUTRAL",
    "SentimentScore": {
        "Positive": 0.02272452786564827,
        "Negative": 0.0022376547567546368,
        "Neutral": 0.9739285111427307,
        "Mixed": 0.0011093711946159601
    }
}
