{
    "Sentiment": "NEUTRAL",
    "SentimentScore": {
        "Positive": 0.006235628854483366,
        "Negative": 0.16135576367378235,
        "Neutral": 0.8189188241958618,
        "Mixed": 0.013489757664501667
    }
}
