{
    "Sentiment": "NEUTRAL",
    "SentimentScore": {
        "Positive": 0.02107132412493229,
        "Negative": 0.026747316122055054,
        "Neutral": 0.9474343061447144,
        "Mixed": 0.0047470321878790855
    }
}
