{
    "Sentiment": "NEUTRAL",
    "SentimentScore": {
        "Positive": 0.0014533078065142035,
        "Negative": 0.028394337743520737,
        "Neutral": 0.9688900113105774,
        "Mixed": 0.0012623589718714356
    }
}
