{
    "Sentiment": "NEUTRAL",
    "SentimentScore": {
        "Positive": 0.014148392714560032,
        "Negative": 0.06589298695325851,
        "Neutral": 0.9156192541122437,
        "Mixed": 0.004339365754276514
    }
}
