{
    "Sentiment": "NEUTRAL",
    "SentimentScore": {
        "Positive": 0.0025665676221251488,
        "Negative": 0.008271725848317146,
        "Neutral": 0.9880502820014954,
        "Mixed": 0.0011113900691270828
    }
}
