{
    "Sentiment": "NEUTRAL",
    "SentimentScore": {
        "Positive": 0.04062601178884506,
        "Negative": 0.014903479255735874,
        "Neutral": 0.9414933919906616,
        "Mixed": 0.0029770992696285248
    }
}
