{
    "Sentiment": "NEUTRAL",
    "SentimentScore": {
        "Positive": 0.012195560149848461,
        "Negative": 0.004123596474528313,
        "Neutral": 0.9828731417655945,
        "Mixed": 0.0008077609818428755
    }
}
