{
    "Sentiment": "NEUTRAL",
    "SentimentScore": {
        "Positive": 0.02215183898806572,
        "Negative": 0.018144557252526283,
        "Neutral": 0.9502952694892883,
        "Mixed": 0.009408313781023026
    }
}
