{
    "Sentiment": "NEUTRAL",
    "SentimentScore": {
        "Positive": 0.0022459684405475855,
        "Negative": 0.09671038389205933,
        "Neutral": 0.8978992104530334,
        "Mixed": 0.003144491696730256
    }
}
