{
    "Sentiment": "NEUTRAL",
    "SentimentScore": {
        "Positive": 0.005265786312520504,
        "Negative": 0.10264643281698227,
        "Neutral": 0.8785514831542969,
        "Mixed": 0.013536348938941956
    }
}
