{
    "Sentiment": "NEUTRAL",
    "SentimentScore": {
        "Positive": 0.013631470501422882,
        "Negative": 0.4486328363418579,
        "Neutral": 0.5204107165336609,
        "Mixed": 0.017324984073638916
    }
}
