{
    "Sentiment": "NEUTRAL",
    "SentimentScore": {
        "Positive": 0.0067201717756688595,
        "Negative": 0.007277362048625946,
        "Neutral": 0.9841670393943787,
        "Mixed": 0.0018354397034272552
    }
}
