{
    "Sentiment": "NEUTRAL",
    "SentimentScore": {
        "Positive": 0.021509870886802673,
        "Negative": 0.007112336345016956,
        "Neutral": 0.9703521728515625,
        "Mixed": 0.0010257120011374354
    }
}
