{
    "Sentiment": "POSITIVE",
    "SentimentScore": {
        "Positive": 0.7834762334823608,
        "Negative": 0.008241240866482258,
        "Neutral": 0.18855613470077515,
        "Mixed": 0.01972641795873642
    }
}
