{
    "Sentiment": "NEUTRAL",
    "SentimentScore": {
        "Positive": 0.009983522817492485,
        "Negative": 0.0017922446131706238,
        "Neutral": 0.9877880215644836,
        "Mixed": 0.00043618091149255633
    }
}
