{
    "Sentiment": "NEUTRAL",
    "SentimentScore": {
        "Positive": 0.0602729395031929,
        "Negative": 0.050637226551771164,
        "Neutral": 0.8687634468078613,
        "Mixed": 0.020326348021626472
    }
}
