{
    "Sentiment": "NEUTRAL",
    "SentimentScore": {
        "Positive": 0.20300133526325226,
        "Negative": 0.013924682512879372,
        "Neutral": 0.7710131406784058,
        "Mixed": 0.012060867622494698
    }
}
