{
    "Sentiment": "NEUTRAL",
    "SentimentScore": {
        "Positive": 0.0037223005201667547,
        "Negative": 0.056436773389577866,
        "Neutral": 0.9354168772697449,
        "Mixed": 0.004424039740115404
    }
}
