{
    "Sentiment": "NEUTRAL",
    "SentimentScore": {
        "Positive": 0.025231115520000458,
        "Negative": 0.012056118808686733,
        "Neutral": 0.9583428502082825,
        "Mixed": 0.0043698945082724094
    }
}
