{
    "Sentiment": "NEUTRAL",
    "SentimentScore": {
        "Positive": 0.006438337732106447,
        "Negative": 0.04222899675369263,
        "Neutral": 0.9456616640090942,
        "Mixed": 0.005670969840139151
    }
}
