{
    "Sentiment": "NEUTRAL",
    "SentimentScore": {
        "Positive": 0.002848799340426922,
        "Negative": 0.02531244605779648,
        "Neutral": 0.9696902632713318,
        "Mixed": 0.0021484328899532557
    }
}
