{
    "Sentiment": "NEUTRAL",
    "SentimentScore": {
        "Positive": 0.0215448010712862,
        "Negative": 0.001833781716413796,
        "Neutral": 0.975413978099823,
        "Mixed": 0.0012074674014002085
    }
}
