{
    "Sentiment": "POSITIVE",
    "SentimentScore": {
        "Positive": 0.519327700138092,
        "Negative": 0.03201861307024956,
        "Neutral": 0.3533097803592682,
        "Mixed": 0.09534386545419693
    }
}
