{
    "Sentiment": "NEUTRAL",
    "SentimentScore": {
        "Positive": 0.0028847241774201393,
        "Negative": 0.4292397201061249,
        "Neutral": 0.5502734780311584,
        "Mixed": 0.017602084204554558
    }
}
