{
    "Sentiment": "NEUTRAL",
    "SentimentScore": {
        "Positive": 0.0030212083365768194,
        "Negative": 0.04158247262239456,
        "Neutral": 0.9539481401443481,
        "Mixed": 0.001448138034902513
    }
}
