{
    "Sentiment": "NEUTRAL",
    "SentimentScore": {
        "Positive": 0.003999891225248575,
        "Negative": 0.0009877338306978345,
        "Neutral": 0.9947581887245178,
        "Mixed": 0.0002541808062233031
    }
}
