{
    "Sentiment": "NEUTRAL",
    "SentimentScore": {
        "Positive": 0.006040829233825207,
        "Negative": 0.030491698533296585,
        "Neutral": 0.9594680666923523,
        "Mixed": 0.003999432548880577
    }
}
