{
    "Sentiment": "NEUTRAL",
    "SentimentScore": {
        "Positive": 0.002321182982996106,
        "Negative": 0.01255356427282095,
        "Neutral": 0.9840367436408997,
        "Mixed": 0.0010884837247431278
    }
}
