{
    "Sentiment": "NEUTRAL",
    "SentimentScore": {
        "Positive": 0.006678582634776831,
        "Negative": 0.042374029755592346,
        "Neutral": 0.9442549347877502,
        "Mixed": 0.006692526862025261
    }
}
