{
    "Sentiment": "NEUTRAL",
    "SentimentScore": {
        "Positive": 0.026724323630332947,
        "Negative": 0.0403595007956028,
        "Neutral": 0.9302210807800293,
        "Mixed": 0.0026951164472848177
    }
}
