{
    "Sentiment": "NEUTRAL",
    "SentimentScore": {
        "Positive": 0.006351550575345755,
        "Negative": 0.10379265248775482,
        "Neutral": 0.8771357536315918,
        "Mixed": 0.01272003073245287
    }
}
