{
    "Sentiment": "NEUTRAL",
    "SentimentScore": {
        "Positive": 0.05422129109501839,
        "Negative": 0.19796399772167206,
        "Neutral": 0.7302505970001221,
        "Mixed": 0.017564062029123306
    }
}
