{
    "Sentiment": "NEUTRAL",
    "SentimentScore": {
        "Positive": 0.008884422481060028,
        "Negative": 0.009062910452485085,
        "Neutral": 0.9802749752998352,
        "Mixed": 0.0017776701133698225
    }
}
