{
    "Sentiment": "NEUTRAL",
    "SentimentScore": {
        "Positive": 0.14737297594547272,
        "Negative": 0.059229522943496704,
        "Neutral": 0.774761974811554,
        "Mixed": 0.01863555982708931
    }
}
