{
    "Sentiment": "NEUTRAL",
    "SentimentScore": {
        "Positive": 0.07648684829473495,
        "Negative": 0.32750189304351807,
        "Neutral": 0.5281252264976501,
        "Mixed": 0.06788598001003265
    }
}
