{
    "Sentiment": "NEUTRAL",
    "SentimentScore": {
        "Positive": 0.007674491498619318,
        "Negative": 0.004304367583245039,
        "Neutral": 0.9871615767478943,
        "Mixed": 0.0008595699327997863
    }
}
