{
    "Sentiment": "NEUTRAL",
    "SentimentScore": {
        "Positive": 0.040681082755327225,
        "Negative": 0.07584495097398758,
        "Neutral": 0.8263742923736572,
        "Mixed": 0.057099662721157074
    }
}
