{
    "Sentiment": "NEUTRAL",
    "SentimentScore": {
        "Positive": 0.025137100368738174,
        "Negative": 0.00098340620752424,
        "Neutral": 0.9731007218360901,
        "Mixed": 0.0007787147769704461
    }
}
