{
    "Sentiment": "NEUTRAL",
    "SentimentScore": {
        "Positive": 0.005952183622866869,
        "Negative": 0.0006221567746251822,
        "Neutral": 0.9931049942970276,
        "Mixed": 0.00032068093423731625
    }
}
