{
    "Sentiment": "NEUTRAL",
    "SentimentScore": {
        "Positive": 0.0014206578489392996,
        "Negative": 0.004651742521673441,
        "Neutral": 0.9932883381843567,
        "Mixed": 0.0006392880459316075
    }
}
