{
    "Sentiment": "NEGATIVE",
    "SentimentScore": {
        "Positive": 0.0010112784802913666,
        "Negative": 0.7714914083480835,
        "Neutral": 0.21453727781772614,
        "Mixed": 0.012960055842995644
    }
}
