{
    "Sentiment": "NEUTRAL",
    "SentimentScore": {
        "Positive": 0.00579342246055603,
        "Negative": 0.3019768297672272,
        "Neutral": 0.6813455820083618,
        "Mixed": 0.010884154587984085
    }
}
