{
    "Sentiment": "NEUTRAL",
    "SentimentScore": {
        "Positive": 0.030761830508708954,
        "Negative": 0.0042077647522091866,
        "Neutral": 0.9636658430099487,
        "Mixed": 0.0013645539293065667
    }
}
