{
    "Sentiment": "NEUTRAL",
    "SentimentScore": {
        "Positive": 0.003557484829798341,
        "Negative": 0.009903086349368095,
        "Neutral": 0.9854023456573486,
        "Mixed": 0.0011371158761903644
    }
}
