{
    "Sentiment": "NEUTRAL",
    "SentimentScore": {
        "Positive": 0.004280101507902145,
        "Negative": 0.006273855455219746,
        "Neutral": 0.9885968565940857,
        "Mixed": 0.00084918417269364
    }
}
