{
    "Sentiment": "NEUTRAL",
    "SentimentScore": {
        "Positive": 0.010321620851755142,
        "Negative": 0.1299634724855423,
        "Neutral": 0.8481307029724121,
        "Mixed": 0.011584216728806496
    }
}
