{
    "Sentiment": "NEUTRAL",
    "SentimentScore": {
        "Positive": 0.014346242882311344,
        "Negative": 0.10233856737613678,
        "Neutral": 0.8726421594619751,
        "Mixed": 0.010673018172383308
    }
}
