{
    "Sentiment": "NEUTRAL",
    "SentimentScore": {
        "Positive": 0.19354510307312012,
        "Negative": 0.000949819223023951,
        "Neutral": 0.8040991425514221,
        "Mixed": 0.001405979273840785
    }
}
