{
    "Sentiment": "NEUTRAL",
    "SentimentScore": {
        "Positive": 0.005683316383510828,
        "Negative": 0.040795911103487015,
        "Neutral": 0.9502373337745667,
        "Mixed": 0.00328347971662879
    }
}
