{
    "Sentiment": "NEUTRAL",
    "SentimentScore": {
        "Positive": 0.024653561413288116,
        "Negative": 0.004231749102473259,
        "Neutral": 0.9700113534927368,
        "Mixed": 0.0011032393667846918
    }
}
