{
    "Sentiment": "NEUTRAL",
    "SentimentScore": {
        "Positive": 0.0036522129084914923,
        "Negative": 0.001943822717294097,
        "Neutral": 0.9940273761749268,
        "Mixed": 0.00037663106922991574
    }
}
