{
    "Sentiment": "NEUTRAL",
    "SentimentScore": {
        "Positive": 0.0015725719276815653,
        "Negative": 0.00622987374663353,
        "Neutral": 0.9915619492530823,
        "Mixed": 0.0006356180529110134
    }
}
