{
    "Sentiment": "NEUTRAL",
    "SentimentScore": {
        "Positive": 0.015025448054075241,
        "Negative": 0.254260778427124,
        "Neutral": 0.7024708986282349,
        "Mixed": 0.02824288234114647
    }
}
