{
    "Sentiment": "NEUTRAL",
    "SentimentScore": {
        "Positive": 0.006776733323931694,
        "Negative": 0.002898324513807893,
        "Neutral": 0.9899459481239319,
        "Mixed": 0.00037889700615778565
    }
}
