{
    "Sentiment": "NEUTRAL",
    "SentimentScore": {
        "Positive": 0.003108131932094693,
        "Negative": 0.01654890552163124,
        "Neutral": 0.9793701767921448,
        "Mixed": 0.0009728125878609717
    }
}
