{
    "Sentiment": "NEUTRAL",
    "SentimentScore": {
        "Positive": 0.004740755073726177,
        "Negative": 0.21852554380893707,
        "Neutral": 0.7667202353477478,
        "Mixed": 0.01001345831900835
    }
}
