{
    "Sentiment": "NEUTRAL",
    "SentimentScore": {
        "Positive": 0.005014060065150261,
        "Negative": 0.18371598422527313,
        "Neutral": 0.8001946210861206,
        "Mixed": 0.011075357906520367
    }
}
