{
    "Sentiment": "NEUTRAL",
    "SentimentScore": {
        "Positive": 0.0025850539095699787,
        "Negative": 0.002712950110435486,
        "Neutral": 0.9943435192108154,
        "Mixed": 0.0003584297373890877
    }
}
