{
    "Sentiment": "NEUTRAL",
    "SentimentScore": {
        "Positive": 0.016637461259961128,
        "Negative": 0.007372474763542414,
        "Neutral": 0.9735004901885986,
        "Mixed": 0.0024895896203815937
    }
}
