{
    "Sentiment": "NEUTRAL",
    "SentimentScore": {
        "Positive": 0.009215673431754112,
        "Negative": 0.046654850244522095,
        "Neutral": 0.9412688612937927,
        "Mixed": 0.002860579639673233
    }
}
