{
    "Sentiment": "NEUTRAL",
    "SentimentScore": {
        "Positive": 0.04770819842815399,
        "Negative": 0.04111127555370331,
        "Neutral": 0.9064786434173584,
        "Mixed": 0.004701834172010422
    }
}
