{
    "Sentiment": "NEUTRAL",
    "SentimentScore": {
        "Positive": 0.11720912903547287,
        "Negative": 0.42935627698898315,
        "Neutral": 0.43301665782928467,
        "Mixed": 0.02041793428361416
    }
}
