{
    "Sentiment": "NEUTRAL",
    "SentimentScore": {
        "Positive": 0.005642360541969538,
        "Negative": 0.14188894629478455,
        "Neutral": 0.8478243947029114,
        "Mixed": 0.004644287750124931
    }
}
