{
    "Sentiment": "NEUTRAL",
    "SentimentScore": {
        "Positive": 0.003180934116244316,
        "Negative": 0.11882095038890839,
        "Neutral": 0.8690701723098755,
        "Mixed": 0.008927987888455391
    }
}
