{
    "Sentiment": "NEUTRAL",
    "SentimentScore": {
        "Positive": 0.011038880795240402,
        "Negative": 0.08644142746925354,
        "Neutral": 0.893953263759613,
        "Mixed": 0.00856638140976429
    }
}
