{
    "Sentiment": "NEUTRAL",
    "SentimentScore": {
        "Positive": 0.003195039462298155,
        "Negative": 0.053387999534606934,
        "Neutral": 0.9410973787307739,
        "Mixed": 0.002319597639143467
    }
}
