{
    "Sentiment": "NEUTRAL",
    "SentimentScore": {
        "Positive": 0.009500606916844845,
        "Negative": 0.02253618836402893,
        "Neutral": 0.9651026129722595,
        "Mixed": 0.002860570792108774
    }
}
