{
    "Sentiment": "NEUTRAL",
    "SentimentScore": {
        "Positive": 0.11295171082019806,
        "Negative": 0.019532933831214905,
        "Neutral": 0.8645063042640686,
        "Mixed": 0.0030090222135186195
    }
}
