{
    "Sentiment": "NEUTRAL",
    "SentimentScore": {
        "Positive": 0.020472293719649315,
        "Negative": 0.06279440224170685,
        "Neutral": 0.9132823348045349,
        "Mixed": 0.003450930817052722
    }
}
