{
    "Sentiment": "NEUTRAL",
    "SentimentScore": {
        "Positive": 0.004962078295648098,
        "Negative": 0.008284425362944603,
        "Neutral": 0.9862014651298523,
        "Mixed": 0.0005520867416635156
    }
}
