{
    "Sentiment": "POSITIVE",
    "SentimentScore": {
        "Positive": 0.7030680179595947,
        "Negative": 0.0027763843536376953,
        "Neutral": 0.28607264161109924,
        "Mixed": 0.00808300357311964
    }
}
