{
    "Sentiment": "NEUTRAL",
    "SentimentScore": {
        "Positive": 0.005237430799752474,
        "Negative": 0.12691302597522736,
        "Neutral": 0.8567227721214294,
        "Mixed": 0.01112678088247776
    }
}
