{
    "Sentiment": "NEUTRAL",
    "SentimentScore": {
        "Positive": 0.011227615177631378,
        "Negative": 0.07781963795423508,
        "Neutral": 0.897942841053009,
        "Mixed": 0.01300995983183384
    }
}
