{
    "Sentiment": "NEUTRAL",
    "SentimentScore": {
        "Positive": 0.04674762487411499,
        "Negative": 0.013972821645438671,
        "Neutral": 0.9368504881858826,
        "Mixed": 0.0024290145374834538
    }
}
