{
    "Sentiment": "NEUTRAL",
    "SentimentScore": {
        "Positive": 0.01789425127208233,
        "Negative": 0.01771962270140648,
        "Neutral": 0.9601699113845825,
        "Mixed": 0.004216136410832405
    }
}
