{
    "Sentiment": "NEUTRAL",
    "SentimentScore": {
        "Positive": 0.05404626950621605,
        "Negative": 0.040268249809741974,
        "Neutral": 0.8935427665710449,
        "Mixed": 0.012142646126449108
    }
}
