{
    "Sentiment": "NEUTRAL",
    "SentimentScore": {
        "Positive": 0.025998519733548164,
        "Negative": 0.0029905575793236494,
        "Neutral": 0.9700127243995667,
        "Mixed": 0.0009981382172554731
    }
}
