{
    "Sentiment": "NEUTRAL",
    "SentimentScore": {
        "Positive": 0.004679929930716753,
        "Negative": 0.00389003474265337,
        "Neutral": 0.990437924861908,
        "Mixed": 0.0009921882301568985
    }
}
