{
    "Sentiment": "NEUTRAL",
    "SentimentScore": {
        "Positive": 0.23476533591747284,
        "Negative": 0.0030345057602971792,
        "Neutral": 0.7570542097091675,
        "Mixed": 0.005145972594618797
    }
}
