{
    "Sentiment": "NEUTRAL",
    "SentimentScore": {
        "Positive": 0.013056019321084023,
        "Negative": 0.038936350494623184,
        "Neutral": 0.9411004185676575,
        "Mixed": 0.006907147821038961
    }
}
