{
    "Sentiment": "NEUTRAL",
    "SentimentScore": {
        "Positive": 0.1660461276769638,
        "Negative": 0.17491835355758667,
        "Neutral": 0.5808524489402771,
        "Mixed": 0.0781831219792366
    }
}
