{
    "Sentiment": "NEUTRAL",
    "SentimentScore": {
        "Positive": 0.0077776736579835415,
        "Negative": 0.2516052722930908,
        "Neutral": 0.7295464873313904,
        "Mixed": 0.011070523411035538
    }
}
