{
    "Sentiment": "NEUTRAL",
    "SentimentScore": {
        "Positive": 0.003138722153380513,
        "Negative": 0.049342893064022064,
        "Neutral": 0.941135048866272,
        "Mixed": 0.0063832905143499374
    }
}
