{
    "Sentiment": "POSITIVE",
    "SentimentScore": {
        "Positive": 0.6427517533302307,
        "Negative": 0.0024386125151067972,
        "Neutral": 0.33929577469825745,
        "Mixed": 0.015513778664171696
    }
}
