{
    "Sentiment": "NEUTRAL",
    "SentimentScore": {
        "Positive": 0.051129989326000214,
        "Negative": 0.03710972145199776,
        "Neutral": 0.9002960324287415,
        "Mixed": 0.01146430429071188
    }
}
