{
    "Sentiment": "NEUTRAL",
    "SentimentScore": {
        "Positive": 0.02699110098183155,
        "Negative": 0.007539988029748201,
        "Neutral": 0.9631810784339905,
        "Mixed": 0.0022878339514136314
    }
}
