{
    "Sentiment": "NEUTRAL",
    "SentimentScore": {
        "Positive": 0.0018847811734303832,
        "Negative": 0.061869122087955475,
        "Neutral": 0.9335742592811584,
        "Mixed": 0.002671898575499654
    }
}
