{
    "Sentiment": "NEUTRAL",
    "SentimentScore": {
        "Positive": 0.012954863719642162,
        "Negative": 0.008736872114241123,
        "Neutral": 0.9772654175758362,
        "Mixed": 0.0010427533416077495
    }
}
