{
    "Sentiment": "NEUTRAL",
    "SentimentScore": {
        "Positive": 0.010843746364116669,
        "Negative": 0.03488139435648918,
        "Neutral": 0.9522997140884399,
        "Mixed": 0.00197521666996181
    }
}
