{
    "Sentiment": "NEUTRAL",
    "SentimentScore": {
        "Positive": 0.023795433342456818,
        "Negative": 0.0020657945424318314,
        "Neutral": 0.9731140732765198,
        "Mixed": 0.001024737604893744
    }
}
