{
    "Sentiment": "NEUTRAL",
    "SentimentScore": {
        "Positive": 0.019289085641503334,
        "Negative": 0.09646672010421753,
        "Neutral": 0.8774285912513733,
        "Mixed": 0.006815594155341387
    }
}
