{
    "Sentiment": "NEUTRAL",
    "SentimentScore": {
        "Positive": 0.0055289133451879025,
        "Negative": 0.09084620326757431,
        "Neutral": 0.9014748930931091,
        "Mixed": 0.002149902982637286
    }
}
