{
    "Sentiment": "NEUTRAL",
    "SentimentScore": {
        "Positive": 0.0029159048572182655,
        "Negative": 0.10919908434152603,
        "Neutral": 0.883251965045929,
        "Mixed": 0.0046330648474395275
    }
}
