{
    "Sentiment": "NEUTRAL",
    "SentimentScore": {
        "Positive": 0.007300829980522394,
        "Negative": 0.05350453406572342,
        "Neutral": 0.9370858669281006,
        "Mixed": 0.0021087336353957653
    }
}
