{
    "Sentiment": "NEUTRAL",
    "SentimentScore": {
        "Positive": 0.0029498515650629997,
        "Negative": 0.002322189277037978,
        "Neutral": 0.994305431842804,
        "Mixed": 0.00042256221058778465
    }
}
