{
    "Sentiment": "NEUTRAL",
    "SentimentScore": {
        "Positive": 0.3161959946155548,
        "Negative": 0.11039773374795914,
        "Neutral": 0.5076435804367065,
        "Mixed": 0.06576264649629593
    }
}
