{
    "Sentiment": "NEUTRAL",
    "SentimentScore": {
        "Positive": 0.14878784120082855,
        "Negative": 0.05352431535720825,
        "Neutral": 0.7625605463981628,
        "Mixed": 0.035127293318510056
    }
}
