{
    "Sentiment": "NEUTRAL",
    "SentimentScore": {
        "Positive": 0.024440055713057518,
        "Negative": 0.20988893508911133,
        "Neutral": 0.7067230343818665,
        "Mixed": 0.05894792079925537
    }
}
