{
    "Sentiment": "NEUTRAL",
    "SentimentScore": {
        "Positive": 0.0020609667990356684,
        "Negative": 0.005537645425647497,
        "Neutral": 0.9915503263473511,
        "Mixed": 0.0008510423358529806
    }
}
