{
    "Sentiment": "NEUTRAL",
    "SentimentScore": {
        "Positive": 0.013964492827653885,
        "Negative": 0.3482893407344818,
        "Neutral": 0.62491774559021,
        "Mixed": 0.012828404083848
    }
}
