{
    "Sentiment": "NEUTRAL",
    "SentimentScore": {
        "Positive": 0.009849641472101212,
        "Negative": 0.036580298095941544,
        "Neutral": 0.9471820592880249,
        "Mixed": 0.006387999746948481
    }
}
