{
    "Sentiment": "NEUTRAL",
    "SentimentScore": {
        "Positive": 0.014930027537047863,
        "Negative": 0.07945211976766586,
        "Neutral": 0.8982517719268799,
        "Mixed": 0.007365986704826355
    }
}
