{
    "Sentiment": "POSITIVE",
    "SentimentScore": {
        "Positive": 0.9376769661903381,
        "Negative": 0.0013763504102826118,
        "Neutral": 0.05332125723361969,
        "Mixed": 0.007625342346727848
    }
}
