{
    "Sentiment": "NEUTRAL",
    "SentimentScore": {
        "Positive": 0.05800415575504303,
        "Negative": 0.07834973931312561,
        "Neutral": 0.8503729701042175,
        "Mixed": 0.013273120857775211
    }
}
