{
    "Sentiment": "NEUTRAL",
    "SentimentScore": {
        "Positive": 0.07740996778011322,
        "Negative": 0.2134278565645218,
        "Neutral": 0.5436435341835022,
        "Mixed": 0.1655186265707016
    }
}
