{
    "Sentiment": "NEUTRAL",
    "SentimentScore": {
        "Positive": 0.01242785807698965,
        "Negative": 0.22874587774276733,
        "Neutral": 0.745490550994873,
        "Mixed": 0.01333566289395094
    }
}
