{
    "Sentiment": "NEUTRAL",
    "SentimentScore": {
        "Positive": 0.011412734165787697,
        "Negative": 0.04201384261250496,
        "Neutral": 0.9397497773170471,
        "Mixed": 0.006823689676821232
    }
}
