{
    "Sentiment": "NEUTRAL",
    "SentimentScore": {
        "Positive": 0.0010987635469064116,
        "Negative": 0.001728464150801301,
        "Neutral": 0.9969446063041687,
        "Mixed": 0.00022813519171904773
    }
}
