{
    "Sentiment": "NEUTRAL",
    "SentimentScore": {
        "Positive": 0.0036892485804855824,
        "Negative": 0.025347059592604637,
        "Neutral": 0.9686211943626404,
        "Mixed": 0.0023425077088177204
    }
}
