{
    "Sentiment": "NEUTRAL",
    "SentimentScore": {
        "Positive": 0.01967644691467285,
        "Negative": 0.29064396023750305,
        "Neutral": 0.6821237206459045,
        "Mixed": 0.007555935066193342
    }
}
