{
    "Sentiment": "NEUTRAL",
    "SentimentScore": {
        "Positive": 0.09644812345504761,
        "Negative": 0.3820742666721344,
        "Neutral": 0.48757001757621765,
        "Mixed": 0.033907581120729446
    }
}
