{
    "Sentiment": "NEUTRAL",
    "SentimentScore": {
        "Positive": 0.006634422577917576,
        "Negative": 0.0031357689294964075,
        "Neutral": 0.9898161888122559,
        "Mixed": 0.00041352573316544294
    }
}
