{
    "Sentiment": "NEUTRAL",
    "SentimentScore": {
        "Positive": 0.0056058866903185844,
        "Negative": 0.0230580884963274,
        "Neutral": 0.9701987504959106,
        "Mixed": 0.0011372227454558015
    }
}
