{
    "Sentiment": "NEUTRAL",
    "SentimentScore": {
        "Positive": 0.005257849581539631,
        "Negative": 0.028184281662106514,
        "Neutral": 0.9641878604888916,
        "Mixed": 0.002369954949244857
    }
}
