{
    "Sentiment": "NEUTRAL",
    "SentimentScore": {
        "Positive": 0.004713039845228195,
        "Negative": 0.03926421329379082,
        "Neutral": 0.9524698853492737,
        "Mixed": 0.003552917158231139
    }
}
