{
    "Sentiment": "NEUTRAL",
    "SentimentScore": {
        "Positive": 0.0037022551987320185,
        "Negative": 0.00449327751994133,
        "Neutral": 0.9911870360374451,
        "Mixed": 0.0006174760637804866
    }
}
