{
    "Sentiment": "NEUTRAL",
    "SentimentScore": {
        "Positive": 0.11736207455396652,
        "Negative": 0.021659351885318756,
        "Neutral": 0.8557368516921997,
        "Mixed": 0.005241668317466974
    }
}
