{
    "Sentiment": "NEUTRAL",
    "SentimentScore": {
        "Positive": 0.31519144773483276,
        "Negative": 0.044604890048503876,
        "Neutral": 0.585433304309845,
        "Mixed": 0.0547703318297863
    }
}
