{
    "Sentiment": "NEUTRAL",
    "SentimentScore": {
        "Positive": 0.00590877141803503,
        "Negative": 0.17313914000988007,
        "Neutral": 0.8124375939369202,
        "Mixed": 0.00851445086300373
    }
}
