{
    "Sentiment": "NEUTRAL",
    "SentimentScore": {
        "Positive": 0.005126677453517914,
        "Negative": 0.21287916600704193,
        "Neutral": 0.7646198272705078,
        "Mixed": 0.01737435720860958
    }
}
