{
    "Sentiment": "NEUTRAL",
    "SentimentScore": {
        "Positive": 0.0033303548116236925,
        "Negative": 0.011678889393806458,
        "Neutral": 0.9837373495101929,
        "Mixed": 0.001253429800271988
    }
}
