{
    "Sentiment": "NEUTRAL",
    "SentimentScore": {
        "Positive": 0.004612801596522331,
        "Negative": 0.03830317407846451,
        "Neutral": 0.9543611407279968,
        "Mixed": 0.002722902921959758
    }
}
