{
    "Sentiment": "NEUTRAL",
    "SentimentScore": {
        "Positive": 0.058649834245443344,
        "Negative": 0.0044128247536718845,
        "Neutral": 0.9344609975814819,
        "Mixed": 0.002476374851539731
    }
}
