{
    "Sentiment": "NEUTRAL",
    "SentimentScore": {
        "Positive": 0.003767138347029686,
        "Negative": 0.0397452712059021,
        "Neutral": 0.9531501531600952,
        "Mixed": 0.0033374105114489794
    }
}
