{
    "Sentiment": "NEUTRAL",
    "SentimentScore": {
        "Positive": 0.0065208906307816505,
        "Negative": 0.0025136747863143682,
        "Neutral": 0.9904813170433044,
        "Mixed": 0.00048416046774946153
    }
}
