{
    "Sentiment": "NEUTRAL",
    "SentimentScore": {
        "Positive": 0.035976510494947433,
        "Negative": 0.027581719681620598,
        "Neutral": 0.912246584892273,
        "Mixed": 0.02419518306851387
    }
}
