{
    "Sentiment": "NEUTRAL",
    "SentimentScore": {
        "Positive": 0.045005809515714645,
        "Negative": 0.05410655215382576,
        "Neutral": 0.8923445343971252,
        "Mixed": 0.008543141186237335
    }
}
