{
    "Sentiment": "NEUTRAL",
    "SentimentScore": {
        "Positive": 0.08513700217008591,
        "Negative": 0.016911262646317482,
        "Neutral": 0.8550727963447571,
        "Mixed": 0.04287901520729065
    }
}
