{
    "Sentiment": "NEUTRAL",
    "SentimentScore": {
        "Positive": 0.029500314965844154,
        "Negative": 0.0039795562624931335,
        "Neutral": 0.9644502401351929,
        "Mixed": 0.002069865819066763
    }
}
