{
    "Sentiment": "NEUTRAL",
    "SentimentScore": {
        "Positive": 0.0022231650073081255,
        "Negative": 0.002054160227999091,
        "Neutral": 0.9952518939971924,
        "Mixed": 0.00047083079698495567
    }
}
