{
    "Sentiment": "NEUTRAL",
    "SentimentScore": {
        "Positive": 0.18495453894138336,
        "Negative": 0.16275006532669067,
        "Neutral": 0.6148139238357544,
        "Mixed": 0.037481505423784256
    }
}
