{
    "Sentiment": "NEUTRAL",
    "SentimentScore": {
        "Positive": 0.0029137858655303717,
        "Negative": 0.07592420279979706,
        "Neutral": 0.9174460172653198,
        "Mixed": 0.003716051112860441
    }
}
