{
    "Sentiment": "POSITIVE",
    "SentimentScore": {
        "Positive": 0.6416768431663513,
        "Negative": 0.002770884893834591,
        "Neutral": 0.3504610061645508,
        "Mixed": 0.005091275088489056
    }
}
