{
    "Sentiment": "NEUTRAL",
    "SentimentScore": {
        "Positive": 0.011283746920526028,
        "Negative": 0.12606243789196014,
        "Neutral": 0.8563347458839417,
        "Mixed": 0.006318996194750071
    }
}
