{
    "Sentiment": "NEUTRAL",
    "SentimentScore": {
        "Positive": 0.00825672596693039,
        "Negative": 0.01693328656256199,
        "Neutral": 0.9724376797676086,
        "Mixed": 0.0023724145721644163
    }
}
