{
    "Sentiment": "NEUTRAL",
    "SentimentScore": {
        "Positive": 0.03443005308508873,
        "Negative": 0.0030588346999138594,
        "Neutral": 0.9601526856422424,
        "Mixed": 0.0023584042210131884
    }
}
