{
    "Sentiment": "NEUTRAL",
    "SentimentScore": {
        "Positive": 0.02496158890426159,
        "Negative": 0.010776947252452374,
        "Neutral": 0.9596539735794067,
        "Mixed": 0.004607417155057192
    }
}
