{
    "Sentiment": "NEUTRAL",
    "SentimentScore": {
        "Positive": 0.002489767735823989,
        "Negative": 0.14735014736652374,
        "Neutral": 0.846058189868927,
        "Mixed": 0.004101935308426619
    }
}
