{
    "Sentiment": "NEUTRAL",
    "SentimentScore": {
        "Positive": 0.0018972842954099178,
        "Negative": 0.08054058998823166,
        "Neutral": 0.9145699739456177,
        "Mixed": 0.0029920702800154686
    }
}
