{
    "Sentiment": "NEUTRAL",
    "SentimentScore": {
        "Positive": 0.005040832795202732,
        "Negative": 0.05410952493548393,
        "Neutral": 0.9391216039657593,
        "Mixed": 0.0017280098982155323
    }
}
