{
    "Sentiment": "NEUTRAL",
    "SentimentScore": {
        "Positive": 0.0025430144742131233,
        "Negative": 0.003156370483338833,
        "Neutral": 0.9936612844467163,
        "Mixed": 0.0006393046351149678
    }
}
