{
    "Sentiment": "NEUTRAL",
    "SentimentScore": {
        "Positive": 0.06970273703336716,
        "Negative": 0.09557610005140305,
        "Neutral": 0.7803149223327637,
        "Mixed": 0.05440622568130493
    }
}
