{
    "Sentiment": "NEUTRAL",
    "SentimentScore": {
        "Positive": 0.024429306387901306,
        "Negative": 0.020104343071579933,
        "Neutral": 0.9528796076774597,
        "Mixed": 0.002586742863059044
    }
}
