{
    "Sentiment": "NEUTRAL",
    "SentimentScore": {
        "Positive": 0.0034031332470476627,
        "Negative": 0.13359320163726807,
        "Neutral": 0.8557108640670776,
        "Mixed": 0.007292805705219507
    }
}
