{
    "Sentiment": "NEUTRAL",
    "SentimentScore": {
        "Positive": 0.0027598573360592127,
        "Negative": 0.001398544292896986,
        "Neutral": 0.9955756664276123,
        "Mixed": 0.00026600330602377653
    }
}
