{
    "Sentiment": "NEUTRAL",
    "SentimentScore": {
        "Positive": 0.0075036948546767235,
        "Negative": 0.02255149558186531,
        "Neutral": 0.9670329689979553,
        "Mixed": 0.0029118089005351067
    }
}
