{
    "Sentiment": "NEUTRAL",
    "SentimentScore": {
        "Positive": 0.002864358015358448,
        "Negative": 0.001878407783806324,
        "Neutral": 0.9949331879615784,
        "Mixed": 0.00032408791594207287
    }
}
