{
    "Sentiment": "NEUTRAL",
    "SentimentScore": {
        "Positive": 0.11051023006439209,
        "Negative": 0.2774662673473358,
        "Neutral": 0.5961583852767944,
        "Mixed": 0.015865111723542213
    }
}
