{
    "Sentiment": "NEUTRAL",
    "SentimentScore": {
        "Positive": 0.2989945411682129,
        "Negative": 0.24836066365242004,
        "Neutral": 0.42154985666275024,
        "Mixed": 0.031094960868358612
    }
}
