{
    "Sentiment": "NEUTRAL",
    "SentimentScore": {
        "Positive": 0.009133023209869862,
        "Negative": 0.002602857770398259,
        "Neutral": 0.987457811832428,
        "Mixed": 0.0008063034620136023
    }
}
