{
    "Sentiment": "NEUTRAL",
    "SentimentScore": {
        "Positive": 0.12212653458118439,
        "Negative": 0.02096165344119072,
        "Neutral": 0.8425314426422119,
        "Mixed": 0.014380354434251785
    }
}
