{
    "Sentiment": "NEUTRAL",
    "SentimentScore": {
        "Positive": 0.28005102276802063,
        "Negative": 0.14205220341682434,
        "Neutral": 0.5469358563423157,
        "Mixed": 0.03096095472574234
    }
}
