{
    "Sentiment": "NEGATIVE",
    "SentimentScore": {
        "Positive": 0.01360188890248537,
        "Negative": 0.5947750806808472,
        "Neutral": 0.3774898946285248,
        "Mixed": 0.014133141376078129
    }
}
