{
    "Sentiment": "NEUTRAL",
    "SentimentScore": {
        "Positive": 0.0721418559551239,
        "Negative": 0.0028240601532161236,
        "Neutral": 0.9235291481018066,
        "Mixed": 0.0015049234498292208
    }
}
