{
    "Sentiment": "NEUTRAL",
    "SentimentScore": {
        "Positive": 0.010109811089932919,
        "Negative": 0.10444144159555435,
        "Neutral": 0.8700669407844543,
        "Mixed": 0.01538175716996193
    }
}
