{
    "Sentiment": "NEUTRAL",
    "SentimentScore": {
        "Positive": 0.005502172280102968,
        "Negative": 0.0358479842543602,
        "Neutral": 0.9526578783988953,
        "Mixed": 0.005991943180561066
    }
}
