{
    "Sentiment": "NEUTRAL",
    "SentimentScore": {
        "Positive": 0.03517252206802368,
        "Negative": 0.008805484510958195,
        "Neutral": 0.9530156850814819,
        "Mixed": 0.0030062845908105373
    }
}
