{
    "Sentiment": "NEUTRAL",
    "SentimentScore": {
        "Positive": 0.002036867430433631,
        "Negative": 0.013693563640117645,
        "Neutral": 0.9833284616470337,
        "Mixed": 0.0009410572820343077
    }
}
