{
    "Sentiment": "NEUTRAL",
    "SentimentScore": {
        "Positive": 0.16076794266700745,
        "Negative": 0.0022858253214508295,
        "Neutral": 0.8347744941711426,
        "Mixed": 0.002171749249100685
    }
}
