{
    "Sentiment": "NEUTRAL",
    "SentimentScore": {
        "Positive": 0.027846476063132286,
        "Negative": 0.03889502212405205,
        "Neutral": 0.9310915470123291,
        "Mixed": 0.002166939666494727
    }
}
