{
    "Sentiment": "NEUTRAL",
    "SentimentScore": {
        "Positive": 0.005957419518381357,
        "Negative": 0.021019192412495613,
        "Neutral": 0.9715622067451477,
        "Mixed": 0.0014611708465963602
    }
}
