{
    "Sentiment": "NEUTRAL",
    "SentimentScore": {
        "Positive": 0.022260285913944244,
        "Negative": 0.035154424607753754,
        "Neutral": 0.9356802105903625,
        "Mixed": 0.006905052345246077
    }
}
