{
    "Sentiment": "NEUTRAL",
    "SentimentScore": {
        "Positive": 0.001934439642354846,
        "Negative": 0.0899684950709343,
        "Neutral": 0.9057899117469788,
        "Mixed": 0.0023072289768606424
    }
}
