{
    "Sentiment": "NEUTRAL",
    "SentimentScore": {
        "Positive": 0.009327873587608337,
        "Negative": 0.041341397911310196,
        "Neutral": 0.9460875391960144,
        "Mixed": 0.003243206301704049
    }
}
