{
    "Sentiment": "NEUTRAL",
    "SentimentScore": {
        "Positive": 0.04140007123351097,
        "Negative": 0.08646530658006668,
        "Neutral": 0.8605321645736694,
        "Mixed": 0.011602436192333698
    }
}
