{
    "Sentiment": "NEUTRAL",
    "SentimentScore": {
        "Positive": 0.0045224754139781,
        "Negative": 0.010193693451583385,
        "Neutral": 0.9845002889633179,
        "Mixed": 0.0007834894931875169
    }
}
