{
    "Sentiment": "NEUTRAL",
    "SentimentScore": {
        "Positive": 0.006214965600520372,
        "Negative": 0.16753751039505005,
        "Neutral": 0.8127385973930359,
        "Mixed": 0.013508874922990799
    }
}
