{
    "Sentiment": "NEUTRAL",
    "SentimentScore": {
        "Positive": 0.0059767733328044415,
        "Negative": 0.041682831943035126,
        "Neutral": 0.9474778771400452,
        "Mixed": 0.004862500820308924
    }
}
