{
    "Sentiment": "NEUTRAL",
    "SentimentScore": {
        "Positive": 0.00404589157551527,
        "Negative": 0.004814798012375832,
        "Neutral": 0.9905797839164734,
        "Mixed": 0.0005594653775915504
    }
}
