{
    "Sentiment": "NEUTRAL",
    "SentimentScore": {
        "Positive": 0.25579890608787537,
        "Negative": 0.004725310020148754,
        "Neutral": 0.7358459830284119,
        "Mixed": 0.003629830665886402
    }
}
