{
    "Sentiment": "NEUTRAL",
    "SentimentScore": {
        "Positive": 0.006635430734604597,
        "Negative": 0.08690044283866882,
        "Neutral": 0.896248459815979,
        "Mixed": 0.010215604677796364
    }
}
