{
    "Sentiment": "NEUTRAL",
    "SentimentScore": {
        "Positive": 0.003241250291466713,
        "Negative": 0.07760944217443466,
        "Neutral": 0.9131549000740051,
        "Mixed": 0.0059944037348032
    }
}
