{
    "Sentiment": "NEUTRAL",
    "SentimentScore": {
        "Positive": 0.0025658614467829466,
        "Negative": 0.0019552516750991344,
        "Neutral": 0.995135486125946,
        "Mixed": 0.00034341157879680395
    }
}
