{
    "Sentiment": "NEUTRAL",
    "SentimentScore": {
        "Positive": 0.004771658685058355,
        "Negative": 0.02730436809360981,
        "Neutral": 0.9652800559997559,
        "Mixed": 0.0026439139619469643
    }
}
