{
    "Sentiment": "NEUTRAL",
    "SentimentScore": {
        "Positive": 0.07671951502561569,
        "Negative": 0.020043017342686653,
        "Neutral": 0.8677310943603516,
        "Mixed": 0.03550638258457184
    }
}
