{
    "Sentiment": "NEUTRAL",
    "SentimentScore": {
        "Positive": 0.001382120419293642,
        "Negative": 0.01774740405380726,
        "Neutral": 0.9795951247215271,
        "Mixed": 0.0012753100600093603
    }
}
