{
    "Sentiment": "NEUTRAL",
    "SentimentScore": {
        "Positive": 0.009981400333344936,
        "Negative": 0.053990185260772705,
        "Neutral": 0.9340285062789917,
        "Mixed": 0.001999892061576247
    }
}
