{
    "Sentiment": "NEUTRAL",
    "SentimentScore": {
        "Positive": 0.007143608294427395,
        "Negative": 0.01802719384431839,
        "Neutral": 0.9719013571739197,
        "Mixed": 0.0029278944712132215
    }
}
