{
    "Sentiment": "NEUTRAL",
    "SentimentScore": {
        "Positive": 0.005902706179767847,
        "Negative": 0.0025808021891862154,
        "Neutral": 0.9908599257469177,
        "Mixed": 0.0006566275260411203
    }
}
