{
    "Sentiment": "NEUTRAL",
    "SentimentScore": {
        "Positive": 0.0030627280939370394,
        "Negative": 0.007735519204288721,
        "Neutral": 0.9885156154632568,
        "Mixed": 0.0006860123248770833
    }
}
