{
    "Sentiment": "NEUTRAL",
    "SentimentScore": {
        "Positive": 0.006136009003967047,
        "Negative": 0.0035704977344721556,
        "Neutral": 0.9898074269294739,
        "Mixed": 0.0004859890614170581
    }
}
