{
    "Sentiment": "NEUTRAL",
    "SentimentScore": {
        "Positive": 0.006479138508439064,
        "Negative": 0.06755437701940536,
        "Neutral": 0.9200119376182556,
        "Mixed": 0.005954525899142027
    }
}
