{
    "Sentiment": "NEUTRAL",
    "SentimentScore": {
        "Positive": 0.0008785959798842669,
        "Negative": 0.01755867898464203,
        "Neutral": 0.9804359674453735,
        "Mixed": 0.001126809511333704
    }
}
