{
    "Sentiment": "NEUTRAL",
    "SentimentScore": {
        "Positive": 0.013345548883080482,
        "Negative": 0.0038255515974014997,
        "Neutral": 0.9817650318145752,
        "Mixed": 0.001063880161382258
    }
}
