{
    "Sentiment": "NEUTRAL",
    "SentimentScore": {
        "Positive": 0.10270092636346817,
        "Negative": 0.1350744515657425,
        "Neutral": 0.7309770584106445,
        "Mixed": 0.031247612088918686
    }
}
