{
    "Sentiment": "NEUTRAL",
    "SentimentScore": {
        "Positive": 0.15096965432167053,
        "Negative": 0.005956691224128008,
        "Neutral": 0.8344215154647827,
        "Mixed": 0.008652163669466972
    }
}
