{
    "Sentiment": "NEUTRAL",
    "SentimentScore": {
        "Positive": 0.013458279892802238,
        "Negative": 0.022875918075442314,
        "Neutral": 0.9606342315673828,
        "Mixed": 0.003031569067388773
    }
}
