{
    "Sentiment": "NEUTRAL",
    "SentimentScore": {
        "Positive": 0.026255885139107704,
        "Negative": 0.15846312046051025,
        "Neutral": 0.7994145154953003,
        "Mixed": 0.01586649939417839
    }
}
