{
    "Sentiment": "POSITIVE",
    "SentimentScore": {
        "Positive": 0.4566958248615265,
        "Negative": 0.06705351918935776,
        "Neutral": 0.4283220171928406,
        "Mixed": 0.0479285791516304
    }
}
