{
    "Sentiment": "NEUTRAL",
    "SentimentScore": {
        "Positive": 0.0029970542527735233,
        "Negative": 0.023045875132083893,
        "Neutral": 0.971794605255127,
        "Mixed": 0.0021623841021209955
    }
}
