{
    "Sentiment": "NEUTRAL",
    "SentimentScore": {
        "Positive": 0.042959053069353104,
        "Negative": 0.000875822501257062,
        "Neutral": 0.9554733633995056,
        "Mixed": 0.0006917030550539494
    }
}
