{
    "Sentiment": "NEUTRAL",
    "SentimentScore": {
        "Positive": 0.0014721896732226014,
        "Negative": 0.021469542756676674,
        "Neutral": 0.9761941432952881,
        "Mixed": 0.0008642049506306648
    }
}
