{
    "Sentiment": "NEUTRAL",
    "SentimentScore": {
        "Positive": 0.2422962635755539,
        "Negative": 0.009343847632408142,
        "Neutral": 0.7437514662742615,
        "Mixed": 0.004608427174389362
    }
}
