{
    "Sentiment": "NEUTRAL",
    "SentimentScore": {
        "Positive": 0.00708353566005826,
        "Negative": 0.07901692390441895,
        "Neutral": 0.9036139845848083,
        "Mixed": 0.01028554979711771
    }
}
