{
    "Sentiment": "NEUTRAL",
    "SentimentScore": {
        "Positive": 0.007483879569917917,
        "Negative": 0.0034471985418349504,
        "Neutral": 0.9884762763977051,
        "Mixed": 0.000592548050917685
    }
}
