{
    "Sentiment": "NEUTRAL",
    "SentimentScore": {
        "Positive": 0.004079677164554596,
        "Negative": 0.0025636351201683283,
        "Neutral": 0.9928967356681824,
        "Mixed": 0.0004599600506480783
    }
}
