{
    "Sentiment": "NEUTRAL",
    "SentimentScore": {
        "Positive": 0.045594554394483566,
        "Negative": 0.0026370882987976074,
        "Neutral": 0.9503605365753174,
        "Mixed": 0.001407872885465622
    }
}
