{
    "Sentiment": "NEUTRAL",
    "SentimentScore": {
        "Positive": 0.002242627087980509,
        "Negative": 0.005665017757564783,
        "Neutral": 0.9914422631263733,
        "Mixed": 0.0006500725285150111
    }
}
