{
    "Sentiment": "NEUTRAL",
    "SentimentScore": {
        "Positive": 0.005600758828222752,
        "Negative": 0.004238505847752094,
        "Neutral": 0.9894217848777771,
        "Mixed": 0.0007389730890281498
    }
}
