{
    "Sentiment": "NEGATIVE",
    "SentimentScore": {
        "Positive": 0.019575025886297226,
        "Negative": 0.5171619057655334,
        "Neutral": 0.43096792697906494,
        "Mixed": 0.03229515254497528
    }
}
