{
    "Sentiment": "NEUTRAL",
    "SentimentScore": {
        "Positive": 0.01043166033923626,
        "Negative": 0.034695759415626526,
        "Neutral": 0.9529173970222473,
        "Mixed": 0.0019551687873899937
    }
}
