{
    "Sentiment": "POSITIVE",
    "SentimentScore": {
        "Positive": 0.511846661567688,
        "Negative": 0.0025096407625824213,
        "Neutral": 0.47689709067344666,
        "Mixed": 0.008746644482016563
    }
}
