{
    "Sentiment": "NEUTRAL",
    "SentimentScore": {
        "Positive": 0.003094513900578022,
        "Negative": 0.13260123133659363,
        "Neutral": 0.8575305342674255,
        "Mixed": 0.006773788016289473
    }
}
