{
    "Sentiment": "NEUTRAL",
    "SentimentScore": {
        "Positive": 0.0011716497829183936,
        "Negative": 0.019336789846420288,
        "Neutral": 0.9783313274383545,
        "Mixed": 0.00116014014929533
    }
}
