{
    "Sentiment": "NEUTRAL",
    "SentimentScore": {
        "Positive": 0.0066396021284163,
        "Negative": 0.0022185652051120996,
        "Neutral": 0.9906829595565796,
        "Mixed": 0.00045875750947743654
    }
}
