{
    "Sentiment": "NEUTRAL",
    "SentimentScore": {
        "Positive": 0.0182102769613266,
        "Negative": 0.003907680045813322,
        "Neutral": 0.9770873785018921,
        "Mixed": 0.0007946576806716621
    }
}
