{
    "Sentiment": "NEUTRAL",
    "SentimentScore": {
        "Positive": 0.060588348656892776,
        "Negative": 0.1502346396446228,
        "Neutral": 0.7774398922920227,
        "Mixed": 0.011737250722944736
    }
}
