{
    "Sentiment": "NEUTRAL",
    "SentimentScore": {
        "Positive": 0.0447358712553978,
        "Negative": 0.1425965279340744,
        "Neutral": 0.7965421676635742,
        "Mixed": 0.01612536422908306
    }
}
