{
    "Sentiment": "NEUTRAL",
    "SentimentScore": {
        "Positive": 0.0055688051506876945,
        "Negative": 0.031824443489313126,
        "Neutral": 0.9597280025482178,
        "Mixed": 0.002878704573959112
    }
}
