{
    "Sentiment": "NEUTRAL",
    "SentimentScore": {
        "Positive": 0.006133184768259525,
        "Negative": 0.06640186160802841,
        "Neutral": 0.9188317656517029,
        "Mixed": 0.008633147925138474
    }
}
