{
    "Sentiment": "POSITIVE",
    "SentimentScore": {
        "Positive": 0.6061545014381409,
        "Negative": 0.0014006171841174364,
        "Neutral": 0.3872790038585663,
        "Mixed": 0.005165872164070606
    }
}
