{
    "Sentiment": "NEUTRAL",
    "SentimentScore": {
        "Positive": 0.08402977138757706,
        "Negative": 0.013304692693054676,
        "Neutral": 0.8947823643684387,
        "Mixed": 0.007883190177381039
    }
}
