{
    "Sentiment": "NEUTRAL",
    "SentimentScore": {
        "Positive": 0.0026098990347236395,
        "Negative": 0.03049616701900959,
        "Neutral": 0.9654174447059631,
        "Mixed": 0.0014764773659408092
    }
}
