{
    "Sentiment": "NEUTRAL",
    "SentimentScore": {
        "Positive": 0.3078330159187317,
        "Negative": 0.0014619106659665704,
        "Neutral": 0.687846839427948,
        "Mixed": 0.002858198946341872
    }
}
