{
    "Sentiment": "NEUTRAL",
    "SentimentScore": {
        "Positive": 0.03998567909002304,
        "Negative": 0.010973131284117699,
        "Neutral": 0.9436864256858826,
        "Mixed": 0.005354682449251413
    }
}
