{
    "Sentiment": "NEUTRAL",
    "SentimentScore": {
        "Positive": 0.012515522539615631,
        "Negative": 0.0565621517598629,
        "Neutral": 0.9211916327476501,
        "Mixed": 0.009730682708323002
    }
}
