{
    "Sentiment": "NEUTRAL",
    "SentimentScore": {
        "Positive": 0.41644713282585144,
        "Negative": 0.005137128289788961,
        "Neutral": 0.5648161172866821,
        "Mixed": 0.013599548488855362
    }
}
