{
    "Sentiment": "NEUTRAL",
    "SentimentScore": {
        "Positive": 0.01294354721903801,
        "Negative": 0.0498691163957119,
        "Neutral": 0.9244568943977356,
        "Mixed": 0.012730462476611137
    }
}
