{
    "Sentiment": "POSITIVE",
    "SentimentScore": {
        "Positive": 0.6258298754692078,
        "Negative": 0.002247085329145193,
        "Neutral": 0.36620014905929565,
        "Mixed": 0.005722845438867807
    }
}
