{
    "Sentiment": "NEUTRAL",
    "SentimentScore": {
        "Positive": 0.015803268179297447,
        "Negative": 0.03537246212363243,
        "Neutral": 0.945006787776947,
        "Mixed": 0.0038174495566636324
    }
}
