{
    "Sentiment": "NEUTRAL",
    "SentimentScore": {
        "Positive": 0.004903827328234911,
        "Negative": 0.04673619568347931,
        "Neutral": 0.9452987909317017,
        "Mixed": 0.0030612244736403227
    }
}
