{
    "Sentiment": "NEUTRAL",
    "SentimentScore": {
        "Positive": 0.013032668270170689,
        "Negative": 0.0017037182115018368,
        "Neutral": 0.9845904111862183,
        "Mixed": 0.0006732086185365915
    }
}
