{
    "Sentiment": "NEUTRAL",
    "SentimentScore": {
        "Positive": 0.010536614805459976,
        "Negative": 0.004245932213962078,
        "Neutral": 0.9839365482330322,
        "Mixed": 0.0012809920590370893
    }
}
