{
    "Sentiment": "NEUTRAL",
    "SentimentScore": {
        "Positive": 0.009013622999191284,
        "Negative": 0.002120065735653043,
        "Neutral": 0.988368570804596,
        "Mixed": 0.0004977653152309358
    }
}
