{
    "Sentiment": "NEUTRAL",
    "SentimentScore": {
        "Positive": 0.02844887040555477,
        "Negative": 0.13945265114307404,
        "Neutral": 0.8209568858146667,
        "Mixed": 0.011141585186123848
    }
}
