{
    "Sentiment": "NEUTRAL",
    "SentimentScore": {
        "Positive": 0.038628239184617996,
        "Negative": 0.0031115293968468904,
        "Neutral": 0.9563122987747192,
        "Mixed": 0.0019479644251987338
    }
}
