{
    "Sentiment": "NEUTRAL",
    "SentimentScore": {
        "Positive": 0.013070891611278057,
        "Negative": 0.00395433884114027,
        "Neutral": 0.9820134043693542,
        "Mixed": 0.0009613462025299668
    }
}
