{
    "Sentiment": "NEUTRAL",
    "SentimentScore": {
        "Positive": 0.019371630623936653,
        "Negative": 0.005000282544642687,
        "Neutral": 0.9723678827285767,
        "Mixed": 0.003260184545069933
    }
}
