{
    "Sentiment": "NEUTRAL",
    "SentimentScore": {
        "Positive": 0.008591254241764545,
        "Negative": 0.07044246792793274,
        "Neutral": 0.9110540151596069,
        "Mixed": 0.009912228211760521
    }
}
