{
    "Sentiment": "NEUTRAL",
    "SentimentScore": {
        "Positive": 0.03573611378669739,
        "Negative": 0.00568369310349226,
        "Neutral": 0.9556373953819275,
        "Mixed": 0.0029428305570036173
    }
}
