{
    "Sentiment": "NEUTRAL",
    "SentimentScore": {
        "Positive": 0.0019601858220994473,
        "Negative": 0.0038873362354934216,
        "Neutral": 0.9932968020439148,
        "Mixed": 0.0008556413813494146
    }
}
