{
    "Sentiment": "NEUTRAL",
    "SentimentScore": {
        "Positive": 0.12430424988269806,
        "Negative": 0.02273229882121086,
        "Neutral": 0.8440344929695129,
        "Mixed": 0.008929078467190266
    }
}
