{
    "Sentiment": "NEUTRAL",
    "SentimentScore": {
        "Positive": 0.009658259339630604,
        "Negative": 0.06331098824739456,
        "Neutral": 0.9192784428596497,
        "Mixed": 0.0077522555366158485
    }
}
