{
    "Sentiment": "NEUTRAL",
    "SentimentScore": {
        "Positive": 0.00370532157830894,
        "Negative": 0.019924160093069077,
        "Neutral": 0.9750676155090332,
        "Mixed": 0.0013029484543949366
    }
}
