{
    "Sentiment": "NEUTRAL",
    "SentimentScore": {
        "Positive": 0.0031470933463424444,
        "Negative": 0.005649486556649208,
        "Neutral": 0.9901952147483826,
        "Mixed": 0.0010081762447953224
    }
}
