{
    "Sentiment": "NEUTRAL",
    "SentimentScore": {
        "Positive": 0.00976256001740694,
        "Negative": 0.030994554981589317,
        "Neutral": 0.9527493119239807,
        "Mixed": 0.006493604741990566
    }
}
