{
    "Sentiment": "NEUTRAL",
    "SentimentScore": {
        "Positive": 0.2019224762916565,
        "Negative": 0.038524825125932693,
        "Neutral": 0.7435194253921509,
        "Mixed": 0.016033276915550232
    }
}
