{
    "Sentiment": "NEUTRAL",
    "SentimentScore": {
        "Positive": 0.011369053274393082,
        "Negative": 0.18858294188976288,
        "Neutral": 0.7850106358528137,
        "Mixed": 0.01503735315054655
    }
}
