{
    "Sentiment": "NEUTRAL",
    "SentimentScore": {
        "Positive": 0.009887270629405975,
        "Negative": 0.17486435174942017,
        "Neutral": 0.7920822501182556,
        "Mixed": 0.023166131228208542
    }
}
