{
    "Sentiment": "NEUTRAL",
    "SentimentScore": {
        "Positive": 0.2599046528339386,
        "Negative": 0.03192237392067909,
        "Neutral": 0.6364583969116211,
        "Mixed": 0.0717146173119545
    }
}
