{
    "Sentiment": "POSITIVE",
    "SentimentScore": {
        "Positive": 0.7348427176475525,
        "Negative": 0.00834554061293602,
        "Neutral": 0.2332278937101364,
        "Mixed": 0.02358376607298851
    }
}
