{
    "Sentiment": "NEUTRAL",
    "SentimentScore": {
        "Positive": 0.0028492070268839598,
        "Negative": 0.003793678479269147,
        "Neutral": 0.9927436113357544,
        "Mixed": 0.0006134948926046491
    }
}
