{
    "Sentiment": "NEUTRAL",
    "SentimentScore": {
        "Positive": 0.019425656646490097,
        "Negative": 0.027138324454426765,
        "Neutral": 0.9470145106315613,
        "Mixed": 0.006421529687941074
    }
}
