{
    "Sentiment": "NEUTRAL",
    "SentimentScore": {
        "Positive": 0.07812411338090897,
        "Negative": 0.05037394538521767,
        "Neutral": 0.8478246927261353,
        "Mixed": 0.023677268996834755
    }
}
