{
    "Sentiment": "NEUTRAL",
    "SentimentScore": {
        "Positive": 0.012973388656973839,
        "Negative": 0.011927057057619095,
        "Neutral": 0.9735063910484314,
        "Mixed": 0.0015931628877297044
    }
}
