{
    "Sentiment": "NEUTRAL",
    "SentimentScore": {
        "Positive": 0.0023432732559740543,
        "Negative": 0.0036228070966899395,
        "Neutral": 0.9934452772140503,
        "Mixed": 0.000588716589845717
    }
}
