{
    "Sentiment": "NEUTRAL",
    "SentimentScore": {
        "Positive": 0.0035744530614465475,
        "Negative": 0.009129287675023079,
        "Neutral": 0.9860895872116089,
        "Mixed": 0.0012066707713529468
    }
}
