{
    "Sentiment": "POSITIVE",
    "SentimentScore": {
        "Positive": 0.5825705528259277,
        "Negative": 0.018628323450684547,
        "Neutral": 0.3900741636753082,
        "Mixed": 0.008726927451789379
    }
}
