{
    "Sentiment": "NEUTRAL",
    "SentimentScore": {
        "Positive": 0.005252267699688673,
        "Negative": 0.18653598427772522,
        "Neutral": 0.7955830693244934,
        "Mixed": 0.01262869592756033
    }
}
