{
    "Sentiment": "POSITIVE",
    "SentimentScore": {
        "Positive": 0.6927923560142517,
        "Negative": 0.00242605060338974,
        "Neutral": 0.29673850536346436,
        "Mixed": 0.008043048903346062
    }
}
