{
    "Sentiment": "NEUTRAL",
    "SentimentScore": {
        "Positive": 0.003225639695301652,
        "Negative": 0.0007535278564319015,
        "Neutral": 0.9958580136299133,
        "Mixed": 0.00016281736316159368
    }
}
