{
    "Sentiment": "NEUTRAL",
    "SentimentScore": {
        "Positive": 0.020664198324084282,
        "Negative": 0.008684849366545677,
        "Neutral": 0.9665307402610779,
        "Mixed": 0.004120278637856245
    }
}
