{
    "Sentiment": "NEUTRAL",
    "SentimentScore": {
        "Positive": 0.006727875676006079,
        "Negative": 0.027216719463467598,
        "Neutral": 0.9584782123565674,
        "Mixed": 0.007577270735055208
    }
}
