{
    "Sentiment": "NEUTRAL",
    "SentimentScore": {
        "Positive": 0.04872996360063553,
        "Negative": 0.004010338801890612,
        "Neutral": 0.9454851746559143,
        "Mixed": 0.0017745529767125845
    }
}
