{
    "Sentiment": "NEUTRAL",
    "SentimentScore": {
        "Positive": 0.0019192253239452839,
        "Negative": 0.007071837782859802,
        "Neutral": 0.9902634620666504,
        "Mixed": 0.000745488447137177
    }
}
