{
    "Sentiment": "NEUTRAL",
    "SentimentScore": {
        "Positive": 0.017928067594766617,
        "Negative": 0.17078547179698944,
        "Neutral": 0.7917264699935913,
        "Mixed": 0.019560007378458977
    }
}
