{
    "Sentiment": "NEUTRAL",
    "SentimentScore": {
        "Positive": 0.0018262851517647505,
        "Negative": 0.009121834300458431,
        "Neutral": 0.9880999326705933,
        "Mixed": 0.0009518081787973642
    }
}
