{
    "Sentiment": "NEUTRAL",
    "SentimentScore": {
        "Positive": 0.01605946384370327,
        "Negative": 0.037302881479263306,
        "Neutral": 0.9444618225097656,
        "Mixed": 0.0021758258808404207
    }
}
