{
    "Sentiment": "NEUTRAL",
    "SentimentScore": {
        "Positive": 0.04173477366566658,
        "Negative": 0.2075623869895935,
        "Neutral": 0.7039257287979126,
        "Mixed": 0.04677709564566612
    }
}
