{
    "Sentiment": "NEGATIVE",
    "SentimentScore": {
        "Positive": 0.02787080779671669,
        "Negative": 0.6675553917884827,
        "Neutral": 0.292064368724823,
        "Mixed": 0.012509485706686974
    }
}
