{
    "Sentiment": "NEUTRAL",
    "SentimentScore": {
        "Positive": 0.01850719377398491,
        "Negative": 0.02161177434027195,
        "Neutral": 0.95816969871521,
        "Mixed": 0.0017113365465775132
    }
}
