{
    "Sentiment": "NEUTRAL",
    "SentimentScore": {
        "Positive": 0.004790812265127897,
        "Negative": 0.15501441061496735,
        "Neutral": 0.8283420205116272,
        "Mixed": 0.011852823197841644
    }
}
