{
    "Sentiment": "NEUTRAL",
    "SentimentScore": {
        "Positive": 0.011577223427593708,
        "Negative": 0.0021184079814702272,
        "Neutral": 0.9858943223953247,
        "Mixed": 0.00041002838406711817
    }
}
