{
    "Sentiment": "NEUTRAL",
    "SentimentScore": {
        "Positive": 0.0025613405741751194,
        "Negative": 0.008572439663112164,
        "Neutral": 0.9880071878433228,
        "Mixed": 0.0008590002544224262
    }
}
