{
    "Sentiment": "NEUTRAL",
    "SentimentScore": {
        "Positive": 0.0358220711350441,
        "Negative": 0.008316597901284695,
        "Neutral": 0.9514107704162598,
        "Mixed": 0.0044504376128315926
    }
}
