{
    "Sentiment": "NEUTRAL",
    "SentimentScore": {
        "Positive": 0.12162583321332932,
        "Negative": 0.003349596867337823,
        "Neutral": 0.8720260262489319,
        "Mixed": 0.002998501528054476
    }
}
