{
    "Sentiment": "NEUTRAL",
    "SentimentScore": {
        "Positive": 0.05949971079826355,
        "Negative": 0.2560230791568756,
        "Neutral": 0.6755130290985107,
        "Mixed": 0.008964181877672672
    }
}
