{
    "Sentiment": "NEUTRAL",
    "SentimentScore": {
        "Positive": 0.005374189931899309,
        "Negative": 0.011550088413059711,
        "Neutral": 0.9816568493843079,
        "Mixed": 0.0014189389767125249
    }
}
