{
    "Sentiment": "NEUTRAL",
    "SentimentScore": {
        "Positive": 0.005444361362606287,
        "Negative": 0.23026210069656372,
        "Neutral": 0.7499081492424011,
        "Mixed": 0.014385415241122246
    }
}
