{
    "Sentiment": "NEUTRAL",
    "SentimentScore": {
        "Positive": 0.00797444861382246,
        "Negative": 0.22257141768932343,
        "Neutral": 0.7576571106910706,
        "Mixed": 0.011797040700912476
    }
}
