{
    "Sentiment": "NEUTRAL",
    "SentimentScore": {
        "Positive": 0.21834222972393036,
        "Negative": 0.1274377405643463,
        "Neutral": 0.6255936026573181,
        "Mixed": 0.02862640842795372
    }
}
