{
    "Sentiment": "NEUTRAL",
    "SentimentScore": {
        "Positive": 0.0042348806746304035,
        "Negative": 0.08702785521745682,
        "Neutral": 0.9009395837783813,
        "Mixed": 0.0077977292239665985
    }
}
