{
    "Sentiment": "NEUTRAL",
    "SentimentScore": {
        "Positive": 0.025431262329220772,
        "Negative": 0.009194212034344673,
        "Neutral": 0.9630284905433655,
        "Mixed": 0.002345953369513154
    }
}
