{
    "Sentiment": "NEUTRAL",
    "SentimentScore": {
        "Positive": 0.026836736127734184,
        "Negative": 0.07890362292528152,
        "Neutral": 0.8897136449813843,
        "Mixed": 0.004546010866761208
    }
}
