{
    "Sentiment": "NEUTRAL",
    "SentimentScore": {
        "Positive": 0.012674705125391483,
        "Negative": 0.0006969159585423768,
        "Neutral": 0.9861962795257568,
        "Mixed": 0.00043215195182710886
    }
}
