{
    "Sentiment": "NEUTRAL",
    "SentimentScore": {
        "Positive": 0.006002852227538824,
        "Negative": 0.005347903817892075,
        "Neutral": 0.9880235195159912,
        "Mixed": 0.0006257961504161358
    }
}
