{
    "Sentiment": "NEUTRAL",
    "SentimentScore": {
        "Positive": 0.0029103655833750963,
        "Negative": 0.04747786000370979,
        "Neutral": 0.9454185366630554,
        "Mixed": 0.004193209111690521
    }
}
