{
    "Sentiment": "NEUTRAL",
    "SentimentScore": {
        "Positive": 0.2187916338443756,
        "Negative": 0.013872133567929268,
        "Neutral": 0.7552531361579895,
        "Mixed": 0.012083081528544426
    }
}
