{
    "Sentiment": "NEUTRAL",
    "SentimentScore": {
        "Positive": 0.14629052579402924,
        "Negative": 0.012569432146847248,
        "Neutral": 0.8359958529472351,
        "Mixed": 0.005144188646227121
    }
}
