{
    "Sentiment": "NEUTRAL",
    "SentimentScore": {
        "Positive": 0.004316532518714666,
        "Negative": 0.10125134885311127,
        "Neutral": 0.8858133554458618,
        "Mixed": 0.008618690073490143
    }
}
