{
    "Sentiment": "NEUTRAL",
    "SentimentScore": {
        "Positive": 0.001807072083465755,
        "Negative": 0.020230140537023544,
        "Neutral": 0.9768115878105164,
        "Mixed": 0.0011512205237522721
    }
}
