{
    "Sentiment": "NEUTRAL",
    "SentimentScore": {
        "Positive": 0.20830468833446503,
        "Negative": 0.01908808760344982,
        "Neutral": 0.7599312663078308,
        "Mixed": 0.012675955891609192
    }
}
