{
    "Sentiment": "NEUTRAL",
    "SentimentScore": {
        "Positive": 0.008390332572162151,
        "Negative": 0.03725274279713631,
        "Neutral": 0.9492589235305786,
        "Mixed": 0.00509796105325222
    }
}
