{
    "Sentiment": "NEUTRAL",
    "SentimentScore": {
        "Positive": 0.4361557066440582,
        "Negative": 0.0015317240031436086,
        "Neutral": 0.559553861618042,
        "Mixed": 0.002758651040494442
    }
}
