{
    "Sentiment": "NEUTRAL",
    "SentimentScore": {
        "Positive": 0.021010739728808403,
        "Negative": 0.013851186260581017,
        "Neutral": 0.9627653360366821,
        "Mixed": 0.002372817602008581
    }
}
