{
    "Sentiment": "NEUTRAL",
    "SentimentScore": {
        "Positive": 0.007866889238357544,
        "Negative": 0.2890358567237854,
        "Neutral": 0.6607571840286255,
        "Mixed": 0.04234008118510246
    }
}
