{
    "Sentiment": "NEUTRAL",
    "SentimentScore": {
        "Positive": 0.0016973625170066953,
        "Negative": 0.03378496691584587,
        "Neutral": 0.9628276228904724,
        "Mixed": 0.0016899462789297104
    }
}
