{
    "Sentiment": "NEUTRAL",
    "SentimentScore": {
        "Positive": 0.013645138591527939,
        "Negative": 0.22342638671398163,
        "Neutral": 0.7162884473800659,
        "Mixed": 0.04664000868797302
    }
}
