{
    "Sentiment": "NEUTRAL",
    "SentimentScore": {
        "Positive": 0.06425260752439499,
        "Negative": 0.22635480761528015,
        "Neutral": 0.6937844157218933,
        "Mixed": 0.015608109533786774
    }
}
