{
    "Sentiment": "NEUTRAL",
    "SentimentScore": {
        "Positive": 0.136973038315773,
        "Negative": 0.06504502147436142,
        "Neutral": 0.7279248833656311,
        "Mixed": 0.07005704939365387
    }
}
