{
    "Sentiment": "NEUTRAL",
    "SentimentScore": {
        "Positive": 0.016342410817742348,
        "Negative": 0.006109942682087421,
        "Neutral": 0.9757876396179199,
        "Mixed": 0.0017601250438019633
    }
}
