{
    "Sentiment": "NEUTRAL",
    "SentimentScore": {
        "Positive": 0.0020392427686601877,
        "Negative": 0.004629339557141066,
        "Neutral": 0.9929026961326599,
        "Mixed": 0.0004286564653739333
    }
}
