{
    "Sentiment": "POSITIVE",
    "SentimentScore": {
        "Positive": 0.5527428388595581,
        "Negative": 0.022208040580153465,
        "Neutral": 0.4060603082180023,
        "Mixed": 0.01898885890841484
    }
}
