{
    "Sentiment": "NEUTRAL",
    "SentimentScore": {
        "Positive": 0.010201097466051579,
        "Negative": 0.009071135893464088,
        "Neutral": 0.9761556386947632,
        "Mixed": 0.004572159145027399
    }
}
