{
    "Sentiment": "NEUTRAL",
    "SentimentScore": {
        "Positive": 0.001827277708798647,
        "Negative": 0.005328918807208538,
        "Neutral": 0.9922683835029602,
        "Mixed": 0.0005754439043812454
    }
}
