{
    "Sentiment": "NEUTRAL",
    "SentimentScore": {
        "Positive": 0.039316385984420776,
        "Negative": 0.01905517466366291,
        "Neutral": 0.9377049207687378,
        "Mixed": 0.003923454787582159
    }
}
