{
    "Sentiment": "NEUTRAL",
    "SentimentScore": {
        "Positive": 0.022512467578053474,
        "Negative": 0.4608936309814453,
        "Neutral": 0.46989521384239197,
        "Mixed": 0.04669880494475365
    }
}
