{
    "Sentiment": "NEUTRAL",
    "SentimentScore": {
        "Positive": 0.004195219371467829,
        "Negative": 0.002380796242505312,
        "Neutral": 0.9929085969924927,
        "Mixed": 0.000515399151481688
    }
}
