{
    "Sentiment": "NEUTRAL",
    "SentimentScore": {
        "Positive": 0.005144503898918629,
        "Negative": 0.009187120012938976,
        "Neutral": 0.9845763444900513,
        "Mixed": 0.001091975485906005
    }
}
