{
    "Sentiment": "NEUTRAL",
    "SentimentScore": {
        "Positive": 0.0018111079698428512,
        "Negative": 0.021663017570972443,
        "Neutral": 0.974930465221405,
        "Mixed": 0.0015953854890540242
    }
}
