{
    "Sentiment": "NEUTRAL",
    "SentimentScore": {
        "Positive": 0.011847667396068573,
        "Negative": 0.003011200809851289,
        "Neutral": 0.983970582485199,
        "Mixed": 0.0011705566430464387
    }
}
