{
    "Sentiment": "NEUTRAL",
    "SentimentScore": {
        "Positive": 0.1232476755976677,
        "Negative": 0.08921671658754349,
        "Neutral": 0.7729187607765198,
        "Mixed": 0.014616891741752625
    }
}
