{
    "Sentiment": "NEUTRAL",
    "SentimentScore": {
        "Positive": 0.4594291150569916,
        "Negative": 0.00560847157612443,
        "Neutral": 0.5306569933891296,
        "Mixed": 0.004305410664528608
    }
}
