{
    "Sentiment": "NEUTRAL",
    "SentimentScore": {
        "Positive": 0.28363001346588135,
        "Negative": 0.014927666634321213,
        "Neutral": 0.6835935115814209,
        "Mixed": 0.017848799005150795
    }
}
