{
    "Sentiment": "NEUTRAL",
    "SentimentScore": {
        "Positive": 0.005717635154724121,
        "Negative": 0.006624777801334858,
        "Neutral": 0.986416220664978,
        "Mixed": 0.0012413825606927276
    }
}
