{
    "Sentiment": "NEUTRAL",
    "SentimentScore": {
        "Positive": 0.04107191413640976,
        "Negative": 0.06216229498386383,
        "Neutral": 0.8758975267410278,
        "Mixed": 0.020868299528956413
    }
}
