{
    "Sentiment": "NEUTRAL",
    "SentimentScore": {
        "Positive": 0.002229970181360841,
        "Negative": 0.018528476357460022,
        "Neutral": 0.978171169757843,
        "Mixed": 0.001070407684892416
    }
}
