{
    "Sentiment": "NEUTRAL",
    "SentimentScore": {
        "Positive": 0.0034837499260902405,
        "Negative": 0.06286279112100601,
        "Neutral": 0.9289171695709229,
        "Mixed": 0.004736282397061586
    }
}
