{
    "Sentiment": "NEUTRAL",
    "SentimentScore": {
        "Positive": 0.14098912477493286,
        "Negative": 0.0029346265364438295,
        "Neutral": 0.8528404831886292,
        "Mixed": 0.0032357394229620695
    }
}
