{
    "Sentiment": "NEUTRAL",
    "SentimentScore": {
        "Positive": 0.022849448025226593,
        "Negative": 0.011333386413753033,
        "Neutral": 0.9627890586853027,
        "Mixed": 0.0030280465725809336
    }
}
