{
    "Sentiment": "NEUTRAL",
    "SentimentScore": {
        "Positive": 0.006715014111250639,
        "Negative": 0.1914287954568863,
        "Neutral": 0.7919312715530396,
        "Mixed": 0.009924941696226597
    }
}
