{
    "Sentiment": "NEUTRAL",
    "SentimentScore": {
        "Positive": 0.010383800603449345,
        "Negative": 0.005852800793945789,
        "Neutral": 0.9831442832946777,
        "Mixed": 0.0006190662388689816
    }
}
