{
    "Sentiment": "NEUTRAL",
    "SentimentScore": {
        "Positive": 0.047854892909526825,
        "Negative": 0.06076963245868683,
        "Neutral": 0.8795158267021179,
        "Mixed": 0.011859656311571598
    }
}
