{
    "Sentiment": "NEUTRAL",
    "SentimentScore": {
        "Positive": 0.016587739810347557,
        "Negative": 0.005904415622353554,
        "Neutral": 0.9764676690101624,
        "Mixed": 0.0010401507606729865
    }
}
