{
    "Sentiment": "NEUTRAL",
    "SentimentScore": {
        "Positive": 0.0687580481171608,
        "Negative": 0.3144315183162689,
        "Neutral": 0.6020443439483643,
        "Mixed": 0.014766093343496323
    }
}
