{
    "Sentiment": "NEUTRAL",
    "SentimentScore": {
        "Positive": 0.0012194316368550062,
        "Negative": 0.010398450307548046,
        "Neutral": 0.9876869320869446,
        "Mixed": 0.0006951577961444855
    }
}
