{
    "Sentiment": "NEUTRAL",
    "SentimentScore": {
        "Positive": 0.0047065988183021545,
        "Negative": 0.015793748199939728,
        "Neutral": 0.9772065877914429,
        "Mixed": 0.002292987424880266
    }
}
