{
    "Sentiment": "NEUTRAL",
    "SentimentScore": {
        "Positive": 0.004710049368441105,
        "Negative": 0.026354610919952393,
        "Neutral": 0.9647193551063538,
        "Mixed": 0.004216017667204142
    }
}
