{
    "Sentiment": "NEUTRAL",
    "SentimentScore": {
        "Positive": 0.020898884162306786,
        "Negative": 0.007583430502563715,
        "Neutral": 0.9697496294975281,
        "Mixed": 0.0017679999582469463
    }
}
