{
    "Sentiment": "NEUTRAL",
    "SentimentScore": {
        "Positive": 0.010105096735060215,
        "Negative": 0.20016822218894958,
        "Neutral": 0.7682041525840759,
        "Mixed": 0.0215225238353014
    }
}
