{
    "Sentiment": "NEUTRAL",
    "SentimentScore": {
        "Positive": 0.09600891172885895,
        "Negative": 0.11458256095647812,
        "Neutral": 0.7800595164299011,
        "Mixed": 0.009348959662020206
    }
}
