{
    "Sentiment": "NEUTRAL",
    "SentimentScore": {
        "Positive": 0.007644367404282093,
        "Negative": 0.011899221688508987,
        "Neutral": 0.9776125550270081,
        "Mixed": 0.0028438318986445665
    }
}
