{
    "Sentiment": "NEUTRAL",
    "SentimentScore": {
        "Positive": 0.04766850546002388,
        "Negative": 0.19503548741340637,
        "Neutral": 0.4346412718296051,
        "Mixed": 0.32265475392341614
    }
}
