{
    "Sentiment": "NEUTRAL",
    "SentimentScore": {
        "Positive": 0.004530287813395262,
        "Negative": 0.10371812433004379,
        "Neutral": 0.8828766345977783,
        "Mixed": 0.0088749248534441
    }
}
