{
    "Sentiment": "NEUTRAL",
    "SentimentScore": {
        "Positive": 0.008055765181779861,
        "Negative": 0.024653900414705276,
        "Neutral": 0.963276207447052,
        "Mixed": 0.004014111589640379
    }
}
