{
    "Sentiment": "NEUTRAL",
    "SentimentScore": {
        "Positive": 0.008463725447654724,
        "Negative": 0.010505829006433487,
        "Neutral": 0.9787598252296448,
        "Mixed": 0.0022706217132508755
    }
}
