{
    "Sentiment": "NEUTRAL",
    "SentimentScore": {
        "Positive": 0.016476329416036606,
        "Negative": 0.003454304998740554,
        "Neutral": 0.9787240028381348,
        "Mixed": 0.0013453521532937884
    }
}
