{
    "Sentiment": "NEGATIVE",
    "SentimentScore": {
        "Positive": 0.002627855632454157,
        "Negative": 0.6952634453773499,
        "Neutral": 0.2832140624523163,
        "Mixed": 0.018894700333476067
    }
}
