{
    "Sentiment": "NEUTRAL",
    "SentimentScore": {
        "Positive": 0.012148119509220123,
        "Negative": 0.019487716257572174,
        "Neutral": 0.9648012518882751,
        "Mixed": 0.0035630047786980867
    }
}
