{
    "Sentiment": "NEUTRAL",
    "SentimentScore": {
        "Positive": 0.003243786282837391,
        "Negative": 0.00740582961589098,
        "Neutral": 0.9881628155708313,
        "Mixed": 0.001187566900625825
    }
}
