{
    "Sentiment": "NEUTRAL",
    "SentimentScore": {
        "Positive": 0.0402439720928669,
        "Negative": 0.06822695583105087,
        "Neutral": 0.884697675704956,
        "Mixed": 0.006831313483417034
    }
}
