{
    "Sentiment": "NEUTRAL",
    "SentimentScore": {
        "Positive": 0.005611875560134649,
        "Negative": 0.0031567357946187258,
        "Neutral": 0.9905691146850586,
        "Mixed": 0.0006622445653192699
    }
}
