{
    "Sentiment": "NEUTRAL",
    "SentimentScore": {
        "Positive": 0.12362805008888245,
        "Negative": 0.03644953668117523,
        "Neutral": 0.8325732946395874,
        "Mixed": 0.007349121849983931
    }
}
