{
    "Sentiment": "NEUTRAL",
    "SentimentScore": {
        "Positive": 0.01820099540054798,
        "Negative": 0.029781969264149666,
        "Neutral": 0.9441908597946167,
        "Mixed": 0.007826183922588825
    }
}
