{
    "Sentiment": "NEUTRAL",
    "SentimentScore": {
        "Positive": 0.0038959747180342674,
        "Negative": 0.09164559841156006,
        "Neutral": 0.9020852446556091,
        "Mixed": 0.002373152645304799
    }
}
