{
    "Sentiment": "NEUTRAL",
    "SentimentScore": {
        "Positive": 0.013665027916431427,
        "Negative": 0.00833349209278822,
        "Neutral": 0.9738788604736328,
        "Mixed": 0.004122535698115826
    }
}
