{
    "Sentiment": "NEUTRAL",
    "SentimentScore": {
        "Positive": 0.039900172501802444,
        "Negative": 0.33750206232070923,
        "Neutral": 0.5609493255615234,
        "Mixed": 0.06164843216538429
    }
}
