{
    "Sentiment": "NEUTRAL",
    "SentimentScore": {
        "Positive": 0.024165133014321327,
        "Negative": 0.0016586363781243563,
        "Neutral": 0.9731999635696411,
        "Mixed": 0.0009762343834154308
    }
}
