{
    "Sentiment": "NEUTRAL",
    "SentimentScore": {
        "Positive": 0.012765292078256607,
        "Negative": 0.014303723350167274,
        "Neutral": 0.9698272347450256,
        "Mixed": 0.0031037325970828533
    }
}
