{
    "Sentiment": "NEUTRAL",
    "SentimentScore": {
        "Positive": 0.010605270974338055,
        "Negative": 0.01292028371244669,
        "Neutral": 0.9741244316101074,
        "Mixed": 0.0023499701637774706
    }
}
