{
    "Sentiment": "NEGATIVE",
    "SentimentScore": {
        "Positive": 0.08336324244737625,
        "Negative": 0.5235447287559509,
        "Neutral": 0.3347380757331848,
        "Mixed": 0.05835392698645592
    }
}
