{
    "Sentiment": "NEUTRAL",
    "SentimentScore": {
        "Positive": 0.0445549301803112,
        "Negative": 0.23259343206882477,
        "Neutral": 0.6669152975082397,
        "Mixed": 0.055936362594366074
    }
}
