{
    "Sentiment": "NEUTRAL",
    "SentimentScore": {
        "Positive": 0.005659015849232674,
        "Negative": 0.03168369084596634,
        "Neutral": 0.9593085050582886,
        "Mixed": 0.003348725847899914
    }
}
