{
    "Sentiment": "NEUTRAL",
    "SentimentScore": {
        "Positive": 0.0654899850487709,
        "Negative": 0.005340253002941608,
        "Neutral": 0.9258298277854919,
        "Mixed": 0.003339933231472969
    }
}
