{
    "Sentiment": "NEUTRAL",
    "SentimentScore": {
        "Positive": 0.006490375846624374,
        "Negative": 0.04471613094210625,
        "Neutral": 0.9403091669082642,
        "Mixed": 0.008484418503940105
    }
}
