{
    "Sentiment": "NEUTRAL",
    "SentimentScore": {
        "Positive": 0.0031920289620757103,
        "Negative": 0.0272565558552742,
        "Neutral": 0.9677078127861023,
        "Mixed": 0.0018435519887134433
    }
}
