{
    "Sentiment": "NEUTRAL",
    "SentimentScore": {
        "Positive": 0.002003408968448639,
        "Negative": 0.1170821338891983,
        "Neutral": 0.8731817603111267,
        "Mixed": 0.007732715457677841
    }
}
