{
    "Sentiment": "POSITIVE",
    "SentimentScore": {
        "Positive": 0.6642471551895142,
        "Negative": 0.008419390767812729,
        "Neutral": 0.3200785517692566,
        "Mixed": 0.007254923228174448
    }
}
