{
    "Sentiment": "NEUTRAL",
    "SentimentScore": {
        "Positive": 0.003814761294052005,
        "Negative": 0.0015239252243191004,
        "Neutral": 0.9943796992301941,
        "Mixed": 0.00028161797672510147
    }
}
