{
    "Sentiment": "NEUTRAL",
    "SentimentScore": {
        "Positive": 0.0024437832180410624,
        "Negative": 0.055749136954545975,
        "Neutral": 0.9378509521484375,
        "Mixed": 0.003956062253564596
    }
}
