{
    "Sentiment": "NEUTRAL",
    "SentimentScore": {
        "Positive": 0.0018754185875877738,
        "Negative": 0.021159566938877106,
        "Neutral": 0.9755843877792358,
        "Mixed": 0.0013807483483105898
    }
}
