{
    "Sentiment": "NEUTRAL",
    "SentimentScore": {
        "Positive": 0.05018501356244087,
        "Negative": 0.038253795355558395,
        "Neutral": 0.8782680034637451,
        "Mixed": 0.033293209969997406
    }
}
