{
    "Sentiment": "POSITIVE",
    "SentimentScore": {
        "Positive": 0.6548077464103699,
        "Negative": 0.0014501860132440925,
        "Neutral": 0.33888158202171326,
        "Mixed": 0.004860489629209042
    }
}
