{
    "Sentiment": "NEUTRAL",
    "SentimentScore": {
        "Positive": 0.024238191545009613,
        "Negative": 0.004778677597641945,
        "Neutral": 0.9700005054473877,
        "Mixed": 0.0009827049216255546
    }
}
