{
    "Sentiment": "NEUTRAL",
    "SentimentScore": {
        "Positive": 0.00917341373860836,
        "Negative": 0.0867878869175911,
        "Neutral": 0.8958366513252258,
        "Mixed": 0.008202052675187588
    }
}
