{
    "Sentiment": "NEUTRAL",
    "SentimentScore": {
        "Positive": 0.2601061165332794,
        "Negative": 0.004427722655236721,
        "Neutral": 0.7283127307891846,
        "Mixed": 0.0071533797308802605
    }
}
