{
    "Sentiment": "NEUTRAL",
    "SentimentScore": {
        "Positive": 0.006223713979125023,
        "Negative": 0.0020551178604364395,
        "Neutral": 0.9911234378814697,
        "Mixed": 0.0005977509426884353
    }
}
