{
    "Sentiment": "NEUTRAL",
    "SentimentScore": {
        "Positive": 0.018968772143125534,
        "Negative": 0.003094365820288658,
        "Neutral": 0.9769725799560547,
        "Mixed": 0.0009643742232583463
    }
}
