{
    "Sentiment": "NEUTRAL",
    "SentimentScore": {
        "Positive": 0.038849059492349625,
        "Negative": 0.04467681422829628,
        "Neutral": 0.9120121002197266,
        "Mixed": 0.0044620223343372345
    }
}
