{
    "Sentiment": "NEUTRAL",
    "SentimentScore": {
        "Positive": 0.0025884718634188175,
        "Negative": 0.028660349547863007,
        "Neutral": 0.9669255614280701,
        "Mixed": 0.001825574436224997
    }
}
