{
    "Sentiment": "NEUTRAL",
    "SentimentScore": {
        "Positive": 0.0021892348304390907,
        "Negative": 0.013131583109498024,
        "Neutral": 0.983635425567627,
        "Mixed": 0.0010436677839607
    }
}
