{
    "Sentiment": "NEUTRAL",
    "SentimentScore": {
        "Positive": 0.053567856550216675,
        "Negative": 0.003505237167701125,
        "Neutral": 0.9403762817382812,
        "Mixed": 0.0025506955571472645
    }
}
