{
    "Sentiment": "NEUTRAL",
    "SentimentScore": {
        "Positive": 0.2100086510181427,
        "Negative": 0.0014754728181287646,
        "Neutral": 0.7859004139900208,
        "Mixed": 0.002615510020405054
    }
}
