{
    "Sentiment": "NEUTRAL",
    "SentimentScore": {
        "Positive": 0.18711207807064056,
        "Negative": 0.014345618896186352,
        "Neutral": 0.781680166721344,
        "Mixed": 0.016862085089087486
    }
}
