{
    "Sentiment": "NEUTRAL",
    "SentimentScore": {
        "Positive": 0.05109929293394089,
        "Negative": 0.007245812099426985,
        "Neutral": 0.9360012412071228,
        "Mixed": 0.00565360439941287
    }
}
