{
    "Sentiment": "NEUTRAL",
    "SentimentScore": {
        "Positive": 0.0029122685082256794,
        "Negative": 0.01756308414041996,
        "Neutral": 0.9780724048614502,
        "Mixed": 0.001452260767109692
    }
}
