{
    "Sentiment": "NEUTRAL",
    "SentimentScore": {
        "Positive": 0.0027695971075445414,
        "Negative": 0.03407115861773491,
        "Neutral": 0.9616272449493408,
        "Mixed": 0.001531926915049553
    }
}
