{
    "Sentiment": "NEUTRAL",
    "SentimentScore": {
        "Positive": 0.019443979486823082,
        "Negative": 0.002028713934123516,
        "Neutral": 0.9778084754943848,
        "Mixed": 0.0007188571034930646
    }
}
