{
    "Sentiment": "NEUTRAL",
    "SentimentScore": {
        "Positive": 0.020263340324163437,
        "Negative": 0.028735164552927017,
        "Neutral": 0.9440351724624634,
        "Mixed": 0.00696629798039794
    }
}
