{
    "Sentiment": "NEUTRAL",
    "SentimentScore": {
        "Positive": 0.006696794647723436,
        "Negative": 0.002437358722090721,
        "Neutral": 0.9904066920280457,
        "Mixed": 0.00045919965486973524
    }
}
