{
    "Sentiment": "POSITIVE",
    "SentimentScore": {
        "Positive": 0.48737138509750366,
        "Negative": 0.03457092121243477,
        "Neutral": 0.4620015621185303,
        "Mixed": 0.016056176275014877
    }
}
