{
    "Sentiment": "NEUTRAL",
    "SentimentScore": {
        "Positive": 0.004074036609381437,
        "Negative": 0.02134050615131855,
        "Neutral": 0.9713567495346069,
        "Mixed": 0.003228699089959264
    }
}
