{
    "Sentiment": "NEUTRAL",
    "SentimentScore": {
        "Positive": 0.0033209228422492743,
        "Negative": 0.08796738088130951,
        "Neutral": 0.8999788165092468,
        "Mixed": 0.008732839487493038
    }
}
