{
    "Sentiment": "NEUTRAL",
    "SentimentScore": {
        "Positive": 0.0033626093063503504,
        "Negative": 0.006525103468447924,
        "Neutral": 0.9883503913879395,
        "Mixed": 0.0017618871061131358
    }
}
