{
    "Sentiment": "NEUTRAL",
    "SentimentScore": {
        "Positive": 0.09436482936143875,
        "Negative": 0.03652132302522659,
        "Neutral": 0.854652464389801,
        "Mixed": 0.014461402781307697
    }
}
