{
    "Sentiment": "NEUTRAL",
    "SentimentScore": {
        "Positive": 0.07168203592300415,
        "Negative": 0.0042940047569572926,
        "Neutral": 0.9222376346588135,
        "Mixed": 0.0017863103421404958
    }
}
