{
    "Sentiment": "NEUTRAL",
    "SentimentScore": {
        "Positive": 0.01237146183848381,
        "Negative": 0.2478281408548355,
        "Neutral": 0.724315881729126,
        "Mixed": 0.015484465286135674
    }
}
