{
    "Sentiment": "NEUTRAL",
    "SentimentScore": {
        "Positive": 0.018756503239274025,
        "Negative": 0.028579918667674065,
        "Neutral": 0.9480042457580566,
        "Mixed": 0.004659287631511688
    }
}
