{
    "Sentiment": "NEUTRAL",
    "SentimentScore": {
        "Positive": 0.006823026575148106,
        "Negative": 0.007760029751807451,
        "Neutral": 0.9831869602203369,
        "Mixed": 0.0022300193086266518
    }
}
