{
    "Sentiment": "NEUTRAL",
    "SentimentScore": {
        "Positive": 0.02222004346549511,
        "Negative": 0.042517054826021194,
        "Neutral": 0.9233605861663818,
        "Mixed": 0.01190230343490839
    }
}
