{
    "Sentiment": "NEUTRAL",
    "SentimentScore": {
        "Positive": 0.16741535067558289,
        "Negative": 0.12405876815319061,
        "Neutral": 0.6594048142433167,
        "Mixed": 0.04912103712558746
    }
}
