{
    "Sentiment": "NEUTRAL",
    "SentimentScore": {
        "Positive": 0.003836254822090268,
        "Negative": 0.008731837384402752,
        "Neutral": 0.9865119457244873,
        "Mixed": 0.0009200446656905115
    }
}
