{
    "Sentiment": "NEUTRAL",
    "SentimentScore": {
        "Positive": 0.057326726615428925,
        "Negative": 0.011603939346969128,
        "Neutral": 0.9292141199111938,
        "Mixed": 0.0018552255351096392
    }
}
