{
    "Sentiment": "NEUTRAL",
    "SentimentScore": {
        "Positive": 0.009528269059956074,
        "Negative": 0.03420846536755562,
        "Neutral": 0.9508371949195862,
        "Mixed": 0.005426155403256416
    }
}
