{
    "Sentiment": "POSITIVE",
    "SentimentScore": {
        "Positive": 0.48733577132225037,
        "Negative": 0.023050472140312195,
        "Neutral": 0.48386621475219727,
        "Mixed": 0.005747565533965826
    }
}
