{
    "Sentiment": "NEUTRAL",
    "SentimentScore": {
        "Positive": 0.023775935173034668,
        "Negative": 0.013861620798707008,
        "Neutral": 0.9610019326210022,
        "Mixed": 0.0013605632120743394
    }
}
