{
    "Sentiment": "NEUTRAL",
    "SentimentScore": {
        "Positive": 0.005374927539378405,
        "Negative": 0.022509971633553505,
        "Neutral": 0.9691034555435181,
        "Mixed": 0.0030116396956145763
    }
}
