{
    "Sentiment": "NEUTRAL",
    "SentimentScore": {
        "Positive": 0.03815479949116707,
        "Negative": 0.009177316911518574,
        "Neutral": 0.9453898072242737,
        "Mixed": 0.0072780693881213665
    }
}
