{
    "Sentiment": "NEUTRAL",
    "SentimentScore": {
        "Positive": 0.032543253153562546,
        "Negative": 0.004695739131420851,
        "Neutral": 0.9616965651512146,
        "Mixed": 0.0010644827270880342
    }
}
