{
    "Sentiment": "POSITIVE",
    "SentimentScore": {
        "Positive": 0.8679811954498291,
        "Negative": 0.0010348036885261536,
        "Neutral": 0.12679678201675415,
        "Mixed": 0.004187127575278282
    }
}
