{
    "Sentiment": "NEUTRAL",
    "SentimentScore": {
        "Positive": 0.003604874247685075,
        "Negative": 0.0020266619976609945,
        "Neutral": 0.9938020706176758,
        "Mixed": 0.0005664322525262833
    }
}
