{
    "Sentiment": "NEUTRAL",
    "SentimentScore": {
        "Positive": 0.001913484768010676,
        "Negative": 0.03616207465529442,
        "Neutral": 0.9608361721038818,
        "Mixed": 0.0010882565984502435
    }
}
