{
    "Sentiment": "POSITIVE",
    "SentimentScore": {
        "Positive": 0.8702909350395203,
        "Negative": 0.0012571167899295688,
        "Neutral": 0.12535977363586426,
        "Mixed": 0.0030921504367142916
    }
}
