{
    "Sentiment": "NEUTRAL",
    "SentimentScore": {
        "Positive": 0.002201217459514737,
        "Negative": 0.022886235266923904,
        "Neutral": 0.9727898240089417,
        "Mixed": 0.002122745616361499
    }
}
