{
    "Sentiment": "NEUTRAL",
    "SentimentScore": {
        "Positive": 0.020635871216654778,
        "Negative": 0.0087546706199646,
        "Neutral": 0.9690038561820984,
        "Mixed": 0.001605633762665093
    }
}
