{
    "Sentiment": "NEUTRAL",
    "SentimentScore": {
        "Positive": 0.011686751618981361,
        "Negative": 0.13172589242458344,
        "Neutral": 0.8358631730079651,
        "Mixed": 0.020724212750792503
    }
}
