{
    "Sentiment": "POSITIVE",
    "SentimentScore": {
        "Positive": 0.7140898108482361,
        "Negative": 0.02922247350215912,
        "Neutral": 0.19756430387496948,
        "Mixed": 0.059123445302248
    }
}
