{
    "Sentiment": "NEUTRAL",
    "SentimentScore": {
        "Positive": 0.004919446539133787,
        "Negative": 0.03516046702861786,
        "Neutral": 0.9566930532455444,
        "Mixed": 0.0032270795200020075
    }
}
