{
    "Sentiment": "NEUTRAL",
    "SentimentScore": {
        "Positive": 0.042286258190870285,
        "Negative": 0.012776941992342472,
        "Neutral": 0.9434590935707092,
        "Mixed": 0.001477748272009194
    }
}
