{
    "Sentiment": "NEUTRAL",
    "SentimentScore": {
        "Positive": 0.005097223445773125,
        "Negative": 0.005608668085187674,
        "Neutral": 0.9884025454521179,
        "Mixed": 0.0008916464867070317
    }
}
