{
    "Sentiment": "NEUTRAL",
    "SentimentScore": {
        "Positive": 0.00773830059915781,
        "Negative": 0.004355680197477341,
        "Neutral": 0.9869529008865356,
        "Mixed": 0.0009531075484119356
    }
}
