{
    "Sentiment": "NEUTRAL",
    "SentimentScore": {
        "Positive": 0.001953291008248925,
        "Negative": 0.1203402727842331,
        "Neutral": 0.8735133409500122,
        "Mixed": 0.004193133674561977
    }
}
