{
    "Sentiment": "NEGATIVE",
    "SentimentScore": {
        "Positive": 0.004602406639605761,
        "Negative": 0.7707294225692749,
        "Neutral": 0.20654119551181793,
        "Mixed": 0.0181269533932209
    }
}
