{
    "Sentiment": "NEUTRAL",
    "SentimentScore": {
        "Positive": 0.011998074129223824,
        "Negative": 0.041902922093868256,
        "Neutral": 0.9395570755004883,
        "Mixed": 0.006541910581290722
    }
}
