{
    "Sentiment": "NEUTRAL",
    "SentimentScore": {
        "Positive": 0.00422459002584219,
        "Negative": 0.05144936591386795,
        "Neutral": 0.9402220249176025,
        "Mixed": 0.004104085732251406
    }
}
