{
    "Sentiment": "NEUTRAL",
    "SentimentScore": {
        "Positive": 0.03212098032236099,
        "Negative": 0.25590068101882935,
        "Neutral": 0.6844540238380432,
        "Mixed": 0.027524318546056747
    }
}
