{
    "Sentiment": "NEUTRAL",
    "SentimentScore": {
        "Positive": 0.008407678455114365,
        "Negative": 0.011145466938614845,
        "Neutral": 0.9781236052513123,
        "Mixed": 0.0023232856765389442
    }
}
