{
    "Sentiment": "NEUTRAL",
    "SentimentScore": {
        "Positive": 0.002840162254869938,
        "Negative": 0.004218751098960638,
        "Neutral": 0.9923658967018127,
        "Mixed": 0.0005751167191192508
    }
}
