{
    "Sentiment": "NEUTRAL",
    "SentimentScore": {
        "Positive": 0.13897888362407684,
        "Negative": 0.002569081960245967,
        "Neutral": 0.8567528128623962,
        "Mixed": 0.001699219224974513
    }
}
