{
    "Sentiment": "NEUTRAL",
    "SentimentScore": {
        "Positive": 0.014123121276497841,
        "Negative": 0.011198881082236767,
        "Neutral": 0.9729005098342896,
        "Mixed": 0.0017774775624275208
    }
}
