{
    "Sentiment": "NEUTRAL",
    "SentimentScore": {
        "Positive": 0.0026731097605079412,
        "Negative": 0.05065406486392021,
        "Neutral": 0.9455092549324036,
        "Mixed": 0.0011635585688054562
    }
}
