{
    "Sentiment": "NEUTRAL",
    "SentimentScore": {
        "Positive": 0.014257196336984634,
        "Negative": 0.053636584430933,
        "Neutral": 0.9264930486679077,
        "Mixed": 0.005613251123577356
    }
}
