{
    "Sentiment": "NEUTRAL",
    "SentimentScore": {
        "Positive": 0.005962644703686237,
        "Negative": 0.00817298423498869,
        "Neutral": 0.9847450852394104,
        "Mixed": 0.0011193426325917244
    }
}
