{
    "Sentiment": "NEUTRAL",
    "SentimentScore": {
        "Positive": 0.032063405960798264,
        "Negative": 0.013145862147212029,
        "Neutral": 0.9491601586341858,
        "Mixed": 0.005630668718367815
    }
}
