{
    "Sentiment": "NEUTRAL",
    "SentimentScore": {
        "Positive": 0.0022143451496958733,
        "Negative": 0.034284014254808426,
        "Neutral": 0.9603054523468018,
        "Mixed": 0.0031962392386049032
    }
}
