{
    "Sentiment": "NEUTRAL",
    "SentimentScore": {
        "Positive": 0.0028574480675160885,
        "Negative": 0.03537270799279213,
        "Neutral": 0.9597444534301758,
        "Mixed": 0.002025436144322157
    }
}
