{
    "Sentiment": "NEUTRAL",
    "SentimentScore": {
        "Positive": 0.0063079423271119595,
        "Negative": 0.0014182390877977014,
        "Neutral": 0.991844117641449,
        "Mixed": 0.00042966759065166116
    }
}
