{
    "Sentiment": "NEUTRAL",
    "SentimentScore": {
        "Positive": 0.0031446320936083794,
        "Negative": 0.004602160304784775,
        "Neutral": 0.9916199445724487,
        "Mixed": 0.0006332422490231693
    }
}
