{
    "Sentiment": "NEUTRAL",
    "SentimentScore": {
        "Positive": 0.01861034892499447,
        "Negative": 0.0548827201128006,
        "Neutral": 0.9176725149154663,
        "Mixed": 0.008834416046738625
    }
}
