{
    "Sentiment": "NEUTRAL",
    "SentimentScore": {
        "Positive": 0.09448164701461792,
        "Negative": 0.0016611606115475297,
        "Neutral": 0.9020556807518005,
        "Mixed": 0.0018014712259173393
    }
}
