{
    "Sentiment": "NEUTRAL",
    "SentimentScore": {
        "Positive": 0.004860330373048782,
        "Negative": 0.011287503875792027,
        "Neutral": 0.982673704624176,
        "Mixed": 0.001178497332148254
    }
}
