{
    "Sentiment": "POSITIVE",
    "SentimentScore": {
        "Positive": 0.8531658053398132,
        "Negative": 0.010262799449265003,
        "Neutral": 0.1272439807653427,
        "Mixed": 0.009327415376901627
    }
}
