{
    "Sentiment": "NEUTRAL",
    "SentimentScore": {
        "Positive": 0.004308698233217001,
        "Negative": 0.005636143032461405,
        "Neutral": 0.9889107942581177,
        "Mixed": 0.0011443068506196141
    }
}
