{
    "Sentiment": "NEUTRAL",
    "SentimentScore": {
        "Positive": 0.00354577274993062,
        "Negative": 0.0039853001944720745,
        "Neutral": 0.9917473793029785,
        "Mixed": 0.0007215723744593561
    }
}
