{
    "Sentiment": "NEUTRAL",
    "SentimentScore": {
        "Positive": 0.004521713592112064,
        "Negative": 0.013705049641430378,
        "Neutral": 0.9799098968505859,
        "Mixed": 0.0018632832216098905
    }
}
