{
    "Sentiment": "POSITIVE",
    "SentimentScore": {
        "Positive": 0.6600784659385681,
        "Negative": 0.0010282068978995085,
        "Neutral": 0.3349049687385559,
        "Mixed": 0.003988328855484724
    }
}
