{
    "Sentiment": "NEUTRAL",
    "SentimentScore": {
        "Positive": 0.016026921570301056,
        "Negative": 0.0625436082482338,
        "Neutral": 0.9128547310829163,
        "Mixed": 0.008574772626161575
    }
}
