{
    "Sentiment": "NEUTRAL",
    "SentimentScore": {
        "Positive": 0.061931122094392776,
        "Negative": 0.36541593074798584,
        "Neutral": 0.5267463326454163,
        "Mixed": 0.04590658098459244
    }
}
