{
    "Sentiment": "NEUTRAL",
    "SentimentScore": {
        "Positive": 0.10925862193107605,
        "Negative": 0.06225472316145897,
        "Neutral": 0.8147626519203186,
        "Mixed": 0.01372397318482399
    }
}
