{
    "Sentiment": "NEUTRAL",
    "SentimentScore": {
        "Positive": 0.016472917050123215,
        "Negative": 0.1429588943719864,
        "Neutral": 0.8253961801528931,
        "Mixed": 0.015172045677900314
    }
}
