{
    "Sentiment": "NEUTRAL",
    "SentimentScore": {
        "Positive": 0.006472098175436258,
        "Negative": 0.005995701998472214,
        "Neutral": 0.9867082834243774,
        "Mixed": 0.0008239291491918266
    }
}
