{
    "Sentiment": "NEUTRAL",
    "SentimentScore": {
        "Positive": 0.006332084536552429,
        "Negative": 0.4335266947746277,
        "Neutral": 0.5324367880821228,
        "Mixed": 0.027704456821084023
    }
}
