{
    "Sentiment": "NEUTRAL",
    "SentimentScore": {
        "Positive": 0.002052967669442296,
        "Negative": 0.1234167292714119,
        "Neutral": 0.8713263273239136,
        "Mixed": 0.0032039510551840067
    }
}
