{
    "Sentiment": "NEUTRAL",
    "SentimentScore": {
        "Positive": 0.006922862958163023,
        "Negative": 0.005061873700469732,
        "Neutral": 0.9869116544723511,
        "Mixed": 0.0011035542702302337
    }
}
