{
    "Sentiment": "NEUTRAL",
    "SentimentScore": {
        "Positive": 0.03802859038114548,
        "Negative": 0.030034661293029785,
        "Neutral": 0.9249688386917114,
        "Mixed": 0.006968001369386911
    }
}
