{
    "Sentiment": "NEUTRAL",
    "SentimentScore": {
        "Positive": 0.4041101634502411,
        "Negative": 0.05780082568526268,
        "Neutral": 0.5324996709823608,
        "Mixed": 0.005589378997683525
    }
}
