{
    "Sentiment": "NEUTRAL",
    "SentimentScore": {
        "Positive": 0.026411263272166252,
        "Negative": 0.00227649905718863,
        "Neutral": 0.9704581499099731,
        "Mixed": 0.0008540853741578758
    }
}
