{
    "Sentiment": "NEUTRAL",
    "SentimentScore": {
        "Positive": 0.005169193260371685,
        "Negative": 0.003667960176244378,
        "Neutral": 0.9903082251548767,
        "Mixed": 0.0008545335149392486
    }
}
