{
    "Sentiment": "NEUTRAL",
    "SentimentScore": {
        "Positive": 0.0029981231782585382,
        "Negative": 0.006439862307161093,
        "Neutral": 0.9897549748420715,
        "Mixed": 0.0008070832118391991
    }
}
