{
    "Sentiment": "NEUTRAL",
    "SentimentScore": {
        "Positive": 0.206351175904274,
        "Negative": 0.00310494564473629,
        "Neutral": 0.7855022549629211,
        "Mixed": 0.005041663069278002
    }
}
