{
    "Sentiment": "NEUTRAL",
    "SentimentScore": {
        "Positive": 0.008514047600328922,
        "Negative": 0.024984784424304962,
        "Neutral": 0.9592908620834351,
        "Mixed": 0.0072103142738342285
    }
}
