{
    "Sentiment": "NEUTRAL",
    "SentimentScore": {
        "Positive": 0.012477089650928974,
        "Negative": 0.1267368048429489,
        "Neutral": 0.8451536297798157,
        "Mixed": 0.015632525086402893
    }
}
