{
    "Sentiment": "NEUTRAL",
    "SentimentScore": {
        "Positive": 0.22665320336818695,
        "Negative": 0.002135816030204296,
        "Neutral": 0.7682887315750122,
        "Mixed": 0.002922315616160631
    }
}
