{
    "Sentiment": "NEUTRAL",
    "SentimentScore": {
        "Positive": 0.04500003904104233,
        "Negative": 0.056028734892606735,
        "Neutral": 0.8896849155426025,
        "Mixed": 0.009286236017942429
    }
}
