{
    "Sentiment": "NEUTRAL",
    "SentimentScore": {
        "Positive": 0.009890323504805565,
        "Negative": 0.0035025973338633776,
        "Neutral": 0.985390305519104,
        "Mixed": 0.001216733013279736
    }
}
