{
    "Sentiment": "NEUTRAL",
    "SentimentScore": {
        "Positive": 0.017148399725556374,
        "Negative": 0.0012003500014543533,
        "Neutral": 0.9810205698013306,
        "Mixed": 0.0006306925206445158
    }
}
