{
    "Sentiment": "NEUTRAL",
    "SentimentScore": {
        "Positive": 0.0022981970105320215,
        "Negative": 0.0270423274487257,
        "Neutral": 0.9692183136940002,
        "Mixed": 0.0014411105075851083
    }
}
