{
    "Sentiment": "NEUTRAL",
    "SentimentScore": {
        "Positive": 0.03610783442854881,
        "Negative": 0.052544839680194855,
        "Neutral": 0.8981354832649231,
        "Mixed": 0.013211862184107304
    }
}
