{
    "Sentiment": "NEUTRAL",
    "SentimentScore": {
        "Positive": 0.0031998571939766407,
        "Negative": 0.004464811645448208,
        "Neutral": 0.9917991161346436,
        "Mixed": 0.0005362361553125083
    }
}
