{
    "Sentiment": "NEUTRAL",
    "SentimentScore": {
        "Positive": 0.003931050654500723,
        "Negative": 0.11590966582298279,
        "Neutral": 0.8763546943664551,
        "Mixed": 0.003804589621722698
    }
}
