{
    "Sentiment": "NEUTRAL",
    "SentimentScore": {
        "Positive": 0.0039046024903655052,
        "Negative": 0.022750694304704666,
        "Neutral": 0.9719713926315308,
        "Mixed": 0.0013732605148106813
    }
}
