{
    "Sentiment": "NEUTRAL",
    "SentimentScore": {
        "Positive": 0.001899845665320754,
        "Negative": 0.012404415756464005,
        "Neutral": 0.9846494793891907,
        "Mixed": 0.0010462537175044417
    }
}
