{
    "Sentiment": "NEUTRAL",
    "SentimentScore": {
        "Positive": 0.004730716347694397,
        "Negative": 0.06180034950375557,
        "Neutral": 0.9287750720977783,
        "Mixed": 0.004693910479545593
    }
}
