{
    "Sentiment": "NEUTRAL",
    "SentimentScore": {
        "Positive": 0.002951065544039011,
        "Negative": 0.003502075094729662,
        "Neutral": 0.9931250810623169,
        "Mixed": 0.00042171095265075564
    }
}
