{
    "Sentiment": "POSITIVE",
    "SentimentScore": {
        "Positive": 0.8382572531700134,
        "Negative": 0.0005146105540916324,
        "Neutral": 0.15911489725112915,
        "Mixed": 0.002113137161359191
    }
}
