{
    "Sentiment": "NEUTRAL",
    "SentimentScore": {
        "Positive": 0.029610279947519302,
        "Negative": 0.15901629626750946,
        "Neutral": 0.7789276838302612,
        "Mixed": 0.03244571015238762
    }
}
