{
    "Sentiment": "NEUTRAL",
    "SentimentScore": {
        "Positive": 0.01132988277822733,
        "Negative": 0.0026384966913610697,
        "Neutral": 0.9850836396217346,
        "Mixed": 0.0009479181608185172
    }
}
