{
    "Sentiment": "NEUTRAL",
    "SentimentScore": {
        "Positive": 0.0020200959406793118,
        "Negative": 0.12980487942695618,
        "Neutral": 0.8654865622520447,
        "Mixed": 0.002688472392037511
    }
}
