{
    "Sentiment": "NEUTRAL",
    "SentimentScore": {
        "Positive": 0.01876034028828144,
        "Negative": 0.05406618118286133,
        "Neutral": 0.9066627621650696,
        "Mixed": 0.020510680973529816
    }
}
