{
    "Sentiment": "NEUTRAL",
    "SentimentScore": {
        "Positive": 0.0329519659280777,
        "Negative": 0.07660670578479767,
        "Neutral": 0.878201425075531,
        "Mixed": 0.012239860370755196
    }
}
