{
    "Sentiment": "NEUTRAL",
    "SentimentScore": {
        "Positive": 0.005123334005475044,
        "Negative": 0.06387481838464737,
        "Neutral": 0.9259318113327026,
        "Mixed": 0.005070050247013569
    }
}
