{
    "Sentiment": "NEUTRAL",
    "SentimentScore": {
        "Positive": 0.004944054409861565,
        "Negative": 0.010952813550829887,
        "Neutral": 0.9834926128387451,
        "Mixed": 0.0006104212952777743
    }
}
