{
    "Sentiment": "NEUTRAL",
    "SentimentScore": {
        "Positive": 0.0024806219153106213,
        "Negative": 0.020397217944264412,
        "Neutral": 0.9759542942047119,
        "Mixed": 0.001167847542092204
    }
}
