{
    "Sentiment": "NEUTRAL",
    "SentimentScore": {
        "Positive": 0.011610977351665497,
        "Negative": 0.0006370082846842706,
        "Neutral": 0.9872879981994629,
        "Mixed": 0.00046401293366216123
    }
}
