{
    "Sentiment": "NEUTRAL",
    "SentimentScore": {
        "Positive": 0.009266453795135021,
        "Negative": 0.024339718744158745,
        "Neutral": 0.9643300771713257,
        "Mixed": 0.0020636962726712227
    }
}
