{
    "Sentiment": "NEUTRAL",
    "SentimentScore": {
        "Positive": 0.006297554355114698,
        "Negative": 0.03309796750545502,
        "Neutral": 0.9561575055122375,
        "Mixed": 0.0044469223357737064
    }
}
