{
    "Sentiment": "POSITIVE",
    "SentimentScore": {
        "Positive": 0.52093505859375,
        "Negative": 0.00945404265075922,
        "Neutral": 0.44078436493873596,
        "Mixed": 0.028826585039496422
    }
}
