{
    "Sentiment": "NEUTRAL",
    "SentimentScore": {
        "Positive": 0.02156103029847145,
        "Negative": 0.09408823400735855,
        "Neutral": 0.8781183958053589,
        "Mixed": 0.006232298910617828
    }
}
