{
    "Sentiment": "NEUTRAL",
    "SentimentScore": {
        "Positive": 0.264028936624527,
        "Negative": 0.0013189815217629075,
        "Neutral": 0.7312506437301636,
        "Mixed": 0.0034014435950666666
    }
}
