{
    "Sentiment": "NEUTRAL",
    "SentimentScore": {
        "Positive": 0.004093159455806017,
        "Negative": 0.3232346773147583,
        "Neutral": 0.6570340991020203,
        "Mixed": 0.015638040378689766
    }
}
