{
    "Sentiment": "NEUTRAL",
    "SentimentScore": {
        "Positive": 0.006243340205401182,
        "Negative": 0.06988319754600525,
        "Neutral": 0.9111910462379456,
        "Mixed": 0.012682470493018627
    }
}
