{
    "Sentiment": "NEUTRAL",
    "SentimentScore": {
        "Positive": 0.017351387068629265,
        "Negative": 0.09283971041440964,
        "Neutral": 0.8784685134887695,
        "Mixed": 0.011340441182255745
    }
}
