{
    "Sentiment": "NEUTRAL",
    "SentimentScore": {
        "Positive": 0.0028611854650080204,
        "Negative": 0.15020577609539032,
        "Neutral": 0.8415713906288147,
        "Mixed": 0.005361559800803661
    }
}
