{
    "Sentiment": "NEUTRAL",
    "SentimentScore": {
        "Positive": 0.00729272048920393,
        "Negative": 0.016798749566078186,
        "Neutral": 0.9737598299980164,
        "Mixed": 0.002148637780919671
    }
}
