{
    "Sentiment": "NEUTRAL",
    "SentimentScore": {
        "Positive": 0.014663949608802795,
        "Negative": 0.005345198325812817,
        "Neutral": 0.978469729423523,
        "Mixed": 0.0015211050631478429
    }
}
