{
    "Sentiment": "NEUTRAL",
    "SentimentScore": {
        "Positive": 0.004857080057263374,
        "Negative": 0.03607214614748955,
        "Neutral": 0.956200122833252,
        "Mixed": 0.0028707170858979225
    }
}
