{
    "Sentiment": "NEUTRAL",
    "SentimentScore": {
        "Positive": 0.010992583818733692,
        "Negative": 0.18136441707611084,
        "Neutral": 0.7802019119262695,
        "Mixed": 0.027441076934337616
    }
}
