{
    "Sentiment": "NEUTRAL",
    "SentimentScore": {
        "Positive": 0.005601421929895878,
        "Negative": 0.03079303354024887,
        "Neutral": 0.9603461027145386,
        "Mixed": 0.003259388031437993
    }
}
