{
    "Sentiment": "NEGATIVE",
    "SentimentScore": {
        "Positive": 0.004822483751922846,
        "Negative": 0.9227562546730042,
        "Neutral": 0.056368909776210785,
        "Mixed": 0.016052456572651863
    }
}
