{
    "Sentiment": "NEUTRAL",
    "SentimentScore": {
        "Positive": 0.28842630982398987,
        "Negative": 0.16471654176712036,
        "Neutral": 0.4938374161720276,
        "Mixed": 0.053019724786281586
    }
}
