{
    "Sentiment": "NEUTRAL",
    "SentimentScore": {
        "Positive": 0.00405384274199605,
        "Negative": 0.006185137201100588,
        "Neutral": 0.9890544414520264,
        "Mixed": 0.0007065948448143899
    }
}
