{
    "Sentiment": "NEUTRAL",
    "SentimentScore": {
        "Positive": 0.001584396231919527,
        "Negative": 0.01238750759512186,
        "Neutral": 0.9850353002548218,
        "Mixed": 0.0009928068611770868
    }
}
