{
    "Sentiment": "NEUTRAL",
    "SentimentScore": {
        "Positive": 0.005951808299869299,
        "Negative": 0.0032083108089864254,
        "Neutral": 0.9903663396835327,
        "Mixed": 0.00047354234266094863
    }
}
