{
    "Sentiment": "NEUTRAL",
    "SentimentScore": {
        "Positive": 0.236348956823349,
        "Negative": 0.07867517322301865,
        "Neutral": 0.6471805572509766,
        "Mixed": 0.03779527544975281
    }
}
