{
    "Sentiment": "NEUTRAL",
    "SentimentScore": {
        "Positive": 0.02687368355691433,
        "Negative": 0.22762811183929443,
        "Neutral": 0.723676860332489,
        "Mixed": 0.021821293979883194
    }
}
