{
    "Sentiment": "NEUTRAL",
    "SentimentScore": {
        "Positive": 0.1731196790933609,
        "Negative": 0.005225475877523422,
        "Neutral": 0.8187341094017029,
        "Mixed": 0.0029207230545580387
    }
}
