{
    "Sentiment": "NEUTRAL",
    "SentimentScore": {
        "Positive": 0.0009476462146267295,
        "Negative": 0.006281714420765638,
        "Neutral": 0.9923006296157837,
        "Mixed": 0.00046996946912258863
    }
}
