{
    "Sentiment": "POSITIVE",
    "SentimentScore": {
        "Positive": 0.5108026266098022,
        "Negative": 0.1046149879693985,
        "Neutral": 0.21466627717018127,
        "Mixed": 0.16991610825061798
    }
}
