{
    "Sentiment": "NEUTRAL",
    "SentimentScore": {
        "Positive": 0.015426007099449635,
        "Negative": 0.052364375442266464,
        "Neutral": 0.9290421605110168,
        "Mixed": 0.0031674609053879976
    }
}
