{
    "Sentiment": "NEUTRAL",
    "SentimentScore": {
        "Positive": 0.0009860947029665112,
        "Negative": 0.042239658534526825,
        "Neutral": 0.9548471570014954,
        "Mixed": 0.001927133183926344
    }
}
