{
    "Sentiment": "NEUTRAL",
    "SentimentScore": {
        "Positive": 0.007997524924576283,
        "Negative": 0.003520613070577383,
        "Neutral": 0.9878089427947998,
        "Mixed": 0.0006728675798512995
    }
}
