{
    "Sentiment": "NEUTRAL",
    "SentimentScore": {
        "Positive": 0.0023908556904643774,
        "Negative": 0.001351098995655775,
        "Neutral": 0.9960266351699829,
        "Mixed": 0.00023146033345256
    }
}
