{
    "Sentiment": "NEUTRAL",
    "SentimentScore": {
        "Positive": 0.004692302085459232,
        "Negative": 0.002260509878396988,
        "Neutral": 0.9925786852836609,
        "Mixed": 0.0004685263556893915
    }
}
