{
    "Sentiment": "NEUTRAL",
    "SentimentScore": {
        "Positive": 0.003849444445222616,
        "Negative": 0.02613978087902069,
        "Neutral": 0.9674692749977112,
        "Mixed": 0.0025414598640054464
    }
}
