{
    "Sentiment": "NEUTRAL",
    "SentimentScore": {
        "Positive": 0.004836363717913628,
        "Negative": 0.008832807652652264,
        "Neutral": 0.9855743646621704,
        "Mixed": 0.0007564183906652033
    }
}
