{
    "Sentiment": "NEUTRAL",
    "SentimentScore": {
        "Positive": 0.008004735223948956,
        "Negative": 0.1345490962266922,
        "Neutral": 0.8451482057571411,
        "Mixed": 0.012298005633056164
    }
}
