{
    "Sentiment": "NEUTRAL",
    "SentimentScore": {
        "Positive": 0.004099620506167412,
        "Negative": 0.008290991187095642,
        "Neutral": 0.9865553379058838,
        "Mixed": 0.0010540741495788097
    }
}
