{
    "Sentiment": "NEUTRAL",
    "SentimentScore": {
        "Positive": 0.00409249821677804,
        "Negative": 0.0875251367688179,
        "Neutral": 0.9061560034751892,
        "Mixed": 0.002226324053481221
    }
}
