{
    "Sentiment": "NEUTRAL",
    "SentimentScore": {
        "Positive": 0.046378858387470245,
        "Negative": 0.03514335677027702,
        "Neutral": 0.907892107963562,
        "Mixed": 0.01058566477149725
    }
}
