{
    "Sentiment": "POSITIVE",
    "SentimentScore": {
        "Positive": 0.5588274002075195,
        "Negative": 0.002286667702719569,
        "Neutral": 0.43090149760246277,
        "Mixed": 0.007984482683241367
    }
}
