{
    "Sentiment": "NEUTRAL",
    "SentimentScore": {
        "Positive": 0.019786257296800613,
        "Negative": 0.030821537598967552,
        "Neutral": 0.9411773085594177,
        "Mixed": 0.008214822970330715
    }
}
