{
    "Sentiment": "NEUTRAL",
    "SentimentScore": {
        "Positive": 0.006898116786032915,
        "Negative": 0.012548137456178665,
        "Neutral": 0.977835476398468,
        "Mixed": 0.002718255389481783
    }
}
