{
    "Sentiment": "NEUTRAL",
    "SentimentScore": {
        "Positive": 0.04743359610438347,
        "Negative": 0.0041448576375842094,
        "Neutral": 0.9460253119468689,
        "Mixed": 0.002396246185526252
    }
}
