{
    "Sentiment": "NEUTRAL",
    "SentimentScore": {
        "Positive": 0.009259368292987347,
        "Negative": 0.0030778110958635807,
        "Neutral": 0.9871310591697693,
        "Mixed": 0.000531720754224807
    }
}
