{
    "Sentiment": "NEUTRAL",
    "SentimentScore": {
        "Positive": 0.011880175210535526,
        "Negative": 0.021512217819690704,
        "Neutral": 0.9653366804122925,
        "Mixed": 0.0012708953581750393
    }
}
