{
    "Sentiment": "NEUTRAL",
    "SentimentScore": {
        "Positive": 0.0018080122536048293,
        "Negative": 0.003300839103758335,
        "Neutral": 0.994620680809021,
        "Mixed": 0.0002704891958273947
    }
}
