{
    "Sentiment": "NEUTRAL",
    "SentimentScore": {
        "Positive": 0.01995665580034256,
        "Negative": 0.12261699885129929,
        "Neutral": 0.8416058421134949,
        "Mixed": 0.015820499509572983
    }
}
