{
    "Sentiment": "NEUTRAL",
    "SentimentScore": {
        "Positive": 0.0032613531220704317,
        "Negative": 0.019654525443911552,
        "Neutral": 0.975730299949646,
        "Mixed": 0.0013538425555452704
    }
}
