{
    "Sentiment": "NEUTRAL",
    "SentimentScore": {
        "Positive": 0.00428134435787797,
        "Negative": 0.006305168382823467,
        "Neutral": 0.9884907007217407,
        "Mixed": 0.0009227467817254364
    }
}
