{
    "Sentiment": "NEUTRAL",
    "SentimentScore": {
        "Positive": 0.05203808471560478,
        "Negative": 0.07363688200712204,
        "Neutral": 0.8586546778678894,
        "Mixed": 0.015670351684093475
    }
}
