{
    "Sentiment": "NEUTRAL",
    "SentimentScore": {
        "Positive": 0.11988697946071625,
        "Negative": 0.02283548191189766,
        "Neutral": 0.8545032739639282,
        "Mixed": 0.0027742423117160797
    }
}
