{
    "Sentiment": "NEUTRAL",
    "SentimentScore": {
        "Positive": 0.006356259807944298,
        "Negative": 0.003682438051328063,
        "Neutral": 0.9887296557426453,
        "Mixed": 0.0012315429048612714
    }
}
