{
    "Sentiment": "NEUTRAL",
    "SentimentScore": {
        "Positive": 0.02151407115161419,
        "Negative": 0.002022756030783057,
        "Neutral": 0.97513347864151,
        "Mixed": 0.0013297165278345346
    }
}
