{
    "Sentiment": "NEUTRAL",
    "SentimentScore": {
        "Positive": 0.0018545511411502957,
        "Negative": 0.013314550742506981,
        "Neutral": 0.9839397668838501,
        "Mixed": 0.0008910377509891987
    }
}
