{
    "Sentiment": "NEUTRAL",
    "SentimentScore": {
        "Positive": 0.004312371369451284,
        "Negative": 0.23830823600292206,
        "Neutral": 0.7435206174850464,
        "Mixed": 0.013858715072274208
    }
}
