{
    "Sentiment": "NEUTRAL",
    "SentimentScore": {
        "Positive": 0.025930151343345642,
        "Negative": 0.37774285674095154,
        "Neutral": 0.5439971685409546,
        "Mixed": 0.05232984200119972
    }
}
