{
    "Sentiment": "NEUTRAL",
    "SentimentScore": {
        "Positive": 0.039293643087148666,
        "Negative": 0.0023355609737336636,
        "Neutral": 0.9575169682502747,
        "Mixed": 0.0008538251859135926
    }
}
