{
    "Sentiment": "NEUTRAL",
    "SentimentScore": {
        "Positive": 0.14035820960998535,
        "Negative": 0.002134554786607623,
        "Neutral": 0.8553363084793091,
        "Mixed": 0.002170869382098317
    }
}
