{
    "Sentiment": "NEUTRAL",
    "SentimentScore": {
        "Positive": 0.017397603020071983,
        "Negative": 0.02778445929288864,
        "Neutral": 0.9507478475570679,
        "Mixed": 0.004070105496793985
    }
}
