{
    "Sentiment": "NEUTRAL",
    "SentimentScore": {
        "Positive": 0.01480898354202509,
        "Negative": 0.0014204189646989107,
        "Neutral": 0.9832112789154053,
        "Mixed": 0.0005593282403424382
    }
}
