{
    "Sentiment": "NEGATIVE",
    "SentimentScore": {
        "Positive": 0.017299706116318703,
        "Negative": 0.5288835167884827,
        "Neutral": 0.40011370182037354,
        "Mixed": 0.05370306223630905
    }
}
