{
    "Sentiment": "NEUTRAL",
    "SentimentScore": {
        "Positive": 0.023180555552244186,
        "Negative": 0.011382386088371277,
        "Neutral": 0.9589346647262573,
        "Mixed": 0.0065023768693208694
    }
}
