{
    "Sentiment": "NEUTRAL",
    "SentimentScore": {
        "Positive": 0.004036237020045519,
        "Negative": 0.27096906304359436,
        "Neutral": 0.7112651467323303,
        "Mixed": 0.013729528523981571
    }
}
