{
    "Sentiment": "NEUTRAL",
    "SentimentScore": {
        "Positive": 0.09238652139902115,
        "Negative": 0.0037828751374036074,
        "Neutral": 0.9015669226646423,
        "Mixed": 0.0022636884823441505
    }
}
