{
    "Sentiment": "NEUTRAL",
    "SentimentScore": {
        "Positive": 0.0033030787017196417,
        "Negative": 0.02249760553240776,
        "Neutral": 0.9709585309028625,
        "Mixed": 0.003240807680413127
    }
}
