{
    "Sentiment": "NEUTRAL",
    "SentimentScore": {
        "Positive": 0.06259741634130478,
        "Negative": 0.09238596260547638,
        "Neutral": 0.8078100085258484,
        "Mixed": 0.03720652684569359
    }
}
