{
    "Sentiment": "NEUTRAL",
    "SentimentScore": {
        "Positive": 0.01843779720366001,
        "Negative": 0.00904172845184803,
        "Neutral": 0.9716070890426636,
        "Mixed": 0.0009133964776992798
    }
}
