{
    "Sentiment": "NEUTRAL",
    "SentimentScore": {
        "Positive": 0.0429854653775692,
        "Negative": 0.1579519510269165,
        "Neutral": 0.7915434241294861,
        "Mixed": 0.007519138511270285
    }
}
