{
    "Sentiment": "NEUTRAL",
    "SentimentScore": {
        "Positive": 0.004571699071675539,
        "Negative": 0.009084532968699932,
        "Neutral": 0.9854902029037476,
        "Mixed": 0.0008535748347640038
    }
}
