{
    "Sentiment": "NEUTRAL",
    "SentimentScore": {
        "Positive": 0.005511532537639141,
        "Negative": 0.005832739174365997,
        "Neutral": 0.9874559044837952,
        "Mixed": 0.00119976291898638
    }
}
