{
    "Sentiment": "NEUTRAL",
    "SentimentScore": {
        "Positive": 0.010826797224581242,
        "Negative": 0.24917003512382507,
        "Neutral": 0.7164294719696045,
        "Mixed": 0.02357371151447296
    }
}
