{
    "Sentiment": "NEUTRAL",
    "SentimentScore": {
        "Positive": 0.003224228508770466,
        "Negative": 0.006041927263140678,
        "Neutral": 0.9901977777481079,
        "Mixed": 0.0005360625800676644
    }
}
