{
    "Sentiment": "NEUTRAL",
    "SentimentScore": {
        "Positive": 0.006582970730960369,
        "Negative": 0.055508553981781006,
        "Neutral": 0.9300668835639954,
        "Mixed": 0.007841574028134346
    }
}
