{
    "Sentiment": "NEUTRAL",
    "SentimentScore": {
        "Positive": 0.02718459442257881,
        "Negative": 0.019688885658979416,
        "Neutral": 0.9496200084686279,
        "Mixed": 0.003506433917209506
    }
}
