{
    "Sentiment": "NEUTRAL",
    "SentimentScore": {
        "Positive": 0.004318707622587681,
        "Negative": 0.007954508066177368,
        "Neutral": 0.9866689443588257,
        "Mixed": 0.001057816669344902
    }
}
