{
    "Sentiment": "NEUTRAL",
    "SentimentScore": {
        "Positive": 0.0029628670308738947,
        "Negative": 0.03709657862782478,
        "Neutral": 0.9563454389572144,
        "Mixed": 0.0035952022299170494
    }
}
