{
    "Sentiment": "NEUTRAL",
    "SentimentScore": {
        "Positive": 0.003928233869373798,
        "Negative": 0.021223124116659164,
        "Neutral": 0.9736261367797852,
        "Mixed": 0.0012225400423631072
    }
}
