{
    "Sentiment": "NEUTRAL",
    "SentimentScore": {
        "Positive": 0.002835224149748683,
        "Negative": 0.13913540542125702,
        "Neutral": 0.8526716828346252,
        "Mixed": 0.005357701797038317
    }
}
