{
    "Sentiment": "NEUTRAL",
    "SentimentScore": {
        "Positive": 0.0042058806866407394,
        "Negative": 0.006268205586820841,
        "Neutral": 0.9888662695884705,
        "Mixed": 0.0006597110768780112
    }
}
