{
    "Sentiment": "NEUTRAL",
    "SentimentScore": {
        "Positive": 0.35030481219291687,
        "Negative": 0.024225862696766853,
        "Neutral": 0.6059291362762451,
        "Mixed": 0.019540131092071533
    }
}
