{
    "Sentiment": "NEUTRAL",
    "SentimentScore": {
        "Positive": 0.24682845175266266,
        "Negative": 0.08248204737901688,
        "Neutral": 0.559983491897583,
        "Mixed": 0.1107059195637703
    }
}
