{
    "Sentiment": "NEUTRAL",
    "SentimentScore": {
        "Positive": 0.003142622532323003,
        "Negative": 0.002016480080783367,
        "Neutral": 0.9945480227470398,
        "Mixed": 0.0002928440226241946
    }
}
