{
    "Sentiment": "NEUTRAL",
    "SentimentScore": {
        "Positive": 0.009038723073899746,
        "Negative": 0.01600697822868824,
        "Neutral": 0.9682728052139282,
        "Mixed": 0.006681479979306459
    }
}
