{
    "Sentiment": "NEUTRAL",
    "SentimentScore": {
        "Positive": 0.0028768775518983603,
        "Negative": 0.01238467637449503,
        "Neutral": 0.9836176633834839,
        "Mixed": 0.0011208668584004045
    }
}
