{
    "Sentiment": "NEUTRAL",
    "SentimentScore": {
        "Positive": 0.013795053586363792,
        "Negative": 0.029054362326860428,
        "Neutral": 0.9503861665725708,
        "Mixed": 0.006764506921172142
    }
}
