{
    "Sentiment": "NEUTRAL",
    "SentimentScore": {
        "Positive": 0.012960845604538918,
        "Negative": 0.0009291372261941433,
        "Neutral": 0.9853450655937195,
        "Mixed": 0.0007649678154848516
    }
}
