{
    "Sentiment": "NEUTRAL",
    "SentimentScore": {
        "Positive": 0.10174160450696945,
        "Negative": 0.0027784230187535286,
        "Neutral": 0.8926701545715332,
        "Mixed": 0.002809822093695402
    }
}
