{
    "Sentiment": "NEUTRAL",
    "SentimentScore": {
        "Positive": 0.44983890652656555,
        "Negative": 0.0027800046373158693,
        "Neutral": 0.5436956882476807,
        "Mixed": 0.0036854411009699106
    }
}
