{
    "Sentiment": "NEUTRAL",
    "SentimentScore": {
        "Positive": 0.0017879416700452566,
        "Negative": 0.02295483462512493,
        "Neutral": 0.9736239910125732,
        "Mixed": 0.0016332607483491302
    }
}
