{
    "Sentiment": "POSITIVE",
    "SentimentScore": {
        "Positive": 0.5272145867347717,
        "Negative": 0.0007898039766587317,
        "Neutral": 0.4695414900779724,
        "Mixed": 0.002454082015901804
    }
}
