{
    "Sentiment": "NEUTRAL",
    "SentimentScore": {
        "Positive": 0.0011349293636158109,
        "Negative": 0.027850160375237465,
        "Neutral": 0.9692529439926147,
        "Mixed": 0.0017619677819311619
    }
}
