{
    "Sentiment": "NEUTRAL",
    "SentimentScore": {
        "Positive": 0.0012436799006536603,
        "Negative": 0.16617409884929657,
        "Neutral": 0.826852560043335,
        "Mixed": 0.0057296305894851685
    }
}
