{
    "Sentiment": "NEUTRAL",
    "SentimentScore": {
        "Positive": 0.006289104465395212,
        "Negative": 0.01771428994834423,
        "Neutral": 0.9728919267654419,
        "Mixed": 0.0031046599615365267
    }
}
