{
    "Sentiment": "NEUTRAL",
    "SentimentScore": {
        "Positive": 0.0036407632287591696,
        "Negative": 0.0006618378683924675,
        "Neutral": 0.9954631924629211,
        "Mixed": 0.0002342009247513488
    }
}
