{
    "Sentiment": "NEUTRAL",
    "SentimentScore": {
        "Positive": 0.008935656398534775,
        "Negative": 0.009518272243440151,
        "Neutral": 0.9808369278907776,
        "Mixed": 0.0007091846200637519
    }
}
