{
    "Sentiment": "NEUTRAL",
    "SentimentScore": {
        "Positive": 0.0017526885494589806,
        "Negative": 0.028170619159936905,
        "Neutral": 0.968285322189331,
        "Mixed": 0.0017915029311552644
    }
}
