{
    "Sentiment": "NEUTRAL",
    "SentimentScore": {
        "Positive": 0.014340188354253769,
        "Negative": 0.01059215608984232,
        "Neutral": 0.9734426736831665,
        "Mixed": 0.0016249995678663254
    }
}
