{
    "Sentiment": "NEUTRAL",
    "SentimentScore": {
        "Positive": 0.03591322898864746,
        "Negative": 0.004123219754546881,
        "Neutral": 0.9583309292793274,
        "Mixed": 0.001632679020985961
    }
}
