{
    "Sentiment": "NEUTRAL",
    "SentimentScore": {
        "Positive": 0.0079091377556324,
        "Negative": 0.045131511986255646,
        "Neutral": 0.9434860348701477,
        "Mixed": 0.0034732187632471323
    }
}
