{
    "Sentiment": "NEUTRAL",
    "SentimentScore": {
        "Positive": 0.0038357677403837442,
        "Negative": 0.04061443731188774,
        "Neutral": 0.9515103101730347,
        "Mixed": 0.004039570689201355
    }
}
