{
    "Sentiment": "NEUTRAL",
    "SentimentScore": {
        "Positive": 0.025217819958925247,
        "Negative": 0.365614652633667,
        "Neutral": 0.5949065089225769,
        "Mixed": 0.014260952360928059
    }
}
