{
    "Sentiment": "NEUTRAL",
    "SentimentScore": {
        "Positive": 0.02767477184534073,
        "Negative": 0.07356292009353638,
        "Neutral": 0.8732408881187439,
        "Mixed": 0.025521395727992058
    }
}
