{
    "Sentiment": "NEUTRAL",
    "SentimentScore": {
        "Positive": 0.004573680926114321,
        "Negative": 0.01627783477306366,
        "Neutral": 0.9769449234008789,
        "Mixed": 0.002203579992055893
    }
}
