{
    "Sentiment": "NEUTRAL",
    "SentimentScore": {
        "Positive": 0.002793492516502738,
        "Negative": 0.04569506645202637,
        "Neutral": 0.947624146938324,
        "Mixed": 0.0038872244767844677
    }
}
