{
    "Sentiment": "NEUTRAL",
    "SentimentScore": {
        "Positive": 0.0063509452156722546,
        "Negative": 0.0016724446322768927,
        "Neutral": 0.9914252758026123,
        "Mixed": 0.0005512870266102254
    }
}
