{
    "Sentiment": "NEUTRAL",
    "SentimentScore": {
        "Positive": 0.08689235895872116,
        "Negative": 0.2223776876926422,
        "Neutral": 0.6816930174827576,
        "Mixed": 0.009037012234330177
    }
}
