{
    "Sentiment": "NEUTRAL",
    "SentimentScore": {
        "Positive": 0.06390038132667542,
        "Negative": 0.2501624822616577,
        "Neutral": 0.6677644848823547,
        "Mixed": 0.018172673881053925
    }
}
