{
    "Sentiment": "NEUTRAL",
    "SentimentScore": {
        "Positive": 0.0025144205428659916,
        "Negative": 0.01984741911292076,
        "Neutral": 0.9760435223579407,
        "Mixed": 0.0015946788480505347
    }
}
