{
    "Sentiment": "NEUTRAL",
    "SentimentScore": {
        "Positive": 0.0042560286819934845,
        "Negative": 0.08824612200260162,
        "Neutral": 0.8972845077514648,
        "Mixed": 0.010213333182036877
    }
}
