{
    "Sentiment": "NEUTRAL",
    "SentimentScore": {
        "Positive": 0.004923604428768158,
        "Negative": 0.020191112533211708,
        "Neutral": 0.9710114598274231,
        "Mixed": 0.003873800626024604
    }
}
