{
    "Sentiment": "NEUTRAL",
    "SentimentScore": {
        "Positive": 0.011249670758843422,
        "Negative": 0.02852759324014187,
        "Neutral": 0.9547522664070129,
        "Mixed": 0.00547046447172761
    }
}
