{
    "Sentiment": "NEUTRAL",
    "SentimentScore": {
        "Positive": 0.0028379797004163265,
        "Negative": 0.05859941616654396,
        "Neutral": 0.9351397752761841,
        "Mixed": 0.003422845620661974
    }
}
