{
    "Sentiment": "NEUTRAL",
    "SentimentScore": {
        "Positive": 0.005974692292511463,
        "Negative": 0.07289037853479385,
        "Neutral": 0.9072325825691223,
        "Mixed": 0.013902363367378712
    }
}
