{
    "Sentiment": "NEUTRAL",
    "SentimentScore": {
        "Positive": 0.050406262278556824,
        "Negative": 0.006956147029995918,
        "Neutral": 0.9374142289161682,
        "Mixed": 0.005223399959504604
    }
}
