{
    "Sentiment": "NEUTRAL",
    "SentimentScore": {
        "Positive": 0.14026138186454773,
        "Negative": 0.004938912577927113,
        "Neutral": 0.844383716583252,
        "Mixed": 0.010415943339467049
    }
}
