{
    "Sentiment": "NEUTRAL",
    "SentimentScore": {
        "Positive": 0.037290818989276886,
        "Negative": 0.21122516691684723,
        "Neutral": 0.7438748478889465,
        "Mixed": 0.007609203457832336
    }
}
