{
    "Sentiment": "NEUTRAL",
    "SentimentScore": {
        "Positive": 0.0024389445316046476,
        "Negative": 0.05874381959438324,
        "Neutral": 0.9367155432701111,
        "Mixed": 0.002101703779771924
    }
}
