{
    "Sentiment": "NEUTRAL",
    "SentimentScore": {
        "Positive": 0.0059493896551430225,
        "Negative": 0.02527048997581005,
        "Neutral": 0.9653319120407104,
        "Mixed": 0.003448209725320339
    }
}
