{
    "Sentiment": "NEUTRAL",
    "SentimentScore": {
        "Positive": 0.0075206458568573,
        "Negative": 0.003487266832962632,
        "Neutral": 0.9884651899337769,
        "Mixed": 0.0005268483655527234
    }
}
