{
    "Sentiment": "NEUTRAL",
    "SentimentScore": {
        "Positive": 0.03555076941847801,
        "Negative": 0.04198671132326126,
        "Neutral": 0.9070717692375183,
        "Mixed": 0.015390805900096893
    }
}
