{
    "Sentiment": "NEUTRAL",
    "SentimentScore": {
        "Positive": 0.05508951097726822,
        "Negative": 0.001060678157955408,
        "Neutral": 0.9429739117622375,
        "Mixed": 0.0008758935728110373
    }
}
