{
    "Sentiment": "NEUTRAL",
    "SentimentScore": {
        "Positive": 0.020210592076182365,
        "Negative": 0.045575883239507675,
        "Neutral": 0.9152868986129761,
        "Mixed": 0.01892666332423687
    }
}
