{
    "Sentiment": "NEUTRAL",
    "SentimentScore": {
        "Positive": 0.04231701046228409,
        "Negative": 0.01950928382575512,
        "Neutral": 0.9301642179489136,
        "Mixed": 0.008009498007595539
    }
}
