{
    "Sentiment": "NEUTRAL",
    "SentimentScore": {
        "Positive": 0.0016483316430822015,
        "Negative": 0.009969459846615791,
        "Neutral": 0.9874920845031738,
        "Mixed": 0.0008900367538444698
    }
}
