{
    "Sentiment": "NEUTRAL",
    "SentimentScore": {
        "Positive": 0.015301146544516087,
        "Negative": 0.10022421181201935,
        "Neutral": 0.880851149559021,
        "Mixed": 0.0036234878934919834
    }
}
