{
    "Sentiment": "NEUTRAL",
    "SentimentScore": {
        "Positive": 0.019497955217957497,
        "Negative": 0.3474949598312378,
        "Neutral": 0.6056298613548279,
        "Mixed": 0.027377260848879814
    }
}
