{
    "Sentiment": "POSITIVE",
    "SentimentScore": {
        "Positive": 0.7884411811828613,
        "Negative": 0.000813789723906666,
        "Neutral": 0.20626719295978546,
        "Mixed": 0.004477889277040958
    }
}
