{
    "Sentiment": "NEUTRAL",
    "SentimentScore": {
        "Positive": 0.021751588210463524,
        "Negative": 0.3431517779827118,
        "Neutral": 0.602230429649353,
        "Mixed": 0.03286617249250412
    }
}
