{
    "Sentiment": "NEUTRAL",
    "SentimentScore": {
        "Positive": 0.025570480152964592,
        "Negative": 0.01577863283455372,
        "Neutral": 0.9517998695373535,
        "Mixed": 0.006851040758192539
    }
}
