{
    "Sentiment": "POSITIVE",
    "SentimentScore": {
        "Positive": 0.9054597020149231,
        "Negative": 0.008702489547431469,
        "Neutral": 0.040412139147520065,
        "Mixed": 0.04542563110589981
    }
}
