{
    "Sentiment": "NEUTRAL",
    "SentimentScore": {
        "Positive": 0.05411023646593094,
        "Negative": 0.03523630276322365,
        "Neutral": 0.8822906613349915,
        "Mixed": 0.028362717479467392
    }
}
