{
    "Sentiment": "NEUTRAL",
    "SentimentScore": {
        "Positive": 0.0011973484652116895,
        "Negative": 0.01757361926138401,
        "Neutral": 0.980245053768158,
        "Mixed": 0.0009839534759521484
    }
}
