{
    "Sentiment": "NEUTRAL",
    "SentimentScore": {
        "Positive": 0.020136358216404915,
        "Negative": 0.16254758834838867,
        "Neutral": 0.7928280234336853,
        "Mixed": 0.024488085880875587
    }
}
