{
    "Sentiment": "NEUTRAL",
    "SentimentScore": {
        "Positive": 0.035704150795936584,
        "Negative": 0.0056885648518800735,
        "Neutral": 0.95707106590271,
        "Mixed": 0.0015362033154815435
    }
}
