{
    "Sentiment": "NEUTRAL",
    "SentimentScore": {
        "Positive": 0.04649316146969795,
        "Negative": 0.16792604327201843,
        "Neutral": 0.7546126246452332,
        "Mixed": 0.03096819669008255
    }
}
