{
    "Sentiment": "NEUTRAL",
    "SentimentScore": {
        "Positive": 0.008668024092912674,
        "Negative": 0.07816730439662933,
        "Neutral": 0.9071208238601685,
        "Mixed": 0.006043890956789255
    }
}
