{
    "Sentiment": "NEUTRAL",
    "SentimentScore": {
        "Positive": 0.020082319155335426,
        "Negative": 0.010761460289359093,
        "Neutral": 0.9679622650146484,
        "Mixed": 0.0011938896495848894
    }
}
