{
    "Sentiment": "NEUTRAL",
    "SentimentScore": {
        "Positive": 0.007608035113662481,
        "Negative": 0.0027537771966308355,
        "Neutral": 0.9890967011451721,
        "Mixed": 0.000541515473742038
    }
}
