{
    "Sentiment": "NEUTRAL",
    "SentimentScore": {
        "Positive": 0.0037799307610839605,
        "Negative": 0.004270820412784815,
        "Neutral": 0.9912177920341492,
        "Mixed": 0.0007313965470530093
    }
}
