{
    "Sentiment": "NEUTRAL",
    "SentimentScore": {
        "Positive": 0.1329631358385086,
        "Negative": 0.017157673835754395,
        "Neutral": 0.8458357453346252,
        "Mixed": 0.004043490160256624
    }
}
