{
    "Sentiment": "NEUTRAL",
    "SentimentScore": {
        "Positive": 0.007389307953417301,
        "Negative": 0.15976843237876892,
        "Neutral": 0.8087405562400818,
        "Mixed": 0.02410169504582882
    }
}
