{
    "Sentiment": "NEUTRAL",
    "SentimentScore": {
        "Positive": 0.11238840222358704,
        "Negative": 0.01796870306134224,
        "Neutral": 0.8428804874420166,
        "Mixed": 0.026762427762150764
    }
}
