{
    "Sentiment": "NEUTRAL",
    "SentimentScore": {
        "Positive": 0.009166039526462555,
        "Negative": 0.005604834761470556,
        "Neutral": 0.9836806058883667,
        "Mixed": 0.0015484332107007504
    }
}
