{
    "Sentiment": "NEGATIVE",
    "SentimentScore": {
        "Positive": 0.0046633705496788025,
        "Negative": 0.6379362940788269,
        "Neutral": 0.3233269155025482,
        "Mixed": 0.03407343477010727
    }
}
