{
    "Sentiment": "NEUTRAL",
    "SentimentScore": {
        "Positive": 0.0037467717193067074,
        "Negative": 0.1923375427722931,
        "Neutral": 0.7924309968948364,
        "Mixed": 0.01148469839245081
    }
}
