{
    "Sentiment": "NEUTRAL",
    "SentimentScore": {
        "Positive": 0.00997831393033266,
        "Negative": 0.04104813188314438,
        "Neutral": 0.947481632232666,
        "Mixed": 0.0014919181121513247
    }
}
