{
    "Sentiment": "NEUTRAL",
    "SentimentScore": {
        "Positive": 0.0038457957562059164,
        "Negative": 0.004389076493680477,
        "Neutral": 0.9908062815666199,
        "Mixed": 0.0009588822722434998
    }
}
