{
    "Sentiment": "NEUTRAL",
    "SentimentScore": {
        "Positive": 0.005362977273762226,
        "Negative": 0.010156015865504742,
        "Neutral": 0.9835267663002014,
        "Mixed": 0.0009543018531985581
    }
}
