{
    "Sentiment": "NEUTRAL",
    "SentimentScore": {
        "Positive": 0.0027216081507503986,
        "Negative": 0.00824653822928667,
        "Neutral": 0.987481415271759,
        "Mixed": 0.0015504038892686367
    }
}
