{
    "Sentiment": "NEUTRAL",
    "SentimentScore": {
        "Positive": 0.005022433120757341,
        "Negative": 0.04698040336370468,
        "Neutral": 0.944241464138031,
        "Mixed": 0.003755795070901513
    }
}
