{
    "Sentiment": "NEUTRAL",
    "SentimentScore": {
        "Positive": 0.004339257720857859,
        "Negative": 0.0030163852497935295,
        "Neutral": 0.9922606348991394,
        "Mixed": 0.00038376383599825203
    }
}
