{
    "Sentiment": "NEUTRAL",
    "SentimentScore": {
        "Positive": 0.006156940013170242,
        "Negative": 0.003290572902187705,
        "Neutral": 0.9900932908058167,
        "Mixed": 0.00045926100574433804
    }
}
