{
    "Sentiment": "NEUTRAL",
    "SentimentScore": {
        "Positive": 0.043990761041641235,
        "Negative": 0.05646149441599846,
        "Neutral": 0.8944786787033081,
        "Mixed": 0.005069125443696976
    }
}
