{
    "Sentiment": "NEUTRAL",
    "SentimentScore": {
        "Positive": 0.05944126844406128,
        "Negative": 0.15973258018493652,
        "Neutral": 0.7728740572929382,
        "Mixed": 0.007952030748128891
    }
}
