{
    "Sentiment": "NEUTRAL",
    "SentimentScore": {
        "Positive": 0.025725314393639565,
        "Negative": 0.020980970934033394,
        "Neutral": 0.9462639093399048,
        "Mixed": 0.007029782980680466
    }
}
