{
    "Sentiment": "NEUTRAL",
    "SentimentScore": {
        "Positive": 0.007310482207685709,
        "Negative": 0.011253041215240955,
        "Neutral": 0.9803669452667236,
        "Mixed": 0.0010694130323827267
    }
}
