{
    "Sentiment": "NEUTRAL",
    "SentimentScore": {
        "Positive": 0.08858063817024231,
        "Negative": 0.04820955917239189,
        "Neutral": 0.8509156107902527,
        "Mixed": 0.012294122949242592
    }
}
