{
    "Sentiment": "NEUTRAL",
    "SentimentScore": {
        "Positive": 0.002791395178064704,
        "Negative": 0.01694825291633606,
        "Neutral": 0.9776066541671753,
        "Mixed": 0.0026537468656897545
    }
}
