{
    "Sentiment": "NEUTRAL",
    "SentimentScore": {
        "Positive": 0.004830680321902037,
        "Negative": 0.0024106812197715044,
        "Neutral": 0.9924341440200806,
        "Mixed": 0.0003245564585085958
    }
}
