{
    "Sentiment": "NEUTRAL",
    "SentimentScore": {
        "Positive": 0.003288660664111376,
        "Negative": 0.004806125070899725,
        "Neutral": 0.9912784695625305,
        "Mixed": 0.0006267128046602011
    }
}
