{
    "Sentiment": "NEUTRAL",
    "SentimentScore": {
        "Positive": 0.008672448806464672,
        "Negative": 0.002464535878971219,
        "Neutral": 0.9883249998092651,
        "Mixed": 0.0005380669608712196
    }
}
