{
    "Sentiment": "NEUTRAL",
    "SentimentScore": {
        "Positive": 0.3533261716365814,
        "Negative": 0.0149403540417552,
        "Neutral": 0.5982320308685303,
        "Mixed": 0.033501431345939636
    }
}
