{
    "Sentiment": "NEUTRAL",
    "SentimentScore": {
        "Positive": 0.002039602492004633,
        "Negative": 0.015532536432147026,
        "Neutral": 0.981726348400116,
        "Mixed": 0.0007015123846940696
    }
}
