{
    "Sentiment": "NEUTRAL",
    "SentimentScore": {
        "Positive": 0.025668345391750336,
        "Negative": 0.10422257333993912,
        "Neutral": 0.8514078259468079,
        "Mixed": 0.018701298162341118
    }
}
