{
    "Sentiment": "NEUTRAL",
    "SentimentScore": {
        "Positive": 0.003528367727994919,
        "Negative": 0.21176189184188843,
        "Neutral": 0.7690585255622864,
        "Mixed": 0.015651226043701172
    }
}
