{
    "Sentiment": "NEUTRAL",
    "SentimentScore": {
        "Positive": 0.33371397852897644,
        "Negative": 0.00113734882324934,
        "Neutral": 0.6631693840026855,
        "Mixed": 0.001979296328499913
    }
}
