{
    "Sentiment": "POSITIVE",
    "SentimentScore": {
        "Positive": 0.7624147534370422,
        "Negative": 0.016271179541945457,
        "Neutral": 0.19963853061199188,
        "Mixed": 0.02167549356818199
    }
}
