{
    "Sentiment": "NEUTRAL",
    "SentimentScore": {
        "Positive": 0.0072684925980865955,
        "Negative": 0.027381131425499916,
        "Neutral": 0.9611014723777771,
        "Mixed": 0.004248945973813534
    }
}
