{
    "Sentiment": "NEUTRAL",
    "SentimentScore": {
        "Positive": 0.0029905557166785,
        "Negative": 0.0024772381875663996,
        "Neutral": 0.9940485954284668,
        "Mixed": 0.0004836402367800474
    }
}
