{
    "Sentiment": "NEUTRAL",
    "SentimentScore": {
        "Positive": 0.0026163067668676376,
        "Negative": 0.018186470493674278,
        "Neutral": 0.9779278039932251,
        "Mixed": 0.0012694229371845722
    }
}
