{
    "Sentiment": "NEUTRAL",
    "SentimentScore": {
        "Positive": 0.003454094985499978,
        "Negative": 0.014311571605503559,
        "Neutral": 0.9805591702461243,
        "Mixed": 0.0016752190422266722
    }
}
