{
    "Sentiment": "NEUTRAL",
    "SentimentScore": {
        "Positive": 0.06016699969768524,
        "Negative": 0.025401171296834946,
        "Neutral": 0.9120851755142212,
        "Mixed": 0.0023465848062187433
    }
}
