{
    "Sentiment": "NEUTRAL",
    "SentimentScore": {
        "Positive": 0.0536893755197525,
        "Negative": 0.016049321740865707,
        "Neutral": 0.9233104586601257,
        "Mixed": 0.006950827315449715
    }
}
