{
    "Sentiment": "NEUTRAL",
    "SentimentScore": {
        "Positive": 0.0017226202180609107,
        "Negative": 0.002308425959199667,
        "Neutral": 0.9957072138786316,
        "Mixed": 0.00026171415811404586
    }
}
