{
    "Sentiment": "NEUTRAL",
    "SentimentScore": {
        "Positive": 0.002441197633743286,
        "Negative": 0.001845426275394857,
        "Neutral": 0.995374858379364,
        "Mixed": 0.00033848790917545557
    }
}
