{
    "Sentiment": "NEUTRAL",
    "SentimentScore": {
        "Positive": 0.006803344935178757,
        "Negative": 0.2439829260110855,
        "Neutral": 0.7366933226585388,
        "Mixed": 0.012520423159003258
    }
}
