{
    "Sentiment": "NEUTRAL",
    "SentimentScore": {
        "Positive": 0.013809059746563435,
        "Negative": 0.007303480990231037,
        "Neutral": 0.9767444729804993,
        "Mixed": 0.0021428579930216074
    }
}
