{
    "Sentiment": "NEUTRAL",
    "SentimentScore": {
        "Positive": 0.005411945283412933,
        "Negative": 0.0017229613149538636,
        "Neutral": 0.9922038316726685,
        "Mixed": 0.0006613307050429285
    }
}
