{
    "Sentiment": "NEUTRAL",
    "SentimentScore": {
        "Positive": 0.026220286265015602,
        "Negative": 0.014298089779913425,
        "Neutral": 0.9562949538230896,
        "Mixed": 0.003186651039868593
    }
}
