{
    "Sentiment": "NEUTRAL",
    "SentimentScore": {
        "Positive": 0.313986599445343,
        "Negative": 0.0017227494390681386,
        "Neutral": 0.6808462142944336,
        "Mixed": 0.003444370348006487
    }
}
