{
    "Sentiment": "NEUTRAL",
    "SentimentScore": {
        "Positive": 0.013711974024772644,
        "Negative": 0.028017958626151085,
        "Neutral": 0.9507477283477783,
        "Mixed": 0.007522339001297951
    }
}
