{
    "Sentiment": "NEUTRAL",
    "SentimentScore": {
        "Positive": 0.015155871398746967,
        "Negative": 0.027446160092949867,
        "Neutral": 0.9479944109916687,
        "Mixed": 0.009403541684150696
    }
}
