{
    "Sentiment": "NEUTRAL",
    "SentimentScore": {
        "Positive": 0.06160455942153931,
        "Negative": 0.017765875905752182,
        "Neutral": 0.9165271520614624,
        "Mixed": 0.004102419596165419
    }
}
