{
    "Sentiment": "NEUTRAL",
    "SentimentScore": {
        "Positive": 0.005134951323270798,
        "Negative": 0.21093803644180298,
        "Neutral": 0.7733558416366577,
        "Mixed": 0.01057119108736515
    }
}
