{
    "Sentiment": "NEUTRAL",
    "SentimentScore": {
        "Positive": 0.0027502174489200115,
        "Negative": 0.052490074187517166,
        "Neutral": 0.9412590265274048,
        "Mixed": 0.003500669961795211
    }
}
