{
    "Sentiment": "NEUTRAL",
    "SentimentScore": {
        "Positive": 0.035695407539606094,
        "Negative": 0.0025781907606869936,
        "Neutral": 0.9603279829025269,
        "Mixed": 0.0013983913231641054
    }
}
