{
    "Sentiment": "NEUTRAL",
    "SentimentScore": {
        "Positive": 0.2481401115655899,
        "Negative": 0.0020757457241415977,
        "Neutral": 0.747835636138916,
        "Mixed": 0.0019485197262838483
    }
}
