{
    "Sentiment": "NEUTRAL",
    "SentimentScore": {
        "Positive": 0.012195113115012646,
        "Negative": 0.07537252455949783,
        "Neutral": 0.9026859402656555,
        "Mixed": 0.00974644161760807
    }
}
