{
    "Sentiment": "NEUTRAL",
    "SentimentScore": {
        "Positive": 0.0067668198607862,
        "Negative": 0.03920998051762581,
        "Neutral": 0.9504908323287964,
        "Mixed": 0.003532321657985449
    }
}
