{
    "Sentiment": "NEUTRAL",
    "SentimentScore": {
        "Positive": 0.04786438122391701,
        "Negative": 0.0543234720826149,
        "Neutral": 0.8593092560768127,
        "Mixed": 0.03850279003381729
    }
}
