{
    "Sentiment": "NEUTRAL",
    "SentimentScore": {
        "Positive": 0.030498215928673744,
        "Negative": 0.0007077158661559224,
        "Neutral": 0.9681100845336914,
        "Mixed": 0.0006840254063718021
    }
}
