{
    "Sentiment": "NEUTRAL",
    "SentimentScore": {
        "Positive": 0.011575443670153618,
        "Negative": 0.078684002161026,
        "Neutral": 0.891018807888031,
        "Mixed": 0.018721681088209152
    }
}
