{
    "Sentiment": "NEUTRAL",
    "SentimentScore": {
        "Positive": 0.012110691517591476,
        "Negative": 0.030796267092227936,
        "Neutral": 0.954858124256134,
        "Mixed": 0.0022349103819578886
    }
}
