{
    "Sentiment": "NEUTRAL",
    "SentimentScore": {
        "Positive": 0.0050162989646196365,
        "Negative": 0.009073123335838318,
        "Neutral": 0.9848834872245789,
        "Mixed": 0.0010270631173625588
    }
}
