{
    "Sentiment": "NEUTRAL",
    "SentimentScore": {
        "Positive": 0.0019974769093096256,
        "Negative": 0.031011367216706276,
        "Neutral": 0.9643731713294983,
        "Mixed": 0.002617928897961974
    }
}
