{
    "Sentiment": "NEUTRAL",
    "SentimentScore": {
        "Positive": 0.027914730831980705,
        "Negative": 0.10013171285390854,
        "Neutral": 0.8565760850906372,
        "Mixed": 0.01537751592695713
    }
}
