{
    "Sentiment": "NEUTRAL",
    "SentimentScore": {
        "Positive": 0.012803063727915287,
        "Negative": 0.0012765992432832718,
        "Neutral": 0.9855674505233765,
        "Mixed": 0.00035290385130792856
    }
}
