{
    "Sentiment": "NEUTRAL",
    "SentimentScore": {
        "Positive": 0.0034977239556610584,
        "Negative": 0.04605300351977348,
        "Neutral": 0.9485230445861816,
        "Mixed": 0.0019261814886704087
    }
}
