{
    "Sentiment": "NEUTRAL",
    "SentimentScore": {
        "Positive": 0.0045958515256643295,
        "Negative": 0.043112024664878845,
        "Neutral": 0.9482032060623169,
        "Mixed": 0.004088942892849445
    }
}
