{
    "Sentiment": "NEUTRAL",
    "SentimentScore": {
        "Positive": 0.042317699640989304,
        "Negative": 0.0031924056820571423,
        "Neutral": 0.9532172083854675,
        "Mixed": 0.0012727294815704226
    }
}
