{
    "Sentiment": "NEUTRAL",
    "SentimentScore": {
        "Positive": 0.0018956669373437762,
        "Negative": 0.004022027365863323,
        "Neutral": 0.9934782981872559,
        "Mixed": 0.0006039618165232241
    }
}
