{
    "Sentiment": "NEUTRAL",
    "SentimentScore": {
        "Positive": 0.0026378692127764225,
        "Negative": 0.022948136553168297,
        "Neutral": 0.9718377590179443,
        "Mixed": 0.002576233586296439
    }
}
