{
    "Sentiment": "NEUTRAL",
    "SentimentScore": {
        "Positive": 0.006958123296499252,
        "Negative": 0.010149932466447353,
        "Neutral": 0.9807868599891663,
        "Mixed": 0.0021051475778222084
    }
}
