{
    "Sentiment": "NEUTRAL",
    "SentimentScore": {
        "Positive": 0.007187312003225088,
        "Negative": 0.4512174129486084,
        "Neutral": 0.47678452730178833,
        "Mixed": 0.06481075286865234
    }
}
