{
    "Sentiment": "NEUTRAL",
    "SentimentScore": {
        "Positive": 0.03450324758887291,
        "Negative": 0.017799846827983856,
        "Neutral": 0.9453234076499939,
        "Mixed": 0.00237346556968987
    }
}
