{
    "Sentiment": "NEUTRAL",
    "SentimentScore": {
        "Positive": 0.01180348452180624,
        "Negative": 0.01736958511173725,
        "Neutral": 0.9649116396903992,
        "Mixed": 0.005915271583944559
    }
}
