{
    "Sentiment": "NEUTRAL",
    "SentimentScore": {
        "Positive": 0.01457434892654419,
        "Negative": 0.04646436497569084,
        "Neutral": 0.935572624206543,
        "Mixed": 0.0033887310419231653
    }
}
