{
    "Sentiment": "NEGATIVE",
    "SentimentScore": {
        "Positive": 0.008185331709682941,
        "Negative": 0.5601335167884827,
        "Neutral": 0.3916968107223511,
        "Mixed": 0.03998434916138649
    }
}
