{
    "Sentiment": "NEUTRAL",
    "SentimentScore": {
        "Positive": 0.005389432422816753,
        "Negative": 0.12916825711727142,
        "Neutral": 0.8504082560539246,
        "Mixed": 0.015034012496471405
    }
}
