{
    "Sentiment": "NEUTRAL",
    "SentimentScore": {
        "Positive": 0.002153173089027405,
        "Negative": 0.010280088521540165,
        "Neutral": 0.9864984750747681,
        "Mixed": 0.0010682588908821344
    }
}
