{
    "Sentiment": "NEUTRAL",
    "SentimentScore": {
        "Positive": 0.1924303025007248,
        "Negative": 0.027155686169862747,
        "Neutral": 0.7638932466506958,
        "Mixed": 0.01652081310749054
    }
}
