{
    "Sentiment": "NEUTRAL",
    "SentimentScore": {
        "Positive": 0.007639019284397364,
        "Negative": 0.008358060382306576,
        "Neutral": 0.9819918274879456,
        "Mixed": 0.0020110986661165953
    }
}
