{
    "Sentiment": "NEUTRAL",
    "SentimentScore": {
        "Positive": 0.015040694735944271,
        "Negative": 0.01721731759607792,
        "Neutral": 0.9664425253868103,
        "Mixed": 0.0012994644930586219
    }
}
