{
    "Sentiment": "NEUTRAL",
    "SentimentScore": {
        "Positive": 0.005541815888136625,
        "Negative": 0.026326311752200127,
        "Neutral": 0.9622461795806885,
        "Mixed": 0.005885678343474865
    }
}
