{
    "Sentiment": "NEUTRAL",
    "SentimentScore": {
        "Positive": 0.0013846990186721087,
        "Negative": 0.00048288379912264645,
        "Neutral": 0.9980373978614807,
        "Mixed": 9.506188507657498e-05
    }
}
