{
    "Sentiment": "NEUTRAL",
    "SentimentScore": {
        "Positive": 0.0027198735624551773,
        "Negative": 0.010024059563875198,
        "Neutral": 0.9863641858100891,
        "Mixed": 0.0008918474777601659
    }
}
