{
    "Sentiment": "NEUTRAL",
    "SentimentScore": {
        "Positive": 0.00474835280328989,
        "Negative": 0.015006188303232193,
        "Neutral": 0.9782660603523254,
        "Mixed": 0.0019793985411524773
    }
}
