{
    "Sentiment": "NEUTRAL",
    "SentimentScore": {
        "Positive": 0.002793214749544859,
        "Negative": 0.09816142171621323,
        "Neutral": 0.8932600021362305,
        "Mixed": 0.005785460118204355
    }
}
