{
    "Sentiment": "NEUTRAL",
    "SentimentScore": {
        "Positive": 0.007706762757152319,
        "Negative": 0.0012203751830384135,
        "Neutral": 0.9907110333442688,
        "Mixed": 0.00036185895442031324
    }
}
