{
    "Sentiment": "NEUTRAL",
    "SentimentScore": {
        "Positive": 0.07314902544021606,
        "Negative": 0.0027026510797441006,
        "Neutral": 0.9190832376480103,
        "Mixed": 0.005065059754997492
    }
}
