{
    "Sentiment": "NEUTRAL",
    "SentimentScore": {
        "Positive": 0.08734404295682907,
        "Negative": 0.03456760570406914,
        "Neutral": 0.8725003004074097,
        "Mixed": 0.005588028579950333
    }
}
