{
    "Sentiment": "NEUTRAL",
    "SentimentScore": {
        "Positive": 0.0016646325821056962,
        "Negative": 0.021153641864657402,
        "Neutral": 0.9740619659423828,
        "Mixed": 0.0031197620555758476
    }
}
