{
    "Sentiment": "NEUTRAL",
    "SentimentScore": {
        "Positive": 0.00509978923946619,
        "Negative": 0.027301842346787453,
        "Neutral": 0.9643272161483765,
        "Mixed": 0.003271241206675768
    }
}
