{
    "Sentiment": "NEUTRAL",
    "SentimentScore": {
        "Positive": 0.008860093541443348,
        "Negative": 0.08131390064954758,
        "Neutral": 0.9064818024635315,
        "Mixed": 0.003344123251736164
    }
}
