{
    "Sentiment": "NEUTRAL",
    "SentimentScore": {
        "Positive": 0.003434578189626336,
        "Negative": 0.12975244224071503,
        "Neutral": 0.8483838438987732,
        "Mixed": 0.018429148942232132
    }
}
