{
    "Sentiment": "NEUTRAL",
    "SentimentScore": {
        "Positive": 0.12329381704330444,
        "Negative": 0.005881162825971842,
        "Neutral": 0.8668468594551086,
        "Mixed": 0.003978111315518618
    }
}
