{
    "Sentiment": "NEUTRAL",
    "SentimentScore": {
        "Positive": 0.0020767133682966232,
        "Negative": 0.029487743973731995,
        "Neutral": 0.9668042063713074,
        "Mixed": 0.001631349790841341
    }
}
