{
    "Sentiment": "NEUTRAL",
    "SentimentScore": {
        "Positive": 0.0032796075101941824,
        "Negative": 0.042718999087810516,
        "Neutral": 0.9503190517425537,
        "Mixed": 0.003682234790176153
    }
}
