{
    "Sentiment": "NEUTRAL",
    "SentimentScore": {
        "Positive": 0.006200956646353006,
        "Negative": 0.006254593841731548,
        "Neutral": 0.9860138893127441,
        "Mixed": 0.0015304930275306106
    }
}
