{
    "Sentiment": "NEGATIVE",
    "SentimentScore": {
        "Positive": 0.018120931461453438,
        "Negative": 0.48555272817611694,
        "Neutral": 0.4678820073604584,
        "Mixed": 0.02844434604048729
    }
}
