{
    "Sentiment": "NEUTRAL",
    "SentimentScore": {
        "Positive": 0.002923725638538599,
        "Negative": 0.016385817900300026,
        "Neutral": 0.9794352054595947,
        "Mixed": 0.001255245297215879
    }
}
