{
    "Sentiment": "NEUTRAL",
    "SentimentScore": {
        "Positive": 0.009913814254105091,
        "Negative": 0.028928158804774284,
        "Neutral": 0.9555180668830872,
        "Mixed": 0.005639992654323578
    }
}
