{
    "Sentiment": "NEUTRAL",
    "SentimentScore": {
        "Positive": 0.07134377211332321,
        "Negative": 0.2561565041542053,
        "Neutral": 0.6561709046363831,
        "Mixed": 0.016328882426023483
    }
}
