{
    "Sentiment": "NEUTRAL",
    "SentimentScore": {
        "Positive": 0.060008104890584946,
        "Negative": 0.014505207538604736,
        "Neutral": 0.920877993106842,
        "Mixed": 0.004608785267919302
    }
}
