{
    "Sentiment": "NEUTRAL",
    "SentimentScore": {
        "Positive": 0.006596372928470373,
        "Negative": 0.003194573801010847,
        "Neutral": 0.9891304969787598,
        "Mixed": 0.0010785898193717003
    }
}
