{
    "Sentiment": "NEUTRAL",
    "SentimentScore": {
        "Positive": 0.002281404798850417,
        "Negative": 0.002157529117539525,
        "Neutral": 0.9952139854431152,
        "Mixed": 0.00034701908589340746
    }
}
