{
    "Sentiment": "POSITIVE",
    "SentimentScore": {
        "Positive": 0.8292559385299683,
        "Negative": 0.01654813066124916,
        "Neutral": 0.13347560167312622,
        "Mixed": 0.02072026953101158
    }
}
