{
    "Sentiment": "NEUTRAL",
    "SentimentScore": {
        "Positive": 0.0027897122781723738,
        "Negative": 0.002818669192492962,
        "Neutral": 0.9940791130065918,
        "Mixed": 0.0003124506620224565
    }
}
