{
    "Sentiment": "NEUTRAL",
    "SentimentScore": {
        "Positive": 0.02704629674553871,
        "Negative": 0.023563457652926445,
        "Neutral": 0.9431210160255432,
        "Mixed": 0.006269256118685007
    }
}
