{
    "Sentiment": "NEUTRAL",
    "SentimentScore": {
        "Positive": 0.06303205341100693,
        "Negative": 0.1421571969985962,
        "Neutral": 0.780360221862793,
        "Mixed": 0.014450542628765106
    }
}
