{
    "Sentiment": "NEUTRAL",
    "SentimentScore": {
        "Positive": 0.0037595522589981556,
        "Negative": 0.17653551697731018,
        "Neutral": 0.806532621383667,
        "Mixed": 0.013172305189073086
    }
}
