{
    "Sentiment": "NEUTRAL",
    "SentimentScore": {
        "Positive": 0.00491994246840477,
        "Negative": 0.011472143232822418,
        "Neutral": 0.9823388457298279,
        "Mixed": 0.0012690320145338774
    }
}
