{
    "Sentiment": "NEUTRAL",
    "SentimentScore": {
        "Positive": 0.027902649715542793,
        "Negative": 0.025053223595023155,
        "Neutral": 0.9447247385978699,
        "Mixed": 0.0023194237146526575
    }
}
