{
    "Sentiment": "NEUTRAL",
    "SentimentScore": {
        "Positive": 0.0023664238397032022,
        "Negative": 0.3324600160121918,
        "Neutral": 0.6539632081985474,
        "Mixed": 0.011210371740162373
    }
}
