{
    "Sentiment": "NEUTRAL",
    "SentimentScore": {
        "Positive": 0.1566285938024521,
        "Negative": 0.023831384256482124,
        "Neutral": 0.8081251978874207,
        "Mixed": 0.011414892971515656
    }
}
