{
    "Sentiment": "NEUTRAL",
    "SentimentScore": {
        "Positive": 0.004040118306875229,
        "Negative": 0.013878608122467995,
        "Neutral": 0.9808669090270996,
        "Mixed": 0.001214364543557167
    }
}
