{
    "Sentiment": "NEUTRAL",
    "SentimentScore": {
        "Positive": 0.02918888069689274,
        "Negative": 0.04698557406663895,
        "Neutral": 0.9174013733863831,
        "Mixed": 0.006424142047762871
    }
}
