{
    "Sentiment": "NEUTRAL",
    "SentimentScore": {
        "Positive": 0.05556285008788109,
        "Negative": 0.0027292536105960608,
        "Neutral": 0.940229058265686,
        "Mixed": 0.0014788450207561255
    }
}
