{
    "Sentiment": "NEUTRAL",
    "SentimentScore": {
        "Positive": 0.29226982593536377,
        "Negative": 0.04139740765094757,
        "Neutral": 0.6300268769264221,
        "Mixed": 0.03630586713552475
    }
}
