{
    "Sentiment": "NEUTRAL",
    "SentimentScore": {
        "Positive": 0.0025426861830055714,
        "Negative": 0.024235274642705917,
        "Neutral": 0.9717255234718323,
        "Mixed": 0.0014964633155614138
    }
}
