{
    "Sentiment": "NEUTRAL",
    "SentimentScore": {
        "Positive": 0.003578116185963154,
        "Negative": 0.0020445806439965963,
        "Neutral": 0.9941032528877258,
        "Mixed": 0.00027406346634961665
    }
}
