{
    "Sentiment": "POSITIVE",
    "SentimentScore": {
        "Positive": 0.5564886927604675,
        "Negative": 0.00839195679873228,
        "Neutral": 0.4274500012397766,
        "Mixed": 0.007669344544410706
    }
}
