{
    "Sentiment": "NEUTRAL",
    "SentimentScore": {
        "Positive": 0.008139804936945438,
        "Negative": 0.0014329273253679276,
        "Neutral": 0.9899011850357056,
        "Mixed": 0.0005260191392153502
    }
}
