{
    "Sentiment": "NEUTRAL",
    "SentimentScore": {
        "Positive": 0.0030231222044676542,
        "Negative": 0.05678534880280495,
        "Neutral": 0.9367800951004028,
        "Mixed": 0.0034114939626306295
    }
}
