{
    "Sentiment": "NEUTRAL",
    "SentimentScore": {
        "Positive": 0.01648838445544243,
        "Negative": 0.0022954880259931087,
        "Neutral": 0.9801337718963623,
        "Mixed": 0.0010824556229636073
    }
}
