{
    "Sentiment": "NEUTRAL",
    "SentimentScore": {
        "Positive": 0.12001077830791473,
        "Negative": 0.2194019854068756,
        "Neutral": 0.6157820224761963,
        "Mixed": 0.04480523616075516
    }
}
