{
    "Sentiment": "NEUTRAL",
    "SentimentScore": {
        "Positive": 0.3112694025039673,
        "Negative": 0.032178208231925964,
        "Neutral": 0.6503187417984009,
        "Mixed": 0.006233597174286842
    }
}
