{
    "Sentiment": "NEUTRAL",
    "SentimentScore": {
        "Positive": 0.035655319690704346,
        "Negative": 0.019750026986002922,
        "Neutral": 0.9353296756744385,
        "Mixed": 0.009264997206628323
    }
}
