{
    "Sentiment": "NEUTRAL",
    "SentimentScore": {
        "Positive": 0.028707357123494148,
        "Negative": 0.03271828591823578,
        "Neutral": 0.9336541295051575,
        "Mixed": 0.00492026237770915
    }
}
