{
    "Sentiment": "NEUTRAL",
    "SentimentScore": {
        "Positive": 0.0028537767939269543,
        "Negative": 0.025995353236794472,
        "Neutral": 0.9683322310447693,
        "Mixed": 0.002818665700033307
    }
}
