{
    "Sentiment": "NEUTRAL",
    "SentimentScore": {
        "Positive": 0.016046131029725075,
        "Negative": 0.05887581780552864,
        "Neutral": 0.9043776392936707,
        "Mixed": 0.020700382068753242
    }
}
