{
    "Sentiment": "NEUTRAL",
    "SentimentScore": {
        "Positive": 0.059542421251535416,
        "Negative": 0.1340712457895279,
        "Neutral": 0.7450316548347473,
        "Mixed": 0.06135471910238266
    }
}
