{
    "Sentiment": "NEUTRAL",
    "SentimentScore": {
        "Positive": 0.0026301820762455463,
        "Negative": 0.0625169575214386,
        "Neutral": 0.932508111000061,
        "Mixed": 0.0023447745479643345
    }
}
