{
    "Sentiment": "NEUTRAL",
    "SentimentScore": {
        "Positive": 0.10302918404340744,
        "Negative": 0.004145955666899681,
        "Neutral": 0.8898795247077942,
        "Mixed": 0.002945271786302328
    }
}
