{
    "Sentiment": "NEUTRAL",
    "SentimentScore": {
        "Positive": 0.008457793854176998,
        "Negative": 0.005087537225335836,
        "Neutral": 0.9851675629615784,
        "Mixed": 0.0012871663784608245
    }
}
