{
    "Sentiment": "NEUTRAL",
    "SentimentScore": {
        "Positive": 0.001842573401518166,
        "Negative": 0.0012464300962164998,
        "Neutral": 0.9966949224472046,
        "Mixed": 0.00021609508257824928
    }
}
