{
    "Sentiment": "NEUTRAL",
    "SentimentScore": {
        "Positive": 0.010599098168313503,
        "Negative": 0.15120810270309448,
        "Neutral": 0.8340765237808228,
        "Mixed": 0.004116262774914503
    }
}
