{
    "Sentiment": "NEUTRAL",
    "SentimentScore": {
        "Positive": 0.003460238454863429,
        "Negative": 0.002799374982714653,
        "Neutral": 0.9934372305870056,
        "Mixed": 0.00030321665690280497
    }
}
