{
    "Sentiment": "NEUTRAL",
    "SentimentScore": {
        "Positive": 0.0032034616451710463,
        "Negative": 0.01276791375130415,
        "Neutral": 0.9833604097366333,
        "Mixed": 0.0006681797676719725
    }
}
