{
    "Sentiment": "NEUTRAL",
    "SentimentScore": {
        "Positive": 0.0023061386309564114,
        "Negative": 0.0033858949318528175,
        "Neutral": 0.993658721446991,
        "Mixed": 0.0006492590764537454
    }
}
