{
    "Sentiment": "POSITIVE",
    "SentimentScore": {
        "Positive": 0.5496388673782349,
        "Negative": 0.13604915142059326,
        "Neutral": 0.1569260209798813,
        "Mixed": 0.15738588571548462
    }
}
