{
    "Sentiment": "NEUTRAL",
    "SentimentScore": {
        "Positive": 0.0020247797947376966,
        "Negative": 0.004834135062992573,
        "Neutral": 0.9926155805587769,
        "Mixed": 0.0005254772840999067
    }
}
