{
    "Sentiment": "NEUTRAL",
    "SentimentScore": {
        "Positive": 0.002611170755699277,
        "Negative": 0.0032321223989129066,
        "Neutral": 0.9937766790390015,
        "Mixed": 0.00037999864434823394
    }
}
