{
    "Sentiment": "NEUTRAL",
    "SentimentScore": {
        "Positive": 0.0016061841743066907,
        "Negative": 0.06903345882892609,
        "Neutral": 0.9252141714096069,
        "Mixed": 0.0041461363434791565
    }
}
