{
    "Sentiment": "NEUTRAL",
    "SentimentScore": {
        "Positive": 0.005900869611650705,
        "Negative": 0.021433649584650993,
        "Neutral": 0.9701270461082458,
        "Mixed": 0.002538422355428338
    }
}
