{
    "Sentiment": "NEUTRAL",
    "SentimentScore": {
        "Positive": 0.007240511476993561,
        "Negative": 0.007553929463028908,
        "Neutral": 0.9833230376243591,
        "Mixed": 0.0018824083963409066
    }
}
