{
    "Sentiment": "NEUTRAL",
    "SentimentScore": {
        "Positive": 0.38798218965530396,
        "Negative": 0.09567204862833023,
        "Neutral": 0.4669095575809479,
        "Mixed": 0.04943622276186943
    }
}
