{
    "Sentiment": "NEUTRAL",
    "SentimentScore": {
        "Positive": 0.008270948193967342,
        "Negative": 0.23299716413021088,
        "Neutral": 0.7454072833061218,
        "Mixed": 0.013324564322829247
    }
}
