{
    "Sentiment": "NEUTRAL",
    "SentimentScore": {
        "Positive": 0.028753696009516716,
        "Negative": 0.00474995793774724,
        "Neutral": 0.9630023837089539,
        "Mixed": 0.0034939104225486517
    }
}
