{
    "Sentiment": "NEUTRAL",
    "SentimentScore": {
        "Positive": 0.019025126472115517,
        "Negative": 0.06456588953733444,
        "Neutral": 0.9115179181098938,
        "Mixed": 0.004891027696430683
    }
}
