{
    "Sentiment": "NEUTRAL",
    "SentimentScore": {
        "Positive": 0.007855976931750774,
        "Negative": 0.002410587389022112,
        "Neutral": 0.9892668724060059,
        "Mixed": 0.00046655265032313764
    }
}
