{
    "Sentiment": "NEUTRAL",
    "SentimentScore": {
        "Positive": 0.013218400068581104,
        "Negative": 0.006209689658135176,
        "Neutral": 0.9793915152549744,
        "Mixed": 0.0011804024688899517
    }
}
