{
    "Sentiment": "NEUTRAL",
    "SentimentScore": {
        "Positive": 0.0048800078220665455,
        "Negative": 0.00414194306358695,
        "Neutral": 0.9904458522796631,
        "Mixed": 0.000532094738446176
    }
}
