{
    "Sentiment": "NEUTRAL",
    "SentimentScore": {
        "Positive": 0.006033805664628744,
        "Negative": 0.007631716318428516,
        "Neutral": 0.9850383400917053,
        "Mixed": 0.0012961877509951591
    }
}
