{
    "Sentiment": "NEUTRAL",
    "SentimentScore": {
        "Positive": 0.003912920132279396,
        "Negative": 0.0028024581260979176,
        "Neutral": 0.9929444193840027,
        "Mixed": 0.00034015948767773807
    }
}
