{
    "Sentiment": "NEUTRAL",
    "SentimentScore": {
        "Positive": 0.0032036341726779938,
        "Negative": 0.010470212437212467,
        "Neutral": 0.9852767586708069,
        "Mixed": 0.0010493133449926972
    }
}
