{
    "Sentiment": "NEUTRAL",
    "SentimentScore": {
        "Positive": 0.002646304201334715,
        "Negative": 0.054361045360565186,
        "Neutral": 0.938517153263092,
        "Mixed": 0.004475525580346584
    }
}
