{
    "Sentiment": "NEUTRAL",
    "SentimentScore": {
        "Positive": 0.01602707989513874,
        "Negative": 0.010130018927156925,
        "Neutral": 0.9725338220596313,
        "Mixed": 0.0013090147404000163
    }
}
