{
    "Sentiment": "NEUTRAL",
    "SentimentScore": {
        "Positive": 0.0034640326630324125,
        "Negative": 0.035755082964897156,
        "Neutral": 0.9587593078613281,
        "Mixed": 0.0020216500852257013
    }
}
