{
    "Sentiment": "NEUTRAL",
    "SentimentScore": {
        "Positive": 0.0030301513615995646,
        "Negative": 0.008717923425137997,
        "Neutral": 0.9871149063110352,
        "Mixed": 0.0011371002765372396
    }
}
