{
    "Sentiment": "NEUTRAL",
    "SentimentScore": {
        "Positive": 0.006728632841259241,
        "Negative": 0.033059317618608475,
        "Neutral": 0.9529467225074768,
        "Mixed": 0.00726530933752656
    }
}
