{
    "Sentiment": "NEUTRAL",
    "SentimentScore": {
        "Positive": 0.007098400965332985,
        "Negative": 0.0018294842448085546,
        "Neutral": 0.9905059933662415,
        "Mixed": 0.0005662159528583288
    }
}
