{
    "Sentiment": "NEUTRAL",
    "SentimentScore": {
        "Positive": 0.11326882243156433,
        "Negative": 0.06277398020029068,
        "Neutral": 0.8169090747833252,
        "Mixed": 0.007048075087368488
    }
}
