{
    "Sentiment": "NEUTRAL",
    "SentimentScore": {
        "Positive": 0.01266096904873848,
        "Negative": 0.007500502746552229,
        "Neutral": 0.9774881601333618,
        "Mixed": 0.002350342459976673
    }
}
