{
    "Sentiment": "NEUTRAL",
    "SentimentScore": {
        "Positive": 0.0034930184483528137,
        "Negative": 0.06335681676864624,
        "Neutral": 0.9291179180145264,
        "Mixed": 0.00403225515037775
    }
}
