{
    "Sentiment": "NEUTRAL",
    "SentimentScore": {
        "Positive": 0.3455718755722046,
        "Negative": 0.0013266338501125574,
        "Neutral": 0.6505840420722961,
        "Mixed": 0.0025174799375236034
    }
}
