{
    "Sentiment": "NEUTRAL",
    "SentimentScore": {
        "Positive": 0.11549390852451324,
        "Negative": 0.010085169225931168,
        "Neutral": 0.8587200045585632,
        "Mixed": 0.01570091024041176
    }
}
