{
    "Sentiment": "NEUTRAL",
    "SentimentScore": {
        "Positive": 0.004899819381535053,
        "Negative": 0.11110547184944153,
        "Neutral": 0.8797074556350708,
        "Mixed": 0.004287224728614092
    }
}
