{
    "Sentiment": "NEUTRAL",
    "SentimentScore": {
        "Positive": 0.023510819301009178,
        "Negative": 0.0398237518966198,
        "Neutral": 0.9335935711860657,
        "Mixed": 0.003071933751925826
    }
}
