{
    "Sentiment": "NEUTRAL",
    "SentimentScore": {
        "Positive": 0.16442658007144928,
        "Negative": 0.0047154175117611885,
        "Neutral": 0.8260235786437988,
        "Mixed": 0.004834478255361319
    }
}
