{
    "Sentiment": "NEUTRAL",
    "SentimentScore": {
        "Positive": 0.006661273073405027,
        "Negative": 0.3365815281867981,
        "Neutral": 0.6432837843894958,
        "Mixed": 0.013473477214574814
    }
}
