{
    "Sentiment": "NEUTRAL",
    "SentimentScore": {
        "Positive": 0.08305728435516357,
        "Negative": 0.00524930190294981,
        "Neutral": 0.9099211692810059,
        "Mixed": 0.0017721529584378004
    }
}
