{
    "Sentiment": "NEUTRAL",
    "SentimentScore": {
        "Positive": 0.004624940454959869,
        "Negative": 0.010720204561948776,
        "Neutral": 0.9828841686248779,
        "Mixed": 0.001770599978044629
    }
}
