{
    "Sentiment": "NEUTRAL",
    "SentimentScore": {
        "Positive": 0.05273483321070671,
        "Negative": 0.01924569346010685,
        "Neutral": 0.9259467124938965,
        "Mixed": 0.0020727517548948526
    }
}
