{
    "Sentiment": "NEUTRAL",
    "SentimentScore": {
        "Positive": 0.031122980639338493,
        "Negative": 0.021053340286016464,
        "Neutral": 0.9294379949569702,
        "Mixed": 0.018385732546448708
    }
}
