{
    "Sentiment": "NEUTRAL",
    "SentimentScore": {
        "Positive": 0.015196409076452255,
        "Negative": 0.004688653163611889,
        "Neutral": 0.979235827922821,
        "Mixed": 0.0008790826541371644
    }
}
