{
    "Sentiment": "NEUTRAL",
    "SentimentScore": {
        "Positive": 0.08139151334762573,
        "Negative": 0.02782128006219864,
        "Neutral": 0.7260768413543701,
        "Mixed": 0.1647103875875473
    }
}
