{
    "Sentiment": "NEUTRAL",
    "SentimentScore": {
        "Positive": 0.003505690023303032,
        "Negative": 0.096958227455616,
        "Neutral": 0.8956812024116516,
        "Mixed": 0.0038548861630260944
    }
}
