{
    "Sentiment": "NEUTRAL",
    "SentimentScore": {
        "Positive": 0.011409357190132141,
        "Negative": 0.015511428005993366,
        "Neutral": 0.9718567728996277,
        "Mixed": 0.0012225070968270302
    }
}
