{
    "Sentiment": "POSITIVE",
    "SentimentScore": {
        "Positive": 0.5079479813575745,
        "Negative": 0.002050793496891856,
        "Neutral": 0.4861449599266052,
        "Mixed": 0.003856255207210779
    }
}
