{
    "Sentiment": "NEUTRAL",
    "SentimentScore": {
        "Positive": 0.1537933647632599,
        "Negative": 0.018298784270882607,
        "Neutral": 0.7999111413955688,
        "Mixed": 0.02799670211970806
    }
}
