{
    "Sentiment": "NEUTRAL",
    "SentimentScore": {
        "Positive": 0.015498943626880646,
        "Negative": 0.018058255314826965,
        "Neutral": 0.9633899331092834,
        "Mixed": 0.0030527932103723288
    }
}
