{
    "Sentiment": "NEUTRAL",
    "SentimentScore": {
        "Positive": 0.021993011236190796,
        "Negative": 0.07708551734685898,
        "Neutral": 0.8928968906402588,
        "Mixed": 0.008024625480175018
    }
}
