{
    "Sentiment": "NEUTRAL",
    "SentimentScore": {
        "Positive": 0.004908273927867413,
        "Negative": 0.03404972702264786,
        "Neutral": 0.9574153423309326,
        "Mixed": 0.003626688849180937
    }
}
