{
    "Sentiment": "MIXED",
    "SentimentScore": {
        "Positive": 0.07958204299211502,
        "Negative": 0.021343642845749855,
        "Neutral": 0.06356656551361084,
        "Mixed": 0.8355077505111694
    }
}
