{
    "Sentiment": "NEUTRAL",
    "SentimentScore": {
        "Positive": 0.008745850995182991,
        "Negative": 0.05087506026029587,
        "Neutral": 0.9325229525566101,
        "Mixed": 0.007856177166104317
    }
}
