{
    "Sentiment": "NEUTRAL",
    "SentimentScore": {
        "Positive": 0.0034191308077424765,
        "Negative": 0.004477184731513262,
        "Neutral": 0.9915866851806641,
        "Mixed": 0.0005170740187168121
    }
}
