{
    "Sentiment": "NEUTRAL",
    "SentimentScore": {
        "Positive": 0.002291508251801133,
        "Negative": 0.11699098348617554,
        "Neutral": 0.8767160177230835,
        "Mixed": 0.004001459572464228
    }
}
