{
    "Sentiment": "NEUTRAL",
    "SentimentScore": {
        "Positive": 0.0037917508743703365,
        "Negative": 0.0489264652132988,
        "Neutral": 0.9435350894927979,
        "Mixed": 0.0037467393558472395
    }
}
