{
    "Sentiment": "NEUTRAL",
    "SentimentScore": {
        "Positive": 0.003790265182033181,
        "Negative": 0.010903661139309406,
        "Neutral": 0.9837287068367004,
        "Mixed": 0.001577449031174183
    }
}
