{
    "Sentiment": "NEUTRAL",
    "SentimentScore": {
        "Positive": 0.007904314436018467,
        "Negative": 0.008687691763043404,
        "Neutral": 0.9826342463493347,
        "Mixed": 0.0007737202104181051
    }
}
