{
    "Sentiment": "NEUTRAL",
    "SentimentScore": {
        "Positive": 0.00861934944987297,
        "Negative": 0.1564541757106781,
        "Neutral": 0.8150680661201477,
        "Mixed": 0.019858401268720627
    }
}
