{
    "Sentiment": "NEUTRAL",
    "SentimentScore": {
        "Positive": 0.005234202370047569,
        "Negative": 0.012885226868093014,
        "Neutral": 0.9793710708618164,
        "Mixed": 0.002509566256776452
    }
}
