{
    "Sentiment": "NEUTRAL",
    "SentimentScore": {
        "Positive": 0.0657564029097557,
        "Negative": 0.06501127034425735,
        "Neutral": 0.8556612133979797,
        "Mixed": 0.013571126386523247
    }
}
