{
    "Sentiment": "NEUTRAL",
    "SentimentScore": {
        "Positive": 0.0057953521609306335,
        "Negative": 0.004130324348807335,
        "Neutral": 0.9893719553947449,
        "Mixed": 0.0007022923091426492
    }
}
