{
    "Sentiment": "NEUTRAL",
    "SentimentScore": {
        "Positive": 0.0441233366727829,
        "Negative": 0.26368480920791626,
        "Neutral": 0.675996720790863,
        "Mixed": 0.016195157542824745
    }
}
