{
    "Sentiment": "NEUTRAL",
    "SentimentScore": {
        "Positive": 0.12125249207019806,
        "Negative": 0.11142587661743164,
        "Neutral": 0.7481111288070679,
        "Mixed": 0.019210543483495712
    }
}
