{
    "Sentiment": "NEUTRAL",
    "SentimentScore": {
        "Positive": 0.031905125826597214,
        "Negative": 0.2572915852069855,
        "Neutral": 0.7008660435676575,
        "Mixed": 0.00993726123124361
    }
}
