{
    "Sentiment": "NEUTRAL",
    "SentimentScore": {
        "Positive": 0.014365500770509243,
        "Negative": 0.0010315109975636005,
        "Neutral": 0.9840786457061768,
        "Mixed": 0.0005244020721875131
    }
}
