{
    "Sentiment": "NEUTRAL",
    "SentimentScore": {
        "Positive": 0.02284839004278183,
        "Negative": 0.017705580219626427,
        "Neutral": 0.9567622542381287,
        "Mixed": 0.0026838649064302444
    }
}
