{
    "Sentiment": "NEUTRAL",
    "SentimentScore": {
        "Positive": 0.0033566313795745373,
        "Negative": 0.0021087403874844313,
        "Neutral": 0.9941354990005493,
        "Mixed": 0.0003991147968918085
    }
}
