{
    "Sentiment": "NEUTRAL",
    "SentimentScore": {
        "Positive": 0.00449814647436142,
        "Negative": 0.0044360896572470665,
        "Neutral": 0.9901044964790344,
        "Mixed": 0.0009612784488126636
    }
}
