{
    "Sentiment": "NEUTRAL",
    "SentimentScore": {
        "Positive": 0.020880501717329025,
        "Negative": 0.08683928847312927,
        "Neutral": 0.8881092071533203,
        "Mixed": 0.004171023610979319
    }
}
