{
    "Sentiment": "NEUTRAL",
    "SentimentScore": {
        "Positive": 0.035776909440755844,
        "Negative": 0.0007249992340803146,
        "Neutral": 0.9629383683204651,
        "Mixed": 0.0005597046110779047
    }
}
