{
    "Sentiment": "NEUTRAL",
    "SentimentScore": {
        "Positive": 0.05421965941786766,
        "Negative": 0.007193679455667734,
        "Neutral": 0.9350590109825134,
        "Mixed": 0.0035276070702821016
    }
}
