{
    "Sentiment": "NEUTRAL",
    "SentimentScore": {
        "Positive": 0.3665337562561035,
        "Negative": 0.001901373267173767,
        "Neutral": 0.6273554563522339,
        "Mixed": 0.004209461621940136
    }
}
