{
    "Sentiment": "POSITIVE",
    "SentimentScore": {
        "Positive": 0.5414765477180481,
        "Negative": 0.08439174294471741,
        "Neutral": 0.3438699543476105,
        "Mixed": 0.030261782929301262
    }
}
