{
    "Sentiment": "NEUTRAL",
    "SentimentScore": {
        "Positive": 0.005543095525354147,
        "Negative": 0.0033874050714075565,
        "Neutral": 0.9905176758766174,
        "Mixed": 0.0005517281242646277
    }
}
