{
    "Sentiment": "NEUTRAL",
    "SentimentScore": {
        "Positive": 0.01953822188079357,
        "Negative": 0.10118722915649414,
        "Neutral": 0.866126537322998,
        "Mixed": 0.013147963210940361
    }
}
