{
    "Sentiment": "NEUTRAL",
    "SentimentScore": {
        "Positive": 0.002856235718354583,
        "Negative": 0.011566304601728916,
        "Neutral": 0.9839979410171509,
        "Mixed": 0.0015794426435604692
    }
}
