{
    "Sentiment": "NEUTRAL",
    "SentimentScore": {
        "Positive": 0.028903735801577568,
        "Negative": 0.07508298009634018,
        "Neutral": 0.8688506484031677,
        "Mixed": 0.027162674814462662
    }
}
