{
    "Sentiment": "NEUTRAL",
    "SentimentScore": {
        "Positive": 0.004607226699590683,
        "Negative": 0.20381958782672882,
        "Neutral": 0.7873062491416931,
        "Mixed": 0.004266876261681318
    }
}
