{
    "Sentiment": "NEUTRAL",
    "SentimentScore": {
        "Positive": 0.008397004567086697,
        "Negative": 0.1001804918050766,
        "Neutral": 0.8810886740684509,
        "Mixed": 0.010333891957998276
    }
}
