{
    "Sentiment": "NEUTRAL",
    "SentimentScore": {
        "Positive": 0.005894944537431002,
        "Negative": 0.05093216523528099,
        "Neutral": 0.939042866230011,
        "Mixed": 0.004129978362470865
    }
}
