{
    "Sentiment": "NEUTRAL",
    "SentimentScore": {
        "Positive": 0.004372734110802412,
        "Negative": 0.020026840269565582,
        "Neutral": 0.973800539970398,
        "Mixed": 0.0017998601542785764
    }
}
