{
    "Sentiment": "NEUTRAL",
    "SentimentScore": {
        "Positive": 0.0010909447446465492,
        "Negative": 0.0490088015794754,
        "Neutral": 0.9484382271766663,
        "Mixed": 0.001462030690163374
    }
}
