{
    "Sentiment": "NEGATIVE",
    "SentimentScore": {
        "Positive": 0.00482374569401145,
        "Negative": 0.7241355776786804,
        "Neutral": 0.25834134221076965,
        "Mixed": 0.012699360959231853
    }
}
