{
    "Sentiment": "NEUTRAL",
    "SentimentScore": {
        "Positive": 0.031087063252925873,
        "Negative": 0.10157575458288193,
        "Neutral": 0.8401331901550293,
        "Mixed": 0.02720404788851738
    }
}
