{
    "Sentiment": "NEUTRAL",
    "SentimentScore": {
        "Positive": 0.007276527117937803,
        "Negative": 0.22070568799972534,
        "Neutral": 0.7492507100105286,
        "Mixed": 0.02276710793375969
    }
}
