{
    "Sentiment": "NEUTRAL",
    "SentimentScore": {
        "Positive": 0.010907352901995182,
        "Negative": 0.03941686823964119,
        "Neutral": 0.9461140036582947,
        "Mixed": 0.0035617488902062178
    }
}
