{
    "Sentiment": "NEUTRAL",
    "SentimentScore": {
        "Positive": 0.04861374944448471,
        "Negative": 0.20034168660640717,
        "Neutral": 0.717999279499054,
        "Mixed": 0.033045291900634766
    }
}
