{
    "Sentiment": "POSITIVE",
    "SentimentScore": {
        "Positive": 0.5574429035186768,
        "Negative": 0.004045671317726374,
        "Neutral": 0.4360814392566681,
        "Mixed": 0.0024300245568156242
    }
}
