{
    "Sentiment": "NEUTRAL",
    "SentimentScore": {
        "Positive": 0.004324363078922033,
        "Negative": 0.04893402382731438,
        "Neutral": 0.9389886260032654,
        "Mixed": 0.007753034587949514
    }
}
