{
    "Sentiment": "NEUTRAL",
    "SentimentScore": {
        "Positive": 0.003176480531692505,
        "Negative": 0.08318763226270676,
        "Neutral": 0.9051756858825684,
        "Mixed": 0.008460216224193573
    }
}
