{
    "Sentiment": "NEUTRAL",
    "SentimentScore": {
        "Positive": 0.0012852087384089828,
        "Negative": 0.01979534700512886,
        "Neutral": 0.9769729375839233,
        "Mixed": 0.001946446718648076
    }
}
