{
    "Sentiment": "NEUTRAL",
    "SentimentScore": {
        "Positive": 0.07418829202651978,
        "Negative": 0.013640540651977062,
        "Neutral": 0.9048640131950378,
        "Mixed": 0.007307127583771944
    }
}
