{
    "Sentiment": "NEUTRAL",
    "SentimentScore": {
        "Positive": 0.07099657505750656,
        "Negative": 0.04265212267637253,
        "Neutral": 0.8720924854278564,
        "Mixed": 0.01425889041274786
    }
}
