{
    "Sentiment": "NEUTRAL",
    "SentimentScore": {
        "Positive": 0.018611399456858635,
        "Negative": 0.02321879006922245,
        "Neutral": 0.9515212774276733,
        "Mixed": 0.006648456212133169
    }
}
