{
    "Sentiment": "NEGATIVE",
    "SentimentScore": {
        "Positive": 0.004102553240954876,
        "Negative": 0.6502598524093628,
        "Neutral": 0.3328401744365692,
        "Mixed": 0.012797405011951923
    }
}
