{
    "Sentiment": "NEUTRAL",
    "SentimentScore": {
        "Positive": 0.002512675244361162,
        "Negative": 0.1724705547094345,
        "Neutral": 0.8187090754508972,
        "Mixed": 0.006307690870016813
    }
}
