{
    "Sentiment": "NEUTRAL",
    "SentimentScore": {
        "Positive": 0.007243485189974308,
        "Negative": 0.1383468508720398,
        "Neutral": 0.8390914797782898,
        "Mixed": 0.015318188816308975
    }
}
