{
    "Sentiment": "NEUTRAL",
    "SentimentScore": {
        "Positive": 0.022571954876184464,
        "Negative": 0.004423620644956827,
        "Neutral": 0.9719574451446533,
        "Mixed": 0.0010469270637258887
    }
}
