{
    "Sentiment": "NEUTRAL",
    "SentimentScore": {
        "Positive": 0.004358681850135326,
        "Negative": 0.0019381889142096043,
        "Neutral": 0.9933838248252869,
        "Mixed": 0.0003193022857885808
    }
}
