{
    "Sentiment": "NEUTRAL",
    "SentimentScore": {
        "Positive": 0.007917772978544235,
        "Negative": 0.044076208025217056,
        "Neutral": 0.9449102282524109,
        "Mixed": 0.003095687832683325
    }
}
