{
    "Sentiment": "NEUTRAL",
    "SentimentScore": {
        "Positive": 0.002337113721296191,
        "Negative": 0.002778656780719757,
        "Neutral": 0.9945023059844971,
        "Mixed": 0.00038200628478080034
    }
}
