{
    "Sentiment": "NEUTRAL",
    "SentimentScore": {
        "Positive": 0.02129215933382511,
        "Negative": 0.016892248764634132,
        "Neutral": 0.9512807726860046,
        "Mixed": 0.010534759610891342
    }
}
