{
    "Sentiment": "NEUTRAL",
    "SentimentScore": {
        "Positive": 0.006609626114368439,
        "Negative": 0.0034747705794870853,
        "Neutral": 0.9881761074066162,
        "Mixed": 0.001739592757076025
    }
}
