{
    "Sentiment": "NEUTRAL",
    "SentimentScore": {
        "Positive": 0.035915475338697433,
        "Negative": 0.0016159317456185818,
        "Neutral": 0.9611775875091553,
        "Mixed": 0.0012909361394122243
    }
}
