{
    "Sentiment": "NEUTRAL",
    "SentimentScore": {
        "Positive": 0.014524076133966446,
        "Negative": 0.19495534896850586,
        "Neutral": 0.7608780264854431,
        "Mixed": 0.029642511159181595
    }
}
