{
    "Sentiment": "NEUTRAL",
    "SentimentScore": {
        "Positive": 0.002831489546224475,
        "Negative": 0.005743852816522121,
        "Neutral": 0.9908785223960876,
        "Mixed": 0.0005461465334519744
    }
}
