{
    "Sentiment": "NEUTRAL",
    "SentimentScore": {
        "Positive": 0.009793424047529697,
        "Negative": 0.009739212691783905,
        "Neutral": 0.9794573783874512,
        "Mixed": 0.0010099700884893537
    }
}
