{
    "Sentiment": "NEUTRAL",
    "SentimentScore": {
        "Positive": 0.02386358752846718,
        "Negative": 0.007250410970300436,
        "Neutral": 0.9651541113853455,
        "Mixed": 0.0037319569382816553
    }
}
