{
    "Sentiment": "POSITIVE",
    "SentimentScore": {
        "Positive": 0.7053046226501465,
        "Negative": 0.003791987430304289,
        "Neutral": 0.2871245741844177,
        "Mixed": 0.003778816433623433
    }
}
