{
    "Sentiment": "NEUTRAL",
    "SentimentScore": {
        "Positive": 0.006895456463098526,
        "Negative": 0.001007572398521006,
        "Neutral": 0.9917789101600647,
        "Mixed": 0.00031800728174857795
    }
}
