{
    "Sentiment": "NEUTRAL",
    "SentimentScore": {
        "Positive": 0.015465747565031052,
        "Negative": 0.025585046038031578,
        "Neutral": 0.9549517035484314,
        "Mixed": 0.003997426945716143
    }
}
