{
    "Sentiment": "NEUTRAL",
    "SentimentScore": {
        "Positive": 0.021202772855758667,
        "Negative": 0.0011888883309438825,
        "Neutral": 0.9768180847167969,
        "Mixed": 0.0007902004290372133
    }
}
