{
    "Sentiment": "POSITIVE",
    "SentimentScore": {
        "Positive": 0.8530097007751465,
        "Negative": 0.007660101167857647,
        "Neutral": 0.08806819468736649,
        "Mixed": 0.051262106746435165
    }
}
