{
    "Sentiment": "NEUTRAL",
    "SentimentScore": {
        "Positive": 0.013371607288718224,
        "Negative": 0.004565715789794922,
        "Neutral": 0.9811608195304871,
        "Mixed": 0.0009018525597639382
    }
}
