{
    "Sentiment": "POSITIVE",
    "SentimentScore": {
        "Positive": 0.628326416015625,
        "Negative": 0.0022332535590976477,
        "Neutral": 0.36454033851623535,
        "Mixed": 0.004899985622614622
    }
}
