{
    "Sentiment": "NEUTRAL",
    "SentimentScore": {
        "Positive": 0.0015116730937734246,
        "Negative": 0.027278566733002663,
        "Neutral": 0.9700998067855835,
        "Mixed": 0.0011099620023742318
    }
}
