{
    "Sentiment": "NEUTRAL",
    "SentimentScore": {
        "Positive": 0.004571869503706694,
        "Negative": 0.1844673901796341,
        "Neutral": 0.7986115217208862,
        "Mixed": 0.012349234893918037
    }
}
