{
    "Sentiment": "POSITIVE",
    "SentimentScore": {
        "Positive": 0.7487698197364807,
        "Negative": 0.00277536828070879,
        "Neutral": 0.2375396341085434,
        "Mixed": 0.010915168561041355
    }
}
