{
    "Sentiment": "NEUTRAL",
    "SentimentScore": {
        "Positive": 0.026112547144293785,
        "Negative": 0.18008655309677124,
        "Neutral": 0.7612142562866211,
        "Mixed": 0.03258667513728142
    }
}
