{
    "Sentiment": "NEUTRAL",
    "SentimentScore": {
        "Positive": 0.03723224624991417,
        "Negative": 0.01961055025458336,
        "Neutral": 0.9373102188110352,
        "Mixed": 0.005846953485161066
    }
}
