{
    "Sentiment": "NEUTRAL",
    "SentimentScore": {
        "Positive": 0.003916364628821611,
        "Negative": 0.05421982333064079,
        "Neutral": 0.9369558691978455,
        "Mixed": 0.004907918628305197
    }
}
