{
    "Sentiment": "NEUTRAL",
    "SentimentScore": {
        "Positive": 0.01507975161075592,
        "Negative": 0.0006739494274370372,
        "Neutral": 0.9838115572929382,
        "Mixed": 0.00043469853699207306
    }
}
