{
    "Sentiment": "NEUTRAL",
    "SentimentScore": {
        "Positive": 0.017281420528888702,
        "Negative": 0.04253038763999939,
        "Neutral": 0.9339166283607483,
        "Mixed": 0.006271639838814735
    }
}
