{
    "Sentiment": "NEUTRAL",
    "SentimentScore": {
        "Positive": 0.009802985936403275,
        "Negative": 0.0016166175482794642,
        "Neutral": 0.9878393411636353,
        "Mixed": 0.000741058902349323
    }
}
