{
    "Sentiment": "NEUTRAL",
    "SentimentScore": {
        "Positive": 0.0029316137079149485,
        "Negative": 0.04750506579875946,
        "Neutral": 0.9464511871337891,
        "Mixed": 0.0031121063511818647
    }
}
