{
    "Sentiment": "NEUTRAL",
    "SentimentScore": {
        "Positive": 0.019506989046931267,
        "Negative": 0.02437489666044712,
        "Neutral": 0.9472395181655884,
        "Mixed": 0.008878689259290695
    }
}
