{
    "Sentiment": "NEUTRAL",
    "SentimentScore": {
        "Positive": 0.01090063713490963,
        "Negative": 0.0026999206747859716,
        "Neutral": 0.9859139919281006,
        "Mixed": 0.000485363882035017
    }
}
