{
    "Sentiment": "NEUTRAL",
    "SentimentScore": {
        "Positive": 0.16717268526554108,
        "Negative": 0.06443086266517639,
        "Neutral": 0.7370592951774597,
        "Mixed": 0.03133714944124222
    }
}
