{
    "Sentiment": "NEUTRAL",
    "SentimentScore": {
        "Positive": 0.0043997932225465775,
        "Negative": 0.19391430914402008,
        "Neutral": 0.7875469923019409,
        "Mixed": 0.014138838276267052
    }
}
