{
    "Sentiment": "NEUTRAL",
    "SentimentScore": {
        "Positive": 0.0036669960245490074,
        "Negative": 0.08282404392957687,
        "Neutral": 0.9065215587615967,
        "Mixed": 0.006987467408180237
    }
}
