{
    "Sentiment": "NEUTRAL",
    "SentimentScore": {
        "Positive": 0.009830585680902004,
        "Negative": 0.0018649195553734899,
        "Neutral": 0.9878756403923035,
        "Mixed": 0.00042894005309790373
    }
}
