{
    "Sentiment": "NEUTRAL",
    "SentimentScore": {
        "Positive": 0.14623762667179108,
        "Negative": 0.03108592890202999,
        "Neutral": 0.796769917011261,
        "Mixed": 0.025906546041369438
    }
}
