{
    "Sentiment": "NEGATIVE",
    "SentimentScore": {
        "Positive": 0.005815648939460516,
        "Negative": 0.7179327607154846,
        "Neutral": 0.23096820712089539,
        "Mixed": 0.04528341069817543
    }
}
