{
    "Sentiment": "NEUTRAL",
    "SentimentScore": {
        "Positive": 0.0256376713514328,
        "Negative": 0.17924445867538452,
        "Neutral": 0.7549148201942444,
        "Mixed": 0.04020308703184128
    }
}
