{
    "Sentiment": "NEUTRAL",
    "SentimentScore": {
        "Positive": 0.002979397540912032,
        "Negative": 0.030676180496811867,
        "Neutral": 0.9629379510879517,
        "Mixed": 0.003406450618058443
    }
}
