{
    "Sentiment": "NEUTRAL",
    "SentimentScore": {
        "Positive": 0.0029958912637084723,
        "Negative": 0.07796607166528702,
        "Neutral": 0.9138913750648499,
        "Mixed": 0.005146652925759554
    }
}
