{
    "Sentiment": "NEGATIVE",
    "SentimentScore": {
        "Positive": 0.15757983922958374,
        "Negative": 0.47946158051490784,
        "Neutral": 0.32023128867149353,
        "Mixed": 0.04272724688053131
    }
}
