{
    "Sentiment": "NEUTRAL",
    "SentimentScore": {
        "Positive": 0.0038856451865285635,
        "Negative": 0.0029214173555374146,
        "Neutral": 0.9925599098205566,
        "Mixed": 0.0006330486503429711
    }
}
