{
    "Sentiment": "NEUTRAL",
    "SentimentScore": {
        "Positive": 0.008752572350203991,
        "Negative": 0.1988983005285263,
        "Neutral": 0.7858586311340332,
        "Mixed": 0.006490466650575399
    }
}
