{
    "Sentiment": "NEUTRAL",
    "SentimentScore": {
        "Positive": 0.0056901732459664345,
        "Negative": 0.014596574008464813,
        "Neutral": 0.9779128432273865,
        "Mixed": 0.0018004270968958735
    }
}
