{
    "Sentiment": "NEUTRAL",
    "SentimentScore": {
        "Positive": 0.004154786001890898,
        "Negative": 0.0011697695590555668,
        "Neutral": 0.9944009184837341,
        "Mixed": 0.000274546880973503
    }
}
