{
    "Sentiment": "NEUTRAL",
    "SentimentScore": {
        "Positive": 0.016154419630765915,
        "Negative": 0.04585796594619751,
        "Neutral": 0.9266402125358582,
        "Mixed": 0.01134740374982357
    }
}
