{
    "Sentiment": "NEUTRAL",
    "SentimentScore": {
        "Positive": 0.0028638415969908237,
        "Negative": 0.07840476185083389,
        "Neutral": 0.9119724631309509,
        "Mixed": 0.006758914329111576
    }
}
