{
    "Sentiment": "POSITIVE",
    "SentimentScore": {
        "Positive": 0.5313329696655273,
        "Negative": 0.008673250675201416,
        "Neutral": 0.444038063287735,
        "Mixed": 0.015955740585923195
    }
}
