{
    "Sentiment": "NEUTRAL",
    "SentimentScore": {
        "Positive": 0.002327872673049569,
        "Negative": 0.01127485278993845,
        "Neutral": 0.9854554533958435,
        "Mixed": 0.000941813865210861
    }
}
