{
    "Sentiment": "NEUTRAL",
    "SentimentScore": {
        "Positive": 0.013857942074537277,
        "Negative": 0.26027724146842957,
        "Neutral": 0.6611505150794983,
        "Mixed": 0.06471434235572815
    }
}
