{
    "Sentiment": "NEUTRAL",
    "SentimentScore": {
        "Positive": 0.008885765448212624,
        "Negative": 0.07999087870121002,
        "Neutral": 0.9031869769096375,
        "Mixed": 0.00793641060590744
    }
}
