{
    "Sentiment": "NEUTRAL",
    "SentimentScore": {
        "Positive": 0.0034446774516254663,
        "Negative": 0.012301266193389893,
        "Neutral": 0.981995701789856,
        "Mixed": 0.0022584099788218737
    }
}
