{
    "Sentiment": "NEUTRAL",
    "SentimentScore": {
        "Positive": 0.1215875968337059,
        "Negative": 0.010685932822525501,
        "Neutral": 0.8632379770278931,
        "Mixed": 0.004488510079681873
    }
}
