{
    "Sentiment": "NEUTRAL",
    "SentimentScore": {
        "Positive": 0.259758323431015,
        "Negative": 0.018184136599302292,
        "Neutral": 0.7066672444343567,
        "Mixed": 0.015390302054584026
    }
}
