{
    "Sentiment": "NEUTRAL",
    "SentimentScore": {
        "Positive": 0.303713321685791,
        "Negative": 0.09991022199392319,
        "Neutral": 0.514885425567627,
        "Mixed": 0.08149104565382004
    }
}
