{
    "Sentiment": "NEGATIVE",
    "SentimentScore": {
        "Positive": 0.007421985734254122,
        "Negative": 0.5591493844985962,
        "Neutral": 0.39078351855278015,
        "Mixed": 0.04264521226286888
    }
}
