{
    "Sentiment": "NEUTRAL",
    "SentimentScore": {
        "Positive": 0.005593483801931143,
        "Negative": 0.038144100457429886,
        "Neutral": 0.9537494778633118,
        "Mixed": 0.0025129327550530434
    }
}
