{
    "Sentiment": "NEUTRAL",
    "SentimentScore": {
        "Positive": 0.0044731334783136845,
        "Negative": 0.03854763135313988,
        "Neutral": 0.9532570838928223,
        "Mixed": 0.003722169203683734
    }
}
