{
    "Sentiment": "NEUTRAL",
    "SentimentScore": {
        "Positive": 0.014280488714575768,
        "Negative": 0.13313499093055725,
        "Neutral": 0.8326178193092346,
        "Mixed": 0.01996668241918087
    }
}
