{
    "Sentiment": "NEUTRAL",
    "SentimentScore": {
        "Positive": 0.018291020765900612,
        "Negative": 0.2367359846830368,
        "Neutral": 0.7112347483634949,
        "Mixed": 0.03373821824789047
    }
}
