{
    "Sentiment": "NEUTRAL",
    "SentimentScore": {
        "Positive": 0.04102694243192673,
        "Negative": 0.2744220197200775,
        "Neutral": 0.6466847062110901,
        "Mixed": 0.03786632418632507
    }
}
