{
    "Sentiment": "NEUTRAL",
    "SentimentScore": {
        "Positive": 0.0035420432686805725,
        "Negative": 0.03569509834051132,
        "Neutral": 0.9589733481407166,
        "Mixed": 0.0017895991913974285
    }
}
