{
    "Sentiment": "NEUTRAL",
    "SentimentScore": {
        "Positive": 0.029868531972169876,
        "Negative": 0.31263962388038635,
        "Neutral": 0.6385882496833801,
        "Mixed": 0.018903488293290138
    }
}
