{
    "Sentiment": "NEUTRAL",
    "SentimentScore": {
        "Positive": 0.08941548317670822,
        "Negative": 0.20199324190616608,
        "Neutral": 0.6044555306434631,
        "Mixed": 0.10413569211959839
    }
}
