{
    "Sentiment": "NEUTRAL",
    "SentimentScore": {
        "Positive": 0.009369510225951672,
        "Negative": 0.09422564506530762,
        "Neutral": 0.8847682476043701,
        "Mixed": 0.011636575683951378
    }
}
