{
    "Sentiment": "NEUTRAL",
    "SentimentScore": {
        "Positive": 0.020525146275758743,
        "Negative": 0.012070896103978157,
        "Neutral": 0.9629395008087158,
        "Mixed": 0.004464520141482353
    }
}
