{
    "Sentiment": "NEUTRAL",
    "SentimentScore": {
        "Positive": 0.026261908933520317,
        "Negative": 0.013594218529760838,
        "Neutral": 0.9582797288894653,
        "Mixed": 0.0018642240902408957
    }
}
