{
    "Sentiment": "NEUTRAL",
    "SentimentScore": {
        "Positive": 0.029274990782141685,
        "Negative": 0.03360112011432648,
        "Neutral": 0.9343070983886719,
        "Mixed": 0.002816807245835662
    }
}
