{
    "Sentiment": "NEUTRAL",
    "SentimentScore": {
        "Positive": 0.00509711354970932,
        "Negative": 0.01062601339071989,
        "Neutral": 0.9823136925697327,
        "Mixed": 0.0019632475450634956
    }
}
