{
    "Sentiment": "NEUTRAL",
    "SentimentScore": {
        "Positive": 0.0319274477660656,
        "Negative": 0.026193827390670776,
        "Neutral": 0.9305748343467712,
        "Mixed": 0.01130382064729929
    }
}
