{
    "Sentiment": "NEUTRAL",
    "SentimentScore": {
        "Positive": 0.07452508062124252,
        "Negative": 0.007417517714202404,
        "Neutral": 0.9048761129379272,
        "Mixed": 0.01318120863288641
    }
}
