{
    "Sentiment": "NEUTRAL",
    "SentimentScore": {
        "Positive": 0.210398331284523,
        "Negative": 0.016953634098172188,
        "Neutral": 0.7625720500946045,
        "Mixed": 0.0100760068744421
    }
}
