{
    "Sentiment": "NEUTRAL",
    "SentimentScore": {
        "Positive": 0.10287926346063614,
        "Negative": 0.09540235996246338,
        "Neutral": 0.7679135799407959,
        "Mixed": 0.03380483388900757
    }
}
