{
    "Sentiment": "NEUTRAL",
    "SentimentScore": {
        "Positive": 0.02303699404001236,
        "Negative": 0.010099830105900764,
        "Neutral": 0.9643715620040894,
        "Mixed": 0.0024916597176343203
    }
}
