{
    "Sentiment": "NEUTRAL",
    "SentimentScore": {
        "Positive": 0.009665880352258682,
        "Negative": 0.004435362759977579,
        "Neutral": 0.9852979779243469,
        "Mixed": 0.000600774772465229
    }
}
