{
    "Sentiment": "NEUTRAL",
    "SentimentScore": {
        "Positive": 0.011657151393592358,
        "Negative": 0.23220427334308624,
        "Neutral": 0.7333080172538757,
        "Mixed": 0.02283054031431675
    }
}
