{
    "Sentiment": "NEUTRAL",
    "SentimentScore": {
        "Positive": 0.01598258689045906,
        "Negative": 0.0028270662296563387,
        "Neutral": 0.9804732799530029,
        "Mixed": 0.0007170624448917806
    }
}
