{
    "Sentiment": "NEUTRAL",
    "SentimentScore": {
        "Positive": 0.013617277145385742,
        "Negative": 0.009628393687307835,
        "Neutral": 0.9755706191062927,
        "Mixed": 0.0011837260099127889
    }
}
