{
    "Sentiment": "NEUTRAL",
    "SentimentScore": {
        "Positive": 0.0059703742153942585,
        "Negative": 0.026888662949204445,
        "Neutral": 0.9650658369064331,
        "Mixed": 0.002075161086395383
    }
}
