{
    "Sentiment": "NEUTRAL",
    "SentimentScore": {
        "Positive": 0.0031621363013982773,
        "Negative": 0.08207748085260391,
        "Neutral": 0.911516010761261,
        "Mixed": 0.003244418418034911
    }
}
