{
    "Sentiment": "NEUTRAL",
    "SentimentScore": {
        "Positive": 0.003783842781558633,
        "Negative": 0.04012419283390045,
        "Neutral": 0.9539116024971008,
        "Mixed": 0.0021804256830364466
    }
}
