{
    "Sentiment": "NEUTRAL",
    "SentimentScore": {
        "Positive": 0.005302601959556341,
        "Negative": 0.0011449381709098816,
        "Neutral": 0.993255615234375,
        "Mixed": 0.0002968867192976177
    }
}
