{
    "Sentiment": "NEUTRAL",
    "SentimentScore": {
        "Positive": 0.017320355400443077,
        "Negative": 0.1323402374982834,
        "Neutral": 0.8333011865615845,
        "Mixed": 0.017038211226463318
    }
}
