{
    "Sentiment": "NEUTRAL",
    "SentimentScore": {
        "Positive": 0.016084013506770134,
        "Negative": 0.045449867844581604,
        "Neutral": 0.9291843771934509,
        "Mixed": 0.009281729348003864
    }
}
