{
    "Sentiment": "NEUTRAL",
    "SentimentScore": {
        "Positive": 0.03802238032221794,
        "Negative": 0.0015375218354165554,
        "Neutral": 0.9593982696533203,
        "Mixed": 0.0010417649755254388
    }
}
