{
    "Sentiment": "NEUTRAL",
    "SentimentScore": {
        "Positive": 0.006400771904736757,
        "Negative": 0.003058228874579072,
        "Neutral": 0.9901596903800964,
        "Mixed": 0.0003813680959865451
    }
}
