{
    "Sentiment": "NEUTRAL",
    "SentimentScore": {
        "Positive": 0.013745545409619808,
        "Negative": 0.1916114091873169,
        "Neutral": 0.7741018533706665,
        "Mixed": 0.02054116688668728
    }
}
