{
    "Sentiment": "NEUTRAL",
    "SentimentScore": {
        "Positive": 0.06504330784082413,
        "Negative": 0.024282129481434822,
        "Neutral": 0.904441773891449,
        "Mixed": 0.006232713349163532
    }
}
