{
    "Sentiment": "NEUTRAL",
    "SentimentScore": {
        "Positive": 0.004201849456876516,
        "Negative": 0.016977613791823387,
        "Neutral": 0.9776084423065186,
        "Mixed": 0.0012119868770241737
    }
}
