{
    "Sentiment": "NEUTRAL",
    "SentimentScore": {
        "Positive": 0.007395719178020954,
        "Negative": 0.023914605379104614,
        "Neutral": 0.9668068885803223,
        "Mixed": 0.0018827993189916015
    }
}
