{
    "Sentiment": "NEUTRAL",
    "SentimentScore": {
        "Positive": 0.002910260809585452,
        "Negative": 0.012446812354028225,
        "Neutral": 0.9829051494598389,
        "Mixed": 0.0017378152115270495
    }
}
