{
    "Sentiment": "NEUTRAL",
    "SentimentScore": {
        "Positive": 0.0037933827843517065,
        "Negative": 0.0039696041494607925,
        "Neutral": 0.9917052984237671,
        "Mixed": 0.0005317702889442444
    }
}
