{
    "Sentiment": "NEUTRAL",
    "SentimentScore": {
        "Positive": 0.04796066880226135,
        "Negative": 0.00887870043516159,
        "Neutral": 0.9361165761947632,
        "Mixed": 0.007044048979878426
    }
}
