{
    "Sentiment": "NEUTRAL",
    "SentimentScore": {
        "Positive": 0.04501844570040703,
        "Negative": 0.02343023754656315,
        "Neutral": 0.9268805384635925,
        "Mixed": 0.004670757334679365
    }
}
