{
    "Sentiment": "NEUTRAL",
    "SentimentScore": {
        "Positive": 0.003929403610527515,
        "Negative": 0.003870683256536722,
        "Neutral": 0.9918403625488281,
        "Mixed": 0.00035954738268628716
    }
}
