{
    "Sentiment": "NEGATIVE",
    "SentimentScore": {
        "Positive": 0.006984179373830557,
        "Negative": 0.5428184866905212,
        "Neutral": 0.4292633533477783,
        "Mixed": 0.020934011787176132
    }
}
