{
    "Sentiment": "NEUTRAL",
    "SentimentScore": {
        "Positive": 0.019354719668626785,
        "Negative": 0.0038919467478990555,
        "Neutral": 0.9757238030433655,
        "Mixed": 0.0010294985258951783
    }
}
