{
    "Sentiment": "NEUTRAL",
    "SentimentScore": {
        "Positive": 0.014047925360500813,
        "Negative": 0.007693731691688299,
        "Neutral": 0.9771189093589783,
        "Mixed": 0.0011394141474738717
    }
}
