{
    "Sentiment": "NEUTRAL",
    "SentimentScore": {
        "Positive": 0.04037413373589516,
        "Negative": 0.002148557687178254,
        "Neutral": 0.9564735889434814,
        "Mixed": 0.0010036928579211235
    }
}
