{
    "Sentiment": "NEUTRAL",
    "SentimentScore": {
        "Positive": 0.010689379647374153,
        "Negative": 0.02825959026813507,
        "Neutral": 0.9561906456947327,
        "Mixed": 0.004860437475144863
    }
}
