{
    "Sentiment": "NEUTRAL",
    "SentimentScore": {
        "Positive": 0.0036363950930535793,
        "Negative": 0.0657491609454155,
        "Neutral": 0.9272560477256775,
        "Mixed": 0.003358516376465559
    }
}
