{
    "Sentiment": "NEUTRAL",
    "SentimentScore": {
        "Positive": 0.014989928342401981,
        "Negative": 0.02986539527773857,
        "Neutral": 0.9493005275726318,
        "Mixed": 0.005844238679856062
    }
}
