{
    "Sentiment": "NEUTRAL",
    "SentimentScore": {
        "Positive": 0.0037568137049674988,
        "Negative": 0.027519777417182922,
        "Neutral": 0.9657055735588074,
        "Mixed": 0.003017864190042019
    }
}
