{
    "Sentiment": "NEUTRAL",
    "SentimentScore": {
        "Positive": 0.009627262130379677,
        "Negative": 0.07067889720201492,
        "Neutral": 0.9163132905960083,
        "Mixed": 0.003380582667887211
    }
}
