{
    "Sentiment": "NEUTRAL",
    "SentimentScore": {
        "Positive": 0.017041411250829697,
        "Negative": 0.2088746577501297,
        "Neutral": 0.7656124830245972,
        "Mixed": 0.008471425622701645
    }
}
