{
    "Sentiment": "NEUTRAL",
    "SentimentScore": {
        "Positive": 0.008723612874746323,
        "Negative": 0.11747024208307266,
        "Neutral": 0.8670163154602051,
        "Mixed": 0.0067898789420723915
    }
}
