{
    "Sentiment": "NEUTRAL",
    "SentimentScore": {
        "Positive": 0.009960801340639591,
        "Negative": 0.003906023455783725,
        "Neutral": 0.9852771162986755,
        "Mixed": 0.0008559561683796346
    }
}
