{
    "Sentiment": "NEUTRAL",
    "SentimentScore": {
        "Positive": 0.058603230863809586,
        "Negative": 0.044307295233011246,
        "Neutral": 0.8805971145629883,
        "Mixed": 0.01649237424135208
    }
}
