{
    "Sentiment": "NEUTRAL",
    "SentimentScore": {
        "Positive": 0.013380625285208225,
        "Negative": 0.013450179249048233,
        "Neutral": 0.9720951914787292,
        "Mixed": 0.0010740008438006043
    }
}
