{
    "Sentiment": "NEUTRAL",
    "SentimentScore": {
        "Positive": 0.001953365281224251,
        "Negative": 0.011766785755753517,
        "Neutral": 0.9853628873825073,
        "Mixed": 0.0009169481345452368
    }
}
