{
    "Sentiment": "NEUTRAL",
    "SentimentScore": {
        "Positive": 0.008302168920636177,
        "Negative": 0.004112443421036005,
        "Neutral": 0.9859210848808289,
        "Mixed": 0.001664401963353157
    }
}
