{
    "Sentiment": "NEUTRAL",
    "SentimentScore": {
        "Positive": 0.013113289140164852,
        "Negative": 0.014561187475919724,
        "Neutral": 0.9712755680084229,
        "Mixed": 0.0010498878546059132
    }
}
