{
    "Sentiment": "NEUTRAL",
    "SentimentScore": {
        "Positive": 0.07203409820795059,
        "Negative": 0.020253874361515045,
        "Neutral": 0.8974545001983643,
        "Mixed": 0.010257470421493053
    }
}
