{
    "Sentiment": "NEUTRAL",
    "SentimentScore": {
        "Positive": 0.005597994197160006,
        "Negative": 0.019867122173309326,
        "Neutral": 0.9723353385925293,
        "Mixed": 0.00219951244071126
    }
}
