{
    "Sentiment": "NEUTRAL",
    "SentimentScore": {
        "Positive": 0.2697941064834595,
        "Negative": 0.15201963484287262,
        "Neutral": 0.34991297125816345,
        "Mixed": 0.2282731980085373
    }
}
