{
    "Sentiment": "POSITIVE",
    "SentimentScore": {
        "Positive": 0.6882553100585938,
        "Negative": 0.04919131472706795,
        "Neutral": 0.17247386276721954,
        "Mixed": 0.09007952362298965
    }
}
