{
    "Sentiment": "NEUTRAL",
    "SentimentScore": {
        "Positive": 0.012830185703933239,
        "Negative": 0.018175704404711723,
        "Neutral": 0.9659044742584229,
        "Mixed": 0.003089682664722204
    }
}
