{
    "Sentiment": "NEUTRAL",
    "SentimentScore": {
        "Positive": 0.02916077710688114,
        "Negative": 0.07439036667346954,
        "Neutral": 0.8924082517623901,
        "Mixed": 0.0040406035259366035
    }
}
