{
    "Sentiment": "NEUTRAL",
    "SentimentScore": {
        "Positive": 0.004402659833431244,
        "Negative": 0.0032573379576206207,
        "Neutral": 0.9918028712272644,
        "Mixed": 0.0005371020524762571
    }
}
