{
    "Sentiment": "NEUTRAL",
    "SentimentScore": {
        "Positive": 0.019756348803639412,
        "Negative": 0.015604706481099129,
        "Neutral": 0.9609280824661255,
        "Mixed": 0.0037109151016920805
    }
}
