{
    "Sentiment": "NEUTRAL",
    "SentimentScore": {
        "Positive": 0.0024516137782484293,
        "Negative": 0.033501144498586655,
        "Neutral": 0.9610798954963684,
        "Mixed": 0.0029673229437321424
    }
}
