{
    "Sentiment": "NEUTRAL",
    "SentimentScore": {
        "Positive": 0.14742128551006317,
        "Negative": 0.16416826844215393,
        "Neutral": 0.6696813702583313,
        "Mixed": 0.018729019910097122
    }
}
