{
    "Sentiment": "NEUTRAL",
    "SentimentScore": {
        "Positive": 0.035509079694747925,
        "Negative": 0.04024782031774521,
        "Neutral": 0.9049846529960632,
        "Mixed": 0.01925840601325035
    }
}
