{
    "Sentiment": "NEUTRAL",
    "SentimentScore": {
        "Positive": 0.0015091398963704705,
        "Negative": 0.01793592795729637,
        "Neutral": 0.979607105255127,
        "Mixed": 0.0009477330604568124
    }
}
