{
    "Sentiment": "NEUTRAL",
    "SentimentScore": {
        "Positive": 0.07286525517702103,
        "Negative": 0.023380620405077934,
        "Neutral": 0.9013237953186035,
        "Mixed": 0.0024302934762090445
    }
}
