{
    "Sentiment": "NEUTRAL",
    "SentimentScore": {
        "Positive": 0.007070987485349178,
        "Negative": 0.009863189421594143,
        "Neutral": 0.9812302589416504,
        "Mixed": 0.0018355085048824549
    }
}
