{
    "Sentiment": "NEUTRAL",
    "SentimentScore": {
        "Positive": 0.02692624367773533,
        "Negative": 0.016727106645703316,
        "Neutral": 0.9539416432380676,
        "Mixed": 0.002405051374807954
    }
}
