{
    "Sentiment": "NEUTRAL",
    "SentimentScore": {
        "Positive": 0.00590026518329978,
        "Negative": 0.02299242466688156,
        "Neutral": 0.9673671126365662,
        "Mixed": 0.0037402070593088865
    }
}
