{
    "Sentiment": "NEUTRAL",
    "SentimentScore": {
        "Positive": 0.001278115902096033,
        "Negative": 0.060062017291784286,
        "Neutral": 0.9360389709472656,
        "Mixed": 0.0026209221687167883
    }
}
