{
    "Sentiment": "NEUTRAL",
    "SentimentScore": {
        "Positive": 0.07832440733909607,
        "Negative": 0.0038052620366215706,
        "Neutral": 0.9157158136367798,
        "Mixed": 0.0021545400377362967
    }
}
