{
    "Sentiment": "NEUTRAL",
    "SentimentScore": {
        "Positive": 0.029325256124138832,
        "Negative": 0.12333384901285172,
        "Neutral": 0.8119828701019287,
        "Mixed": 0.035358037799596786
    }
}
