{
    "Sentiment": "NEUTRAL",
    "SentimentScore": {
        "Positive": 0.004037566017359495,
        "Negative": 0.0781685933470726,
        "Neutral": 0.9148426651954651,
        "Mixed": 0.0029511055909097195
    }
}
