{
    "Sentiment": "NEUTRAL",
    "SentimentScore": {
        "Positive": 0.05773308873176575,
        "Negative": 0.2896033823490143,
        "Neutral": 0.6200103163719177,
        "Mixed": 0.03265325352549553
    }
}
