{
    "Sentiment": "NEUTRAL",
    "SentimentScore": {
        "Positive": 0.009115290828049183,
        "Negative": 0.25447890162467957,
        "Neutral": 0.7162579894065857,
        "Mixed": 0.02014778181910515
    }
}
