{
    "Sentiment": "NEUTRAL",
    "SentimentScore": {
        "Positive": 0.04032234102487564,
        "Negative": 0.005008755251765251,
        "Neutral": 0.9512687921524048,
        "Mixed": 0.003400050103664398
    }
}
