{
    "Sentiment": "NEUTRAL",
    "SentimentScore": {
        "Positive": 0.01669907756149769,
        "Negative": 0.00981272105127573,
        "Neutral": 0.9705626368522644,
        "Mixed": 0.0029255743138492107
    }
}
