{
    "Sentiment": "NEUTRAL",
    "SentimentScore": {
        "Positive": 0.006053920369595289,
        "Negative": 0.03583133965730667,
        "Neutral": 0.9564148187637329,
        "Mixed": 0.0016999093350023031
    }
}
