{
    "Sentiment": "NEUTRAL",
    "SentimentScore": {
        "Positive": 0.0012696778867393732,
        "Negative": 0.24236339330673218,
        "Neutral": 0.7524046301841736,
        "Mixed": 0.0039622606709599495
    }
}
