{
    "Sentiment": "NEUTRAL",
    "SentimentScore": {
        "Positive": 0.08659395575523376,
        "Negative": 0.005854719318449497,
        "Neutral": 0.9043543934822083,
        "Mixed": 0.0031969372648745775
    }
}
