{
    "Sentiment": "NEUTRAL",
    "SentimentScore": {
        "Positive": 0.0050994623452425,
        "Negative": 0.003415721468627453,
        "Neutral": 0.9910836219787598,
        "Mixed": 0.00040125526720657945
    }
}
