{
    "Sentiment": "NEUTRAL",
    "SentimentScore": {
        "Positive": 0.001564231002703309,
        "Negative": 0.0027177089359611273,
        "Neutral": 0.995398223400116,
        "Mixed": 0.000319843617035076
    }
}
