{
    "Sentiment": "NEUTRAL",
    "SentimentScore": {
        "Positive": 0.1623530238866806,
        "Negative": 0.012514166533946991,
        "Neutral": 0.8075109124183655,
        "Mixed": 0.017621934413909912
    }
}
