{
    "Sentiment": "NEUTRAL",
    "SentimentScore": {
        "Positive": 0.008657330647110939,
        "Negative": 0.009075193665921688,
        "Neutral": 0.9810715317726135,
        "Mixed": 0.0011959319235756993
    }
}
