{
    "Sentiment": "NEUTRAL",
    "SentimentScore": {
        "Positive": 0.0009427011827938259,
        "Negative": 0.014433206990361214,
        "Neutral": 0.9837347269058228,
        "Mixed": 0.0008894063648767769
    }
}
