{
    "Sentiment": "NEUTRAL",
    "SentimentScore": {
        "Positive": 0.010240740142762661,
        "Negative": 0.011045374907553196,
        "Neutral": 0.9770483374595642,
        "Mixed": 0.0016655335202813148
    }
}
