{
    "Sentiment": "NEUTRAL",
    "SentimentScore": {
        "Positive": 0.027482138946652412,
        "Negative": 0.07976151257753372,
        "Neutral": 0.8758647441864014,
        "Mixed": 0.016891559585928917
    }
}
