{
    "Sentiment": "POSITIVE",
    "SentimentScore": {
        "Positive": 0.5477578639984131,
        "Negative": 0.12254989147186279,
        "Neutral": 0.2542710602283478,
        "Mixed": 0.07542119920253754
    }
}
