{
    "Sentiment": "NEUTRAL",
    "SentimentScore": {
        "Positive": 0.012797798030078411,
        "Negative": 0.1431552618741989,
        "Neutral": 0.8298547267913818,
        "Mixed": 0.014192137867212296
    }
}
