{
    "Sentiment": "NEUTRAL",
    "SentimentScore": {
        "Positive": 0.009358963929116726,
        "Negative": 0.0008103189175017178,
        "Neutral": 0.9894887804985046,
        "Mixed": 0.00034197690547443926
    }
}
