{
    "Sentiment": "NEUTRAL",
    "SentimentScore": {
        "Positive": 0.005402584094554186,
        "Negative": 0.0030293730087578297,
        "Neutral": 0.9911206364631653,
        "Mixed": 0.00044746894855052233
    }
}
