{
    "Sentiment": "NEUTRAL",
    "SentimentScore": {
        "Positive": 0.0024481499567627907,
        "Negative": 0.027112264186143875,
        "Neutral": 0.9691374897956848,
        "Mixed": 0.0013020943151786923
    }
}
