{
    "Sentiment": "NEUTRAL",
    "SentimentScore": {
        "Positive": 0.008609403856098652,
        "Negative": 0.10323329269886017,
        "Neutral": 0.8805849552154541,
        "Mixed": 0.007572432979941368
    }
}
