{
    "Sentiment": "NEUTRAL",
    "SentimentScore": {
        "Positive": 0.01682582125067711,
        "Negative": 0.4641210734844208,
        "Neutral": 0.5132644176483154,
        "Mixed": 0.0057886564172804356
    }
}
