{
    "Sentiment": "NEUTRAL",
    "SentimentScore": {
        "Positive": 0.018503762781620026,
        "Negative": 0.08560726791620255,
        "Neutral": 0.8760445713996887,
        "Mixed": 0.019844410941004753
    }
}
