{
    "Sentiment": "NEUTRAL",
    "SentimentScore": {
        "Positive": 0.10384318232536316,
        "Negative": 0.002356966957449913,
        "Neutral": 0.8909555077552795,
        "Mixed": 0.0028442570473998785
    }
}
