{
    "Sentiment": "NEUTRAL",
    "SentimentScore": {
        "Positive": 0.12728586792945862,
        "Negative": 0.011204203590750694,
        "Neutral": 0.8514540791511536,
        "Mixed": 0.010055799037218094
    }
}
