{
    "Sentiment": "NEUTRAL",
    "SentimentScore": {
        "Positive": 0.0038317865692079067,
        "Negative": 0.09070595353841782,
        "Neutral": 0.8970590233802795,
        "Mixed": 0.008403237909078598
    }
}
