{
    "Sentiment": "NEUTRAL",
    "SentimentScore": {
        "Positive": 0.016140591353178024,
        "Negative": 0.02577444352209568,
        "Neutral": 0.9502601027488708,
        "Mixed": 0.007824956439435482
    }
}
