{
    "Sentiment": "NEUTRAL",
    "SentimentScore": {
        "Positive": 0.007845094427466393,
        "Negative": 0.04578767716884613,
        "Neutral": 0.9398577213287354,
        "Mixed": 0.006509563885629177
    }
}
