{
    "Sentiment": "NEUTRAL",
    "SentimentScore": {
        "Positive": 0.0016674468060955405,
        "Negative": 0.006293907295912504,
        "Neutral": 0.9916018843650818,
        "Mixed": 0.00043679564259946346
    }
}
