{
    "Sentiment": "NEUTRAL",
    "SentimentScore": {
        "Positive": 0.030695419758558273,
        "Negative": 0.05829067528247833,
        "Neutral": 0.9032444357872009,
        "Mixed": 0.007769562769681215
    }
}
