{
    "Sentiment": "NEUTRAL",
    "SentimentScore": {
        "Positive": 0.014200218953192234,
        "Negative": 0.02255343087017536,
        "Neutral": 0.9557691216468811,
        "Mixed": 0.00747715076431632
    }
}
