{
    "Sentiment": "NEUTRAL",
    "SentimentScore": {
        "Positive": 0.012983179651200771,
        "Negative": 0.0569724440574646,
        "Neutral": 0.9273295402526855,
        "Mixed": 0.002714920789003372
    }
}
