{
    "Sentiment": "NEUTRAL",
    "SentimentScore": {
        "Positive": 0.09014599770307541,
        "Negative": 0.02691683918237686,
        "Neutral": 0.8800668716430664,
        "Mixed": 0.002870329190045595
    }
}
