{
    "Sentiment": "NEUTRAL",
    "SentimentScore": {
        "Positive": 0.0031076869927346706,
        "Negative": 0.005534595809876919,
        "Neutral": 0.9906386137008667,
        "Mixed": 0.00071906135417521
    }
}
