{
    "Sentiment": "NEUTRAL",
    "SentimentScore": {
        "Positive": 0.0015660214703530073,
        "Negative": 0.08730617165565491,
        "Neutral": 0.9090745449066162,
        "Mixed": 0.002053274307399988
    }
}
