{
    "Sentiment": "NEUTRAL",
    "SentimentScore": {
        "Positive": 0.0074202255345880985,
        "Negative": 0.0013202278641983867,
        "Neutral": 0.9909021258354187,
        "Mixed": 0.0003573913127183914
    }
}
