{
    "Sentiment": "NEUTRAL",
    "SentimentScore": {
        "Positive": 0.005464889109134674,
        "Negative": 0.04586154222488403,
        "Neutral": 0.945838987827301,
        "Mixed": 0.0028346010949462652
    }
}
