{
    "Sentiment": "POSITIVE",
    "SentimentScore": {
        "Positive": 0.7866706848144531,
        "Negative": 0.01851978339254856,
        "Neutral": 0.18970240652561188,
        "Mixed": 0.005107217002660036
    }
}
