{
    "Sentiment": "NEUTRAL",
    "SentimentScore": {
        "Positive": 0.05723097175359726,
        "Negative": 0.08386088907718658,
        "Neutral": 0.8257458806037903,
        "Mixed": 0.033162206411361694
    }
}
