{
    "Sentiment": "NEUTRAL",
    "SentimentScore": {
        "Positive": 0.003194626420736313,
        "Negative": 0.05348013713955879,
        "Neutral": 0.9390219449996948,
        "Mixed": 0.004303294233977795
    }
}
