{
    "Sentiment": "NEUTRAL",
    "SentimentScore": {
        "Positive": 0.08897191286087036,
        "Negative": 0.002390510868281126,
        "Neutral": 0.9053463339805603,
        "Mixed": 0.003291190369054675
    }
}
