{
    "Sentiment": "NEUTRAL",
    "SentimentScore": {
        "Positive": 0.0038317518774420023,
        "Negative": 0.06970614194869995,
        "Neutral": 0.922897219657898,
        "Mixed": 0.0035649158526211977
    }
}
