{
    "Sentiment": "NEUTRAL",
    "SentimentScore": {
        "Positive": 0.05616288632154465,
        "Negative": 0.03211802989244461,
        "Neutral": 0.8979761004447937,
        "Mixed": 0.013743028976023197
    }
}
