{
    "Sentiment": "NEUTRAL",
    "SentimentScore": {
        "Positive": 0.0061066350899636745,
        "Negative": 0.005826850421726704,
        "Neutral": 0.986459493637085,
        "Mixed": 0.0016070054844021797
    }
}
