{
    "Sentiment": "NEUTRAL",
    "SentimentScore": {
        "Positive": 0.030986027792096138,
        "Negative": 0.013034658506512642,
        "Neutral": 0.9543866515159607,
        "Mixed": 0.0015927442582324147
    }
}
