{
    "Sentiment": "NEUTRAL",
    "SentimentScore": {
        "Positive": 0.004376036114990711,
        "Negative": 0.08971840888261795,
        "Neutral": 0.897175133228302,
        "Mixed": 0.008730494417250156
    }
}
