{
    "Sentiment": "NEUTRAL",
    "SentimentScore": {
        "Positive": 0.04438724368810654,
        "Negative": 0.0807766541838646,
        "Neutral": 0.8703278303146362,
        "Mixed": 0.0045082177966833115
    }
}
