{
    "Sentiment": "NEUTRAL",
    "SentimentScore": {
        "Positive": 0.05287637934088707,
        "Negative": 0.011560177430510521,
        "Neutral": 0.9335902333259583,
        "Mixed": 0.0019732641521841288
    }
}
