{
    "Sentiment": "NEUTRAL",
    "SentimentScore": {
        "Positive": 0.0027281350921839476,
        "Negative": 0.023003483191132545,
        "Neutral": 0.9698468446731567,
        "Mixed": 0.004421600606292486
    }
}
