{
    "Sentiment": "NEUTRAL",
    "SentimentScore": {
        "Positive": 0.0018543576588854194,
        "Negative": 0.005035331007093191,
        "Neutral": 0.992540180683136,
        "Mixed": 0.0005701790214516222
    }
}
