{
    "Sentiment": "NEUTRAL",
    "SentimentScore": {
        "Positive": 0.00859889853745699,
        "Negative": 0.35301151871681213,
        "Neutral": 0.5644582509994507,
        "Mixed": 0.07393142580986023
    }
}
