{
    "Sentiment": "NEUTRAL",
    "SentimentScore": {
        "Positive": 0.21155308187007904,
        "Negative": 0.0078953318297863,
        "Neutral": 0.7746743559837341,
        "Mixed": 0.005877277813851833
    }
}
