{
    "Sentiment": "NEUTRAL",
    "SentimentScore": {
        "Positive": 0.05082913860678673,
        "Negative": 0.031337037682533264,
        "Neutral": 0.9104945063591003,
        "Mixed": 0.0073393164202570915
    }
}
