{
    "Sentiment": "NEUTRAL",
    "SentimentScore": {
        "Positive": 0.015153571031987667,
        "Negative": 0.13471242785453796,
        "Neutral": 0.8377712965011597,
        "Mixed": 0.012362677603960037
    }
}
