{
    "Sentiment": "NEUTRAL",
    "SentimentScore": {
        "Positive": 0.03513327240943909,
        "Negative": 0.09982846677303314,
        "Neutral": 0.8071255683898926,
        "Mixed": 0.05791262537240982
    }
}
