{
    "Sentiment": "NEUTRAL",
    "SentimentScore": {
        "Positive": 0.006166472565382719,
        "Negative": 0.003282155143097043,
        "Neutral": 0.9895356297492981,
        "Mixed": 0.0010157161159440875
    }
}
