{
    "Sentiment": "NEUTRAL",
    "SentimentScore": {
        "Positive": 0.003313424764201045,
        "Negative": 0.009678238071501255,
        "Neutral": 0.9857187867164612,
        "Mixed": 0.001289574196562171
    }
}
