{
    "Sentiment": "NEUTRAL",
    "SentimentScore": {
        "Positive": 0.013836536556482315,
        "Negative": 0.002238186541944742,
        "Neutral": 0.9832772016525269,
        "Mixed": 0.0006481396267190576
    }
}
