{
    "Sentiment": "NEUTRAL",
    "SentimentScore": {
        "Positive": 0.031553227454423904,
        "Negative": 0.0026594791561365128,
        "Neutral": 0.9641977548599243,
        "Mixed": 0.0015895256074145436
    }
}
