{
    "Sentiment": "NEUTRAL",
    "SentimentScore": {
        "Positive": 0.014571220614016056,
        "Negative": 0.041452065110206604,
        "Neutral": 0.9339367747306824,
        "Mixed": 0.01003999076783657
    }
}
