{
    "Sentiment": "NEUTRAL",
    "SentimentScore": {
        "Positive": 0.0045938617549836636,
        "Negative": 0.16218851506710052,
        "Neutral": 0.8251290917396545,
        "Mixed": 0.008088529109954834
    }
}
