{
    "Sentiment": "NEUTRAL",
    "SentimentScore": {
        "Positive": 0.002244742354378104,
        "Negative": 0.001438557868823409,
        "Neutral": 0.9961146116256714,
        "Mixed": 0.00020212576782796532
    }
}
