{
    "Sentiment": "NEGATIVE",
    "SentimentScore": {
        "Positive": 0.00269313738681376,
        "Negative": 0.8179271221160889,
        "Neutral": 0.1607915163040161,
        "Mixed": 0.018588267266750336
    }
}
