{
    "Sentiment": "NEUTRAL",
    "SentimentScore": {
        "Positive": 0.0029112379997968674,
        "Negative": 0.014540090225636959,
        "Neutral": 0.9812282919883728,
        "Mixed": 0.0013203610433265567
    }
}
