{
    "Sentiment": "NEUTRAL",
    "SentimentScore": {
        "Positive": 0.02832416072487831,
        "Negative": 0.017317617312073708,
        "Neutral": 0.9483676552772522,
        "Mixed": 0.005990498699247837
    }
}
