{
    "Sentiment": "NEUTRAL",
    "SentimentScore": {
        "Positive": 0.008842550218105316,
        "Negative": 0.00518777733668685,
        "Neutral": 0.9850119352340698,
        "Mixed": 0.0009577443124726415
    }
}
