{
    "Sentiment": "NEUTRAL",
    "SentimentScore": {
        "Positive": 0.0066759358160197735,
        "Negative": 0.042227569967508316,
        "Neutral": 0.9459587335586548,
        "Mixed": 0.005137729924172163
    }
}
