{
    "Sentiment": "NEUTRAL",
    "SentimentScore": {
        "Positive": 0.0027549874503165483,
        "Negative": 0.003966373857110739,
        "Neutral": 0.992763102054596,
        "Mixed": 0.0005154614918865263
    }
}
