{
    "Sentiment": "NEUTRAL",
    "SentimentScore": {
        "Positive": 0.07407493889331818,
        "Negative": 0.29516053199768066,
        "Neutral": 0.6119661331176758,
        "Mixed": 0.01879841648042202
    }
}
