{
    "Sentiment": "NEUTRAL",
    "SentimentScore": {
        "Positive": 0.0052533079870045185,
        "Negative": 0.003058006288483739,
        "Neutral": 0.9906854033470154,
        "Mixed": 0.0010032339487224817
    }
}
