{
    "Sentiment": "NEUTRAL",
    "SentimentScore": {
        "Positive": 0.027795352041721344,
        "Negative": 0.10862128436565399,
        "Neutral": 0.8506894707679749,
        "Mixed": 0.012893849983811378
    }
}
