{
    "Sentiment": "NEUTRAL",
    "SentimentScore": {
        "Positive": 0.01245235837996006,
        "Negative": 0.02278929390013218,
        "Neutral": 0.9595147967338562,
        "Mixed": 0.005243541207164526
    }
}
