{
    "Sentiment": "NEUTRAL",
    "SentimentScore": {
        "Positive": 0.019572976976633072,
        "Negative": 0.01810450851917267,
        "Neutral": 0.9593179225921631,
        "Mixed": 0.00300459167920053
    }
}
