{
    "Sentiment": "NEUTRAL",
    "SentimentScore": {
        "Positive": 0.020658351480960846,
        "Negative": 0.03512252867221832,
        "Neutral": 0.9237579703330994,
        "Mixed": 0.020461177453398705
    }
}
