{
    "Sentiment": "POSITIVE",
    "SentimentScore": {
        "Positive": 0.5285510420799255,
        "Negative": 0.03379633650183678,
        "Neutral": 0.42234477400779724,
        "Mixed": 0.015307843685150146
    }
}
