{
    "Sentiment": "NEUTRAL",
    "SentimentScore": {
        "Positive": 0.007300592493265867,
        "Negative": 0.0020437403582036495,
        "Neutral": 0.9901728630065918,
        "Mixed": 0.00048280967166647315
    }
}
