{
    "Sentiment": "NEUTRAL",
    "SentimentScore": {
        "Positive": 0.3139033019542694,
        "Negative": 0.09262654930353165,
        "Neutral": 0.3222973942756653,
        "Mixed": 0.27117276191711426
    }
}
