{
    "Sentiment": "NEUTRAL",
    "SentimentScore": {
        "Positive": 0.003745636437088251,
        "Negative": 0.001204625004902482,
        "Neutral": 0.9947222471237183,
        "Mixed": 0.0003275217313785106
    }
}
