{
    "Sentiment": "NEUTRAL",
    "SentimentScore": {
        "Positive": 0.006569221615791321,
        "Negative": 0.02673238329589367,
        "Neutral": 0.9623192548751831,
        "Mixed": 0.004379080142825842
    }
}
