{
    "Sentiment": "NEUTRAL",
    "SentimentScore": {
        "Positive": 0.0034328231122344732,
        "Negative": 0.08414183557033539,
        "Neutral": 0.9087331891059875,
        "Mixed": 0.003692126600071788
    }
}
