{
    "Sentiment": "NEUTRAL",
    "SentimentScore": {
        "Positive": 0.06409604847431183,
        "Negative": 0.00555898854508996,
        "Neutral": 0.9273839592933655,
        "Mixed": 0.002961048623546958
    }
}
