{
    "Sentiment": "NEUTRAL",
    "SentimentScore": {
        "Positive": 0.05988379195332527,
        "Negative": 0.3242448568344116,
        "Neutral": 0.5359641313552856,
        "Mixed": 0.07990720123052597
    }
}
