{
    "Sentiment": "NEUTRAL",
    "SentimentScore": {
        "Positive": 0.029586270451545715,
        "Negative": 0.05874181166291237,
        "Neutral": 0.9028101563453674,
        "Mixed": 0.008861659094691277
    }
}
