{
    "Sentiment": "NEUTRAL",
    "SentimentScore": {
        "Positive": 0.0023415740579366684,
        "Negative": 0.0024057645350694656,
        "Neutral": 0.9947662353515625,
        "Mixed": 0.00048642963520251215
    }
}
