{
    "Sentiment": "NEUTRAL",
    "SentimentScore": {
        "Positive": 0.02051023580133915,
        "Negative": 0.047065433114767075,
        "Neutral": 0.9298620223999023,
        "Mixed": 0.002562265144661069
    }
}
