{
    "Sentiment": "NEUTRAL",
    "SentimentScore": {
        "Positive": 0.02288741245865822,
        "Negative": 0.12150971591472626,
        "Neutral": 0.830635130405426,
        "Mixed": 0.024967780336737633
    }
}
