{
    "Sentiment": "NEUTRAL",
    "SentimentScore": {
        "Positive": 0.18918690085411072,
        "Negative": 0.014741424471139908,
        "Neutral": 0.7802582383155823,
        "Mixed": 0.015813400968909264
    }
}
