{
    "Sentiment": "NEUTRAL",
    "SentimentScore": {
        "Positive": 0.0045812190510332584,
        "Negative": 0.08626017719507217,
        "Neutral": 0.9048627614974976,
        "Mixed": 0.0042958990670740604
    }
}
