{
    "Sentiment": "NEUTRAL",
    "SentimentScore": {
        "Positive": 0.0028495111037045717,
        "Negative": 0.12746164202690125,
        "Neutral": 0.8616874814033508,
        "Mixed": 0.008001324720680714
    }
}
