{
    "Sentiment": "NEUTRAL",
    "SentimentScore": {
        "Positive": 0.04908207803964615,
        "Negative": 0.36133015155792236,
        "Neutral": 0.5055416226387024,
        "Mixed": 0.0840461403131485
    }
}
