{
    "Sentiment": "NEUTRAL",
    "SentimentScore": {
        "Positive": 0.003096523229032755,
        "Negative": 0.06387494504451752,
        "Neutral": 0.9293025732040405,
        "Mixed": 0.0037259249947965145
    }
}
