{
    "Sentiment": "NEUTRAL",
    "SentimentScore": {
        "Positive": 0.061160847544670105,
        "Negative": 0.00579973217099905,
        "Neutral": 0.9306012392044067,
        "Mixed": 0.0024381703697144985
    }
}
