{
    "Sentiment": "NEUTRAL",
    "SentimentScore": {
        "Positive": 0.015092170797288418,
        "Negative": 0.03611563518643379,
        "Neutral": 0.9367355108261108,
        "Mixed": 0.012056655250489712
    }
}
