{
    "Sentiment": "NEUTRAL",
    "SentimentScore": {
        "Positive": 0.02784588746726513,
        "Negative": 0.01924433372914791,
        "Neutral": 0.9404774904251099,
        "Mixed": 0.012432322837412357
    }
}
