{
    "Sentiment": "NEUTRAL",
    "SentimentScore": {
        "Positive": 0.014146467670798302,
        "Negative": 0.004897904582321644,
        "Neutral": 0.979831874370575,
        "Mixed": 0.0011237893486395478
    }
}
