{
    "Sentiment": "NEUTRAL",
    "SentimentScore": {
        "Positive": 0.36037734150886536,
        "Negative": 0.017117176204919815,
        "Neutral": 0.5983391404151917,
        "Mixed": 0.02416633814573288
    }
}
