{
    "Sentiment": "NEUTRAL",
    "SentimentScore": {
        "Positive": 0.21840687096118927,
        "Negative": 0.008932327851653099,
        "Neutral": 0.7665156126022339,
        "Mixed": 0.006145231891423464
    }
}
