{
    "Sentiment": "NEUTRAL",
    "SentimentScore": {
        "Positive": 0.14188754558563232,
        "Negative": 0.03117460571229458,
        "Neutral": 0.7721030116081238,
        "Mixed": 0.054834816604852676
    }
}
