{
    "Sentiment": "NEUTRAL",
    "SentimentScore": {
        "Positive": 0.004416523035615683,
        "Negative": 0.0005739977932535112,
        "Neutral": 0.9948244094848633,
        "Mixed": 0.0001850878616096452
    }
}
