{
    "Sentiment": "NEUTRAL",
    "SentimentScore": {
        "Positive": 0.0011645477497950196,
        "Negative": 0.14316105842590332,
        "Neutral": 0.8522517085075378,
        "Mixed": 0.0034226998686790466
    }
}
