{
    "Sentiment": "NEUTRAL",
    "SentimentScore": {
        "Positive": 0.0118416091427207,
        "Negative": 0.06677930802106857,
        "Neutral": 0.9129249453544617,
        "Mixed": 0.008454132825136185
    }
}
