{
    "Sentiment": "NEUTRAL",
    "SentimentScore": {
        "Positive": 0.02679225616157055,
        "Negative": 0.029996318742632866,
        "Neutral": 0.9392431378364563,
        "Mixed": 0.003968261647969484
    }
}
