{
    "Sentiment": "NEUTRAL",
    "SentimentScore": {
        "Positive": 0.05205145105719566,
        "Negative": 0.020293695852160454,
        "Neutral": 0.9159107804298401,
        "Mixed": 0.011744034476578236
    }
}
