{
    "Sentiment": "NEUTRAL",
    "SentimentScore": {
        "Positive": 0.00702385138720274,
        "Negative": 0.003249473636969924,
        "Neutral": 0.9892946481704712,
        "Mixed": 0.00043209001887589693
    }
}
