{
    "Sentiment": "POSITIVE",
    "SentimentScore": {
        "Positive": 0.6282036304473877,
        "Negative": 0.07024980336427689,
        "Neutral": 0.26161107420921326,
        "Mixed": 0.03993542864918709
    }
}
