{
    "Sentiment": "NEUTRAL",
    "SentimentScore": {
        "Positive": 0.0015150569379329681,
        "Negative": 0.0026329599786549807,
        "Neutral": 0.9955121874809265,
        "Mixed": 0.0003397251421120018
    }
}
