{
    "Sentiment": "NEUTRAL",
    "SentimentScore": {
        "Positive": 0.04030602052807808,
        "Negative": 0.017500223591923714,
        "Neutral": 0.9353539943695068,
        "Mixed": 0.006839831825345755
    }
}
