{
    "Sentiment": "NEUTRAL",
    "SentimentScore": {
        "Positive": 0.01571185514330864,
        "Negative": 0.006788074970245361,
        "Neutral": 0.9766913056373596,
        "Mixed": 0.0008088753675110638
    }
}
