{
    "Sentiment": "NEUTRAL",
    "SentimentScore": {
        "Positive": 0.003998852334916592,
        "Negative": 0.14768104255199432,
        "Neutral": 0.8349902033805847,
        "Mixed": 0.013329897075891495
    }
}
