{
    "Sentiment": "NEUTRAL",
    "SentimentScore": {
        "Positive": 0.04087339714169502,
        "Negative": 0.12010923773050308,
        "Neutral": 0.8142836689949036,
        "Mixed": 0.02473367750644684
    }
}
