{
    "Sentiment": "NEUTRAL",
    "SentimentScore": {
        "Positive": 0.0037127716932445765,
        "Negative": 0.004006034228950739,
        "Neutral": 0.9918633699417114,
        "Mixed": 0.0004178097296971828
    }
}
