{
    "Sentiment": "NEUTRAL",
    "SentimentScore": {
        "Positive": 0.0034207727294415236,
        "Negative": 0.001734153600409627,
        "Neutral": 0.9944849610328674,
        "Mixed": 0.0003601428179536015
    }
}
