{
    "Sentiment": "NEUTRAL",
    "SentimentScore": {
        "Positive": 0.015590005554258823,
        "Negative": 0.0908261090517044,
        "Neutral": 0.8826955556869507,
        "Mixed": 0.010888281278312206
    }
}
