{
    "Sentiment": "NEUTRAL",
    "SentimentScore": {
        "Positive": 0.00802228506654501,
        "Negative": 0.0044379280880093575,
        "Neutral": 0.9864645004272461,
        "Mixed": 0.0010753022506833076
    }
}
