{
    "Sentiment": "NEUTRAL",
    "SentimentScore": {
        "Positive": 0.025159751996397972,
        "Negative": 0.03265126422047615,
        "Neutral": 0.9400822520256042,
        "Mixed": 0.0021067869383841753
    }
}
