{
    "Sentiment": "NEUTRAL",
    "SentimentScore": {
        "Positive": 0.024722257629036903,
        "Negative": 0.09505796432495117,
        "Neutral": 0.8607645034790039,
        "Mixed": 0.01945524476468563
    }
}
