{
    "Sentiment": "NEUTRAL",
    "SentimentScore": {
        "Positive": 0.021602170541882515,
        "Negative": 0.05129412189126015,
        "Neutral": 0.9227926731109619,
        "Mixed": 0.004310999531298876
    }
}
