{
    "Sentiment": "NEUTRAL",
    "SentimentScore": {
        "Positive": 0.2318790704011917,
        "Negative": 0.06988256424665451,
        "Neutral": 0.6827340722084045,
        "Mixed": 0.015504330396652222
    }
}
