{
    "Sentiment": "NEUTRAL",
    "SentimentScore": {
        "Positive": 0.005233016796410084,
        "Negative": 0.00225161574780941,
        "Neutral": 0.9920525550842285,
        "Mixed": 0.00046276062494143844
    }
}
