{
    "Sentiment": "NEUTRAL",
    "SentimentScore": {
        "Positive": 0.007359975017607212,
        "Negative": 0.0049883523024618626,
        "Neutral": 0.9868192672729492,
        "Mixed": 0.00083242665277794
    }
}
