{
    "Sentiment": "NEUTRAL",
    "SentimentScore": {
        "Positive": 0.021526210010051727,
        "Negative": 0.13579080998897552,
        "Neutral": 0.8082717657089233,
        "Mixed": 0.03441121429204941
    }
}
