{
    "Sentiment": "NEUTRAL",
    "SentimentScore": {
        "Positive": 0.0037799645215272903,
        "Negative": 0.06605534255504608,
        "Neutral": 0.9252267479896545,
        "Mixed": 0.004937931429594755
    }
}
