{
    "Sentiment": "NEUTRAL",
    "SentimentScore": {
        "Positive": 0.002770935418084264,
        "Negative": 0.008032984100282192,
        "Neutral": 0.9882182478904724,
        "Mixed": 0.0009778686799108982
    }
}
