{
    "Sentiment": "NEUTRAL",
    "SentimentScore": {
        "Positive": 0.05995622277259827,
        "Negative": 0.004709089174866676,
        "Neutral": 0.9312081336975098,
        "Mixed": 0.004126489162445068
    }
}
