{
    "Sentiment": "NEUTRAL",
    "SentimentScore": {
        "Positive": 0.203716441988945,
        "Negative": 0.0016053816070780158,
        "Neutral": 0.792124330997467,
        "Mixed": 0.002553817117586732
    }
}
