{
    "Sentiment": "NEUTRAL",
    "SentimentScore": {
        "Positive": 0.03308027610182762,
        "Negative": 0.1642688810825348,
        "Neutral": 0.7763682007789612,
        "Mixed": 0.026282619684934616
    }
}
