{
    "Sentiment": "NEUTRAL",
    "SentimentScore": {
        "Positive": 0.16136789321899414,
        "Negative": 0.11628703773021698,
        "Neutral": 0.4847238063812256,
        "Mixed": 0.2376212328672409
    }
}
