{
    "Sentiment": "NEUTRAL",
    "SentimentScore": {
        "Positive": 0.020715732127428055,
        "Negative": 0.04508792981505394,
        "Neutral": 0.9278146624565125,
        "Mixed": 0.0063816555775702
    }
}
