{
    "Sentiment": "NEUTRAL",
    "SentimentScore": {
        "Positive": 0.029443250969052315,
        "Negative": 0.005234828684478998,
        "Neutral": 0.9638263583183289,
        "Mixed": 0.0014955499209463596
    }
}
