{
    "Sentiment": "NEUTRAL",
    "SentimentScore": {
        "Positive": 0.013641339726746082,
        "Negative": 0.0011751026613637805,
        "Neutral": 0.9847092628479004,
        "Mixed": 0.0004743298050016165
    }
}
