{
    "Sentiment": "NEUTRAL",
    "SentimentScore": {
        "Positive": 0.01091672945767641,
        "Negative": 0.003292245091870427,
        "Neutral": 0.9849697351455688,
        "Mixed": 0.0008213710971176624
    }
}
