{
    "Sentiment": "NEUTRAL",
    "SentimentScore": {
        "Positive": 0.007318725343793631,
        "Negative": 0.07578598707914352,
        "Neutral": 0.9100148677825928,
        "Mixed": 0.006880376487970352
    }
}
