{
    "Sentiment": "NEUTRAL",
    "SentimentScore": {
        "Positive": 0.11562296748161316,
        "Negative": 0.0023704112973064184,
        "Neutral": 0.8785310387611389,
        "Mixed": 0.0034755205269902945
    }
}
