{
    "Sentiment": "NEUTRAL",
    "SentimentScore": {
        "Positive": 0.00947987288236618,
        "Negative": 0.028813067823648453,
        "Neutral": 0.9593668580055237,
        "Mixed": 0.002340135630220175
    }
}
