{
    "Sentiment": "NEUTRAL",
    "SentimentScore": {
        "Positive": 0.04115751385688782,
        "Negative": 0.0023267187643796206,
        "Neutral": 0.95526522397995,
        "Mixed": 0.0012506104540079832
    }
}
