{
    "Sentiment": "NEUTRAL",
    "SentimentScore": {
        "Positive": 0.0051071434281766415,
        "Negative": 0.16447775065898895,
        "Neutral": 0.8199591040611267,
        "Mixed": 0.010455988347530365
    }
}
