{
    "Sentiment": "NEUTRAL",
    "SentimentScore": {
        "Positive": 0.2770332396030426,
        "Negative": 0.003255826188251376,
        "Neutral": 0.7145110368728638,
        "Mixed": 0.00519989849999547
    }
}
