{
    "Sentiment": "NEGATIVE",
    "SentimentScore": {
        "Positive": 0.012609726749360561,
        "Negative": 0.7350897192955017,
        "Neutral": 0.20685453712940216,
        "Mixed": 0.0454460009932518
    }
}
