{
    "Sentiment": "NEUTRAL",
    "SentimentScore": {
        "Positive": 0.0026084505952894688,
        "Negative": 0.0069078183732926846,
        "Neutral": 0.9891663193702698,
        "Mixed": 0.00131743005476892
    }
}
