{
    "Sentiment": "NEUTRAL",
    "SentimentScore": {
        "Positive": 0.03900795057415962,
        "Negative": 0.01802486926317215,
        "Neutral": 0.9376638531684875,
        "Mixed": 0.0053032804280519485
    }
}
