{
    "Sentiment": "NEUTRAL",
    "SentimentScore": {
        "Positive": 0.012405439279973507,
        "Negative": 0.019930237904191017,
        "Neutral": 0.9642110466957092,
        "Mixed": 0.0034533885773271322
    }
}
