{
    "Sentiment": "NEUTRAL",
    "SentimentScore": {
        "Positive": 0.002888724207878113,
        "Negative": 0.02629826031625271,
        "Neutral": 0.9695112705230713,
        "Mixed": 0.0013017384335398674
    }
}
