{
    "Sentiment": "NEUTRAL",
    "SentimentScore": {
        "Positive": 0.1834750771522522,
        "Negative": 0.006209566257894039,
        "Neutral": 0.8081392049789429,
        "Mixed": 0.00217616418376565
    }
}
