{
    "Sentiment": "NEUTRAL",
    "SentimentScore": {
        "Positive": 0.02425999380648136,
        "Negative": 0.02681560441851616,
        "Neutral": 0.9446941018104553,
        "Mixed": 0.004230265039950609
    }
}
