{
    "Sentiment": "NEUTRAL",
    "SentimentScore": {
        "Positive": 0.0033069849014282227,
        "Negative": 0.45784473419189453,
        "Neutral": 0.5240287780761719,
        "Mixed": 0.014819500036537647
    }
}
