{
    "Sentiment": "NEUTRAL",
    "SentimentScore": {
        "Positive": 0.0028011174872517586,
        "Negative": 0.133409321308136,
        "Neutral": 0.8595896363258362,
        "Mixed": 0.00419989787042141
    }
}
