{
    "Sentiment": "NEUTRAL",
    "SentimentScore": {
        "Positive": 0.34003812074661255,
        "Negative": 0.015075871720910072,
        "Neutral": 0.6391594409942627,
        "Mixed": 0.005726523231714964
    }
}
