{
    "Sentiment": "NEUTRAL",
    "SentimentScore": {
        "Positive": 0.013695960864424706,
        "Negative": 0.11850569397211075,
        "Neutral": 0.8579357862472534,
        "Mixed": 0.009862540289759636
    }
}
