{
    "Sentiment": "NEUTRAL",
    "SentimentScore": {
        "Positive": 0.04472705349326134,
        "Negative": 0.0017074422212317586,
        "Neutral": 0.952099621295929,
        "Mixed": 0.0014657925348728895
    }
}
