{
    "Sentiment": "NEUTRAL",
    "SentimentScore": {
        "Positive": 0.4136386811733246,
        "Negative": 0.0025814257096499205,
        "Neutral": 0.5776084661483765,
        "Mixed": 0.006171464920043945
    }
}
