{
    "Sentiment": "NEUTRAL",
    "SentimentScore": {
        "Positive": 0.0016128142597153783,
        "Negative": 0.01855732500553131,
        "Neutral": 0.9781029224395752,
        "Mixed": 0.0017269464442506433
    }
}
