{
    "Sentiment": "NEUTRAL",
    "SentimentScore": {
        "Positive": 0.05046204850077629,
        "Negative": 0.013403285294771194,
        "Neutral": 0.9291084408760071,
        "Mixed": 0.0070261345244944096
    }
}
