{
    "Sentiment": "NEUTRAL",
    "SentimentScore": {
        "Positive": 0.0017456371570006013,
        "Negative": 0.0026535517536103725,
        "Neutral": 0.9953216910362244,
        "Mixed": 0.00027904260787181556
    }
}
