{
    "Sentiment": "NEUTRAL",
    "SentimentScore": {
        "Positive": 0.016243163496255875,
        "Negative": 0.06698978692293167,
        "Neutral": 0.9040752053260803,
        "Mixed": 0.012691927142441273
    }
}
