{
    "Sentiment": "NEUTRAL",
    "SentimentScore": {
        "Positive": 0.04311474785208702,
        "Negative": 0.01969262585043907,
        "Neutral": 0.9214679002761841,
        "Mixed": 0.01572466641664505
    }
}
