{
    "Sentiment": "NEUTRAL",
    "SentimentScore": {
        "Positive": 0.01500693615525961,
        "Negative": 0.01710589975118637,
        "Neutral": 0.9655497074127197,
        "Mixed": 0.002337454818189144
    }
}
