{
    "Sentiment": "NEGATIVE",
    "SentimentScore": {
        "Positive": 0.017641039565205574,
        "Negative": 0.6804879903793335,
        "Neutral": 0.2643737494945526,
        "Mixed": 0.03749718517065048
    }
}
