{
    "Sentiment": "NEUTRAL",
    "SentimentScore": {
        "Positive": 0.11016639322042465,
        "Negative": 0.17637333273887634,
        "Neutral": 0.6666915416717529,
        "Mixed": 0.04676864296197891
    }
}
