{
    "Sentiment": "NEUTRAL",
    "SentimentScore": {
        "Positive": 0.01771317981183529,
        "Negative": 0.0013343164464458823,
        "Neutral": 0.9799846410751343,
        "Mixed": 0.0009678900823928416
    }
}
