{
    "Sentiment": "NEUTRAL",
    "SentimentScore": {
        "Positive": 0.0018753077602013946,
        "Negative": 0.0258164182305336,
        "Neutral": 0.9709481000900269,
        "Mixed": 0.0013601050013676286
    }
}
