{
    "Sentiment": "NEUTRAL",
    "SentimentScore": {
        "Positive": 0.008020122535526752,
        "Negative": 0.02149377018213272,
        "Neutral": 0.9682357907295227,
        "Mixed": 0.002250264398753643
    }
}
