{
    "Sentiment": "NEUTRAL",
    "SentimentScore": {
        "Positive": 0.023580919951200485,
        "Negative": 0.14872011542320251,
        "Neutral": 0.8053483963012695,
        "Mixed": 0.02235054038465023
    }
}
