{
    "Sentiment": "NEUTRAL",
    "SentimentScore": {
        "Positive": 0.004984016064554453,
        "Negative": 0.0015785598661750555,
        "Neutral": 0.9930226802825928,
        "Mixed": 0.0004146600840613246
    }
}
