{
    "Sentiment": "NEUTRAL",
    "SentimentScore": {
        "Positive": 0.14304772019386292,
        "Negative": 0.022058680653572083,
        "Neutral": 0.7805817723274231,
        "Mixed": 0.0543118417263031
    }
}
