{
    "Sentiment": "NEUTRAL",
    "SentimentScore": {
        "Positive": 0.0017711753025650978,
        "Negative": 0.0013632319169119,
        "Neutral": 0.9966397285461426,
        "Mixed": 0.00022591046581510454
    }
}
