{
    "Sentiment": "NEUTRAL",
    "SentimentScore": {
        "Positive": 0.004347475711256266,
        "Negative": 0.062027521431446075,
        "Neutral": 0.9277030229568481,
        "Mixed": 0.005922046955674887
    }
}
