{
    "Sentiment": "NEUTRAL",
    "SentimentScore": {
        "Positive": 0.0009593096328899264,
        "Negative": 0.02256489172577858,
        "Neutral": 0.9750757813453674,
        "Mixed": 0.001400113571435213
    }
}
