{
    "Sentiment": "NEUTRAL",
    "SentimentScore": {
        "Positive": 0.02254309691488743,
        "Negative": 0.16131266951560974,
        "Neutral": 0.7220553755760193,
        "Mixed": 0.0940888449549675
    }
}
