{
    "Sentiment": "NEUTRAL",
    "SentimentScore": {
        "Positive": 0.0128365159034729,
        "Negative": 0.0014407433336600661,
        "Neutral": 0.9850456118583679,
        "Mixed": 0.0006771287298761308
    }
}
