{
    "Sentiment": "NEUTRAL",
    "SentimentScore": {
        "Positive": 0.012191187590360641,
        "Negative": 0.021182633936405182,
        "Neutral": 0.9625821709632874,
        "Mixed": 0.004044029396027327
    }
}
