{
    "Sentiment": "NEUTRAL",
    "SentimentScore": {
        "Positive": 0.1275649219751358,
        "Negative": 0.015409271232783794,
        "Neutral": 0.8487973213195801,
        "Mixed": 0.008228571154177189
    }
}
