{
    "Sentiment": "NEUTRAL",
    "SentimentScore": {
        "Positive": 0.005053865257650614,
        "Negative": 0.0030775871127843857,
        "Neutral": 0.9912106990814209,
        "Mixed": 0.0006578708998858929
    }
}
