{
    "Sentiment": "NEUTRAL",
    "SentimentScore": {
        "Positive": 0.016526157036423683,
        "Negative": 0.019025614485144615,
        "Neutral": 0.9585051536560059,
        "Mixed": 0.00594301987439394
    }
}
