{
    "Sentiment": "NEUTRAL",
    "SentimentScore": {
        "Positive": 0.4233684241771698,
        "Negative": 0.0027257674373686314,
        "Neutral": 0.5678171515464783,
        "Mixed": 0.0060886116698384285
    }
}
