{
    "Sentiment": "NEUTRAL",
    "SentimentScore": {
        "Positive": 0.004556783940643072,
        "Negative": 0.04814402759075165,
        "Neutral": 0.9453129768371582,
        "Mixed": 0.0019863240886479616
    }
}
