{
    "Sentiment": "NEUTRAL",
    "SentimentScore": {
        "Positive": 0.0016600050730630755,
        "Negative": 0.046889666467905045,
        "Neutral": 0.9488862752914429,
        "Mixed": 0.0025640923995524645
    }
}
