{
    "Sentiment": "NEUTRAL",
    "SentimentScore": {
        "Positive": 0.042825181037187576,
        "Negative": 0.04090764373540878,
        "Neutral": 0.9033166170120239,
        "Mixed": 0.012950553558766842
    }
}
