{
    "Sentiment": "NEUTRAL",
    "SentimentScore": {
        "Positive": 0.004878690466284752,
        "Negative": 0.07927372306585312,
        "Neutral": 0.9098814129829407,
        "Mixed": 0.005966146010905504
    }
}
