{
    "Sentiment": "NEUTRAL",
    "SentimentScore": {
        "Positive": 0.06617844849824905,
        "Negative": 0.2536616027355194,
        "Neutral": 0.6634945273399353,
        "Mixed": 0.016665438190102577
    }
}
