{
    "Sentiment": "NEUTRAL",
    "SentimentScore": {
        "Positive": 0.004287873860448599,
        "Negative": 0.27021458745002747,
        "Neutral": 0.7155953645706177,
        "Mixed": 0.009902223944664001
    }
}
