{
    "Sentiment": "NEUTRAL",
    "SentimentScore": {
        "Positive": 0.012145399115979671,
        "Negative": 0.46941205859184265,
        "Neutral": 0.50043785572052,
        "Mixed": 0.01800469309091568
    }
}
