{
    "Sentiment": "NEUTRAL",
    "SentimentScore": {
        "Positive": 0.0019476496381685138,
        "Negative": 0.0532769039273262,
        "Neutral": 0.9417167901992798,
        "Mixed": 0.0030587210785597563
    }
}
