{
    "Sentiment": "NEUTRAL",
    "SentimentScore": {
        "Positive": 0.013539542444050312,
        "Negative": 0.006381041835993528,
        "Neutral": 0.978592574596405,
        "Mixed": 0.0014868193538859487
    }
}
