{
    "Sentiment": "NEUTRAL",
    "SentimentScore": {
        "Positive": 0.025912990793585777,
        "Negative": 0.019426163285970688,
        "Neutral": 0.945655882358551,
        "Mixed": 0.009004955179989338
    }
}
