{
    "Sentiment": "NEUTRAL",
    "SentimentScore": {
        "Positive": 0.0077612330205738544,
        "Negative": 0.20730601251125336,
        "Neutral": 0.7685105204582214,
        "Mixed": 0.016422318294644356
    }
}
