{
    "Sentiment": "NEUTRAL",
    "SentimentScore": {
        "Positive": 0.004197811242192984,
        "Negative": 0.12815351784229279,
        "Neutral": 0.8569437861442566,
        "Mixed": 0.010704852640628815
    }
}
