{
    "Sentiment": "NEUTRAL",
    "SentimentScore": {
        "Positive": 0.004104105290025473,
        "Negative": 0.011160179041326046,
        "Neutral": 0.9837071299552917,
        "Mixed": 0.0010285367025062442
    }
}
