{
    "Sentiment": "NEUTRAL",
    "SentimentScore": {
        "Positive": 0.015668632462620735,
        "Negative": 0.0027915635146200657,
        "Neutral": 0.9808397889137268,
        "Mixed": 0.0007000790210440755
    }
}
