{
    "Sentiment": "NEUTRAL",
    "SentimentScore": {
        "Positive": 0.010937920771539211,
        "Negative": 0.029374565929174423,
        "Neutral": 0.9546157717704773,
        "Mixed": 0.005071714986115694
    }
}
