{
    "Sentiment": "POSITIVE",
    "SentimentScore": {
        "Positive": 0.7023277282714844,
        "Negative": 0.03091379627585411,
        "Neutral": 0.24887636303901672,
        "Mixed": 0.017882145941257477
    }
}
