{
    "Sentiment": "NEUTRAL",
    "SentimentScore": {
        "Positive": 0.011681110598146915,
        "Negative": 0.3278444707393646,
        "Neutral": 0.6469204425811768,
        "Mixed": 0.013553923927247524
    }
}
