{
    "Sentiment": "NEUTRAL",
    "SentimentScore": {
        "Positive": 0.08288109302520752,
        "Negative": 0.03390927240252495,
        "Neutral": 0.8776136040687561,
        "Mixed": 0.005596119910478592
    }
}
