{
    "Sentiment": "NEUTRAL",
    "SentimentScore": {
        "Positive": 0.0025015869177877903,
        "Negative": 0.004975082352757454,
        "Neutral": 0.9919052124023438,
        "Mixed": 0.0006180484197102487
    }
}
