{
    "Sentiment": "NEUTRAL",
    "SentimentScore": {
        "Positive": 0.006700986530631781,
        "Negative": 0.27041560411453247,
        "Neutral": 0.7011345624923706,
        "Mixed": 0.021748822182416916
    }
}
