{
    "Sentiment": "NEUTRAL",
    "SentimentScore": {
        "Positive": 0.0037400417495518923,
        "Negative": 0.004333711229264736,
        "Neutral": 0.9910422563552856,
        "Mixed": 0.0008839311194606125
    }
}
