{
    "Sentiment": "NEUTRAL",
    "SentimentScore": {
        "Positive": 0.011499932035803795,
        "Negative": 0.013836883008480072,
        "Neutral": 0.9726596474647522,
        "Mixed": 0.002003465546295047
    }
}
