{
    "Sentiment": "NEUTRAL",
    "SentimentScore": {
        "Positive": 0.010588757693767548,
        "Negative": 0.1493370234966278,
        "Neutral": 0.8228460550308228,
        "Mixed": 0.01722807250916958
    }
}
