{
    "Sentiment": "NEUTRAL",
    "SentimentScore": {
        "Positive": 0.014587847515940666,
        "Negative": 0.05540485307574272,
        "Neutral": 0.9205259084701538,
        "Mixed": 0.009481414221227169
    }
}
