{
    "Sentiment": "NEUTRAL",
    "SentimentScore": {
        "Positive": 0.007604027632623911,
        "Negative": 0.0056209443137049675,
        "Neutral": 0.9859195947647095,
        "Mixed": 0.000855497142765671
    }
}
