{
    "Sentiment": "NEUTRAL",
    "SentimentScore": {
        "Positive": 0.005746255628764629,
        "Negative": 0.0032871582079678774,
        "Neutral": 0.9903618097305298,
        "Mixed": 0.0006047894712537527
    }
}
