{
    "Sentiment": "NEUTRAL",
    "SentimentScore": {
        "Positive": 0.012675612233579159,
        "Negative": 0.007173375692218542,
        "Neutral": 0.977258026599884,
        "Mixed": 0.002893050666898489
    }
}
