{
    "Sentiment": "NEUTRAL",
    "SentimentScore": {
        "Positive": 0.009450016543269157,
        "Negative": 0.018536783754825592,
        "Neutral": 0.9689278602600098,
        "Mixed": 0.003085376461967826
    }
}
