{
    "Sentiment": "NEUTRAL",
    "SentimentScore": {
        "Positive": 0.009786531329154968,
        "Negative": 0.011389803141355515,
        "Neutral": 0.9770333170890808,
        "Mixed": 0.0017903054831549525
    }
}
