{
    "Sentiment": "NEUTRAL",
    "SentimentScore": {
        "Positive": 0.062226563692092896,
        "Negative": 0.0011017328361049294,
        "Neutral": 0.9352270364761353,
        "Mixed": 0.0014446732820942998
    }
}
