{
    "Sentiment": "NEUTRAL",
    "SentimentScore": {
        "Positive": 0.023192832246422768,
        "Negative": 0.16640301048755646,
        "Neutral": 0.7888936400413513,
        "Mixed": 0.02151055447757244
    }
}
