{
    "Sentiment": "NEUTRAL",
    "SentimentScore": {
        "Positive": 0.003137323772534728,
        "Negative": 0.04282175377011299,
        "Neutral": 0.9502817988395691,
        "Mixed": 0.003758994396775961
    }
}
