{
    "Sentiment": "NEUTRAL",
    "SentimentScore": {
        "Positive": 0.025664055719971657,
        "Negative": 0.004857497755438089,
        "Neutral": 0.9682092070579529,
        "Mixed": 0.001269266358576715
    }
}
