{
    "Sentiment": "NEUTRAL",
    "SentimentScore": {
        "Positive": 0.04011768102645874,
        "Negative": 0.009760590270161629,
        "Neutral": 0.9463880062103271,
        "Mixed": 0.003733767196536064
    }
}
