{
    "Sentiment": "NEUTRAL",
    "SentimentScore": {
        "Positive": 0.0017535178922116756,
        "Negative": 0.020761964842677116,
        "Neutral": 0.9757894277572632,
        "Mixed": 0.001695033861324191
    }
}
