{
    "Sentiment": "POSITIVE",
    "SentimentScore": {
        "Positive": 0.8087425827980042,
        "Negative": 0.00018458037811797112,
        "Neutral": 0.18855509161949158,
        "Mixed": 0.0025177085772156715
    }
}
