{
    "Sentiment": "NEUTRAL",
    "SentimentScore": {
        "Positive": 0.005145446863025427,
        "Negative": 0.010638202540576458,
        "Neutral": 0.9818249344825745,
        "Mixed": 0.0023913835175335407
    }
}
