{
    "Sentiment": "NEUTRAL",
    "SentimentScore": {
        "Positive": 0.002762008924037218,
        "Negative": 0.008936867117881775,
        "Neutral": 0.9873030781745911,
        "Mixed": 0.000998093979433179
    }
}
