{
    "Sentiment": "NEUTRAL",
    "SentimentScore": {
        "Positive": 0.002018313156440854,
        "Negative": 0.007196442224085331,
        "Neutral": 0.9900914430618286,
        "Mixed": 0.0006937333382666111
    }
}
