{
    "Sentiment": "NEUTRAL",
    "SentimentScore": {
        "Positive": 0.035636816173791885,
        "Negative": 0.02086746133863926,
        "Neutral": 0.9415944814682007,
        "Mixed": 0.0019012342672795057
    }
}
