{
    "Sentiment": "NEUTRAL",
    "SentimentScore": {
        "Positive": 0.005277900490909815,
        "Negative": 0.0807490274310112,
        "Neutral": 0.9092426300048828,
        "Mixed": 0.004730467684566975
    }
}
