{
    "Sentiment": "NEUTRAL",
    "SentimentScore": {
        "Positive": 0.0019837687723338604,
        "Negative": 0.005915722344070673,
        "Neutral": 0.9914826154708862,
        "Mixed": 0.0006178599433042109
    }
}
