{
    "Sentiment": "NEUTRAL",
    "SentimentScore": {
        "Positive": 0.08384785801172256,
        "Negative": 0.009996319189667702,
        "Neutral": 0.9034286737442017,
        "Mixed": 0.002727107610553503
    }
}
