{
    "Sentiment": "NEUTRAL",
    "SentimentScore": {
        "Positive": 0.11688994616270065,
        "Negative": 0.07718169689178467,
        "Neutral": 0.7914617657661438,
        "Mixed": 0.014466642402112484
    }
}
