{
    "Sentiment": "NEUTRAL",
    "SentimentScore": {
        "Positive": 0.08464498072862625,
        "Negative": 0.0027965782210230827,
        "Neutral": 0.9102416634559631,
        "Mixed": 0.0023167727049440145
    }
}
