{
    "Sentiment": "NEUTRAL",
    "SentimentScore": {
        "Positive": 0.0038394099101424217,
        "Negative": 0.0041490583680570126,
        "Neutral": 0.9916063547134399,
        "Mixed": 0.00040517476736567914
    }
}
