{
    "Sentiment": "NEUTRAL",
    "SentimentScore": {
        "Positive": 0.01792026497423649,
        "Negative": 0.2972208261489868,
        "Neutral": 0.6569968461990356,
        "Mixed": 0.027862047776579857
    }
}
