{
    "Sentiment": "NEUTRAL",
    "SentimentScore": {
        "Positive": 0.03921334445476532,
        "Negative": 0.005942360498011112,
        "Neutral": 0.9525765180587769,
        "Mixed": 0.0022676903754472733
    }
}
