{
    "Sentiment": "NEUTRAL",
    "SentimentScore": {
        "Positive": 0.011729452759027481,
        "Negative": 0.002819336485117674,
        "Neutral": 0.9843938946723938,
        "Mixed": 0.0010573272593319416
    }
}
