{
    "Sentiment": "NEUTRAL",
    "SentimentScore": {
        "Positive": 0.01967417262494564,
        "Negative": 0.2696947157382965,
        "Neutral": 0.6948934197425842,
        "Mixed": 0.01573772169649601
    }
}
