{
    "Sentiment": "NEUTRAL",
    "SentimentScore": {
        "Positive": 0.00836713332682848,
        "Negative": 0.04715120419859886,
        "Neutral": 0.938690721988678,
        "Mixed": 0.0057908594608306885
    }
}
