{
    "Sentiment": "NEUTRAL",
    "SentimentScore": {
        "Positive": 0.0036803169641643763,
        "Negative": 0.008998055011034012,
        "Neutral": 0.9860242009162903,
        "Mixed": 0.0012974751880392432
    }
}
