{
    "Sentiment": "NEUTRAL",
    "SentimentScore": {
        "Positive": 0.008695528842508793,
        "Negative": 0.019678104668855667,
        "Neutral": 0.968501627445221,
        "Mixed": 0.0031247916631400585
    }
}
