{
    "Sentiment": "POSITIVE",
    "SentimentScore": {
        "Positive": 0.6535205841064453,
        "Negative": 0.10274931788444519,
        "Neutral": 0.12689010798931122,
        "Mixed": 0.11683996766805649
    }
}
