{
    "Sentiment": "NEUTRAL",
    "SentimentScore": {
        "Positive": 0.014619981870055199,
        "Negative": 0.0020561094861477613,
        "Neutral": 0.9818987250328064,
        "Mixed": 0.0014252172550186515
    }
}
