{
    "Sentiment": "NEUTRAL",
    "SentimentScore": {
        "Positive": 0.07564148306846619,
        "Negative": 0.0034461242612451315,
        "Neutral": 0.9179351329803467,
        "Mixed": 0.0029773092828691006
    }
}
