{
    "Sentiment": "NEUTRAL",
    "SentimentScore": {
        "Positive": 0.21040520071983337,
        "Negative": 0.00442739762365818,
        "Neutral": 0.7811819314956665,
        "Mixed": 0.003985532093793154
    }
}
