{
    "Sentiment": "NEUTRAL",
    "SentimentScore": {
        "Positive": 0.004028232302516699,
        "Negative": 0.035674821585416794,
        "Neutral": 0.9563288688659668,
        "Mixed": 0.0039681256748735905
    }
}
