{
    "Sentiment": "NEUTRAL",
    "SentimentScore": {
        "Positive": 0.002831686520949006,
        "Negative": 0.0024871097411960363,
        "Neutral": 0.9943354725837708,
        "Mixed": 0.0003457403799984604
    }
}
