{
    "Sentiment": "POSITIVE",
    "SentimentScore": {
        "Positive": 0.6640393137931824,
        "Negative": 0.012048814445734024,
        "Neutral": 0.31660833954811096,
        "Mixed": 0.007303602993488312
    }
}
