{
    "Sentiment": "NEUTRAL",
    "SentimentScore": {
        "Positive": 0.015995068475604057,
        "Negative": 0.019497254863381386,
        "Neutral": 0.959011971950531,
        "Mixed": 0.005495694000273943
    }
}
