{
    "Sentiment": "NEUTRAL",
    "SentimentScore": {
        "Positive": 0.07335487008094788,
        "Negative": 0.00732390396296978,
        "Neutral": 0.9162986874580383,
        "Mixed": 0.0030224851798266172
    }
}
