{
    "Sentiment": "POSITIVE",
    "SentimentScore": {
        "Positive": 0.9451626539230347,
        "Negative": 0.00043723988346755505,
        "Neutral": 0.05276058241724968,
        "Mixed": 0.0016394925769418478
    }
}
