{
    "Sentiment": "NEUTRAL",
    "SentimentScore": {
        "Positive": 0.014992435462772846,
        "Negative": 0.013953112997114658,
        "Neutral": 0.9697650074958801,
        "Mixed": 0.0012894568499177694
    }
}
