{
    "Sentiment": "NEUTRAL",
    "SentimentScore": {
        "Positive": 0.004645570646971464,
        "Negative": 0.04600684717297554,
        "Neutral": 0.942885160446167,
        "Mixed": 0.006462339777499437
    }
}
