{
    "Sentiment": "NEUTRAL",
    "SentimentScore": {
        "Positive": 0.07203419506549835,
        "Negative": 0.017215898260474205,
        "Neutral": 0.8938319087028503,
        "Mixed": 0.016917932778596878
    }
}
