{
    "Sentiment": "NEUTRAL",
    "SentimentScore": {
        "Positive": 0.0028689547907561064,
        "Negative": 0.0039802729152143,
        "Neutral": 0.9925453066825867,
        "Mixed": 0.0006054905243217945
    }
}
