{
    "Sentiment": "NEUTRAL",
    "SentimentScore": {
        "Positive": 0.021243823692202568,
        "Negative": 0.13650986552238464,
        "Neutral": 0.8075937032699585,
        "Mixed": 0.03465254604816437
    }
}
