{
    "Sentiment": "NEUTRAL",
    "SentimentScore": {
        "Positive": 0.0087098004296422,
        "Negative": 0.009018336422741413,
        "Neutral": 0.9798116087913513,
        "Mixed": 0.002460234798491001
    }
}
