{
    "Sentiment": "NEUTRAL",
    "SentimentScore": {
        "Positive": 0.008943712338805199,
        "Negative": 0.03104746714234352,
        "Neutral": 0.9564114212989807,
        "Mixed": 0.0035974427592009306
    }
}
