{
    "Sentiment": "POSITIVE",
    "SentimentScore": {
        "Positive": 0.6087328791618347,
        "Negative": 0.12186675518751144,
        "Neutral": 0.2221495658159256,
        "Mixed": 0.04725082591176033
    }
}
