{
    "Sentiment": "NEUTRAL",
    "SentimentScore": {
        "Positive": 0.006139046046882868,
        "Negative": 0.022834787145256996,
        "Neutral": 0.9690454602241516,
        "Mixed": 0.001980710541829467
    }
}
