{
    "Sentiment": "NEUTRAL",
    "SentimentScore": {
        "Positive": 0.05338675156235695,
        "Negative": 0.13455915451049805,
        "Neutral": 0.7977648973464966,
        "Mixed": 0.014289161190390587
    }
}
