{
    "Sentiment": "NEUTRAL",
    "SentimentScore": {
        "Positive": 0.15070582926273346,
        "Negative": 0.1844712793827057,
        "Neutral": 0.6398396492004395,
        "Mixed": 0.024983298033475876
    }
}
