{
    "Sentiment": "NEUTRAL",
    "SentimentScore": {
        "Positive": 0.006112012546509504,
        "Negative": 0.0014955264050513506,
        "Neutral": 0.9918959736824036,
        "Mixed": 0.0004964810214005411
    }
}
