{
    "Sentiment": "NEUTRAL",
    "SentimentScore": {
        "Positive": 0.008904486894607544,
        "Negative": 0.020522253587841988,
        "Neutral": 0.9666010737419128,
        "Mixed": 0.003972162026911974
    }
}
