{
    "Sentiment": "NEUTRAL",
    "SentimentScore": {
        "Positive": 0.0053882659412920475,
        "Negative": 0.019506262615323067,
        "Neutral": 0.9720455408096313,
        "Mixed": 0.003060000017285347
    }
}
