{
    "Sentiment": "NEUTRAL",
    "SentimentScore": {
        "Positive": 0.07806652784347534,
        "Negative": 0.0035177108366042376,
        "Neutral": 0.9168016910552979,
        "Mixed": 0.0016141156665980816
    }
}
