{
    "Sentiment": "NEUTRAL",
    "SentimentScore": {
        "Positive": 0.0009758129599504173,
        "Negative": 0.000660502933897078,
        "Neutral": 0.9982457160949707,
        "Mixed": 0.00011787001858465374
    }
}
