{
    "Sentiment": "NEUTRAL",
    "SentimentScore": {
        "Positive": 0.32968461513519287,
        "Negative": 0.004033224191516638,
        "Neutral": 0.6613427996635437,
        "Mixed": 0.004939336329698563
    }
}
