{
    "Sentiment": "NEUTRAL",
    "SentimentScore": {
        "Positive": 0.011420807801187038,
        "Negative": 0.10603788495063782,
        "Neutral": 0.8652697205543518,
        "Mixed": 0.017271682620048523
    }
}
