{
    "Sentiment": "NEUTRAL",
    "SentimentScore": {
        "Positive": 0.014968452975153923,
        "Negative": 0.016012294217944145,
        "Neutral": 0.9678412079811096,
        "Mixed": 0.0011779872002080083
    }
}
