{
    "Sentiment": "NEUTRAL",
    "SentimentScore": {
        "Positive": 0.004141452256590128,
        "Negative": 0.03142472729086876,
        "Neutral": 0.9617587327957153,
        "Mixed": 0.002674987306818366
    }
}
