{
    "Sentiment": "NEUTRAL",
    "SentimentScore": {
        "Positive": 0.008651995100080967,
        "Negative": 0.14712147414684296,
        "Neutral": 0.8327941298484802,
        "Mixed": 0.011432446539402008
    }
}
