{
    "Sentiment": "NEUTRAL",
    "SentimentScore": {
        "Positive": 0.049343500286340714,
        "Negative": 0.0964469239115715,
        "Neutral": 0.8425047993659973,
        "Mixed": 0.011704802513122559
    }
}
