{
    "Sentiment": "NEUTRAL",
    "SentimentScore": {
        "Positive": 0.004452499561011791,
        "Negative": 0.10978523641824722,
        "Neutral": 0.8822846412658691,
        "Mixed": 0.003477697493508458
    }
}
