{
    "Sentiment": "NEUTRAL",
    "SentimentScore": {
        "Positive": 0.09730172157287598,
        "Negative": 0.004735959228128195,
        "Neutral": 0.8934604525566101,
        "Mixed": 0.004501924850046635
    }
}
