{
    "Sentiment": "NEUTRAL",
    "SentimentScore": {
        "Positive": 0.06764128059148788,
        "Negative": 0.07069530338048935,
        "Neutral": 0.8518144488334656,
        "Mixed": 0.00984896905720234
    }
}
