{
    "Sentiment": "NEUTRAL",
    "SentimentScore": {
        "Positive": 0.0030824770219624043,
        "Negative": 0.052347827702760696,
        "Neutral": 0.9402401447296143,
        "Mixed": 0.004329472314566374
    }
}
