{
    "Sentiment": "NEUTRAL",
    "SentimentScore": {
        "Positive": 0.09880323708057404,
        "Negative": 0.006603453774005175,
        "Neutral": 0.8795360922813416,
        "Mixed": 0.015057215467095375
    }
}
