{
    "Sentiment": "NEUTRAL",
    "SentimentScore": {
        "Positive": 0.003053278662264347,
        "Negative": 0.04850832000374794,
        "Neutral": 0.9444501399993896,
        "Mixed": 0.003988293930888176
    }
}
