{
    "Sentiment": "NEUTRAL",
    "SentimentScore": {
        "Positive": 0.008121294900774956,
        "Negative": 0.14185366034507751,
        "Neutral": 0.8393588662147522,
        "Mixed": 0.01066614780575037
    }
}
