{
    "Sentiment": "NEUTRAL",
    "SentimentScore": {
        "Positive": 0.02201821282505989,
        "Negative": 0.13537701964378357,
        "Neutral": 0.834464430809021,
        "Mixed": 0.008140328340232372
    }
}
