{
    "Sentiment": "NEUTRAL",
    "SentimentScore": {
        "Positive": 0.002261972753331065,
        "Negative": 0.11533407866954803,
        "Neutral": 0.8790362477302551,
        "Mixed": 0.0033677127212285995
    }
}
