{
    "Sentiment": "NEUTRAL",
    "SentimentScore": {
        "Positive": 0.006077710539102554,
        "Negative": 0.10356854647397995,
        "Neutral": 0.8827968239784241,
        "Mixed": 0.007556889206171036
    }
}
