{
    "Sentiment": "NEUTRAL",
    "SentimentScore": {
        "Positive": 0.027573078870773315,
        "Negative": 0.007116581778973341,
        "Neutral": 0.9621277451515198,
        "Mixed": 0.0031825287733227015
    }
}
