{
    "Sentiment": "NEUTRAL",
    "SentimentScore": {
        "Positive": 0.01043879333883524,
        "Negative": 0.081790991127491,
        "Neutral": 0.896457850933075,
        "Mixed": 0.011312360875308514
    }
}
