{
    "Sentiment": "NEUTRAL",
    "SentimentScore": {
        "Positive": 0.06564868986606598,
        "Negative": 0.12900012731552124,
        "Neutral": 0.7858335971832275,
        "Mixed": 0.01951760984957218
    }
}
