{
    "Sentiment": "NEUTRAL",
    "SentimentScore": {
        "Positive": 0.0024560019373893738,
        "Negative": 0.012177626602351665,
        "Neutral": 0.9841411709785461,
        "Mixed": 0.001225177082233131
    }
}
