{
    "Sentiment": "NEUTRAL",
    "SentimentScore": {
        "Positive": 0.02246936969459057,
        "Negative": 0.08959279954433441,
        "Neutral": 0.8623232245445251,
        "Mixed": 0.02561459131538868
    }
}
