{
    "Sentiment": "NEUTRAL",
    "SentimentScore": {
        "Positive": 0.003952533472329378,
        "Negative": 0.0567488856613636,
        "Neutral": 0.9341493844985962,
        "Mixed": 0.00514925317838788
    }
}
