{
    "Sentiment": "NEUTRAL",
    "SentimentScore": {
        "Positive": 0.03114674612879753,
        "Negative": 0.004678872413933277,
        "Neutral": 0.962225615978241,
        "Mixed": 0.001948790973983705
    }
}
