{
    "Sentiment": "NEUTRAL",
    "SentimentScore": {
        "Positive": 0.06537719070911407,
        "Negative": 0.22851821780204773,
        "Neutral": 0.6668546199798584,
        "Mixed": 0.039249878376722336
    }
}
