{
    "Sentiment": "NEUTRAL",
    "SentimentScore": {
        "Positive": 0.0024231881834566593,
        "Negative": 0.028994999825954437,
        "Neutral": 0.9667819142341614,
        "Mixed": 0.0018000155687332153
    }
}
