{
    "Sentiment": "NEUTRAL",
    "SentimentScore": {
        "Positive": 0.005119664128869772,
        "Negative": 0.06513538211584091,
        "Neutral": 0.923456609249115,
        "Mixed": 0.006288382690399885
    }
}
