{
    "Sentiment": "NEUTRAL",
    "SentimentScore": {
        "Positive": 0.007961846888065338,
        "Negative": 0.04314300790429115,
        "Neutral": 0.9443726539611816,
        "Mixed": 0.004522497300058603
    }
}
