{
    "Sentiment": "NEUTRAL",
    "SentimentScore": {
        "Positive": 0.0039079273119568825,
        "Negative": 0.0021838154643774033,
        "Neutral": 0.9936323761940002,
        "Mixed": 0.00027592972037382424
    }
}
