{
    "Sentiment": "NEUTRAL",
    "SentimentScore": {
        "Positive": 0.018894685432314873,
        "Negative": 0.035342469811439514,
        "Neutral": 0.9365830421447754,
        "Mixed": 0.009179791435599327
    }
}
