{
    "Sentiment": "NEUTRAL",
    "SentimentScore": {
        "Positive": 0.1704968810081482,
        "Negative": 0.00745638832449913,
        "Neutral": 0.812463641166687,
        "Mixed": 0.009583148173987865
    }
}
