{
    "Sentiment": "NEUTRAL",
    "SentimentScore": {
        "Positive": 0.05724208429455757,
        "Negative": 0.02349647879600525,
        "Neutral": 0.9133220314979553,
        "Mixed": 0.0059394221752882
    }
}
