{
    "Sentiment": "NEUTRAL",
    "SentimentScore": {
        "Positive": 0.08472789078950882,
        "Negative": 0.041786059737205505,
        "Neutral": 0.8482341170310974,
        "Mixed": 0.025251979008316994
    }
}
