{
    "Sentiment": "NEUTRAL",
    "SentimentScore": {
        "Positive": 0.005100327543914318,
        "Negative": 0.001987720839679241,
        "Neutral": 0.9924417734146118,
        "Mixed": 0.00047009927220642567
    }
}
