{
    "Sentiment": "NEUTRAL",
    "SentimentScore": {
        "Positive": 0.013976901769638062,
        "Negative": 0.01247890293598175,
        "Neutral": 0.971507728099823,
        "Mixed": 0.0020364876836538315
    }
}
