{
    "Sentiment": "NEUTRAL",
    "SentimentScore": {
        "Positive": 0.1007290855050087,
        "Negative": 0.003340095980092883,
        "Neutral": 0.8940364122390747,
        "Mixed": 0.001894426648505032
    }
}
