{
    "Sentiment": "NEUTRAL",
    "SentimentScore": {
        "Positive": 0.002830404555425048,
        "Negative": 0.0011144110467284918,
        "Neutral": 0.9958816766738892,
        "Mixed": 0.00017357786418870091
    }
}
