{
    "Sentiment": "NEUTRAL",
    "SentimentScore": {
        "Positive": 0.004027775954455137,
        "Negative": 0.002577244071289897,
        "Neutral": 0.9928233623504639,
        "Mixed": 0.0005716042360290885
    }
}
