{
    "Sentiment": "NEUTRAL",
    "SentimentScore": {
        "Positive": 0.025599727407097816,
        "Negative": 0.004065581131726503,
        "Neutral": 0.9690377712249756,
        "Mixed": 0.0012968956725671887
    }
}
