{
    "Sentiment": "NEUTRAL",
    "SentimentScore": {
        "Positive": 0.0033400163520127535,
        "Negative": 0.021419113501906395,
        "Neutral": 0.9734998345375061,
        "Mixed": 0.0017411245498806238
    }
}
