{
    "Sentiment": "NEUTRAL",
    "SentimentScore": {
        "Positive": 0.001740000327117741,
        "Negative": 0.004031044896692038,
        "Neutral": 0.993839681148529,
        "Mixed": 0.00038926201523281634
    }
}
