{
    "Sentiment": "NEUTRAL",
    "SentimentScore": {
        "Positive": 0.002999278949573636,
        "Negative": 0.032785508781671524,
        "Neutral": 0.9625447988510132,
        "Mixed": 0.0016703438013792038
    }
}
