{
    "Sentiment": "NEUTRAL",
    "SentimentScore": {
        "Positive": 0.013396219350397587,
        "Negative": 0.20958368480205536,
        "Neutral": 0.7412863373756409,
        "Mixed": 0.03573376312851906
    }
}
