{
    "Sentiment": "NEUTRAL",
    "SentimentScore": {
        "Positive": 0.009941834956407547,
        "Negative": 0.011946550570428371,
        "Neutral": 0.9765175580978394,
        "Mixed": 0.0015940944431349635
    }
}
