{
    "Sentiment": "NEUTRAL",
    "SentimentScore": {
        "Positive": 0.0264945887029171,
        "Negative": 0.06318466365337372,
        "Neutral": 0.8985783457756042,
        "Mixed": 0.011742319911718369
    }
}
