{
    "Sentiment": "NEUTRAL",
    "SentimentScore": {
        "Positive": 0.0030686543323099613,
        "Negative": 0.017039505764842033,
        "Neutral": 0.9792270064353943,
        "Mixed": 0.0006648028502240777
    }
}
