{
    "Sentiment": "NEUTRAL",
    "SentimentScore": {
        "Positive": 0.19051025807857513,
        "Negative": 0.008364233188331127,
        "Neutral": 0.7895399928092957,
        "Mixed": 0.011585453525185585
    }
}
