{
    "Sentiment": "NEUTRAL",
    "SentimentScore": {
        "Positive": 0.17174257338047028,
        "Negative": 0.013516228646039963,
        "Neutral": 0.7800725102424622,
        "Mixed": 0.034668680280447006
    }
}
