{
    "Sentiment": "NEUTRAL",
    "SentimentScore": {
        "Positive": 0.2787476181983948,
        "Negative": 0.02764740027487278,
        "Neutral": 0.6095935702323914,
        "Mixed": 0.08401142060756683
    }
}
