{
    "Sentiment": "NEUTRAL",
    "SentimentScore": {
        "Positive": 0.013720917515456676,
        "Negative": 0.14260262250900269,
        "Neutral": 0.8222033977508545,
        "Mixed": 0.021473107859492302
    }
}
