{
    "Sentiment": "NEUTRAL",
    "SentimentScore": {
        "Positive": 0.34648698568344116,
        "Negative": 0.045333899557590485,
        "Neutral": 0.5854853391647339,
        "Mixed": 0.022693801671266556
    }
}
