{
    "Sentiment": "NEUTRAL",
    "SentimentScore": {
        "Positive": 0.004903018474578857,
        "Negative": 0.005016220733523369,
        "Neutral": 0.9894179701805115,
        "Mixed": 0.000662773207295686
    }
}
