{
    "Sentiment": "NEUTRAL",
    "SentimentScore": {
        "Positive": 0.006052087992429733,
        "Negative": 0.006313848774880171,
        "Neutral": 0.9867258071899414,
        "Mixed": 0.0009083223412744701
    }
}
