{
    "Sentiment": "NEUTRAL",
    "SentimentScore": {
        "Positive": 0.03317680582404137,
        "Negative": 0.03220579773187637,
        "Neutral": 0.9236611127853394,
        "Mixed": 0.010956242680549622
    }
}
