{
    "Sentiment": "NEUTRAL",
    "SentimentScore": {
        "Positive": 0.012219768948853016,
        "Negative": 0.09763620793819427,
        "Neutral": 0.8773143887519836,
        "Mixed": 0.012829683721065521
    }
}
