{
    "Sentiment": "NEUTRAL",
    "SentimentScore": {
        "Positive": 0.07369784265756607,
        "Negative": 0.002861320972442627,
        "Neutral": 0.9213645458221436,
        "Mixed": 0.002076265402138233
    }
}
