{
    "Sentiment": "NEUTRAL",
    "SentimentScore": {
        "Positive": 0.017027493566274643,
        "Negative": 0.10707424581050873,
        "Neutral": 0.8640507459640503,
        "Mixed": 0.011847478337585926
    }
}
