{
    "Sentiment": "NEUTRAL",
    "SentimentScore": {
        "Positive": 0.0015829874901100993,
        "Negative": 0.011462368071079254,
        "Neutral": 0.9862576127052307,
        "Mixed": 0.0006970950053073466
    }
}
