{
    "Sentiment": "NEUTRAL",
    "SentimentScore": {
        "Positive": 0.016948910430073738,
        "Negative": 0.005925211124122143,
        "Neutral": 0.9751108884811401,
        "Mixed": 0.0020149012561887503
    }
}
