{
    "Sentiment": "NEUTRAL",
    "SentimentScore": {
        "Positive": 0.005910214968025684,
        "Negative": 0.16424880921840668,
        "Neutral": 0.822564959526062,
        "Mixed": 0.007276034913957119
    }
}
