{
    "Sentiment": "NEGATIVE",
    "SentimentScore": {
        "Positive": 0.009958785958588123,
        "Negative": 0.6483776569366455,
        "Neutral": 0.31064343452453613,
        "Mixed": 0.03102017752826214
    }
}
