{
    "Sentiment": "POSITIVE",
    "SentimentScore": {
        "Positive": 0.5689724683761597,
        "Negative": 0.012231225147843361,
        "Neutral": 0.4016597270965576,
        "Mixed": 0.017136581242084503
    }
}
