{
    "Sentiment": "NEGATIVE",
    "SentimentScore": {
        "Positive": 0.14704538881778717,
        "Negative": 0.6051924824714661,
        "Neutral": 0.20352281630039215,
        "Mixed": 0.04423932358622551
    }
}
