{
    "Sentiment": "NEUTRAL",
    "SentimentScore": {
        "Positive": 0.017921043559908867,
        "Negative": 0.12736207246780396,
        "Neutral": 0.843468427658081,
        "Mixed": 0.011248448863625526
    }
}
