{
    "Sentiment": "NEUTRAL",
    "SentimentScore": {
        "Positive": 0.0044809430837631226,
        "Negative": 0.02294330857694149,
        "Neutral": 0.9695190191268921,
        "Mixed": 0.0030567841604351997
    }
}
