{
    "Sentiment": "NEUTRAL",
    "SentimentScore": {
        "Positive": 0.042257677763700485,
        "Negative": 0.011783388443291187,
        "Neutral": 0.9383849501609802,
        "Mixed": 0.007573964539915323
    }
}
