{
    "Sentiment": "NEUTRAL",
    "SentimentScore": {
        "Positive": 0.0017749490216374397,
        "Negative": 0.020853348076343536,
        "Neutral": 0.9759019017219543,
        "Mixed": 0.0014698113081976771
    }
}
