{
    "Sentiment": "NEUTRAL",
    "SentimentScore": {
        "Positive": 0.23681055009365082,
        "Negative": 0.042314331978559494,
        "Neutral": 0.7123897075653076,
        "Mixed": 0.008485422469675541
    }
}
