{
    "Sentiment": "NEUTRAL",
    "SentimentScore": {
        "Positive": 0.009394571185112,
        "Negative": 0.0249639879912138,
        "Neutral": 0.9642594456672668,
        "Mixed": 0.0013820488238707185
    }
}
