{
    "Sentiment": "NEUTRAL",
    "SentimentScore": {
        "Positive": 0.007474008481949568,
        "Negative": 0.004531650338321924,
        "Neutral": 0.9874125719070435,
        "Mixed": 0.0005817314377054572
    }
}
