{
    "Sentiment": "NEUTRAL",
    "SentimentScore": {
        "Positive": 0.1463364213705063,
        "Negative": 0.10891071707010269,
        "Neutral": 0.6678329706192017,
        "Mixed": 0.07691992074251175
    }
}
