{
    "Sentiment": "NEUTRAL",
    "SentimentScore": {
        "Positive": 0.14566370844841003,
        "Negative": 0.0029048235155642033,
        "Neutral": 0.8468442559242249,
        "Mixed": 0.004587219562381506
    }
}
