{
    "Sentiment": "NEUTRAL",
    "SentimentScore": {
        "Positive": 0.006823308765888214,
        "Negative": 0.005413672886788845,
        "Neutral": 0.986973762512207,
        "Mixed": 0.0007892570574767888
    }
}
