{
    "Sentiment": "NEUTRAL",
    "SentimentScore": {
        "Positive": 0.022444169968366623,
        "Negative": 0.11103447526693344,
        "Neutral": 0.8551453948020935,
        "Mixed": 0.011375941336154938
    }
}
