{
    "Sentiment": "NEUTRAL",
    "SentimentScore": {
        "Positive": 0.002431334927678108,
        "Negative": 0.008466602303087711,
        "Neutral": 0.9884627461433411,
        "Mixed": 0.0006392596988007426
    }
}
