{
    "Sentiment": "NEUTRAL",
    "SentimentScore": {
        "Positive": 0.058637719601392746,
        "Negative": 0.028083855286240578,
        "Neutral": 0.9049646854400635,
        "Mixed": 0.008313745260238647
    }
}
