{
    "Sentiment": "NEUTRAL",
    "SentimentScore": {
        "Positive": 0.0062261647544801235,
        "Negative": 0.338426798582077,
        "Neutral": 0.6333924531936646,
        "Mixed": 0.02195458672940731
    }
}
