{
    "Sentiment": "NEUTRAL",
    "SentimentScore": {
        "Positive": 0.008397429250180721,
        "Negative": 0.07297614216804504,
        "Neutral": 0.9165433645248413,
        "Mixed": 0.0020830766297876835
    }
}
