{
    "Sentiment": "NEUTRAL",
    "SentimentScore": {
        "Positive": 0.02669786475598812,
        "Negative": 0.012413663789629936,
        "Neutral": 0.9596856236457825,
        "Mixed": 0.001202793326228857
    }
}
