{
    "Sentiment": "NEUTRAL",
    "SentimentScore": {
        "Positive": 0.003976811654865742,
        "Negative": 0.002598406746983528,
        "Neutral": 0.9928395748138428,
        "Mixed": 0.0005851859459653497
    }
}
