{
    "Sentiment": "NEUTRAL",
    "SentimentScore": {
        "Positive": 0.10095877945423126,
        "Negative": 0.03682487830519676,
        "Neutral": 0.8492724299430847,
        "Mixed": 0.012943918816745281
    }
}
