{
    "Sentiment": "NEUTRAL",
    "SentimentScore": {
        "Positive": 0.0026712892577052116,
        "Negative": 0.024172833189368248,
        "Neutral": 0.9708579778671265,
        "Mixed": 0.0022979099303483963
    }
}
