{
    "Sentiment": "NEUTRAL",
    "SentimentScore": {
        "Positive": 0.026128321886062622,
        "Negative": 0.12159154564142227,
        "Neutral": 0.8326417803764343,
        "Mixed": 0.01963833160698414
    }
}
