{
    "Sentiment": "NEUTRAL",
    "SentimentScore": {
        "Positive": 0.007080893497914076,
        "Negative": 0.11805287003517151,
        "Neutral": 0.865534245967865,
        "Mixed": 0.009332016110420227
    }
}
