{
    "Sentiment": "NEUTRAL",
    "SentimentScore": {
        "Positive": 0.005015730392187834,
        "Negative": 0.03547368943691254,
        "Neutral": 0.9575940370559692,
        "Mixed": 0.0019165124977007508
    }
}
