{
    "Sentiment": "NEUTRAL",
    "SentimentScore": {
        "Positive": 0.04243723303079605,
        "Negative": 0.06966668367385864,
        "Neutral": 0.88066565990448,
        "Mixed": 0.007230457384139299
    }
}
