{
    "Sentiment": "NEUTRAL",
    "SentimentScore": {
        "Positive": 0.005010782741010189,
        "Negative": 0.049494337290525436,
        "Neutral": 0.9390113353729248,
        "Mixed": 0.006483485922217369
    }
}
