{
    "Sentiment": "POSITIVE",
    "SentimentScore": {
        "Positive": 0.6356378197669983,
        "Negative": 0.004426988307386637,
        "Neutral": 0.34350258111953735,
        "Mixed": 0.016432594507932663
    }
}
