{
    "Sentiment": "NEUTRAL",
    "SentimentScore": {
        "Positive": 0.0031470684334635735,
        "Negative": 0.061653390526771545,
        "Neutral": 0.9323545098304749,
        "Mixed": 0.0028450232930481434
    }
}
