{
    "Sentiment": "NEUTRAL",
    "SentimentScore": {
        "Positive": 0.0031902638729661703,
        "Negative": 0.031106991693377495,
        "Neutral": 0.9622675776481628,
        "Mixed": 0.0034351106733083725
    }
}
