{
    "Sentiment": "NEUTRAL",
    "SentimentScore": {
        "Positive": 0.006494463887065649,
        "Negative": 0.02201969362795353,
        "Neutral": 0.9681468605995178,
        "Mixed": 0.0033390233293175697
    }
}
