{
    "Sentiment": "POSITIVE",
    "SentimentScore": {
        "Positive": 0.954468846321106,
        "Negative": 0.00025392830139026046,
        "Neutral": 0.0429433211684227,
        "Mixed": 0.0023338592145591974
    }
}
