{
    "Sentiment": "NEUTRAL",
    "SentimentScore": {
        "Positive": 0.09949152171611786,
        "Negative": 0.04072153568267822,
        "Neutral": 0.788212239742279,
        "Mixed": 0.07157471030950546
    }
}
