{
    "Sentiment": "NEUTRAL",
    "SentimentScore": {
        "Positive": 0.07466024905443192,
        "Negative": 0.020680058747529984,
        "Neutral": 0.890516996383667,
        "Mixed": 0.014142629690468311
    }
}
