{
    "Sentiment": "NEUTRAL",
    "SentimentScore": {
        "Positive": 0.02042354829609394,
        "Negative": 0.1361154317855835,
        "Neutral": 0.8350921869277954,
        "Mixed": 0.008368879556655884
    }
}
