{
    "Sentiment": "NEUTRAL",
    "SentimentScore": {
        "Positive": 0.04367503523826599,
        "Negative": 0.10033730417490005,
        "Neutral": 0.8488423228263855,
        "Mixed": 0.007145314011722803
    }
}
