{
    "Sentiment": "NEUTRAL",
    "SentimentScore": {
        "Positive": 0.06638417392969131,
        "Negative": 0.29239875078201294,
        "Neutral": 0.5397336483001709,
        "Mixed": 0.10148344933986664
    }
}
