{
    "Sentiment": "NEUTRAL",
    "SentimentScore": {
        "Positive": 0.27151840925216675,
        "Negative": 0.31849536299705505,
        "Neutral": 0.37070026993751526,
        "Mixed": 0.039286017417907715
    }
}
