{
    "Sentiment": "NEUTRAL",
    "SentimentScore": {
        "Positive": 0.43417051434516907,
        "Negative": 0.015524898655712605,
        "Neutral": 0.5239723324775696,
        "Mixed": 0.026332257315516472
    }
}
