{
    "Sentiment": "NEUTRAL",
    "SentimentScore": {
        "Positive": 0.002307639690116048,
        "Negative": 0.01736730895936489,
        "Neutral": 0.9791096448898315,
        "Mixed": 0.0012154001742601395
    }
}
