{
    "Sentiment": "NEUTRAL",
    "SentimentScore": {
        "Positive": 0.009568211622536182,
        "Negative": 0.004059948492795229,
        "Neutral": 0.9856530427932739,
        "Mixed": 0.0007189166499301791
    }
}
