{
    "Sentiment": "NEUTRAL",
    "SentimentScore": {
        "Positive": 0.005969538353383541,
        "Negative": 0.024470454081892967,
        "Neutral": 0.9661268591880798,
        "Mixed": 0.0034331816714257
    }
}
