{
    "Sentiment": "NEUTRAL",
    "SentimentScore": {
        "Positive": 0.00785215012729168,
        "Negative": 0.2998018264770508,
        "Neutral": 0.6518523097038269,
        "Mixed": 0.04049365594983101
    }
}
