{
    "Sentiment": "NEUTRAL",
    "SentimentScore": {
        "Positive": 0.03047083504498005,
        "Negative": 0.01651700958609581,
        "Neutral": 0.9509521126747131,
        "Mixed": 0.0020599914714694023
    }
}
