{
    "Sentiment": "NEUTRAL",
    "SentimentScore": {
        "Positive": 0.17577774822711945,
        "Negative": 0.003128236858174205,
        "Neutral": 0.8168354034423828,
        "Mixed": 0.0042585586197674274
    }
}
