{
    "Sentiment": "POSITIVE",
    "SentimentScore": {
        "Positive": 0.7754355072975159,
        "Negative": 0.015223908238112926,
        "Neutral": 0.19138899445533752,
        "Mixed": 0.017951594665646553
    }
}
