{
    "Sentiment": "NEGATIVE",
    "SentimentScore": {
        "Positive": 0.04300651699304581,
        "Negative": 0.49277520179748535,
        "Neutral": 0.33354073762893677,
        "Mixed": 0.13067758083343506
    }
}
