{
    "Sentiment": "NEUTRAL",
    "SentimentScore": {
        "Positive": 0.017375128343701363,
        "Negative": 0.022358911111950874,
        "Neutral": 0.9585671424865723,
        "Mixed": 0.0016988893039524555
    }
}
