{
    "Sentiment": "NEUTRAL",
    "SentimentScore": {
        "Positive": 0.03204604610800743,
        "Negative": 0.014602775685489178,
        "Neutral": 0.9413895010948181,
        "Mixed": 0.011961651965975761
    }
}
