{
    "Sentiment": "NEUTRAL",
    "SentimentScore": {
        "Positive": 0.02131177857518196,
        "Negative": 0.055059559643268585,
        "Neutral": 0.9160614013671875,
        "Mixed": 0.007567275315523148
    }
}
