{
    "Sentiment": "NEUTRAL",
    "SentimentScore": {
        "Positive": 0.010326305404305458,
        "Negative": 0.06430530548095703,
        "Neutral": 0.9191569685935974,
        "Mixed": 0.006211440544575453
    }
}
