{
    "Sentiment": "NEUTRAL",
    "SentimentScore": {
        "Positive": 0.007737526670098305,
        "Negative": 0.23470743000507355,
        "Neutral": 0.7395602464675903,
        "Mixed": 0.017994748428463936
    }
}
