{
    "Sentiment": "NEUTRAL",
    "SentimentScore": {
        "Positive": 0.003412490012124181,
        "Negative": 0.00078005954856053,
        "Neutral": 0.995634138584137,
        "Mixed": 0.0001733355748001486
    }
}
