{
    "Sentiment": "NEUTRAL",
    "SentimentScore": {
        "Positive": 0.001709495671093464,
        "Negative": 0.07942932844161987,
        "Neutral": 0.9155910611152649,
        "Mixed": 0.0032699997536838055
    }
}
