{
    "Sentiment": "NEUTRAL",
    "SentimentScore": {
        "Positive": 0.0023007646668702364,
        "Negative": 0.00144869030918926,
        "Neutral": 0.9959713816642761,
        "Mixed": 0.00027907994808629155
    }
}
