{
    "Sentiment": "NEUTRAL",
    "SentimentScore": {
        "Positive": 0.039142247289419174,
        "Negative": 0.021254077553749084,
        "Neutral": 0.9378173351287842,
        "Mixed": 0.001786347827874124
    }
}
