{
    "Sentiment": "NEUTRAL",
    "SentimentScore": {
        "Positive": 0.003193086478859186,
        "Negative": 0.0019879338797181845,
        "Neutral": 0.994443953037262,
        "Mixed": 0.00037507322849705815
    }
}
