{
    "Sentiment": "NEUTRAL",
    "SentimentScore": {
        "Positive": 0.00845192838460207,
        "Negative": 0.0030075926333665848,
        "Neutral": 0.9873582124710083,
        "Mixed": 0.0011823532404378057
    }
}
