{
    "Sentiment": "NEUTRAL",
    "SentimentScore": {
        "Positive": 0.005303774960339069,
        "Negative": 0.0010385926580056548,
        "Neutral": 0.9933736324310303,
        "Mixed": 0.0002839273074641824
    }
}
