{
    "Sentiment": "NEUTRAL",
    "SentimentScore": {
        "Positive": 0.01519161555916071,
        "Negative": 0.026573922485113144,
        "Neutral": 0.9548079967498779,
        "Mixed": 0.003426540642976761
    }
}
