{
    "Sentiment": "NEUTRAL",
    "SentimentScore": {
        "Positive": 0.0020963421557098627,
        "Negative": 0.0013129750732332468,
        "Neutral": 0.9963514804840088,
        "Mixed": 0.00023926266294438392
    }
}
