{
    "Sentiment": "POSITIVE",
    "SentimentScore": {
        "Positive": 0.6040797829627991,
        "Negative": 0.05554838851094246,
        "Neutral": 0.2536236643791199,
        "Mixed": 0.0867481604218483
    }
}
