{
    "Sentiment": "NEUTRAL",
    "SentimentScore": {
        "Positive": 0.018508855253458023,
        "Negative": 0.013669008389115334,
        "Neutral": 0.9636490941047668,
        "Mixed": 0.004172954708337784
    }
}
