{
    "Sentiment": "NEUTRAL",
    "SentimentScore": {
        "Positive": 0.04041249677538872,
        "Negative": 0.008564443327486515,
        "Neutral": 0.9478221535682678,
        "Mixed": 0.0032008206471800804
    }
}
