{
    "Sentiment": "NEUTRAL",
    "SentimentScore": {
        "Positive": 0.003156048245728016,
        "Negative": 0.0021339640952646732,
        "Neutral": 0.9942190647125244,
        "Mixed": 0.0004909324925392866
    }
}
