{
    "Sentiment": "NEUTRAL",
    "SentimentScore": {
        "Positive": 0.0040551237761974335,
        "Negative": 0.004933143965899944,
        "Neutral": 0.9902935028076172,
        "Mixed": 0.0007182142580859363
    }
}
