{
    "Sentiment": "NEUTRAL",
    "SentimentScore": {
        "Positive": 0.006578368600457907,
        "Negative": 0.004394945222884417,
        "Neutral": 0.9884036183357239,
        "Mixed": 0.0006230998551473022
    }
}
