{
    "Sentiment": "NEUTRAL",
    "SentimentScore": {
        "Positive": 0.052316367626190186,
        "Negative": 0.4657577872276306,
        "Neutral": 0.46825292706489563,
        "Mixed": 0.013672885484993458
    }
}
