{
    "Sentiment": "NEUTRAL",
    "SentimentScore": {
        "Positive": 0.015493633225560188,
        "Negative": 0.10146486759185791,
        "Neutral": 0.8735947608947754,
        "Mixed": 0.009446828626096249
    }
}
