{
    "Sentiment": "NEUTRAL",
    "SentimentScore": {
        "Positive": 0.07234125584363937,
        "Negative": 0.29514768719673157,
        "Neutral": 0.608448326587677,
        "Mixed": 0.02406281791627407
    }
}
