{
    "Sentiment": "NEUTRAL",
    "SentimentScore": {
        "Positive": 0.0016969910357147455,
        "Negative": 0.006559067405760288,
        "Neutral": 0.991068959236145,
        "Mixed": 0.0006749011809006333
    }
}
