{
    "Sentiment": "NEUTRAL",
    "SentimentScore": {
        "Positive": 0.010958836413919926,
        "Negative": 0.027350077405571938,
        "Neutral": 0.9566493034362793,
        "Mixed": 0.0050417352467775345
    }
}
