{
    "Sentiment": "NEUTRAL",
    "SentimentScore": {
        "Positive": 0.13460278511047363,
        "Negative": 0.0027091368101537228,
        "Neutral": 0.859561562538147,
        "Mixed": 0.0031265737488865852
    }
}
