{
    "Sentiment": "NEUTRAL",
    "SentimentScore": {
        "Positive": 0.002874623518437147,
        "Negative": 0.0030476939864456654,
        "Neutral": 0.9937542080879211,
        "Mixed": 0.00032347950036637485
    }
}
