{
    "Sentiment": "NEUTRAL",
    "SentimentScore": {
        "Positive": 0.014161018654704094,
        "Negative": 0.005325053818523884,
        "Neutral": 0.9787807464599609,
        "Mixed": 0.001733190380036831
    }
}
