{
    "Sentiment": "NEUTRAL",
    "SentimentScore": {
        "Positive": 0.023397671058773994,
        "Negative": 0.06222689151763916,
        "Neutral": 0.9099804162979126,
        "Mixed": 0.004395004827529192
    }
}
