{
    "Sentiment": "NEUTRAL",
    "SentimentScore": {
        "Positive": 0.1899006962776184,
        "Negative": 0.00622523995116353,
        "Neutral": 0.7930753231048584,
        "Mixed": 0.01079872902482748
    }
}
