{
    "Sentiment": "NEUTRAL",
    "SentimentScore": {
        "Positive": 0.002030966803431511,
        "Negative": 0.0021159977186471224,
        "Neutral": 0.995594322681427,
        "Mixed": 0.00025874137645587325
    }
}
