{
    "Sentiment": "NEUTRAL",
    "SentimentScore": {
        "Positive": 0.001923387753777206,
        "Negative": 0.002786740893498063,
        "Neutral": 0.9949361085891724,
        "Mixed": 0.00035367655800655484
    }
}
