{
    "Sentiment": "NEUTRAL",
    "SentimentScore": {
        "Positive": 0.014934168197214603,
        "Negative": 0.021213144063949585,
        "Neutral": 0.95707106590271,
        "Mixed": 0.006781648378819227
    }
}
