{
    "Sentiment": "NEUTRAL",
    "SentimentScore": {
        "Positive": 0.019866805523633957,
        "Negative": 0.037920910865068436,
        "Neutral": 0.9378217458724976,
        "Mixed": 0.004390619695186615
    }
}
