{
    "Sentiment": "NEUTRAL",
    "SentimentScore": {
        "Positive": 0.1357898712158203,
        "Negative": 0.009060537442564964,
        "Neutral": 0.8498662114143372,
        "Mixed": 0.005283349193632603
    }
}
