{
    "Sentiment": "NEUTRAL",
    "SentimentScore": {
        "Positive": 0.017697863280773163,
        "Negative": 0.024381492286920547,
        "Neutral": 0.952020525932312,
        "Mixed": 0.005900134332478046
    }
}
