{
    "Sentiment": "NEUTRAL",
    "SentimentScore": {
        "Positive": 0.018308931961655617,
        "Negative": 0.2783466577529907,
        "Neutral": 0.6953802108764648,
        "Mixed": 0.00796416774392128
    }
}
