{
    "Sentiment": "NEUTRAL",
    "SentimentScore": {
        "Positive": 0.0009763304842635989,
        "Negative": 0.004191621672362089,
        "Neutral": 0.994433581829071,
        "Mixed": 0.00039843819104135036
    }
}
