{
    "Sentiment": "NEUTRAL",
    "SentimentScore": {
        "Positive": 0.015407856553792953,
        "Negative": 0.032566726207733154,
        "Neutral": 0.9496738910675049,
        "Mixed": 0.002351645613089204
    }
}
