{
    "Sentiment": "NEUTRAL",
    "SentimentScore": {
        "Positive": 0.003368787467479706,
        "Negative": 0.0012941899476572871,
        "Neutral": 0.9950660467147827,
        "Mixed": 0.0002709392865654081
    }
}
