{
    "Sentiment": "NEUTRAL",
    "SentimentScore": {
        "Positive": 0.029101435095071793,
        "Negative": 0.013970697298645973,
        "Neutral": 0.9553136229515076,
        "Mixed": 0.0016143347602337599
    }
}
