{
    "Sentiment": "NEUTRAL",
    "SentimentScore": {
        "Positive": 0.009615540504455566,
        "Negative": 0.09943873435258865,
        "Neutral": 0.8786060214042664,
        "Mixed": 0.012339741922914982
    }
}
