{
    "Sentiment": "NEUTRAL",
    "SentimentScore": {
        "Positive": 0.05100087821483612,
        "Negative": 0.005008474923670292,
        "Neutral": 0.9412423968315125,
        "Mixed": 0.0027481906581670046
    }
}
