{
    "Sentiment": "NEUTRAL",
    "SentimentScore": {
        "Positive": 0.006995049770921469,
        "Negative": 0.007681159768253565,
        "Neutral": 0.9842424392700195,
        "Mixed": 0.001081352587789297
    }
}
