{
    "Sentiment": "POSITIVE",
    "SentimentScore": {
        "Positive": 0.5737615823745728,
        "Negative": 0.0005406967247836292,
        "Neutral": 0.4232915937900543,
        "Mixed": 0.002406161278486252
    }
}
