{
    "Sentiment": "NEGATIVE",
    "SentimentScore": {
        "Positive": 0.03491020202636719,
        "Negative": 0.7631086111068726,
        "Neutral": 0.13911119103431702,
        "Mixed": 0.06286994367837906
    }
}
