{
    "Sentiment": "NEUTRAL",
    "SentimentScore": {
        "Positive": 0.0016481071943417192,
        "Negative": 0.0020560729317367077,
        "Neutral": 0.9960519671440125,
        "Mixed": 0.000243924863752909
    }
}
