{
    "Sentiment": "POSITIVE",
    "SentimentScore": {
        "Positive": 0.7576315402984619,
        "Negative": 0.01348148938268423,
        "Neutral": 0.20759381353855133,
        "Mixed": 0.021293187513947487
    }
}
