{
    "Sentiment": "NEUTRAL",
    "SentimentScore": {
        "Positive": 0.005985740106552839,
        "Negative": 0.0023188593331724405,
        "Neutral": 0.9909002780914307,
        "Mixed": 0.0007951236912049353
    }
}
