{
    "Sentiment": "NEUTRAL",
    "SentimentScore": {
        "Positive": 0.026850756257772446,
        "Negative": 0.06795802712440491,
        "Neutral": 0.9027001261711121,
        "Mixed": 0.0024910850916057825
    }
}
