{
    "Sentiment": "NEUTRAL",
    "SentimentScore": {
        "Positive": 0.028747836127877235,
        "Negative": 0.017116151750087738,
        "Neutral": 0.9526329040527344,
        "Mixed": 0.0015030709328129888
    }
}
