{
    "Sentiment": "NEUTRAL",
    "SentimentScore": {
        "Positive": 0.007495673839002848,
        "Negative": 0.03229273855686188,
        "Neutral": 0.9570624232292175,
        "Mixed": 0.0031491206027567387
    }
}
