{
    "Sentiment": "NEUTRAL",
    "SentimentScore": {
        "Positive": 0.00696441438049078,
        "Negative": 0.0022374941036105156,
        "Neutral": 0.9902781844139099,
        "Mixed": 0.0005198934231884778
    }
}
