{
    "Sentiment": "NEUTRAL",
    "SentimentScore": {
        "Positive": 0.07656628638505936,
        "Negative": 0.0070723723620176315,
        "Neutral": 0.9118000864982605,
        "Mixed": 0.004561250563710928
    }
}
