{
    "Sentiment": "NEUTRAL",
    "SentimentScore": {
        "Positive": 0.009036362171173096,
        "Negative": 0.24482779204845428,
        "Neutral": 0.720402181148529,
        "Mixed": 0.02573367767035961
    }
}
