{
    "Sentiment": "NEUTRAL",
    "SentimentScore": {
        "Positive": 0.01129156444221735,
        "Negative": 0.0287325382232666,
        "Neutral": 0.9570414423942566,
        "Mixed": 0.0029345194343477488
    }
}
