{
    "Sentiment": "NEUTRAL",
    "SentimentScore": {
        "Positive": 0.005602873861789703,
        "Negative": 0.2010989785194397,
        "Neutral": 0.7908420562744141,
        "Mixed": 0.002456064336001873
    }
}
