{
    "Sentiment": "NEUTRAL",
    "SentimentScore": {
        "Positive": 0.011139526963233948,
        "Negative": 0.0038021535146981478,
        "Neutral": 0.984063982963562,
        "Mixed": 0.0009943575132638216
    }
}
