{
    "Sentiment": "NEUTRAL",
    "SentimentScore": {
        "Positive": 0.003054629312828183,
        "Negative": 0.024416912347078323,
        "Neutral": 0.9697774648666382,
        "Mixed": 0.0027510100044310093
    }
}
