{
    "Sentiment": "NEUTRAL",
    "SentimentScore": {
        "Positive": 0.011258787475526333,
        "Negative": 0.38713353872299194,
        "Neutral": 0.5611156821250916,
        "Mixed": 0.0404919758439064
    }
}
