{
    "Sentiment": "NEUTRAL",
    "SentimentScore": {
        "Positive": 0.0027352392207831144,
        "Negative": 0.01582726463675499,
        "Neutral": 0.9792032241821289,
        "Mixed": 0.0022341718431562185
    }
}
