{
    "Sentiment": "NEUTRAL",
    "SentimentScore": {
        "Positive": 0.11342465877532959,
        "Negative": 0.049094486981630325,
        "Neutral": 0.820945143699646,
        "Mixed": 0.01653571054339409
    }
}
