{
    "Sentiment": "NEUTRAL",
    "SentimentScore": {
        "Positive": 0.0028448482044041157,
        "Negative": 0.0029319024179130793,
        "Neutral": 0.9935018420219421,
        "Mixed": 0.0007213338976725936
    }
}
