{
    "Sentiment": "NEUTRAL",
    "SentimentScore": {
        "Positive": 0.0310802161693573,
        "Negative": 0.056779056787490845,
        "Neutral": 0.8268626928329468,
        "Mixed": 0.0852779820561409
    }
}
