{
    "Sentiment": "NEUTRAL",
    "SentimentScore": {
        "Positive": 0.005073695909231901,
        "Negative": 0.037763502448797226,
        "Neutral": 0.954725444316864,
        "Mixed": 0.002437410643324256
    }
}
