{
    "Sentiment": "NEUTRAL",
    "SentimentScore": {
        "Positive": 0.004785208031535149,
        "Negative": 0.028920315206050873,
        "Neutral": 0.9618692398071289,
        "Mixed": 0.004425220191478729
    }
}
