{
    "Sentiment": "NEUTRAL",
    "SentimentScore": {
        "Positive": 0.004333329852670431,
        "Negative": 0.06048727408051491,
        "Neutral": 0.9304004907608032,
        "Mixed": 0.004778833594173193
    }
}
