{
    "Sentiment": "NEUTRAL",
    "SentimentScore": {
        "Positive": 0.0031125228852033615,
        "Negative": 0.005557081196457148,
        "Neutral": 0.9905861020088196,
        "Mixed": 0.0007443142239935696
    }
}
