{
    "Sentiment": "POSITIVE",
    "SentimentScore": {
        "Positive": 0.6292644739151001,
        "Negative": 0.000998278264887631,
        "Neutral": 0.3676398992538452,
        "Mixed": 0.0020973030477762222
    }
}
