{
    "Sentiment": "NEUTRAL",
    "SentimentScore": {
        "Positive": 0.20077279210090637,
        "Negative": 0.04186980053782463,
        "Neutral": 0.7002648711204529,
        "Mixed": 0.0570925809442997
    }
}
