{
    "Sentiment": "NEUTRAL",
    "SentimentScore": {
        "Positive": 0.0067738983780145645,
        "Negative": 0.013247314840555191,
        "Neutral": 0.978358805179596,
        "Mixed": 0.0016200282843783498
    }
}
