{
    "Sentiment": "NEUTRAL",
    "SentimentScore": {
        "Positive": 0.0026204371824860573,
        "Negative": 0.039425864815711975,
        "Neutral": 0.9533362984657288,
        "Mixed": 0.004617402330040932
    }
}
