{
    "Sentiment": "NEUTRAL",
    "SentimentScore": {
        "Positive": 0.0012286411365494132,
        "Negative": 0.005278595723211765,
        "Neutral": 0.9930089712142944,
        "Mixed": 0.00048380388761870563
    }
}
