{
    "Sentiment": "NEGATIVE",
    "SentimentScore": {
        "Positive": 0.008842661045491695,
        "Negative": 0.5463200807571411,
        "Neutral": 0.4297589659690857,
        "Mixed": 0.015078332275152206
    }
}
