{
    "Sentiment": "NEUTRAL",
    "SentimentScore": {
        "Positive": 0.0247406754642725,
        "Negative": 0.00618776585906744,
        "Neutral": 0.9668809771537781,
        "Mixed": 0.00219049328006804
    }
}
