{
    "Sentiment": "NEUTRAL",
    "SentimentScore": {
        "Positive": 0.4169885516166687,
        "Negative": 0.049125198274850845,
        "Neutral": 0.46753165125846863,
        "Mixed": 0.06635461747646332
    }
}
