{
    "Sentiment": "NEUTRAL",
    "SentimentScore": {
        "Positive": 0.02550523914396763,
        "Negative": 0.3853980004787445,
        "Neutral": 0.5668811798095703,
        "Mixed": 0.02221553400158882
    }
}
