{
    "Sentiment": "NEUTRAL",
    "SentimentScore": {
        "Positive": 0.04901295527815819,
        "Negative": 0.09019191563129425,
        "Neutral": 0.8420829176902771,
        "Mixed": 0.018712203949689865
    }
}
