{
    "Sentiment": "NEUTRAL",
    "SentimentScore": {
        "Positive": 0.20174281299114227,
        "Negative": 0.024409200996160507,
        "Neutral": 0.7681171894073486,
        "Mixed": 0.005730776581913233
    }
}
