{
    "Sentiment": "NEUTRAL",
    "SentimentScore": {
        "Positive": 0.05000336095690727,
        "Negative": 0.035853415727615356,
        "Neutral": 0.8791240453720093,
        "Mixed": 0.035019129514694214
    }
}
