{
    "Sentiment": "NEUTRAL",
    "SentimentScore": {
        "Positive": 0.020184507593512535,
        "Negative": 0.12487536668777466,
        "Neutral": 0.8389308452606201,
        "Mixed": 0.01600920967757702
    }
}
