{
    "Sentiment": "NEUTRAL",
    "SentimentScore": {
        "Positive": 0.16927853226661682,
        "Negative": 0.0030291706789284945,
        "Neutral": 0.823978841304779,
        "Mixed": 0.0037134443409740925
    }
}
