{
    "Sentiment": "NEUTRAL",
    "SentimentScore": {
        "Positive": 0.005185441579669714,
        "Negative": 0.013532490469515324,
        "Neutral": 0.9789455533027649,
        "Mixed": 0.002336536068469286
    }
}
