{
    "Sentiment": "NEUTRAL",
    "SentimentScore": {
        "Positive": 0.0011773931328207254,
        "Negative": 0.001490762340836227,
        "Neutral": 0.99714595079422,
        "Mixed": 0.00018595891015138477
    }
}
