{
    "Sentiment": "NEUTRAL",
    "SentimentScore": {
        "Positive": 0.18767870962619781,
        "Negative": 0.3109283745288849,
        "Neutral": 0.43243804574012756,
        "Mixed": 0.06895485520362854
    }
}
