{
    "Sentiment": "NEUTRAL",
    "SentimentScore": {
        "Positive": 0.01200436893850565,
        "Negative": 0.0037821743171662092,
        "Neutral": 0.9831981062889099,
        "Mixed": 0.0010153905022889376
    }
}
