{
    "Sentiment": "NEUTRAL",
    "SentimentScore": {
        "Positive": 0.0020168768242001534,
        "Negative": 0.016279244795441628,
        "Neutral": 0.9810209274291992,
        "Mixed": 0.0006829489720985293
    }
}
