{
    "Sentiment": "NEUTRAL",
    "SentimentScore": {
        "Positive": 0.16711194813251495,
        "Negative": 0.08477959781885147,
        "Neutral": 0.7397910952568054,
        "Mixed": 0.008317381143569946
    }
}
