{
    "Sentiment": "NEUTRAL",
    "SentimentScore": {
        "Positive": 0.004601615015417337,
        "Negative": 0.08292023837566376,
        "Neutral": 0.9081235527992249,
        "Mixed": 0.004354603122919798
    }
}
