{
    "Sentiment": "NEUTRAL",
    "SentimentScore": {
        "Positive": 0.011218165047466755,
        "Negative": 0.37317562103271484,
        "Neutral": 0.6021620035171509,
        "Mixed": 0.013444258831441402
    }
}
