{
    "Sentiment": "NEUTRAL",
    "SentimentScore": {
        "Positive": 0.004832752514630556,
        "Negative": 0.048382289707660675,
        "Neutral": 0.9405171871185303,
        "Mixed": 0.00626780278980732
    }
}
