{
    "Sentiment": "NEGATIVE",
    "SentimentScore": {
        "Positive": 0.0015985385980457067,
        "Negative": 0.8991497755050659,
        "Neutral": 0.09430493414402008,
        "Mixed": 0.004946667701005936
    }
}
