{
    "Sentiment": "NEUTRAL",
    "SentimentScore": {
        "Positive": 0.03225102648139,
        "Negative": 0.19665944576263428,
        "Neutral": 0.7555439472198486,
        "Mixed": 0.015545518137514591
    }
}
