{
    "Sentiment": "NEUTRAL",
    "SentimentScore": {
        "Positive": 0.03233344852924347,
        "Negative": 0.07463820278644562,
        "Neutral": 0.8764714002609253,
        "Mixed": 0.01655689999461174
    }
}
