{
    "Sentiment": "NEUTRAL",
    "SentimentScore": {
        "Positive": 0.0029764026403427124,
        "Negative": 0.051071569323539734,
        "Neutral": 0.94398432970047,
        "Mixed": 0.0019677088130265474
    }
}
