{
    "Sentiment": "NEUTRAL",
    "SentimentScore": {
        "Positive": 0.008473888970911503,
        "Negative": 0.037604283541440964,
        "Neutral": 0.9487617611885071,
        "Mixed": 0.005159981083124876
    }
}
