{
    "Sentiment": "NEUTRAL",
    "SentimentScore": {
        "Positive": 0.04529137164354324,
        "Negative": 0.041865117847919464,
        "Neutral": 0.8825826048851013,
        "Mixed": 0.030260859057307243
    }
}
