{
    "Sentiment": "NEUTRAL",
    "SentimentScore": {
        "Positive": 0.007134688086807728,
        "Negative": 0.008995390497148037,
        "Neutral": 0.9826644062995911,
        "Mixed": 0.001205470529384911
    }
}
