{
    "Sentiment": "NEUTRAL",
    "SentimentScore": {
        "Positive": 0.009260265156626701,
        "Negative": 0.08934149891138077,
        "Neutral": 0.8925193548202515,
        "Mixed": 0.008878907188773155
    }
}
