{
    "Sentiment": "NEUTRAL",
    "SentimentScore": {
        "Positive": 0.005827513989061117,
        "Negative": 0.0032206906471401453,
        "Neutral": 0.9898576736450195,
        "Mixed": 0.0010941443033516407
    }
}
