{
    "Sentiment": "NEUTRAL",
    "SentimentScore": {
        "Positive": 0.011059392243623734,
        "Negative": 0.020824521780014038,
        "Neutral": 0.9641340970993042,
        "Mixed": 0.003981952555477619
    }
}
