{
    "Sentiment": "NEUTRAL",
    "SentimentScore": {
        "Positive": 0.002954503521323204,
        "Negative": 0.0006681388476863503,
        "Neutral": 0.996203601360321,
        "Mixed": 0.00017377575568389148
    }
}
