{
    "Sentiment": "NEUTRAL",
    "SentimentScore": {
        "Positive": 0.005125564057379961,
        "Negative": 0.007607272360473871,
        "Neutral": 0.9862208366394043,
        "Mixed": 0.001046341611072421
    }
}
