{
    "Sentiment": "NEUTRAL",
    "SentimentScore": {
        "Positive": 0.009457400068640709,
        "Negative": 0.004838440101593733,
        "Neutral": 0.9847283959388733,
        "Mixed": 0.0009757213992998004
    }
}
