{
    "Sentiment": "NEUTRAL",
    "SentimentScore": {
        "Positive": 0.0190977081656456,
        "Negative": 0.09131897240877151,
        "Neutral": 0.8864091038703918,
        "Mixed": 0.0031741454731673002
    }
}
