{
    "Sentiment": "NEUTRAL",
    "SentimentScore": {
        "Positive": 0.023764947429299355,
        "Negative": 0.013581426814198494,
        "Neutral": 0.9572912454605103,
        "Mixed": 0.005362352821975946
    }
}
