{
    "Sentiment": "NEUTRAL",
    "SentimentScore": {
        "Positive": 0.17751696705818176,
        "Negative": 0.005456564016640186,
        "Neutral": 0.8080615997314453,
        "Mixed": 0.008964802138507366
    }
}
