{
    "Sentiment": "NEUTRAL",
    "SentimentScore": {
        "Positive": 0.012923529371619225,
        "Negative": 0.037716347724199295,
        "Neutral": 0.9408621191978455,
        "Mixed": 0.008497942239046097
    }
}
