{
    "Sentiment": "NEUTRAL",
    "SentimentScore": {
        "Positive": 0.017105041071772575,
        "Negative": 0.010637162253260612,
        "Neutral": 0.9707949161529541,
        "Mixed": 0.001462931395508349
    }
}
