{
    "Sentiment": "NEUTRAL",
    "SentimentScore": {
        "Positive": 0.0032247870694845915,
        "Negative": 0.04254487156867981,
        "Neutral": 0.9523339867591858,
        "Mixed": 0.0018963468028232455
    }
}
