{
    "Sentiment": "NEUTRAL",
    "SentimentScore": {
        "Positive": 0.04575453698635101,
        "Negative": 0.02318696677684784,
        "Neutral": 0.8960745334625244,
        "Mixed": 0.034984007477760315
    }
}
