{
    "Sentiment": "NEUTRAL",
    "SentimentScore": {
        "Positive": 0.003477530088275671,
        "Negative": 0.017543328925967216,
        "Neutral": 0.9764594435691833,
        "Mixed": 0.0025196815840899944
    }
}
