{
    "Sentiment": "NEUTRAL",
    "SentimentScore": {
        "Positive": 0.012254683300852776,
        "Negative": 0.0048883953131735325,
        "Neutral": 0.9808338284492493,
        "Mixed": 0.002022986300289631
    }
}
