{
    "Sentiment": "NEUTRAL",
    "SentimentScore": {
        "Positive": 0.002019418403506279,
        "Negative": 0.07482979446649551,
        "Neutral": 0.920036256313324,
        "Mixed": 0.0031145012471824884
    }
}
