{
    "Sentiment": "NEUTRAL",
    "SentimentScore": {
        "Positive": 0.011653653346002102,
        "Negative": 0.060950543731451035,
        "Neutral": 0.9223767518997192,
        "Mixed": 0.005019054748117924
    }
}
