{
    "Sentiment": "NEUTRAL",
    "SentimentScore": {
        "Positive": 0.011161253787577152,
        "Negative": 0.0019354562973603606,
        "Neutral": 0.9863746166229248,
        "Mixed": 0.0005286773666739464
    }
}
