{
    "Sentiment": "NEUTRAL",
    "SentimentScore": {
        "Positive": 0.0043042809702456,
        "Negative": 0.004365861415863037,
        "Neutral": 0.9906249642372131,
        "Mixed": 0.0007048622937873006
    }
}
