{
    "Sentiment": "NEUTRAL",
    "SentimentScore": {
        "Positive": 0.002857962856069207,
        "Negative": 0.005758753977715969,
        "Neutral": 0.9903581738471985,
        "Mixed": 0.0010250831255689263
    }
}
