{
    "Sentiment": "NEUTRAL",
    "SentimentScore": {
        "Positive": 0.02775682508945465,
        "Negative": 0.027512067928910255,
        "Neutral": 0.9319127798080444,
        "Mixed": 0.012818267568945885
    }
}
