{
    "Sentiment": "NEUTRAL",
    "SentimentScore": {
        "Positive": 0.0186171717941761,
        "Negative": 0.05389085412025452,
        "Neutral": 0.9254145622253418,
        "Mixed": 0.002077376702800393
    }
}
