{
    "Sentiment": "NEUTRAL",
    "SentimentScore": {
        "Positive": 0.017890747636556625,
        "Negative": 0.013598944060504436,
        "Neutral": 0.9625239372253418,
        "Mixed": 0.005986355245113373
    }
}
