{
    "Sentiment": "NEUTRAL",
    "SentimentScore": {
        "Positive": 0.03180969879031181,
        "Negative": 0.006304741837084293,
        "Neutral": 0.9589821100234985,
        "Mixed": 0.0029033925384283066
    }
}
