{
    "Sentiment": "NEUTRAL",
    "SentimentScore": {
        "Positive": 0.014340652152895927,
        "Negative": 0.10360085219144821,
        "Neutral": 0.8746607303619385,
        "Mixed": 0.007397679146379232
    }
}
