{
    "Sentiment": "NEUTRAL",
    "SentimentScore": {
        "Positive": 0.0017496318323537707,
        "Negative": 0.0858057513833046,
        "Neutral": 0.9090888500213623,
        "Mixed": 0.0033557915594428778
    }
}
