{
    "Sentiment": "NEUTRAL",
    "SentimentScore": {
        "Positive": 0.009848339483141899,
        "Negative": 0.0039450558833777905,
        "Neutral": 0.9855273962020874,
        "Mixed": 0.0006792062777094543
    }
}
