{
    "Sentiment": "NEUTRAL",
    "SentimentScore": {
        "Positive": 0.0044817677699029446,
        "Negative": 0.003648329759016633,
        "Neutral": 0.9913151860237122,
        "Mixed": 0.0005546698230318725
    }
}
