{
    "Sentiment": "NEUTRAL",
    "SentimentScore": {
        "Positive": 0.13081087172031403,
        "Negative": 0.20354032516479492,
        "Neutral": 0.6352271437644958,
        "Mixed": 0.03042164258658886
    }
}
