{
    "Sentiment": "NEUTRAL",
    "SentimentScore": {
        "Positive": 0.008610222488641739,
        "Negative": 0.007216521538794041,
        "Neutral": 0.9826175570487976,
        "Mixed": 0.0015557381557300687
    }
}
