{
    "Sentiment": "NEUTRAL",
    "SentimentScore": {
        "Positive": 0.03572872281074524,
        "Negative": 0.00374280265532434,
        "Neutral": 0.9589162468910217,
        "Mixed": 0.0016122091328725219
    }
}
