{
    "Sentiment": "NEUTRAL",
    "SentimentScore": {
        "Positive": 0.02504565753042698,
        "Negative": 0.0667000561952591,
        "Neutral": 0.895480215549469,
        "Mixed": 0.012774094939231873
    }
}
