{
    "Sentiment": "NEUTRAL",
    "SentimentScore": {
        "Positive": 0.007476214785128832,
        "Negative": 0.02419862523674965,
        "Neutral": 0.9660521745681763,
        "Mixed": 0.0022729351185262203
    }
}
