{
    "Sentiment": "NEUTRAL",
    "SentimentScore": {
        "Positive": 0.014829757623374462,
        "Negative": 0.0011838731588795781,
        "Neutral": 0.983424961566925,
        "Mixed": 0.0005614456022158265
    }
}
