{
    "Sentiment": "NEUTRAL",
    "SentimentScore": {
        "Positive": 0.25582700967788696,
        "Negative": 0.05027158558368683,
        "Neutral": 0.6664172410964966,
        "Mixed": 0.027484143152832985
    }
}
