{
    "Sentiment": "NEUTRAL",
    "SentimentScore": {
        "Positive": 0.0036093173548579216,
        "Negative": 0.0033177973236888647,
        "Neutral": 0.9924625158309937,
        "Mixed": 0.0006103518535383046
    }
}
