{
    "Sentiment": "NEUTRAL",
    "SentimentScore": {
        "Positive": 0.017921267077326775,
        "Negative": 0.13937847316265106,
        "Neutral": 0.8332816362380981,
        "Mixed": 0.009418618865311146
    }
}
