{
    "Sentiment": "NEUTRAL",
    "SentimentScore": {
        "Positive": 0.0017822564113885164,
        "Negative": 0.0014670463278889656,
        "Neutral": 0.9964742064476013,
        "Mixed": 0.00027645303634926677
    }
}
