{
    "Sentiment": "NEUTRAL",
    "SentimentScore": {
        "Positive": 0.010797698982059956,
        "Negative": 0.009222207590937614,
        "Neutral": 0.9777103066444397,
        "Mixed": 0.0022697816602885723
    }
}
