{
    "Sentiment": "NEUTRAL",
    "SentimentScore": {
        "Positive": 0.0023145610466599464,
        "Negative": 0.03253955394029617,
        "Neutral": 0.9641140699386597,
        "Mixed": 0.0010318811982870102
    }
}
