{
    "Sentiment": "NEUTRAL",
    "SentimentScore": {
        "Positive": 0.11170482635498047,
        "Negative": 0.03216161951422691,
        "Neutral": 0.8509097099304199,
        "Mixed": 0.005223819054663181
    }
}
