{
    "Sentiment": "NEUTRAL",
    "SentimentScore": {
        "Positive": 0.007155366707593203,
        "Negative": 0.4249569773674011,
        "Neutral": 0.5522701740264893,
        "Mixed": 0.015617463737726212
    }
}
