{
    "Sentiment": "NEUTRAL",
    "SentimentScore": {
        "Positive": 0.0023741109762340784,
        "Negative": 0.022867349907755852,
        "Neutral": 0.9726320505142212,
        "Mixed": 0.0021264899987727404
    }
}
