{
    "Sentiment": "NEUTRAL",
    "SentimentScore": {
        "Positive": 0.10983949154615402,
        "Negative": 0.03729250282049179,
        "Neutral": 0.8333924412727356,
        "Mixed": 0.019475596025586128
    }
}
