{
    "Sentiment": "NEUTRAL",
    "SentimentScore": {
        "Positive": 0.0166156105697155,
        "Negative": 0.009593934752047062,
        "Neutral": 0.9725066423416138,
        "Mixed": 0.0012838372495025396
    }
}
