{
    "Sentiment": "POSITIVE",
    "SentimentScore": {
        "Positive": 0.42519089579582214,
        "Negative": 0.1377672404050827,
        "Neutral": 0.42102476954460144,
        "Mixed": 0.016017058864235878
    }
}
