{
    "Sentiment": "NEUTRAL",
    "SentimentScore": {
        "Positive": 0.31234246492385864,
        "Negative": 0.0011454331688582897,
        "Neutral": 0.6844415664672852,
        "Mixed": 0.0020705601200461388
    }
}
