{
    "Sentiment": "NEUTRAL",
    "SentimentScore": {
        "Positive": 0.002608784008771181,
        "Negative": 0.055351678282022476,
        "Neutral": 0.9398397207260132,
        "Mixed": 0.002199840499088168
    }
}
