{
    "Sentiment": "NEUTRAL",
    "SentimentScore": {
        "Positive": 0.008071601390838623,
        "Negative": 0.023977680131793022,
        "Neutral": 0.9645960927009583,
        "Mixed": 0.0033546271733939648
    }
}
