{
    "Sentiment": "NEUTRAL",
    "SentimentScore": {
        "Positive": 0.04701162502169609,
        "Negative": 0.11951427161693573,
        "Neutral": 0.7718226313591003,
        "Mixed": 0.06165149807929993
    }
}
