{
    "Sentiment": "NEUTRAL",
    "SentimentScore": {
        "Positive": 0.07802943140268326,
        "Negative": 0.008089150302112103,
        "Neutral": 0.9094494581222534,
        "Mixed": 0.004431989509612322
    }
}
