{
    "Sentiment": "NEUTRAL",
    "SentimentScore": {
        "Positive": 0.008396906778216362,
        "Negative": 0.002712526125833392,
        "Neutral": 0.9883883595466614,
        "Mixed": 0.0005022212280891836
    }
}
