{
    "Sentiment": "NEUTRAL",
    "SentimentScore": {
        "Positive": 0.12594687938690186,
        "Negative": 0.04597880691289902,
        "Neutral": 0.7987062335014343,
        "Mixed": 0.029368052259087563
    }
}
