{
    "Sentiment": "NEUTRAL",
    "SentimentScore": {
        "Positive": 0.003750004805624485,
        "Negative": 0.003808466484770179,
        "Neutral": 0.9919477105140686,
        "Mixed": 0.0004937667399644852
    }
}
