{
    "Sentiment": "NEUTRAL",
    "SentimentScore": {
        "Positive": 0.004439809359610081,
        "Negative": 0.019480714574456215,
        "Neutral": 0.97380131483078,
        "Mixed": 0.002278219209983945
    }
}
