{
    "Sentiment": "NEUTRAL",
    "SentimentScore": {
        "Positive": 0.03628668189048767,
        "Negative": 0.008901193737983704,
        "Neutral": 0.948530375957489,
        "Mixed": 0.006281848065555096
    }
}
