{
    "Sentiment": "NEUTRAL",
    "SentimentScore": {
        "Positive": 0.01999616250395775,
        "Negative": 0.0017282578628510237,
        "Neutral": 0.9769003391265869,
        "Mixed": 0.0013751934748142958
    }
}
