{
    "Sentiment": "NEUTRAL",
    "SentimentScore": {
        "Positive": 0.009172365069389343,
        "Negative": 0.054274920374155045,
        "Neutral": 0.9261322617530823,
        "Mixed": 0.010420463979244232
    }
}
