{
    "Sentiment": "NEUTRAL",
    "SentimentScore": {
        "Positive": 0.005419410765171051,
        "Negative": 0.03350214660167694,
        "Neutral": 0.9568539261817932,
        "Mixed": 0.004224515054374933
    }
}
