{
    "Sentiment": "POSITIVE",
    "SentimentScore": {
        "Positive": 0.851104199886322,
        "Negative": 0.002047891030088067,
        "Neutral": 0.14015460014343262,
        "Mixed": 0.006693392526358366
    }
}
