{
    "Sentiment": "NEUTRAL",
    "SentimentScore": {
        "Positive": 0.00520707294344902,
        "Negative": 0.05940569192171097,
        "Neutral": 0.9310632348060608,
        "Mixed": 0.004324054345488548
    }
}
