{
    "Sentiment": "NEUTRAL",
    "SentimentScore": {
        "Positive": 0.036792781203985214,
        "Negative": 0.03514411672949791,
        "Neutral": 0.9253734946250916,
        "Mixed": 0.0026895124465227127
    }
}
