{
    "Sentiment": "NEUTRAL",
    "SentimentScore": {
        "Positive": 0.0016448474489152431,
        "Negative": 0.002440586918964982,
        "Neutral": 0.9955629110336304,
        "Mixed": 0.00035161495907232165
    }
}
