{
    "Sentiment": "NEUTRAL",
    "SentimentScore": {
        "Positive": 0.00349356047809124,
        "Negative": 0.04545367509126663,
        "Neutral": 0.9458719491958618,
        "Mixed": 0.005180780775845051
    }
}
