{
    "Sentiment": "NEUTRAL",
    "SentimentScore": {
        "Positive": 0.09826255589723587,
        "Negative": 0.007302944548428059,
        "Neutral": 0.8874017596244812,
        "Mixed": 0.00703270360827446
    }
}
