{
    "Sentiment": "NEUTRAL",
    "SentimentScore": {
        "Positive": 0.005628782324492931,
        "Negative": 0.0055778673849999905,
        "Neutral": 0.9876706600189209,
        "Mixed": 0.0011225959751755
    }
}
