{
    "Sentiment": "NEUTRAL",
    "SentimentScore": {
        "Positive": 0.04378005489706993,
        "Negative": 0.049529943615198135,
        "Neutral": 0.8884463310241699,
        "Mixed": 0.01824374310672283
    }
}
