{
    "Sentiment": "NEUTRAL",
    "SentimentScore": {
        "Positive": 0.007970539852976799,
        "Negative": 0.026890840381383896,
        "Neutral": 0.9616159796714783,
        "Mixed": 0.0035226766485720873
    }
}
