{
    "Sentiment": "NEUTRAL",
    "SentimentScore": {
        "Positive": 0.01097104512155056,
        "Negative": 0.05102922394871712,
        "Neutral": 0.9332879781723022,
        "Mixed": 0.004711746238172054
    }
}
