{
    "Sentiment": "NEUTRAL",
    "SentimentScore": {
        "Positive": 0.04942946508526802,
        "Negative": 0.004284902010113001,
        "Neutral": 0.943490207195282,
        "Mixed": 0.0027953474782407284
    }
}
