{
    "Sentiment": "NEUTRAL",
    "SentimentScore": {
        "Positive": 0.003567042527720332,
        "Negative": 0.009036360308527946,
        "Neutral": 0.9859338402748108,
        "Mixed": 0.0014628332573920488
    }
}
