{
    "Sentiment": "NEUTRAL",
    "SentimentScore": {
        "Positive": 0.164129376411438,
        "Negative": 0.013961024582386017,
        "Neutral": 0.8173211812973022,
        "Mixed": 0.004588397219777107
    }
}
