{
    "Sentiment": "NEUTRAL",
    "SentimentScore": {
        "Positive": 0.00209785089828074,
        "Negative": 0.01127555500715971,
        "Neutral": 0.9848318696022034,
        "Mixed": 0.0017946772277355194
    }
}
