{
    "Sentiment": "NEUTRAL",
    "SentimentScore": {
        "Positive": 0.08535724133253098,
        "Negative": 0.15789581835269928,
        "Neutral": 0.7348164916038513,
        "Mixed": 0.021930424496531487
    }
}
