{
    "Sentiment": "POSITIVE",
    "SentimentScore": {
        "Positive": 0.554821789264679,
        "Negative": 0.0380217507481575,
        "Neutral": 0.2710298001766205,
        "Mixed": 0.13612668216228485
    }
}
