{
    "Sentiment": "NEUTRAL",
    "SentimentScore": {
        "Positive": 0.4872385561466217,
        "Negative": 0.006254213862121105,
        "Neutral": 0.49136587977409363,
        "Mixed": 0.015141276642680168
    }
}
