{
    "Sentiment": "NEUTRAL",
    "SentimentScore": {
        "Positive": 0.003682792419567704,
        "Negative": 0.001410970464348793,
        "Neutral": 0.9946072697639465,
        "Mixed": 0.00029903065296821296
    }
}
