{
    "Sentiment": "NEUTRAL",
    "SentimentScore": {
        "Positive": 0.014154081232845783,
        "Negative": 0.001425940659828484,
        "Neutral": 0.9838212728500366,
        "Mixed": 0.000598749378696084
    }
}
