{
    "Sentiment": "NEUTRAL",
    "SentimentScore": {
        "Positive": 0.027811365202069283,
        "Negative": 0.010708116926252842,
        "Neutral": 0.9578649997711182,
        "Mixed": 0.003615428926423192
    }
}
