{
    "Sentiment": "NEUTRAL",
    "SentimentScore": {
        "Positive": 0.0059990729205310345,
        "Negative": 0.004999501630663872,
        "Neutral": 0.987096905708313,
        "Mixed": 0.0019045369699597359
    }
}
