{
    "Sentiment": "NEUTRAL",
    "SentimentScore": {
        "Positive": 0.017513928934931755,
        "Negative": 0.01114964671432972,
        "Neutral": 0.9691324830055237,
        "Mixed": 0.002203918294981122
    }
}
