{
    "Sentiment": "NEUTRAL",
    "SentimentScore": {
        "Positive": 0.006311871577054262,
        "Negative": 0.01569344475865364,
        "Neutral": 0.9767794013023376,
        "Mixed": 0.0012152836425229907
    }
}
