{
    "Sentiment": "NEUTRAL",
    "SentimentScore": {
        "Positive": 0.006578361615538597,
        "Negative": 0.018252061679959297,
        "Neutral": 0.9729887843132019,
        "Mixed": 0.0021808298770338297
    }
}
