{
    "Sentiment": "NEUTRAL",
    "SentimentScore": {
        "Positive": 0.004067555069923401,
        "Negative": 0.06616027653217316,
        "Neutral": 0.9257408380508423,
        "Mixed": 0.004031341057270765
    }
}
