{
    "Sentiment": "NEUTRAL",
    "SentimentScore": {
        "Positive": 0.006295479834079742,
        "Negative": 0.058054786175489426,
        "Neutral": 0.9251788854598999,
        "Mixed": 0.010470829904079437
    }
}
