{
    "Sentiment": "NEUTRAL",
    "SentimentScore": {
        "Positive": 0.0009473699028603733,
        "Negative": 0.008592091500759125,
        "Neutral": 0.9899548292160034,
        "Mixed": 0.0005057358648627996
    }
}
