{
    "Sentiment": "NEUTRAL",
    "SentimentScore": {
        "Positive": 0.2513968348503113,
        "Negative": 0.01906275376677513,
        "Neutral": 0.7235421538352966,
        "Mixed": 0.005998322740197182
    }
}
