{
    "Sentiment": "NEUTRAL",
    "SentimentScore": {
        "Positive": 0.006529659498482943,
        "Negative": 0.0017520504770800471,
        "Neutral": 0.9912959337234497,
        "Mixed": 0.00042235892033204436
    }
}
