{
    "Sentiment": "NEUTRAL",
    "SentimentScore": {
        "Positive": 0.05598728358745575,
        "Negative": 0.10422766953706741,
        "Neutral": 0.8320454359054565,
        "Mixed": 0.007739611901342869
    }
}
