{
    "Sentiment": "NEUTRAL",
    "SentimentScore": {
        "Positive": 0.43837299942970276,
        "Negative": 0.010145764797925949,
        "Neutral": 0.48264169692993164,
        "Mixed": 0.06883954256772995
    }
}
