{
    "Sentiment": "NEUTRAL",
    "SentimentScore": {
        "Positive": 0.004535181447863579,
        "Negative": 0.053461380302906036,
        "Neutral": 0.9213002920150757,
        "Mixed": 0.020703108981251717
    }
}
