{
    "Sentiment": "NEUTRAL",
    "SentimentScore": {
        "Positive": 0.23985591530799866,
        "Negative": 0.3552977740764618,
        "Neutral": 0.374049574136734,
        "Mixed": 0.030796734616160393
    }
}
