{
    "Sentiment": "POSITIVE",
    "SentimentScore": {
        "Positive": 0.5383597016334534,
        "Negative": 0.003221207531169057,
        "Neutral": 0.44654807448387146,
        "Mixed": 0.011871024034917355
    }
}
