{
    "Sentiment": "NEUTRAL",
    "SentimentScore": {
        "Positive": 0.007652567233890295,
        "Negative": 0.015961403027176857,
        "Neutral": 0.9749922156333923,
        "Mixed": 0.0013938647462055087
    }
}
