{
    "Sentiment": "NEUTRAL",
    "SentimentScore": {
        "Positive": 0.21960045397281647,
        "Negative": 0.002196880057454109,
        "Neutral": 0.7741400599479675,
        "Mixed": 0.004062562249600887
    }
}
