{
    "Sentiment": "NEUTRAL",
    "SentimentScore": {
        "Positive": 0.0029920514207333326,
        "Negative": 0.0021756647620350122,
        "Neutral": 0.9944414496421814,
        "Mixed": 0.0003907891805283725
    }
}
