{
    "Sentiment": "NEUTRAL",
    "SentimentScore": {
        "Positive": 0.017039373517036438,
        "Negative": 0.0037219382356852293,
        "Neutral": 0.9784059524536133,
        "Mixed": 0.0008327425457537174
    }
}
