{
    "Sentiment": "NEUTRAL",
    "SentimentScore": {
        "Positive": 0.008222471922636032,
        "Negative": 0.05702560395002365,
        "Neutral": 0.9300822615623474,
        "Mixed": 0.004669736605137587
    }
}
