{
    "Sentiment": "POSITIVE",
    "SentimentScore": {
        "Positive": 0.6125727891921997,
        "Negative": 0.010334735736250877,
        "Neutral": 0.37086600065231323,
        "Mixed": 0.006226512137800455
    }
}
