{
    "Sentiment": "NEUTRAL",
    "SentimentScore": {
        "Positive": 0.03383520245552063,
        "Negative": 0.21422827243804932,
        "Neutral": 0.7339916825294495,
        "Mixed": 0.017944850027561188
    }
}
