{
    "Sentiment": "NEUTRAL",
    "SentimentScore": {
        "Positive": 0.0051870993338525295,
        "Negative": 0.004537579137831926,
        "Neutral": 0.9894934892654419,
        "Mixed": 0.0007818699232302606
    }
}
