{
    "Sentiment": "NEUTRAL",
    "SentimentScore": {
        "Positive": 0.03011981211602688,
        "Negative": 0.000674748735036701,
        "Neutral": 0.9685118198394775,
        "Mixed": 0.0006936969002708793
    }
}
