{
    "Sentiment": "NEUTRAL",
    "SentimentScore": {
        "Positive": 0.0023957721423357725,
        "Negative": 0.03215426206588745,
        "Neutral": 0.9634923934936523,
        "Mixed": 0.0019576307386159897
    }
}
