{
    "Sentiment": "NEUTRAL",
    "SentimentScore": {
        "Positive": 0.02133173681795597,
        "Negative": 0.0013872035779058933,
        "Neutral": 0.9764735698699951,
        "Mixed": 0.0008074420038610697
    }
}
