{
    "Sentiment": "NEUTRAL",
    "SentimentScore": {
        "Positive": 0.009396586567163467,
        "Negative": 0.006556424777954817,
        "Neutral": 0.9831726551055908,
        "Mixed": 0.000874344608746469
    }
}
