{
    "Sentiment": "POSITIVE",
    "SentimentScore": {
        "Positive": 0.9586377143859863,
        "Negative": 0.0004614450444933027,
        "Neutral": 0.03792888671159744,
        "Mixed": 0.002971978858113289
    }
}
