{
    "Sentiment": "NEUTRAL",
    "SentimentScore": {
        "Positive": 0.004257581662386656,
        "Negative": 0.013058781623840332,
        "Neutral": 0.9816262722015381,
        "Mixed": 0.0010574082843959332
    }
}
