{
    "Sentiment": "NEUTRAL",
    "SentimentScore": {
        "Positive": 0.002744001569226384,
        "Negative": 0.031152179464697838,
        "Neutral": 0.9640306234359741,
        "Mixed": 0.002073215786367655
    }
}
