{
    "Sentiment": "NEUTRAL",
    "SentimentScore": {
        "Positive": 0.03417392447590828,
        "Negative": 0.02447672002017498,
        "Neutral": 0.933072030544281,
        "Mixed": 0.008277296088635921
    }
}
