{
    "Sentiment": "NEUTRAL",
    "SentimentScore": {
        "Positive": 0.28419119119644165,
        "Negative": 0.02910909615457058,
        "Neutral": 0.6735329031944275,
        "Mixed": 0.013166762888431549
    }
}
