{
    "Sentiment": "NEUTRAL",
    "SentimentScore": {
        "Positive": 0.005868330132216215,
        "Negative": 0.15270160138607025,
        "Neutral": 0.836283266544342,
        "Mixed": 0.005146745592355728
    }
}
