{
    "Sentiment": "NEUTRAL",
    "SentimentScore": {
        "Positive": 0.00413892138749361,
        "Negative": 0.06860846281051636,
        "Neutral": 0.9224271774291992,
        "Mixed": 0.004825409967452288
    }
}
