{
    "Sentiment": "NEUTRAL",
    "SentimentScore": {
        "Positive": 0.010186636820435524,
        "Negative": 0.0287191029638052,
        "Neutral": 0.9592989683151245,
        "Mixed": 0.0017953410279005766
    }
}
