{
    "Sentiment": "NEUTRAL",
    "SentimentScore": {
        "Positive": 0.010619976557791233,
        "Negative": 0.02695448510348797,
        "Neutral": 0.9597625732421875,
        "Mixed": 0.0026629921048879623
    }
}
