{
    "Sentiment": "NEUTRAL",
    "SentimentScore": {
        "Positive": 0.2412361204624176,
        "Negative": 0.11089227348566055,
        "Neutral": 0.4246997833251953,
        "Mixed": 0.22317185997962952
    }
}
