{
    "Sentiment": "NEUTRAL",
    "SentimentScore": {
        "Positive": 0.004963499493896961,
        "Negative": 0.046217817813158035,
        "Neutral": 0.9423263669013977,
        "Mixed": 0.006492375861853361
    }
}
