{
    "Sentiment": "NEUTRAL",
    "SentimentScore": {
        "Positive": 0.003452687757089734,
        "Negative": 0.021943124011158943,
        "Neutral": 0.973360538482666,
        "Mixed": 0.0012436778051778674
    }
}
