{
    "Sentiment": "NEUTRAL",
    "SentimentScore": {
        "Positive": 0.0022125444374978542,
        "Negative": 0.010131578892469406,
        "Neutral": 0.9866691827774048,
        "Mixed": 0.0009866714244708419
    }
}
