{
    "Sentiment": "NEUTRAL",
    "SentimentScore": {
        "Positive": 0.007302489131689072,
        "Negative": 0.02609446831047535,
        "Neutral": 0.9616639614105225,
        "Mixed": 0.004939163103699684
    }
}
