{
    "Sentiment": "NEUTRAL",
    "SentimentScore": {
        "Positive": 0.3127218186855316,
        "Negative": 0.023842880502343178,
        "Neutral": 0.6223205327987671,
        "Mixed": 0.041114840656518936
    }
}
