{
    "Sentiment": "NEUTRAL",
    "SentimentScore": {
        "Positive": 0.006829058285802603,
        "Negative": 0.007132609840482473,
        "Neutral": 0.9841256141662598,
        "Mixed": 0.0019126994302496314
    }
}
