{
    "Sentiment": "NEUTRAL",
    "SentimentScore": {
        "Positive": 0.034911930561065674,
        "Negative": 0.05448746681213379,
        "Neutral": 0.9047369360923767,
        "Mixed": 0.005863639991730452
    }
}
