{
    "Sentiment": "NEUTRAL",
    "SentimentScore": {
        "Positive": 0.013264956884086132,
        "Negative": 0.028058836236596107,
        "Neutral": 0.9566197395324707,
        "Mixed": 0.0020564915612339973
    }
}
