{
    "Sentiment": "NEUTRAL",
    "SentimentScore": {
        "Positive": 0.017049241811037064,
        "Negative": 0.09353432804346085,
        "Neutral": 0.8827409744262695,
        "Mixed": 0.006675407290458679
    }
}
