{
    "Sentiment": "NEUTRAL",
    "SentimentScore": {
        "Positive": 0.022949093952775,
        "Negative": 0.025642113760113716,
        "Neutral": 0.9454699158668518,
        "Mixed": 0.005938841495662928
    }
}
