{
    "Sentiment": "NEUTRAL",
    "SentimentScore": {
        "Positive": 0.025691039860248566,
        "Negative": 0.11450327187776566,
        "Neutral": 0.8322650790214539,
        "Mixed": 0.027540521696209908
    }
}
