{
    "Sentiment": "NEUTRAL",
    "SentimentScore": {
        "Positive": 0.11016767472028732,
        "Negative": 0.0024742139503359795,
        "Neutral": 0.8846746683120728,
        "Mixed": 0.0026834472082555294
    }
}
