{
    "Sentiment": "NEUTRAL",
    "SentimentScore": {
        "Positive": 0.007743632886558771,
        "Negative": 0.07659771293401718,
        "Neutral": 0.9112881422042847,
        "Mixed": 0.004370459355413914
    }
}
