{
    "Sentiment": "NEUTRAL",
    "SentimentScore": {
        "Positive": 0.003946629352867603,
        "Negative": 0.026273507624864578,
        "Neutral": 0.9647179245948792,
        "Mixed": 0.005061940755695105
    }
}
