{
    "Sentiment": "NEUTRAL",
    "SentimentScore": {
        "Positive": 0.005068425554782152,
        "Negative": 0.36825698614120483,
        "Neutral": 0.60760498046875,
        "Mixed": 0.019069576635956764
    }
}
