{
    "Sentiment": "NEUTRAL",
    "SentimentScore": {
        "Positive": 0.00726496335119009,
        "Negative": 0.004132903181016445,
        "Neutral": 0.9880623817443848,
        "Mixed": 0.0005397562636062503
    }
}
