{
    "Sentiment": "NEUTRAL",
    "SentimentScore": {
        "Positive": 0.014008376747369766,
        "Negative": 0.005071644671261311,
        "Neutral": 0.9791247248649597,
        "Mixed": 0.001795227057300508
    }
}
