{
    "Sentiment": "NEUTRAL",
    "SentimentScore": {
        "Positive": 0.04841593652963638,
        "Negative": 0.014146794565021992,
        "Neutral": 0.935893177986145,
        "Mixed": 0.0015440668212249875
    }
}
