{
    "Sentiment": "NEUTRAL",
    "SentimentScore": {
        "Positive": 0.018491480499505997,
        "Negative": 0.07282299548387527,
        "Neutral": 0.8893300294876099,
        "Mixed": 0.019355472177267075
    }
}
