{
    "Sentiment": "NEUTRAL",
    "SentimentScore": {
        "Positive": 0.008140685968101025,
        "Negative": 0.002741229021921754,
        "Neutral": 0.9886732697486877,
        "Mixed": 0.00044479029020294547
    }
}
