{
    "Sentiment": "NEUTRAL",
    "SentimentScore": {
        "Positive": 0.00586153706535697,
        "Negative": 0.02673964761197567,
        "Neutral": 0.964945375919342,
        "Mixed": 0.0024533269461244345
    }
}
