{
    "Sentiment": "NEUTRAL",
    "SentimentScore": {
        "Positive": 0.014391009695827961,
        "Negative": 0.012057462707161903,
        "Neutral": 0.972016453742981,
        "Mixed": 0.0015351207694038749
    }
}
