{
    "Sentiment": "NEUTRAL",
    "SentimentScore": {
        "Positive": 0.011762787587940693,
        "Negative": 0.010594675317406654,
        "Neutral": 0.9757089614868164,
        "Mixed": 0.0019335764227434993
    }
}
