{
    "Sentiment": "NEUTRAL",
    "SentimentScore": {
        "Positive": 0.013662230223417282,
        "Negative": 0.005865073297172785,
        "Neutral": 0.9789872765541077,
        "Mixed": 0.0014854712644591928
    }
}
