{
    "Sentiment": "NEUTRAL",
    "SentimentScore": {
        "Positive": 0.016637450084090233,
        "Negative": 0.20584793388843536,
        "Neutral": 0.7593793272972107,
        "Mixed": 0.018135342746973038
    }
}
