{
    "Sentiment": "NEUTRAL",
    "SentimentScore": {
        "Positive": 0.043095290660858154,
        "Negative": 0.07659271359443665,
        "Neutral": 0.8686033487319946,
        "Mixed": 0.011708572506904602
    }
}
