{
    "Sentiment": "NEUTRAL",
    "SentimentScore": {
        "Positive": 0.030818434432148933,
        "Negative": 0.06887113302946091,
        "Neutral": 0.8950864672660828,
        "Mixed": 0.005223990883678198
    }
}
