{
    "Sentiment": "NEUTRAL",
    "SentimentScore": {
        "Positive": 0.005466751754283905,
        "Negative": 0.004833841696381569,
        "Neutral": 0.989092230796814,
        "Mixed": 0.0006071075913496315
    }
}
