{
    "Sentiment": "NEUTRAL",
    "SentimentScore": {
        "Positive": 0.008722695522010326,
        "Negative": 0.010756166651844978,
        "Neutral": 0.9771239161491394,
        "Mixed": 0.003397243330255151
    }
}
