{
    "Sentiment": "NEUTRAL",
    "SentimentScore": {
        "Positive": 0.02138044685125351,
        "Negative": 0.07107400894165039,
        "Neutral": 0.8985414505004883,
        "Mixed": 0.00900404155254364
    }
}
