{
    "Sentiment": "NEUTRAL",
    "SentimentScore": {
        "Positive": 0.013072577305138111,
        "Negative": 0.18557478487491608,
        "Neutral": 0.7936477065086365,
        "Mixed": 0.0077049327082931995
    }
}
