{
    "Sentiment": "NEUTRAL",
    "SentimentScore": {
        "Positive": 0.0023396452888846397,
        "Negative": 0.008126377128064632,
        "Neutral": 0.9887852668762207,
        "Mixed": 0.0007487457478418946
    }
}
