{
    "Sentiment": "NEUTRAL",
    "SentimentScore": {
        "Positive": 0.0048776413314044476,
        "Negative": 0.0017914497293531895,
        "Neutral": 0.9929912090301514,
        "Mixed": 0.00033974755206145346
    }
}
