{
    "Sentiment": "NEUTRAL",
    "SentimentScore": {
        "Positive": 0.031996577978134155,
        "Negative": 0.05767648294568062,
        "Neutral": 0.8957524299621582,
        "Mixed": 0.014574467204511166
    }
}
