{
    "Sentiment": "NEUTRAL",
    "SentimentScore": {
        "Positive": 0.0017832417506724596,
        "Negative": 0.028386034071445465,
        "Neutral": 0.9675657153129578,
        "Mixed": 0.0022650347091257572
    }
}
