{
    "Sentiment": "MIXED",
    "SentimentScore": {
        "Positive": 0.14625096321105957,
        "Negative": 0.05212888494133949,
        "Neutral": 0.30496910214424133,
        "Mixed": 0.4966510534286499
    }
}
