{
    "Sentiment": "NEUTRAL",
    "SentimentScore": {
        "Positive": 0.0013769181678071618,
        "Negative": 0.0027198162861168385,
        "Neutral": 0.9955451488494873,
        "Mixed": 0.00035806724918074906
    }
}
