{
    "Sentiment": "NEUTRAL",
    "SentimentScore": {
        "Positive": 0.002295650076121092,
        "Negative": 0.0016332516679540277,
        "Neutral": 0.9957068562507629,
        "Mixed": 0.0003642873198259622
    }
}
