{
    "Sentiment": "NEUTRAL",
    "SentimentScore": {
        "Positive": 0.013916176743805408,
        "Negative": 0.021805010735988617,
        "Neutral": 0.9575701951980591,
        "Mixed": 0.006708604749292135
    }
}
