{
    "Sentiment": "NEUTRAL",
    "SentimentScore": {
        "Positive": 0.034207534044981,
        "Negative": 0.0013353353133425117,
        "Neutral": 0.9636454582214355,
        "Mixed": 0.0008117095567286015
    }
}
