{
    "Sentiment": "NEUTRAL",
    "SentimentScore": {
        "Positive": 0.015658898279070854,
        "Negative": 0.0016216543735936284,
        "Neutral": 0.9819051027297974,
        "Mixed": 0.0008143737795762718
    }
}
