{
    "Sentiment": "NEUTRAL",
    "SentimentScore": {
        "Positive": 0.0027427501045167446,
        "Negative": 0.06132952496409416,
        "Neutral": 0.9321402907371521,
        "Mixed": 0.0037874411791563034
    }
}
