{
    "Sentiment": "NEUTRAL",
    "SentimentScore": {
        "Positive": 0.011381718330085278,
        "Negative": 0.0029140254482626915,
        "Neutral": 0.984699547290802,
        "Mixed": 0.001004653051495552
    }
}
