{
    "Sentiment": "NEUTRAL",
    "SentimentScore": {
        "Positive": 0.07950945943593979,
        "Negative": 0.0009056648123078048,
        "Neutral": 0.91776442527771,
        "Mixed": 0.0018205482047051191
    }
}
