{
    "Sentiment": "NEUTRAL",
    "SentimentScore": {
        "Positive": 0.0049605704843997955,
        "Negative": 0.0038208025507628918,
        "Neutral": 0.9901372194290161,
        "Mixed": 0.00108141521923244
    }
}
