{
    "Sentiment": "NEUTRAL",
    "SentimentScore": {
        "Positive": 0.00973549485206604,
        "Negative": 0.0025374817196279764,
        "Neutral": 0.987043023109436,
        "Mixed": 0.0006840160931460559
    }
}
