{
    "Sentiment": "NEUTRAL",
    "SentimentScore": {
        "Positive": 0.0041644396260380745,
        "Negative": 0.0398421511054039,
        "Neutral": 0.952412486076355,
        "Mixed": 0.003580990480259061
    }
}
