{
    "Sentiment": "NEUTRAL",
    "SentimentScore": {
        "Positive": 0.024801043793559074,
        "Negative": 0.03207310661673546,
        "Neutral": 0.9299585223197937,
        "Mixed": 0.01316737663000822
    }
}
