{
    "Sentiment": "NEUTRAL",
    "SentimentScore": {
        "Positive": 0.0464090071618557,
        "Negative": 0.018523406237363815,
        "Neutral": 0.9201377630233765,
        "Mixed": 0.01492984127253294
    }
}
