{
    "Sentiment": "NEUTRAL",
    "SentimentScore": {
        "Positive": 0.004086810164153576,
        "Negative": 0.0030892626382410526,
        "Neutral": 0.9924881458282471,
        "Mixed": 0.00033574795816093683
    }
}
