{
    "Sentiment": "NEUTRAL",
    "SentimentScore": {
        "Positive": 0.0051291934214532375,
        "Negative": 0.04458937048912048,
        "Neutral": 0.9477537274360657,
        "Mixed": 0.0025277782697230577
    }
}
