{
    "Sentiment": "NEUTRAL",
    "SentimentScore": {
        "Positive": 0.006057413760572672,
        "Negative": 0.07691093534231186,
        "Neutral": 0.9125167727470398,
        "Mixed": 0.004514860454946756
    }
}
