{
    "Sentiment": "NEUTRAL",
    "SentimentScore": {
        "Positive": 0.00430412357673049,
        "Negative": 0.21726959943771362,
        "Neutral": 0.764324963092804,
        "Mixed": 0.014101330190896988
    }
}
