{
    "Sentiment": "NEUTRAL",
    "SentimentScore": {
        "Positive": 0.011843991465866566,
        "Negative": 0.0464642196893692,
        "Neutral": 0.9348875880241394,
        "Mixed": 0.006804221775382757
    }
}
