{
    "Sentiment": "NEUTRAL",
    "SentimentScore": {
        "Positive": 0.0041181668639183044,
        "Negative": 0.048560980707407,
        "Neutral": 0.9454370737075806,
        "Mixed": 0.0018837868701666594
    }
}
