{
    "Sentiment": "NEUTRAL",
    "SentimentScore": {
        "Positive": 0.005246744956821203,
        "Negative": 0.0012625008821487427,
        "Neutral": 0.9931361675262451,
        "Mixed": 0.00035458733327686787
    }
}
