{
    "Sentiment": "NEUTRAL",
    "SentimentScore": {
        "Positive": 0.037494927644729614,
        "Negative": 0.0027668580878525972,
        "Neutral": 0.9585553407669067,
        "Mixed": 0.0011829562718048692
    }
}
