{
    "Sentiment": "NEUTRAL",
    "SentimentScore": {
        "Positive": 0.0615871287882328,
        "Negative": 0.03413837403059006,
        "Neutral": 0.8912859559059143,
        "Mixed": 0.01298852451145649
    }
}
