{
    "Sentiment": "NEUTRAL",
    "SentimentScore": {
        "Positive": 0.006962222047150135,
        "Negative": 0.03645997494459152,
        "Neutral": 0.953913688659668,
        "Mixed": 0.0026641790755093098
    }
}
