{
    "Sentiment": "NEUTRAL",
    "SentimentScore": {
        "Positive": 0.1730899065732956,
        "Negative": 0.20768238604068756,
        "Neutral": 0.5231958031654358,
        "Mixed": 0.09603190422058105
    }
}
