{
    "Sentiment": "NEGATIVE",
    "SentimentScore": {
        "Positive": 0.06053062528371811,
        "Negative": 0.46233615279197693,
        "Neutral": 0.42872706055641174,
        "Mixed": 0.04840605705976486
    }
}
