{
    "Sentiment": "NEUTRAL",
    "SentimentScore": {
        "Positive": 0.09076858311891556,
        "Negative": 0.1459033191204071,
        "Neutral": 0.751046359539032,
        "Mixed": 0.012281805276870728
    }
}
