{
    "Sentiment": "NEUTRAL",
    "SentimentScore": {
        "Positive": 0.011772078461945057,
        "Negative": 0.11037418991327286,
        "Neutral": 0.8674852848052979,
        "Mixed": 0.010368467308580875
    }
}
