{
    "Sentiment": "NEUTRAL",
    "SentimentScore": {
        "Positive": 0.0027232628781348467,
        "Negative": 0.06264298409223557,
        "Neutral": 0.9327064752578735,
        "Mixed": 0.0019273163052275777
    }
}
