{
    "Sentiment": "POSITIVE",
    "SentimentScore": {
        "Positive": 0.69484543800354,
        "Negative": 0.006955713964998722,
        "Neutral": 0.2790772318840027,
        "Mixed": 0.019121648743748665
    }
}
