{
    "Sentiment": "NEUTRAL",
    "SentimentScore": {
        "Positive": 0.055725835263729095,
        "Negative": 0.02443855255842209,
        "Neutral": 0.9127447605133057,
        "Mixed": 0.007090919651091099
    }
}
