{
    "Sentiment": "POSITIVE",
    "SentimentScore": {
        "Positive": 0.7998658418655396,
        "Negative": 0.004474232904613018,
        "Neutral": 0.1889815479516983,
        "Mixed": 0.006678292993456125
    }
}
