{
    "Sentiment": "NEUTRAL",
    "SentimentScore": {
        "Positive": 0.015389399603009224,
        "Negative": 0.07074224203824997,
        "Neutral": 0.9063335061073303,
        "Mixed": 0.007534857839345932
    }
}
