{
    "Sentiment": "NEUTRAL",
    "SentimentScore": {
        "Positive": 0.0020447243005037308,
        "Negative": 0.017732584848999977,
        "Neutral": 0.978721559047699,
        "Mixed": 0.0015011471696197987
    }
}
