{
    "Sentiment": "POSITIVE",
    "SentimentScore": {
        "Positive": 0.5094855427742004,
        "Negative": 0.009165476076304913,
        "Neutral": 0.4756845235824585,
        "Mixed": 0.005664465948939323
    }
}
