{
    "Sentiment": "NEUTRAL",
    "SentimentScore": {
        "Positive": 0.0026339341420680285,
        "Negative": 0.009565582498908043,
        "Neutral": 0.987198531627655,
        "Mixed": 0.0006019991124048829
    }
}
