{
    "Sentiment": "NEUTRAL",
    "SentimentScore": {
        "Positive": 0.027038609609007835,
        "Negative": 0.008891582489013672,
        "Neutral": 0.9624910354614258,
        "Mixed": 0.0015787846641615033
    }
}
