{
    "Sentiment": "NEUTRAL",
    "SentimentScore": {
        "Positive": 0.04890023544430733,
        "Negative": 0.009032503701746464,
        "Neutral": 0.9372937083244324,
        "Mixed": 0.0047735231928527355
    }
}
