{
    "Sentiment": "NEUTRAL",
    "SentimentScore": {
        "Positive": 0.10037847608327866,
        "Negative": 0.004633970092982054,
        "Neutral": 0.892515242099762,
        "Mixed": 0.002472327323630452
    }
}
