{
    "Sentiment": "NEUTRAL",
    "SentimentScore": {
        "Positive": 0.014570990577340126,
        "Negative": 0.039184875786304474,
        "Neutral": 0.9396772980690002,
        "Mixed": 0.006566877011209726
    }
}
