{
    "Sentiment": "NEUTRAL",
    "SentimentScore": {
        "Positive": 0.002489575883373618,
        "Negative": 0.009335753507912159,
        "Neutral": 0.9870268702507019,
        "Mixed": 0.0011477763764560223
    }
}
