{
    "Sentiment": "POSITIVE",
    "SentimentScore": {
        "Positive": 0.5747399926185608,
        "Negative": 0.015608460642397404,
        "Neutral": 0.3774530589580536,
        "Mixed": 0.03219849243760109
    }
}
