{
    "Sentiment": "NEUTRAL",
    "SentimentScore": {
        "Positive": 0.221010223031044,
        "Negative": 0.013586201705038548,
        "Neutral": 0.7550759315490723,
        "Mixed": 0.01032758504152298
    }
}
