{
    "Sentiment": "NEUTRAL",
    "SentimentScore": {
        "Positive": 0.00983534287661314,
        "Negative": 0.01837453991174698,
        "Neutral": 0.9666719436645508,
        "Mixed": 0.0051182531751692295
    }
}
