{
    "Sentiment": "NEUTRAL",
    "SentimentScore": {
        "Positive": 0.07383756339550018,
        "Negative": 0.0019128284184262156,
        "Neutral": 0.9218088388442993,
        "Mixed": 0.0024407256860285997
    }
}
