{
    "Sentiment": "NEUTRAL",
    "SentimentScore": {
        "Positive": 0.001805491279810667,
        "Negative": 0.005139122251421213,
        "Neutral": 0.9924598336219788,
        "Mixed": 0.0005956292152404785
    }
}
