{
    "Sentiment": "NEUTRAL",
    "SentimentScore": {
        "Positive": 0.06517825275659561,
        "Negative": 0.0037389835342764854,
        "Neutral": 0.9282543659210205,
        "Mixed": 0.0028283819556236267
    }
}
