{
    "Sentiment": "NEUTRAL",
    "SentimentScore": {
        "Positive": 0.01180355902761221,
        "Negative": 0.002211827551946044,
        "Neutral": 0.9853739738464355,
        "Mixed": 0.0006105592474341393
    }
}
