{
    "Sentiment": "NEUTRAL",
    "SentimentScore": {
        "Positive": 0.0019944938831031322,
        "Negative": 0.0656508058309555,
        "Neutral": 0.9282935261726379,
        "Mixed": 0.004061203915625811
    }
}
