{
    "Sentiment": "NEUTRAL",
    "SentimentScore": {
        "Positive": 0.007844679057598114,
        "Negative": 0.12188941240310669,
        "Neutral": 0.8609468340873718,
        "Mixed": 0.009319087490439415
    }
}
