{
    "Sentiment": "NEUTRAL",
    "SentimentScore": {
        "Positive": 0.012781469151377678,
        "Negative": 0.007206487003713846,
        "Neutral": 0.9784754514694214,
        "Mixed": 0.001536545460112393
    }
}
