{
    "Sentiment": "NEUTRAL",
    "SentimentScore": {
        "Positive": 0.05386251211166382,
        "Negative": 0.03954338654875755,
        "Neutral": 0.9019539952278137,
        "Mixed": 0.004640123341232538
    }
}
