{
    "Sentiment": "NEUTRAL",
    "SentimentScore": {
        "Positive": 0.005148089490830898,
        "Negative": 0.4069056808948517,
        "Neutral": 0.5737432837486267,
        "Mixed": 0.014202962629497051
    }
}
