{
    "Sentiment": "NEUTRAL",
    "SentimentScore": {
        "Positive": 0.028823329135775566,
        "Negative": 0.006437905132770538,
        "Neutral": 0.9621888995170593,
        "Mixed": 0.0025498918257653713
    }
}
