{
    "Sentiment": "NEUTRAL",
    "SentimentScore": {
        "Positive": 0.011108815670013428,
        "Negative": 0.01255449466407299,
        "Neutral": 0.9732131958007812,
        "Mixed": 0.0031234771013259888
    }
}
