{
    "Sentiment": "NEUTRAL",
    "SentimentScore": {
        "Positive": 0.00467430055141449,
        "Negative": 0.0031483687926083803,
        "Neutral": 0.991584300994873,
        "Mixed": 0.0005930482875555754
    }
}
