{
    "Sentiment": "NEUTRAL",
    "SentimentScore": {
        "Positive": 0.010956048034131527,
        "Negative": 0.002546466188505292,
        "Neutral": 0.9855682253837585,
        "Mixed": 0.0009291907772421837
    }
}
