{
    "Sentiment": "NEUTRAL",
    "SentimentScore": {
        "Positive": 0.0024036450777202845,
        "Negative": 0.01897774077951908,
        "Neutral": 0.9772585034370422,
        "Mixed": 0.0013601332902908325
    }
}
