{
    "Sentiment": "POSITIVE",
    "SentimentScore": {
        "Positive": 0.36816638708114624,
        "Negative": 0.16122564673423767,
        "Neutral": 0.3206988573074341,
        "Mixed": 0.14990900456905365
    }
}
