{
    "Sentiment": "NEUTRAL",
    "SentimentScore": {
        "Positive": 0.024025755003094673,
        "Negative": 0.007012651767581701,
        "Neutral": 0.9667994976043701,
        "Mixed": 0.0021620960906147957
    }
}
