{
    "Sentiment": "NEUTRAL",
    "SentimentScore": {
        "Positive": 0.007375931832939386,
        "Negative": 0.017738698050379753,
        "Neutral": 0.9736360907554626,
        "Mixed": 0.0012493837857618928
    }
}
