{
    "Sentiment": "NEUTRAL",
    "SentimentScore": {
        "Positive": 0.013170539401471615,
        "Negative": 0.005801609717309475,
        "Neutral": 0.9802021384239197,
        "Mixed": 0.0008258218877017498
    }
}
