{
    "Sentiment": "NEUTRAL",
    "SentimentScore": {
        "Positive": 0.010015075094997883,
        "Negative": 0.3072420656681061,
        "Neutral": 0.6335353851318359,
        "Mixed": 0.04920753836631775
    }
}
