{
    "Sentiment": "NEUTRAL",
    "SentimentScore": {
        "Positive": 0.03725667670369148,
        "Negative": 0.003108510747551918,
        "Neutral": 0.9577084183692932,
        "Mixed": 0.001926465891301632
    }
}
