{
    "Sentiment": "NEUTRAL",
    "SentimentScore": {
        "Positive": 0.001941574621014297,
        "Negative": 0.015247669070959091,
        "Neutral": 0.981220006942749,
        "Mixed": 0.0015907349297776818
    }
}
