{
    "Sentiment": "NEUTRAL",
    "SentimentScore": {
        "Positive": 0.013210187666118145,
        "Negative": 0.12415920197963715,
        "Neutral": 0.8568480014801025,
        "Mixed": 0.005782609805464745
    }
}
