{
    "Sentiment": "NEUTRAL",
    "SentimentScore": {
        "Positive": 0.4434027373790741,
        "Negative": 0.020906418561935425,
        "Neutral": 0.5056705474853516,
        "Mixed": 0.030020279809832573
    }
}
