{
    "Sentiment": "NEUTRAL",
    "SentimentScore": {
        "Positive": 0.00520250154659152,
        "Negative": 0.010057352483272552,
        "Neutral": 0.9834743142127991,
        "Mixed": 0.0012658583000302315
    }
}
