{
    "Sentiment": "NEUTRAL",
    "SentimentScore": {
        "Positive": 0.012902208603918552,
        "Negative": 0.19733984768390656,
        "Neutral": 0.7681272625923157,
        "Mixed": 0.021630607545375824
    }
}
