{
    "Sentiment": "NEUTRAL",
    "SentimentScore": {
        "Positive": 0.36416080594062805,
        "Negative": 0.06967497617006302,
        "Neutral": 0.5494467616081238,
        "Mixed": 0.01671750098466873
    }
}
