{
    "Sentiment": "POSITIVE",
    "SentimentScore": {
        "Positive": 0.5062310099601746,
        "Negative": 0.027972467243671417,
        "Neutral": 0.4567621946334839,
        "Mixed": 0.009034334681928158
    }
}
