{
    "Sentiment": "NEUTRAL",
    "SentimentScore": {
        "Positive": 0.01951589435338974,
        "Negative": 0.213011234998703,
        "Neutral": 0.7543191313743591,
        "Mixed": 0.013153763487935066
    }
}
