{
    "Sentiment": "NEUTRAL",
    "SentimentScore": {
        "Positive": 0.17470683157444,
        "Negative": 0.03918546810746193,
        "Neutral": 0.7536625862121582,
        "Mixed": 0.03244510293006897
    }
}
