{
    "Sentiment": "NEUTRAL",
    "SentimentScore": {
        "Positive": 0.17374210059642792,
        "Negative": 0.052597127854824066,
        "Neutral": 0.7480212450027466,
        "Mixed": 0.02563951350748539
    }
}
