{
    "Sentiment": "NEUTRAL",
    "SentimentScore": {
        "Positive": 0.11864818632602692,
        "Negative": 0.012462187558412552,
        "Neutral": 0.8594114184379578,
        "Mixed": 0.0094782505184412
    }
}
