{
    "Sentiment": "NEUTRAL",
    "SentimentScore": {
        "Positive": 0.08970443904399872,
        "Negative": 0.20736876130104065,
        "Neutral": 0.6876581907272339,
        "Mixed": 0.015268595889210701
    }
}
