{
    "Sentiment": "NEUTRAL",
    "SentimentScore": {
        "Positive": 0.011621453799307346,
        "Negative": 0.014714028686285019,
        "Neutral": 0.9687620997428894,
        "Mixed": 0.00490241264924407
    }
}
