{
    "Sentiment": "NEUTRAL",
    "SentimentScore": {
        "Positive": 0.022746313363313675,
        "Negative": 0.11974164843559265,
        "Neutral": 0.8458868265151978,
        "Mixed": 0.011625276878476143
    }
}
