{
    "Sentiment": "NEUTRAL",
    "SentimentScore": {
        "Positive": 0.017014017328619957,
        "Negative": 0.00656668609008193,
        "Neutral": 0.9751190543174744,
        "Mixed": 0.0013001870829612017
    }
}
