{
    "Sentiment": "NEUTRAL",
    "SentimentScore": {
        "Positive": 0.024563675746321678,
        "Negative": 0.0031572214793413877,
        "Neutral": 0.971362829208374,
        "Mixed": 0.0009163160575553775
    }
}
