{
    "Sentiment": "NEUTRAL",
    "SentimentScore": {
        "Positive": 0.016272276639938354,
        "Negative": 0.022638631984591484,
        "Neutral": 0.9582386612892151,
        "Mixed": 0.0028503539506345987
    }
}
