{
    "Sentiment": "NEUTRAL",
    "SentimentScore": {
        "Positive": 0.0038429833948612213,
        "Negative": 0.07608655840158463,
        "Neutral": 0.9168904423713684,
        "Mixed": 0.00317998044192791
    }
}
