{
    "Sentiment": "NEUTRAL",
    "SentimentScore": {
        "Positive": 0.011647668667137623,
        "Negative": 0.007926356047391891,
        "Neutral": 0.9773939847946167,
        "Mixed": 0.0030319225043058395
    }
}
