{
    "Sentiment": "NEUTRAL",
    "SentimentScore": {
        "Positive": 0.009875083342194557,
        "Negative": 0.13146035373210907,
        "Neutral": 0.8434693217277527,
        "Mixed": 0.015195266343653202
    }
}
