{
    "Sentiment": "NEUTRAL",
    "SentimentScore": {
        "Positive": 0.012646090239286423,
        "Negative": 0.08913709223270416,
        "Neutral": 0.8920104503631592,
        "Mixed": 0.006206434685736895
    }
}
