{
    "Sentiment": "NEUTRAL",
    "SentimentScore": {
        "Positive": 0.024638328701257706,
        "Negative": 0.001021436764858663,
        "Neutral": 0.9736440777778625,
        "Mixed": 0.0006961887702345848
    }
}
