{
    "Sentiment": "NEUTRAL",
    "SentimentScore": {
        "Positive": 0.04547538235783577,
        "Negative": 0.026444079354405403,
        "Neutral": 0.9112890362739563,
        "Mixed": 0.016791487112641335
    }
}
