{
    "Sentiment": "NEUTRAL",
    "SentimentScore": {
        "Positive": 0.01537622045725584,
        "Negative": 0.019142504781484604,
        "Neutral": 0.9612627029418945,
        "Mixed": 0.004218521993607283
    }
}
