{
    "Sentiment": "NEUTRAL",
    "SentimentScore": {
        "Positive": 0.010270275175571442,
        "Negative": 0.3523544371128082,
        "Neutral": 0.6181877851486206,
        "Mixed": 0.019187454134225845
    }
}
