{
    "Sentiment": "NEUTRAL",
    "SentimentScore": {
        "Positive": 0.015904754400253296,
        "Negative": 0.12820568680763245,
        "Neutral": 0.8445699214935303,
        "Mixed": 0.011319590732455254
    }
}
