{
    "Sentiment": "NEUTRAL",
    "SentimentScore": {
        "Positive": 0.008001158945262432,
        "Negative": 0.017400037497282028,
        "Neutral": 0.9713901877403259,
        "Mixed": 0.0032086551655083895
    }
}
