{
    "Sentiment": "NEUTRAL",
    "SentimentScore": {
        "Positive": 0.011614186689257622,
        "Negative": 0.007177193183451891,
        "Neutral": 0.9804738759994507,
        "Mixed": 0.0007347458158619702
    }
}
