{
    "Sentiment": "NEUTRAL",
    "SentimentScore": {
        "Positive": 0.0062858713790774345,
        "Negative": 0.03471964970231056,
        "Neutral": 0.9510746598243713,
        "Mixed": 0.00791985634714365
    }
}
