{
    "Sentiment": "NEUTRAL",
    "SentimentScore": {
        "Positive": 0.004480675794184208,
        "Negative": 0.010958430357277393,
        "Neutral": 0.9832774996757507,
        "Mixed": 0.0012833476066589355
    }
}
