{
    "Sentiment": "NEUTRAL",
    "SentimentScore": {
        "Positive": 0.0371585376560688,
        "Negative": 0.09781433641910553,
        "Neutral": 0.8350399732589722,
        "Mixed": 0.029987206682562828
    }
}
