{
    "Sentiment": "NEUTRAL",
    "SentimentScore": {
        "Positive": 0.002072742907330394,
        "Negative": 0.013648333959281445,
        "Neutral": 0.9830207824707031,
        "Mixed": 0.0012580696493387222
    }
}
