{
    "Sentiment": "NEUTRAL",
    "SentimentScore": {
        "Positive": 0.0018805658910423517,
        "Negative": 0.0035078153014183044,
        "Neutral": 0.9941279888153076,
        "Mixed": 0.00048362420056946576
    }
}
