{
    "Sentiment": "NEUTRAL",
    "SentimentScore": {
        "Positive": 0.007545078173279762,
        "Negative": 0.02853260561823845,
        "Neutral": 0.9598883390426636,
        "Mixed": 0.004033987410366535
    }
}
