{
    "Sentiment": "NEUTRAL",
    "SentimentScore": {
        "Positive": 0.050659921020269394,
        "Negative": 0.1720287799835205,
        "Neutral": 0.7632856965065002,
        "Mixed": 0.014025585725903511
    }
}
