{
    "Sentiment": "NEUTRAL",
    "SentimentScore": {
        "Positive": 0.013120664283633232,
        "Negative": 0.1314914971590042,
        "Neutral": 0.8507077693939209,
        "Mixed": 0.00468009989708662
    }
}
