{
    "Sentiment": "NEUTRAL",
    "SentimentScore": {
        "Positive": 0.16745120286941528,
        "Negative": 0.061882488429546356,
        "Neutral": 0.6566817760467529,
        "Mixed": 0.11398454755544662
    }
}
