{
    "Sentiment": "NEUTRAL",
    "SentimentScore": {
        "Positive": 0.012178937904536724,
        "Negative": 0.006652017589658499,
        "Neutral": 0.9802879095077515,
        "Mixed": 0.0008811617153696716
    }
}
