{
    "Sentiment": "NEUTRAL",
    "SentimentScore": {
        "Positive": 0.00688299722969532,
        "Negative": 0.004301856737583876,
        "Neutral": 0.988303005695343,
        "Mixed": 0.0005121419671922922
    }
}
