{
    "Sentiment": "NEUTRAL",
    "SentimentScore": {
        "Positive": 0.018199771642684937,
        "Negative": 0.06956050544977188,
        "Neutral": 0.8966799974441528,
        "Mixed": 0.015559745021164417
    }
}
