{
    "Sentiment": "NEUTRAL",
    "SentimentScore": {
        "Positive": 0.004006737377494574,
        "Negative": 0.08500166237354279,
        "Neutral": 0.9074159860610962,
        "Mixed": 0.0035756577271968126
    }
}
