{
    "Sentiment": "NEUTRAL",
    "SentimentScore": {
        "Positive": 0.0021810138132423162,
        "Negative": 0.010445310734212399,
        "Neutral": 0.9867203235626221,
        "Mixed": 0.0006532563711516559
    }
}
