{
    "Sentiment": "NEUTRAL",
    "SentimentScore": {
        "Positive": 0.004489044193178415,
        "Negative": 0.020098906010389328,
        "Neutral": 0.9733479022979736,
        "Mixed": 0.002064254367724061
    }
}
