{
    "Sentiment": "NEUTRAL",
    "SentimentScore": {
        "Positive": 0.0613982118666172,
        "Negative": 0.00803786888718605,
        "Neutral": 0.9259015917778015,
        "Mixed": 0.004662392195314169
    }
}
