{
    "Sentiment": "NEUTRAL",
    "SentimentScore": {
        "Positive": 0.004564739763736725,
        "Negative": 0.02100592851638794,
        "Neutral": 0.9714430570602417,
        "Mixed": 0.0029862241353839636
    }
}
