{
    "Sentiment": "NEUTRAL",
    "SentimentScore": {
        "Positive": 0.008937845006585121,
        "Negative": 0.2323542982339859,
        "Neutral": 0.7333954572677612,
        "Mixed": 0.025312364101409912
    }
}
