{
    "Sentiment": "NEUTRAL",
    "SentimentScore": {
        "Positive": 0.005239775869995356,
        "Negative": 0.012166374363005161,
        "Neutral": 0.9802339673042297,
        "Mixed": 0.0023598079569637775
    }
}
