{
    "Sentiment": "NEUTRAL",
    "SentimentScore": {
        "Positive": 0.014099483378231525,
        "Negative": 0.15634605288505554,
        "Neutral": 0.8206649422645569,
        "Mixed": 0.008889512158930302
    }
}
