{
    "Sentiment": "NEUTRAL",
    "SentimentScore": {
        "Positive": 0.009356820955872536,
        "Negative": 0.11154334992170334,
        "Neutral": 0.8620228171348572,
        "Mixed": 0.017076998949050903
    }
}
