{
    "Sentiment": "NEUTRAL",
    "SentimentScore": {
        "Positive": 0.3574073910713196,
        "Negative": 0.03696918487548828,
        "Neutral": 0.5979437828063965,
        "Mixed": 0.007679671514779329
    }
}
