{
    "Sentiment": "NEUTRAL",
    "SentimentScore": {
        "Positive": 0.11639360338449478,
        "Negative": 0.012652542442083359,
        "Neutral": 0.8562665581703186,
        "Mixed": 0.014687210321426392
    }
}
