{
    "Sentiment": "NEUTRAL",
    "SentimentScore": {
        "Positive": 0.04992564767599106,
        "Negative": 0.22377361357212067,
        "Neutral": 0.6828824281692505,
        "Mixed": 0.04341829940676689
    }
}
