{
    "Sentiment": "NEUTRAL",
    "SentimentScore": {
        "Positive": 0.1008235290646553,
        "Negative": 0.27668651938438416,
        "Neutral": 0.533811628818512,
        "Mixed": 0.08867830038070679
    }
}
