{
    "Sentiment": "NEUTRAL",
    "SentimentScore": {
        "Positive": 0.10704755783081055,
        "Negative": 0.026689352467656136,
        "Neutral": 0.836756706237793,
        "Mixed": 0.029506437480449677
    }
}
