{
    "Sentiment": "NEUTRAL",
    "SentimentScore": {
        "Positive": 0.0460733026266098,
        "Negative": 0.017484763637185097,
        "Neutral": 0.9268124103546143,
        "Mixed": 0.009629477746784687
    }
}
