{
    "Sentiment": "NEUTRAL",
    "SentimentScore": {
        "Positive": 0.0048516616225242615,
        "Negative": 0.04928228631615639,
        "Neutral": 0.9416131973266602,
        "Mixed": 0.004252910614013672
    }
}
