{
    "Sentiment": "NEUTRAL",
    "SentimentScore": {
        "Positive": 0.08880225569009781,
        "Negative": 0.06512187421321869,
        "Neutral": 0.8242707252502441,
        "Mixed": 0.021805159747600555
    }
}
