{
    "Sentiment": "NEUTRAL",
    "SentimentScore": {
        "Positive": 0.24397432804107666,
        "Negative": 0.008798572234809399,
        "Neutral": 0.743329644203186,
        "Mixed": 0.0038973805494606495
    }
}
