{
    "Sentiment": "NEUTRAL",
    "SentimentScore": {
        "Positive": 0.05283849686384201,
        "Negative": 0.012552963569760323,
        "Neutral": 0.9254316091537476,
        "Mixed": 0.009177022613584995
    }
}
