{
    "Sentiment": "NEUTRAL",
    "SentimentScore": {
        "Positive": 0.009033452719449997,
        "Negative": 0.003163263900205493,
        "Neutral": 0.9872294664382935,
        "Mixed": 0.0005738253821618855
    }
}
