{
    "Sentiment": "NEUTRAL",
    "SentimentScore": {
        "Positive": 0.3804968297481537,
        "Negative": 0.0012643045047298074,
        "Neutral": 0.6150412559509277,
        "Mixed": 0.003197578713297844
    }
}
