{
    "Sentiment": "NEUTRAL",
    "SentimentScore": {
        "Positive": 0.007463088724762201,
        "Negative": 0.002192404819652438,
        "Neutral": 0.9899322986602783,
        "Mixed": 0.00041225823224522173
    }
}
