{
    "Sentiment": "NEUTRAL",
    "SentimentScore": {
        "Positive": 0.07462853938341141,
        "Negative": 0.002666626125574112,
        "Neutral": 0.9203358292579651,
        "Mixed": 0.0023689919617027044
    }
}
