{
    "Sentiment": "NEUTRAL",
    "SentimentScore": {
        "Positive": 0.020863452926278114,
        "Negative": 0.03311048075556755,
        "Neutral": 0.9420983791351318,
        "Mixed": 0.003927710931748152
    }
}
