{
    "Sentiment": "NEUTRAL",
    "SentimentScore": {
        "Positive": 0.004196637310087681,
        "Negative": 0.010608844459056854,
        "Neutral": 0.9842372536659241,
        "Mixed": 0.0009572740527801216
    }
}
