{
    "Sentiment": "NEUTRAL",
    "SentimentScore": {
        "Positive": 0.03618407994508743,
        "Negative": 0.00620722072198987,
        "Neutral": 0.9562360048294067,
        "Mixed": 0.001372684957459569
    }
}
