{
    "Sentiment": "NEUTRAL",
    "SentimentScore": {
        "Positive": 0.009545222856104374,
        "Negative": 0.006781861651688814,
        "Neutral": 0.9816949367523193,
        "Mixed": 0.001978010404855013
    }
}
