{
    "Sentiment": "NEUTRAL",
    "SentimentScore": {
        "Positive": 0.022296356037259102,
        "Negative": 0.02096385881304741,
        "Neutral": 0.9502238035202026,
        "Mixed": 0.006515892222523689
    }
}
