{
    "Sentiment": "NEUTRAL",
    "SentimentScore": {
        "Positive": 0.013295559212565422,
        "Negative": 0.0036803369875997305,
        "Neutral": 0.9816245436668396,
        "Mixed": 0.0013995846966281533
    }
}
