{
    "Sentiment": "NEUTRAL",
    "SentimentScore": {
        "Positive": 0.1882796585559845,
        "Negative": 0.08443499356508255,
        "Neutral": 0.7036145329475403,
        "Mixed": 0.023670747876167297
    }
}
