{
    "Sentiment": "NEUTRAL",
    "SentimentScore": {
        "Positive": 0.009099964052438736,
        "Negative": 0.005195762030780315,
        "Neutral": 0.9847880601882935,
        "Mixed": 0.0009162061032839119
    }
}
