{
    "Sentiment": "NEUTRAL",
    "SentimentScore": {
        "Positive": 0.08240147680044174,
        "Negative": 0.030336586758494377,
        "Neutral": 0.8726307153701782,
        "Mixed": 0.014631176367402077
    }
}
