{
    "Sentiment": "NEUTRAL",
    "SentimentScore": {
        "Positive": 0.0029008486308157444,
        "Negative": 0.07715056091547012,
        "Neutral": 0.9160397052764893,
        "Mixed": 0.003908871673047543
    }
}
