{
    "Sentiment": "NEUTRAL",
    "SentimentScore": {
        "Positive": 0.02627648413181305,
        "Negative": 0.15856772661209106,
        "Neutral": 0.7735099792480469,
        "Mixed": 0.04164581373333931
    }
}
