{
    "Sentiment": "NEUTRAL",
    "SentimentScore": {
        "Positive": 0.002406179206445813,
        "Negative": 0.0049167899414896965,
        "Neutral": 0.9920319318771362,
        "Mixed": 0.0006451006047427654
    }
}
