{
    "Sentiment": "NEUTRAL",
    "SentimentScore": {
        "Positive": 0.003176626283675432,
        "Negative": 0.226106196641922,
        "Neutral": 0.7574716210365295,
        "Mixed": 0.013245616108179092
    }
}
