{
    "Sentiment": "NEUTRAL",
    "SentimentScore": {
        "Positive": 0.0029746410436928272,
        "Negative": 0.01457437314093113,
        "Neutral": 0.9814828038215637,
        "Mixed": 0.0009682172094471753
    }
}
