{
    "Sentiment": "NEUTRAL",
    "SentimentScore": {
        "Positive": 0.33689117431640625,
        "Negative": 0.010052558965981007,
        "Neutral": 0.6440021991729736,
        "Mixed": 0.009054048918187618
    }
}
