{
    "Sentiment": "NEUTRAL",
    "SentimentScore": {
        "Positive": 0.016093580052256584,
        "Negative": 0.0280962772667408,
        "Neutral": 0.9479641914367676,
        "Mixed": 0.007845981046557426
    }
}
