{
    "Sentiment": "NEUTRAL",
    "SentimentScore": {
        "Positive": 0.009949489496648312,
        "Negative": 0.011118728667497635,
        "Neutral": 0.9766485095024109,
        "Mixed": 0.0022831757087260485
    }
}
