{
    "Sentiment": "NEUTRAL",
    "SentimentScore": {
        "Positive": 0.00809372030198574,
        "Negative": 0.0767064318060875,
        "Neutral": 0.9108592867851257,
        "Mixed": 0.004340496379882097
    }
}
