{
    "Sentiment": "NEUTRAL",
    "SentimentScore": {
        "Positive": 0.0019278107210993767,
        "Negative": 0.005303434561938047,
        "Neutral": 0.9919986128807068,
        "Mixed": 0.0007702147704549134
    }
}
