{
    "Sentiment": "NEUTRAL",
    "SentimentScore": {
        "Positive": 0.0016474929871037602,
        "Negative": 0.003248135093599558,
        "Neutral": 0.9947880506515503,
        "Mixed": 0.0003162675129715353
    }
}
