{
    "Sentiment": "NEUTRAL",
    "SentimentScore": {
        "Positive": 0.22631695866584778,
        "Negative": 0.005172917619347572,
        "Neutral": 0.7619277834892273,
        "Mixed": 0.006582311820238829
    }
}
