{
    "Sentiment": "NEUTRAL",
    "SentimentScore": {
        "Positive": 0.008051793090999126,
        "Negative": 0.008966009132564068,
        "Neutral": 0.9821453094482422,
        "Mixed": 0.0008368775597773492
    }
}
