{
    "Sentiment": "NEUTRAL",
    "SentimentScore": {
        "Positive": 0.005617018789052963,
        "Negative": 0.2221226841211319,
        "Neutral": 0.7538725137710571,
        "Mixed": 0.018387749791145325
    }
}
