{
    "Sentiment": "NEUTRAL",
    "SentimentScore": {
        "Positive": 0.004178101196885109,
        "Negative": 0.01696702651679516,
        "Neutral": 0.9766825437545776,
        "Mixed": 0.0021723820827901363
    }
}
