{
    "Sentiment": "NEUTRAL",
    "SentimentScore": {
        "Positive": 0.024585427716374397,
        "Negative": 0.03611093759536743,
        "Neutral": 0.9241781830787659,
        "Mixed": 0.015125451609492302
    }
}
