{
    "Sentiment": "NEUTRAL",
    "SentimentScore": {
        "Positive": 0.038334693759679794,
        "Negative": 0.1900985836982727,
        "Neutral": 0.7640767693519592,
        "Mixed": 0.007489937823265791
    }
}
