{
    "Sentiment": "NEUTRAL",
    "SentimentScore": {
        "Positive": 0.33539879322052,
        "Negative": 0.0031632331665605307,
        "Neutral": 0.6539855003356934,
        "Mixed": 0.007452433928847313
    }
}
