{
    "Sentiment": "NEUTRAL",
    "SentimentScore": {
        "Positive": 0.01298244297504425,
        "Negative": 0.0026194872334599495,
        "Neutral": 0.9837079644203186,
        "Mixed": 0.0006901656743139029
    }
}
