{
    "Sentiment": "NEUTRAL",
    "SentimentScore": {
        "Positive": 0.000752605265006423,
        "Negative": 0.01141682080924511,
        "Neutral": 0.9872382879257202,
        "Mixed": 0.0005922844284214079
    }
}
