{
    "Sentiment": "NEUTRAL",
    "SentimentScore": {
        "Positive": 0.01427961140871048,
        "Negative": 0.003048812272027135,
        "Neutral": 0.9818320274353027,
        "Mixed": 0.0008395499316975474
    }
}
