{
    "Sentiment": "NEGATIVE",
    "SentimentScore": {
        "Positive": 0.08661212027072906,
        "Negative": 0.4499950408935547,
        "Neutral": 0.4327162802219391,
        "Mixed": 0.030676569789648056
    }
}
