{
    "Sentiment": "NEUTRAL",
    "SentimentScore": {
        "Positive": 0.0499023012816906,
        "Negative": 0.259031742811203,
        "Neutral": 0.6747552156448364,
        "Mixed": 0.01631072536110878
    }
}
