{
    "Sentiment": "NEUTRAL",
    "SentimentScore": {
        "Positive": 0.0036155697889626026,
        "Negative": 0.04568169638514519,
        "Neutral": 0.9480421543121338,
        "Mixed": 0.002660580910742283
    }
}
