{
    "Sentiment": "NEUTRAL",
    "SentimentScore": {
        "Positive": 0.004189721308648586,
        "Negative": 0.009958328679203987,
        "Neutral": 0.9844695329666138,
        "Mixed": 0.001382362679578364
    }
}
