{
    "Sentiment": "NEUTRAL",
    "SentimentScore": {
        "Positive": 0.0037368496414273977,
        "Negative": 0.4476742744445801,
        "Neutral": 0.5397986769676208,
        "Mixed": 0.008790219202637672
    }
}
