{
    "Sentiment": "NEUTRAL",
    "SentimentScore": {
        "Positive": 0.007128589320927858,
        "Negative": 0.0028309891931712627,
        "Neutral": 0.9895769357681274,
        "Mixed": 0.00046347128227353096
    }
}
