{
    "Sentiment": "NEUTRAL",
    "SentimentScore": {
        "Positive": 0.015494034625589848,
        "Negative": 0.0027751100715249777,
        "Neutral": 0.9808963537216187,
        "Mixed": 0.0008345692767761648
    }
}
