{
    "Sentiment": "NEUTRAL",
    "SentimentScore": {
        "Positive": 0.04726938530802727,
        "Negative": 0.02719833329319954,
        "Neutral": 0.9147166013717651,
        "Mixed": 0.010815727524459362
    }
}
