{
    "Sentiment": "NEUTRAL",
    "SentimentScore": {
        "Positive": 0.0021637838799506426,
        "Negative": 0.05488555505871773,
        "Neutral": 0.9388549327850342,
        "Mixed": 0.004095772281289101
    }
}
