{
    "Sentiment": "NEUTRAL",
    "SentimentScore": {
        "Positive": 0.001028280588798225,
        "Negative": 0.08234333992004395,
        "Neutral": 0.9132404923439026,
        "Mixed": 0.003387921256944537
    }
}
