{
    "Sentiment": "NEUTRAL",
    "SentimentScore": {
        "Positive": 0.0030933653470128775,
        "Negative": 0.009270410053431988,
        "Neutral": 0.9865666031837463,
        "Mixed": 0.0010696467943489552
    }
}
