{
    "Sentiment": "NEUTRAL",
    "SentimentScore": {
        "Positive": 0.0021024520974606276,
        "Negative": 0.17621280252933502,
        "Neutral": 0.8146365284919739,
        "Mixed": 0.0070481752045452595
    }
}
