{
    "Sentiment": "NEUTRAL",
    "SentimentScore": {
        "Positive": 0.0020904166158288717,
        "Negative": 0.027848906815052032,
        "Neutral": 0.9690360426902771,
        "Mixed": 0.0010246075689792633
    }
}
