{
    "Sentiment": "NEUTRAL",
    "SentimentScore": {
        "Positive": 0.027952933683991432,
        "Negative": 0.019332516938447952,
        "Neutral": 0.9510226249694824,
        "Mixed": 0.0016918977489694953
    }
}
