{
    "Sentiment": "NEUTRAL",
    "SentimentScore": {
        "Positive": 0.002806286094710231,
        "Negative": 0.003157936269417405,
        "Neutral": 0.9936783909797668,
        "Mixed": 0.0003574044967535883
    }
}
