{
    "Sentiment": "NEUTRAL",
    "SentimentScore": {
        "Positive": 0.09825333952903748,
        "Negative": 0.05688384547829628,
        "Neutral": 0.7967573404312134,
        "Mixed": 0.048105429857969284
    }
}
