{
    "Sentiment": "NEUTRAL",
    "SentimentScore": {
        "Positive": 0.00548921525478363,
        "Negative": 0.2661930322647095,
        "Neutral": 0.7205370664596558,
        "Mixed": 0.007780672051012516
    }
}
