{
    "Sentiment": "NEUTRAL",
    "SentimentScore": {
        "Positive": 0.00533217191696167,
        "Negative": 0.0016667154850438237,
        "Neutral": 0.9925025701522827,
        "Mixed": 0.000498597277328372
    }
}
