{
    "Sentiment": "NEUTRAL",
    "SentimentScore": {
        "Positive": 0.0061882478184998035,
        "Negative": 0.01591542549431324,
        "Neutral": 0.9728766083717346,
        "Mixed": 0.005019831005483866
    }
}
