{
    "Sentiment": "NEUTRAL",
    "SentimentScore": {
        "Positive": 0.00591390673071146,
        "Negative": 0.0007310605142265558,
        "Neutral": 0.9930317401885986,
        "Mixed": 0.00032333252602256835
    }
}
