{
    "Sentiment": "NEUTRAL",
    "SentimentScore": {
        "Positive": 0.0027227511163800955,
        "Negative": 0.0377332866191864,
        "Neutral": 0.9580310583114624,
        "Mixed": 0.0015129338717088103
    }
}
