{
    "Sentiment": "NEUTRAL",
    "SentimentScore": {
        "Positive": 0.002533688908442855,
        "Negative": 0.04109533876180649,
        "Neutral": 0.9534478783607483,
        "Mixed": 0.002923159161582589
    }
}
