{
    "Sentiment": "NEUTRAL",
    "SentimentScore": {
        "Positive": 0.004709895700216293,
        "Negative": 0.0190839022397995,
        "Neutral": 0.9741663932800293,
        "Mixed": 0.002039857441559434
    }
}
