{
    "Sentiment": "NEUTRAL",
    "SentimentScore": {
        "Positive": 0.04175200313329697,
        "Negative": 0.01798662170767784,
        "Neutral": 0.9376577734947205,
        "Mixed": 0.002603653585538268
    }
}
