{
    "Sentiment": "NEUTRAL",
    "SentimentScore": {
        "Positive": 0.12142999470233917,
        "Negative": 0.0434333011507988,
        "Neutral": 0.7703660726547241,
        "Mixed": 0.06477062404155731
    }
}
