{
    "Sentiment": "NEUTRAL",
    "SentimentScore": {
        "Positive": 0.005656239110976458,
        "Negative": 0.06609413772821426,
        "Neutral": 0.9206417798995972,
        "Mixed": 0.0076078069396317005
    }
}
