{
    "Sentiment": "NEUTRAL",
    "SentimentScore": {
        "Positive": 0.01130974292755127,
        "Negative": 0.14705674350261688,
        "Neutral": 0.8287913799285889,
        "Mixed": 0.012842051684856415
    }
}
