{
    "Sentiment": "NEUTRAL",
    "SentimentScore": {
        "Positive": 0.00701564084738493,
        "Negative": 0.03417555242776871,
        "Neutral": 0.9573746919631958,
        "Mixed": 0.0014341493370011449
    }
}
