{
    "Sentiment": "NEUTRAL",
    "SentimentScore": {
        "Positive": 0.0027241434436291456,
        "Negative": 0.031178301200270653,
        "Neutral": 0.9632806181907654,
        "Mixed": 0.00281696068122983
    }
}
