{
    "Sentiment": "NEUTRAL",
    "SentimentScore": {
        "Positive": 0.00948062352836132,
        "Negative": 0.0013040160993114114,
        "Neutral": 0.9887930750846863,
        "Mixed": 0.0004223102587275207
    }
}
