{
    "Sentiment": "NEUTRAL",
    "SentimentScore": {
        "Positive": 0.03236159309744835,
        "Negative": 0.034295450896024704,
        "Neutral": 0.9260533452033997,
        "Mixed": 0.007289591245353222
    }
}
