{
    "Sentiment": "NEUTRAL",
    "SentimentScore": {
        "Positive": 0.0012061732122674584,
        "Negative": 0.001220154925249517,
        "Neutral": 0.9974274039268494,
        "Mixed": 0.00014626387564931065
    }
}
