{
    "Sentiment": "NEUTRAL",
    "SentimentScore": {
        "Positive": 0.018116917461156845,
        "Negative": 0.04172959551215172,
        "Neutral": 0.9292181730270386,
        "Mixed": 0.01093530934303999
    }
}
