{
    "Sentiment": "NEUTRAL",
    "SentimentScore": {
        "Positive": 0.016582075506448746,
        "Negative": 0.004053469747304916,
        "Neutral": 0.9780957698822021,
        "Mixed": 0.0012687029084190726
    }
}
