{
    "Sentiment": "NEUTRAL",
    "SentimentScore": {
        "Positive": 0.002690945751965046,
        "Negative": 0.012869637459516525,
        "Neutral": 0.9823893308639526,
        "Mixed": 0.00204998767003417
    }
}
