{
    "Sentiment": "NEUTRAL",
    "SentimentScore": {
        "Positive": 0.34574782848358154,
        "Negative": 0.004569037351757288,
        "Neutral": 0.6421644687652588,
        "Mixed": 0.007518718484789133
    }
}
