{
    "Sentiment": "NEUTRAL",
    "SentimentScore": {
        "Positive": 0.010765059851109982,
        "Negative": 0.02248503267765045,
        "Neutral": 0.9617380499839783,
        "Mixed": 0.005011864006519318
    }
}
