{
    "Sentiment": "NEUTRAL",
    "SentimentScore": {
        "Positive": 0.002947685308754444,
        "Negative": 0.002504935022443533,
        "Neutral": 0.9942330718040466,
        "Mixed": 0.0003143789654131979
    }
}
