{
    "Sentiment": "NEUTRAL",
    "SentimentScore": {
        "Positive": 0.027645686641335487,
        "Negative": 0.08236198872327805,
        "Neutral": 0.8785582780838013,
        "Mixed": 0.011434074491262436
    }
}
