{
    "Sentiment": "NEUTRAL",
    "SentimentScore": {
        "Positive": 0.4022865891456604,
        "Negative": 0.07893280684947968,
        "Neutral": 0.48086169362068176,
        "Mixed": 0.03791898488998413
    }
}
