{
    "Sentiment": "NEUTRAL",
    "SentimentScore": {
        "Positive": 0.0009107236401177943,
        "Negative": 0.05832376331090927,
        "Neutral": 0.9385965466499329,
        "Mixed": 0.002169000217691064
    }
}
