{
    "Sentiment": "NEUTRAL",
    "SentimentScore": {
        "Positive": 0.008485275320708752,
        "Negative": 0.022092299535870552,
        "Neutral": 0.9627886414527893,
        "Mixed": 0.006633760407567024
    }
}
