{
    "Sentiment": "NEUTRAL",
    "SentimentScore": {
        "Positive": 0.0045670028775930405,
        "Negative": 0.07563299685716629,
        "Neutral": 0.9105049967765808,
        "Mixed": 0.009295026771724224
    }
}
