{
    "Sentiment": "NEUTRAL",
    "SentimentScore": {
        "Positive": 0.014002305455505848,
        "Negative": 0.13389219343662262,
        "Neutral": 0.8168497085571289,
        "Mixed": 0.03525574877858162
    }
}
