{
    "Sentiment": "NEUTRAL",
    "SentimentScore": {
        "Positive": 0.0031984634697437286,
        "Negative": 0.0009723379043862224,
        "Neutral": 0.9956379532814026,
        "Mixed": 0.00019123237871099263
    }
}
