{
    "Sentiment": "NEUTRAL",
    "SentimentScore": {
        "Positive": 0.0025615969207137823,
        "Negative": 0.0011715202126652002,
        "Neutral": 0.9959660768508911,
        "Mixed": 0.0003008113126270473
    }
}
