{
    "Sentiment": "NEUTRAL",
    "SentimentScore": {
        "Positive": 0.003072258085012436,
        "Negative": 0.1349949687719345,
        "Neutral": 0.8506513237953186,
        "Mixed": 0.011281438171863556
    }
}
