{
    "Sentiment": "NEUTRAL",
    "SentimentScore": {
        "Positive": 0.030443064868450165,
        "Negative": 0.143415167927742,
        "Neutral": 0.8173106908798218,
        "Mixed": 0.008831026032567024
    }
}
