{
    "Sentiment": "NEUTRAL",
    "SentimentScore": {
        "Positive": 0.00813375785946846,
        "Negative": 0.01565787009894848,
        "Neutral": 0.9717627763748169,
        "Mixed": 0.004445559345185757
    }
}
