{
    "Sentiment": "POSITIVE",
    "SentimentScore": {
        "Positive": 0.9681232571601868,
        "Negative": 0.00012639767373912036,
        "Neutral": 0.02996591478586197,
        "Mixed": 0.001784449559636414
    }
}
