{
    "Sentiment": "NEUTRAL",
    "SentimentScore": {
        "Positive": 0.1784224808216095,
        "Negative": 0.014922159723937511,
        "Neutral": 0.7942013740539551,
        "Mixed": 0.012454015202820301
    }
}
