{
    "Sentiment": "NEUTRAL",
    "SentimentScore": {
        "Positive": 0.0561027005314827,
        "Negative": 0.017814991995692253,
        "Neutral": 0.9164525270462036,
        "Mixed": 0.00962985958904028
    }
}
