{
    "Sentiment": "POSITIVE",
    "SentimentScore": {
        "Positive": 0.9185904860496521,
        "Negative": 0.003928779158741236,
        "Neutral": 0.06385277211666107,
        "Mixed": 0.013627993874251842
    }
}
