{
    "Sentiment": "NEUTRAL",
    "SentimentScore": {
        "Positive": 0.004674888215959072,
        "Negative": 0.48103973269462585,
        "Neutral": 0.5000539422035217,
        "Mixed": 0.01423150859773159
    }
}
