{
    "Sentiment": "NEUTRAL",
    "SentimentScore": {
        "Positive": 0.003362508723512292,
        "Negative": 0.0024409801699221134,
        "Neutral": 0.9938188195228577,
        "Mixed": 0.00037772348150610924
    }
}
