{
    "Sentiment": "NEUTRAL",
    "SentimentScore": {
        "Positive": 0.002140033757314086,
        "Negative": 0.0015274789184331894,
        "Neutral": 0.9961297512054443,
        "Mixed": 0.00020264650811441243
    }
}
