{
    "Sentiment": "NEUTRAL",
    "SentimentScore": {
        "Positive": 0.01412593387067318,
        "Negative": 0.004739084746688604,
        "Neutral": 0.9804743528366089,
        "Mixed": 0.000660587043967098
    }
}
