{
    "Sentiment": "NEUTRAL",
    "SentimentScore": {
        "Positive": 0.009018335491418839,
        "Negative": 0.2631608843803406,
        "Neutral": 0.7161535024642944,
        "Mixed": 0.011667338199913502
    }
}
