{
    "Sentiment": "NEUTRAL",
    "SentimentScore": {
        "Positive": 0.02709168940782547,
        "Negative": 0.17929649353027344,
        "Neutral": 0.7796892523765564,
        "Mixed": 0.01392257958650589
    }
}
