{
    "Sentiment": "NEUTRAL",
    "SentimentScore": {
        "Positive": 0.050414569675922394,
        "Negative": 0.2092484086751938,
        "Neutral": 0.7044609189033508,
        "Mixed": 0.035876110196113586
    }
}
