{
    "Sentiment": "NEUTRAL",
    "SentimentScore": {
        "Positive": 0.0042932224459946156,
        "Negative": 0.006346710957586765,
        "Neutral": 0.9886839985847473,
        "Mixed": 0.0006760901305824518
    }
}
