{
    "Sentiment": "NEUTRAL",
    "SentimentScore": {
        "Positive": 0.03593156859278679,
        "Negative": 0.054138898849487305,
        "Neutral": 0.8962479829788208,
        "Mixed": 0.013681510463356972
    }
}
