{
    "Sentiment": "NEUTRAL",
    "SentimentScore": {
        "Positive": 0.001439306535758078,
        "Negative": 0.0045748986303806305,
        "Neutral": 0.9936189651489258,
        "Mixed": 0.0003668221179395914
    }
}
