{
    "Sentiment": "NEUTRAL",
    "SentimentScore": {
        "Positive": 0.03506742790341377,
        "Negative": 0.035233430564403534,
        "Neutral": 0.9128821492195129,
        "Mixed": 0.01681697927415371
    }
}
