{
    "Sentiment": "NEUTRAL",
    "SentimentScore": {
        "Positive": 0.010279192589223385,
        "Negative": 0.11358842998743057,
        "Neutral": 0.8611031174659729,
        "Mixed": 0.015029259026050568
    }
}
