{
    "Sentiment": "NEUTRAL",
    "SentimentScore": {
        "Positive": 0.0025033748243004084,
        "Negative": 0.004753523040562868,
        "Neutral": 0.9922284483909607,
        "Mixed": 0.0005146461771801114
    }
}
