{
    "Sentiment": "NEUTRAL",
    "SentimentScore": {
        "Positive": 0.016557415947318077,
        "Negative": 0.04688028618693352,
        "Neutral": 0.9320735335350037,
        "Mixed": 0.004488650243729353
    }
}
