{
    "Sentiment": "NEUTRAL",
    "SentimentScore": {
        "Positive": 0.004977104254066944,
        "Negative": 0.0014627414057031274,
        "Neutral": 0.9931797981262207,
        "Mixed": 0.0003804433799814433
    }
}
