{
    "Sentiment": "NEUTRAL",
    "SentimentScore": {
        "Positive": 0.012272501364350319,
        "Negative": 0.052087776362895966,
        "Neutral": 0.9272052049636841,
        "Mixed": 0.00843457318842411
    }
}
