{
    "Sentiment": "NEUTRAL",
    "SentimentScore": {
        "Positive": 0.44940853118896484,
        "Negative": 0.012597855180501938,
        "Neutral": 0.5246461629867554,
        "Mixed": 0.013347412459552288
    }
}
