{
    "Sentiment": "NEUTRAL",
    "SentimentScore": {
        "Positive": 0.027808628976345062,
        "Negative": 0.07062244415283203,
        "Neutral": 0.8911542892456055,
        "Mixed": 0.010414689779281616
    }
}
