{
    "Sentiment": "NEUTRAL",
    "SentimentScore": {
        "Positive": 0.013355572707951069,
        "Negative": 0.0558188259601593,
        "Neutral": 0.9260942339897156,
        "Mixed": 0.004731375258415937
    }
}
