{
    "Sentiment": "NEUTRAL",
    "SentimentScore": {
        "Positive": 0.01804089918732643,
        "Negative": 0.0141628198325634,
        "Neutral": 0.9612260460853577,
        "Mixed": 0.006570256315171719
    }
}
