{
    "Sentiment": "NEUTRAL",
    "SentimentScore": {
        "Positive": 0.040385302156209946,
        "Negative": 0.013416584581136703,
        "Neutral": 0.9436074495315552,
        "Mixed": 0.002590650226920843
    }
}
