{
    "Sentiment": "NEUTRAL",
    "SentimentScore": {
        "Positive": 0.034096162766218185,
        "Negative": 0.0013703153235837817,
        "Neutral": 0.9638050198554993,
        "Mixed": 0.0007285988540388644
    }
}
