{
    "Sentiment": "NEUTRAL",
    "SentimentScore": {
        "Positive": 0.0067778718657791615,
        "Negative": 0.045460205525159836,
        "Neutral": 0.9432048201560974,
        "Mixed": 0.00455713365226984
    }
}
