{
    "Sentiment": "NEUTRAL",
    "SentimentScore": {
        "Positive": 0.10558310896158218,
        "Negative": 0.03452587127685547,
        "Neutral": 0.8556962013244629,
        "Mixed": 0.004194809123873711
    }
}
