{
    "Sentiment": "NEUTRAL",
    "SentimentScore": {
        "Positive": 0.003121741581708193,
        "Negative": 0.007276896852999926,
        "Neutral": 0.9885534048080444,
        "Mixed": 0.0010479686316102743
    }
}
