{
    "Sentiment": "NEUTRAL",
    "SentimentScore": {
        "Positive": 0.0028584091924130917,
        "Negative": 0.026467321440577507,
        "Neutral": 0.9677070379257202,
        "Mixed": 0.0029673331882804632
    }
}
