{
    "Sentiment": "NEUTRAL",
    "SentimentScore": {
        "Positive": 0.4638921618461609,
        "Negative": 0.006298877764493227,
        "Neutral": 0.5156269669532776,
        "Mixed": 0.014181946404278278
    }
}
