{
    "Sentiment": "NEUTRAL",
    "SentimentScore": {
        "Positive": 0.0018395193619653583,
        "Negative": 0.49210643768310547,
        "Neutral": 0.4944070875644684,
        "Mixed": 0.011646999977529049
    }
}
