{
    "Sentiment": "NEUTRAL",
    "SentimentScore": {
        "Positive": 0.02495914325118065,
        "Negative": 0.08928481489419937,
        "Neutral": 0.8784890174865723,
        "Mixed": 0.007266978733241558
    }
}
