{
    "Sentiment": "NEUTRAL",
    "SentimentScore": {
        "Positive": 0.013973354361951351,
        "Negative": 0.0019289409974589944,
        "Neutral": 0.98117995262146,
        "Mixed": 0.0029177097603678703
    }
}
