{
    "Sentiment": "NEUTRAL",
    "SentimentScore": {
        "Positive": 0.06940878182649612,
        "Negative": 0.14784976840019226,
        "Neutral": 0.7378969192504883,
        "Mixed": 0.04484447091817856
    }
}
