{
    "Sentiment": "NEUTRAL",
    "SentimentScore": {
        "Positive": 0.003501514671370387,
        "Negative": 0.002134612062945962,
        "Neutral": 0.9936487078666687,
        "Mixed": 0.0007151786703616381
    }
}
