{
    "Sentiment": "NEUTRAL",
    "SentimentScore": {
        "Positive": 0.12270866334438324,
        "Negative": 0.014942669309675694,
        "Neutral": 0.8492838144302368,
        "Mixed": 0.013064874336123466
    }
}
