{
    "Sentiment": "NEUTRAL",
    "SentimentScore": {
        "Positive": 0.026489432901144028,
        "Negative": 0.0016801843885332346,
        "Neutral": 0.970308244228363,
        "Mixed": 0.0015220586210489273
    }
}
