{
    "Sentiment": "NEUTRAL",
    "SentimentScore": {
        "Positive": 0.0021629498805850744,
        "Negative": 0.006571894511580467,
        "Neutral": 0.9899926781654358,
        "Mixed": 0.0012724691769108176
    }
}
