{
    "Sentiment": "NEUTRAL",
    "SentimentScore": {
        "Positive": 0.004907053895294666,
        "Negative": 0.004480128176510334,
        "Neutral": 0.9895477294921875,
        "Mixed": 0.0010651369811967015
    }
}
