{
    "Sentiment": "NEGATIVE",
    "SentimentScore": {
        "Positive": 0.021344857290387154,
        "Negative": 0.6713114976882935,
        "Neutral": 0.2880576252937317,
        "Mixed": 0.019286032766103745
    }
}
