{
    "Sentiment": "NEUTRAL",
    "SentimentScore": {
        "Positive": 0.029542947188019753,
        "Negative": 0.14833040535449982,
        "Neutral": 0.796076774597168,
        "Mixed": 0.026049915701150894
    }
}
