{
    "Sentiment": "NEUTRAL",
    "SentimentScore": {
        "Positive": 0.18032093346118927,
        "Negative": 0.0023844416718930006,
        "Neutral": 0.8143308162689209,
        "Mixed": 0.002963845618069172
    }
}
