{
    "Sentiment": "NEUTRAL",
    "SentimentScore": {
        "Positive": 0.008054970763623714,
        "Negative": 0.01001411397010088,
        "Neutral": 0.9812518358230591,
        "Mixed": 0.0006791388732381165
    }
}
