{
    "Sentiment": "NEUTRAL",
    "SentimentScore": {
        "Positive": 0.025178201496601105,
        "Negative": 0.04049098491668701,
        "Neutral": 0.9288049936294556,
        "Mixed": 0.005525853019207716
    }
}
