{
    "Sentiment": "NEUTRAL",
    "SentimentScore": {
        "Positive": 0.16515618562698364,
        "Negative": 0.0057233404368162155,
        "Neutral": 0.8247853517532349,
        "Mixed": 0.004335078410804272
    }
}
