{
    "Sentiment": "NEUTRAL",
    "SentimentScore": {
        "Positive": 0.020289599895477295,
        "Negative": 0.02736518159508705,
        "Neutral": 0.9443299770355225,
        "Mixed": 0.008015146479010582
    }
}
