{
    "Sentiment": "NEUTRAL",
    "SentimentScore": {
        "Positive": 0.0017431647283956409,
        "Negative": 0.013518940657377243,
        "Neutral": 0.9839620590209961,
        "Mixed": 0.0007758485153317451
    }
}
