{
    "Sentiment": "NEUTRAL",
    "SentimentScore": {
        "Positive": 0.0026027110870927572,
        "Negative": 0.02035297453403473,
        "Neutral": 0.9755621552467346,
        "Mixed": 0.001482220715843141
    }
}
