{
    "Sentiment": "NEGATIVE",
    "SentimentScore": {
        "Positive": 0.0058701192028820515,
        "Negative": 0.5294845104217529,
        "Neutral": 0.4413483440876007,
        "Mixed": 0.023297039791941643
    }
}
