{
    "Sentiment": "NEUTRAL",
    "SentimentScore": {
        "Positive": 0.0008566780597902834,
        "Negative": 0.010515897534787655,
        "Neutral": 0.9878324270248413,
        "Mixed": 0.0007950316066853702
    }
}
