{
    "Sentiment": "NEUTRAL",
    "SentimentScore": {
        "Positive": 0.0072493236511945724,
        "Negative": 0.08006035536527634,
        "Neutral": 0.9072844982147217,
        "Mixed": 0.005405942443758249
    }
}
