{
    "Sentiment": "NEUTRAL",
    "SentimentScore": {
        "Positive": 0.005567007232457399,
        "Negative": 0.008251618593931198,
        "Neutral": 0.9849272966384888,
        "Mixed": 0.0012541041942313313
    }
}
