{
    "Sentiment": "POSITIVE",
    "SentimentScore": {
        "Positive": 0.6701619625091553,
        "Negative": 0.10379596799612045,
        "Neutral": 0.1955883800983429,
        "Mixed": 0.030453648418188095
    }
}
