{
    "Sentiment": "NEUTRAL",
    "SentimentScore": {
        "Positive": 0.00432997290045023,
        "Negative": 0.0014589463826268911,
        "Neutral": 0.993906557559967,
        "Mixed": 0.00030453442013822496
    }
}
