{
    "Sentiment": "POSITIVE",
    "SentimentScore": {
        "Positive": 0.7518188953399658,
        "Negative": 0.05121298134326935,
        "Neutral": 0.18705640733242035,
        "Mixed": 0.009911637753248215
    }
}
