{
    "Sentiment": "NEUTRAL",
    "SentimentScore": {
        "Positive": 0.002348255133256316,
        "Negative": 0.0019245839212089777,
        "Neutral": 0.9954404830932617,
        "Mixed": 0.0002867159200832248
    }
}
