{
    "Sentiment": "NEUTRAL",
    "SentimentScore": {
        "Positive": 0.004485426004976034,
        "Negative": 0.04396878182888031,
        "Neutral": 0.9475917220115662,
        "Mixed": 0.003954014740884304
    }
}
