{
    "Sentiment": "NEUTRAL",
    "SentimentScore": {
        "Positive": 0.04787678271532059,
        "Negative": 0.3881673216819763,
        "Neutral": 0.5233821272850037,
        "Mixed": 0.04057370498776436
    }
}
