{
    "Sentiment": "NEUTRAL",
    "SentimentScore": {
        "Positive": 0.00218714727088809,
        "Negative": 0.14459244906902313,
        "Neutral": 0.8497735857963562,
        "Mixed": 0.003446774324402213
    }
}
