{
    "Sentiment": "NEUTRAL",
    "SentimentScore": {
        "Positive": 0.0039597852155566216,
        "Negative": 0.021814100444316864,
        "Neutral": 0.9727039933204651,
        "Mixed": 0.0015221554785966873
    }
}
