{
    "Sentiment": "NEUTRAL",
    "SentimentScore": {
        "Positive": 0.005983144510537386,
        "Negative": 0.0031857772264629602,
        "Neutral": 0.9902995824813843,
        "Mixed": 0.0005314882146194577
    }
}
