{
    "Sentiment": "NEUTRAL",
    "SentimentScore": {
        "Positive": 0.037512652575969696,
        "Negative": 0.13940563797950745,
        "Neutral": 0.8113065361976624,
        "Mixed": 0.011775167658925056
    }
}
