{
    "Sentiment": "NEUTRAL",
    "SentimentScore": {
        "Positive": 0.06447938084602356,
        "Negative": 0.052733033895492554,
        "Neutral": 0.8762585520744324,
        "Mixed": 0.0065290904603898525
    }
}
