{
    "Sentiment": "NEUTRAL",
    "SentimentScore": {
        "Positive": 0.01662730611860752,
        "Negative": 0.033749014139175415,
        "Neutral": 0.9448487162590027,
        "Mixed": 0.0047749122604727745
    }
}
