{
    "Sentiment": "NEUTRAL",
    "SentimentScore": {
        "Positive": 0.02973339892923832,
        "Negative": 0.031539589166641235,
        "Neutral": 0.9313403964042664,
        "Mixed": 0.007386577315628529
    }
}
