{
    "Sentiment": "NEUTRAL",
    "SentimentScore": {
        "Positive": 0.006295213475823402,
        "Negative": 0.0037049532402306795,
        "Neutral": 0.989520788192749,
        "Mixed": 0.00047906965482980013
    }
}
