{
    "Sentiment": "NEUTRAL",
    "SentimentScore": {
        "Positive": 0.002022829372435808,
        "Negative": 0.0057056499645113945,
        "Neutral": 0.9918153882026672,
        "Mixed": 0.0004561606328934431
    }
}
