{
    "Sentiment": "NEUTRAL",
    "SentimentScore": {
        "Positive": 0.010423988103866577,
        "Negative": 0.07959159463644028,
        "Neutral": 0.897804856300354,
        "Mixed": 0.012179574929177761
    }
}
