{
    "Sentiment": "NEUTRAL",
    "SentimentScore": {
        "Positive": 0.0027073232922703028,
        "Negative": 0.05957680940628052,
        "Neutral": 0.9335368275642395,
        "Mixed": 0.004179020412266254
    }
}
