{
    "Sentiment": "NEUTRAL",
    "SentimentScore": {
        "Positive": 0.04814881086349487,
        "Negative": 0.09485261887311935,
        "Neutral": 0.8360873460769653,
        "Mixed": 0.02091127447783947
    }
}
