{
    "Sentiment": "NEUTRAL",
    "SentimentScore": {
        "Positive": 0.004312841221690178,
        "Negative": 0.01423223502933979,
        "Neutral": 0.9805404543876648,
        "Mixed": 0.0009144414798356593
    }
}
