{
    "Sentiment": "NEUTRAL",
    "SentimentScore": {
        "Positive": 0.020664259791374207,
        "Negative": 0.005774748045951128,
        "Neutral": 0.9708938002586365,
        "Mixed": 0.0026672170497477055
    }
}
