{
    "Sentiment": "POSITIVE",
    "SentimentScore": {
        "Positive": 0.5089956521987915,
        "Negative": 0.012803503312170506,
        "Neutral": 0.46263715624809265,
        "Mixed": 0.015563677065074444
    }
}
