{
    "Sentiment": "NEUTRAL",
    "SentimentScore": {
        "Positive": 0.006892761215567589,
        "Negative": 0.3723876178264618,
        "Neutral": 0.5908668637275696,
        "Mixed": 0.029852718114852905
    }
}
