{
    "Sentiment": "NEUTRAL",
    "SentimentScore": {
        "Positive": 0.01473882794380188,
        "Negative": 0.06497835367918015,
        "Neutral": 0.9080865979194641,
        "Mixed": 0.01219630241394043
    }
}
