{
    "Sentiment": "NEUTRAL",
    "SentimentScore": {
        "Positive": 0.382110595703125,
        "Negative": 0.0573422908782959,
        "Neutral": 0.5313536524772644,
        "Mixed": 0.029193537309765816
    }
}
