{
    "Sentiment": "NEUTRAL",
    "SentimentScore": {
        "Positive": 0.01805718056857586,
        "Negative": 0.08167591691017151,
        "Neutral": 0.8719183802604675,
        "Mixed": 0.02834845706820488
    }
}
