{
    "Sentiment": "NEUTRAL",
    "SentimentScore": {
        "Positive": 0.006515875458717346,
        "Negative": 0.06414085626602173,
        "Neutral": 0.9245889782905579,
        "Mixed": 0.004754354245960712
    }
}
