{
    "Sentiment": "NEUTRAL",
    "SentimentScore": {
        "Positive": 0.025165488943457603,
        "Negative": 0.07556386291980743,
        "Neutral": 0.8834200501441956,
        "Mixed": 0.015850575640797615
    }
}
