{
    "Sentiment": "NEUTRAL",
    "SentimentScore": {
        "Positive": 0.0019465493969619274,
        "Negative": 0.015613177791237831,
        "Neutral": 0.9809972047805786,
        "Mixed": 0.0014430790906772017
    }
}
