{
    "Sentiment": "NEUTRAL",
    "SentimentScore": {
        "Positive": 0.03124271146953106,
        "Negative": 0.06758308410644531,
        "Neutral": 0.8430516123771667,
        "Mixed": 0.058122579008340836
    }
}
