{
    "Sentiment": "NEUTRAL",
    "SentimentScore": {
        "Positive": 0.28962939977645874,
        "Negative": 0.0032072945032268763,
        "Neutral": 0.7004861235618591,
        "Mixed": 0.006677168887108564
    }
}
