{
    "Sentiment": "NEUTRAL",
    "SentimentScore": {
        "Positive": 0.019140079617500305,
        "Negative": 0.10387136787176132,
        "Neutral": 0.8622252941131592,
        "Mixed": 0.01476322766393423
    }
}
