{
    "Sentiment": "NEUTRAL",
    "SentimentScore": {
        "Positive": 0.2795200049877167,
        "Negative": 0.0036299375351518393,
        "Neutral": 0.7117708921432495,
        "Mixed": 0.005079205613583326
    }
}
