{
    "Sentiment": "NEUTRAL",
    "SentimentScore": {
        "Positive": 0.21130217611789703,
        "Negative": 0.02291399985551834,
        "Neutral": 0.7516669034957886,
        "Mixed": 0.014116915874183178
    }
}
