{
    "Sentiment": "NEUTRAL",
    "SentimentScore": {
        "Positive": 0.006779293995350599,
        "Negative": 0.03617258369922638,
        "Neutral": 0.9525418281555176,
        "Mixed": 0.004506308119744062
    }
}
