{
    "Sentiment": "NEUTRAL",
    "SentimentScore": {
        "Positive": 0.009518994949758053,
        "Negative": 0.35895469784736633,
        "Neutral": 0.6192377209663391,
        "Mixed": 0.012288597412407398
    }
}
