{
    "Sentiment": "NEUTRAL",
    "SentimentScore": {
        "Positive": 0.0020846957340836525,
        "Negative": 0.07302643358707428,
        "Neutral": 0.9205722808837891,
        "Mixed": 0.004316503647714853
    }
}
