{
    "Sentiment": "NEUTRAL",
    "SentimentScore": {
        "Positive": 0.005732339806854725,
        "Negative": 0.0008173114620149136,
        "Neutral": 0.9931315779685974,
        "Mixed": 0.00031879861489869654
    }
}
