{
    "Sentiment": "POSITIVE",
    "SentimentScore": {
        "Positive": 0.6151427626609802,
        "Negative": 0.004264334682375193,
        "Neutral": 0.37664756178855896,
        "Mixed": 0.003945366013795137
    }
}
