{
    "Sentiment": "NEUTRAL",
    "SentimentScore": {
        "Positive": 0.004232550971210003,
        "Negative": 0.00597603851929307,
        "Neutral": 0.9889004230499268,
        "Mixed": 0.0008910158649086952
    }
}
