{
    "Sentiment": "NEUTRAL",
    "SentimentScore": {
        "Positive": 0.015241161920130253,
        "Negative": 0.06664836406707764,
        "Neutral": 0.9043900966644287,
        "Mixed": 0.013720342889428139
    }
}
