{
    "Sentiment": "POSITIVE",
    "SentimentScore": {
        "Positive": 0.8597943782806396,
        "Negative": 0.013944052159786224,
        "Neutral": 0.09946689009666443,
        "Mixed": 0.026794573292136192
    }
}
