{
    "Sentiment": "NEUTRAL",
    "SentimentScore": {
        "Positive": 0.022640133276581764,
        "Negative": 0.0007615321665070951,
        "Neutral": 0.9759732484817505,
        "Mixed": 0.000625120650511235
    }
}
