{
    "Sentiment": "NEUTRAL",
    "SentimentScore": {
        "Positive": 0.0025358085986226797,
        "Negative": 0.2207745611667633,
        "Neutral": 0.7693617939949036,
        "Mixed": 0.007327888160943985
    }
}
