{
    "Sentiment": "NEUTRAL",
    "SentimentScore": {
        "Positive": 0.2330830991268158,
        "Negative": 0.06141761317849159,
        "Neutral": 0.6731069087982178,
        "Mixed": 0.032392412424087524
    }
}
