{
    "Sentiment": "NEUTRAL",
    "SentimentScore": {
        "Positive": 0.0032496200874447823,
        "Negative": 0.0020598566625267267,
        "Neutral": 0.9941319823265076,
        "Mixed": 0.0005585718899965286
    }
}
