{
    "Sentiment": "NEUTRAL",
    "SentimentScore": {
        "Positive": 0.22066307067871094,
        "Negative": 0.06981271505355835,
        "Neutral": 0.6880671977996826,
        "Mixed": 0.021456947550177574
    }
}
