{
    "Sentiment": "NEUTRAL",
    "SentimentScore": {
        "Positive": 0.14480091631412506,
        "Negative": 0.006927561946213245,
        "Neutral": 0.8434010744094849,
        "Mixed": 0.004870394244790077
    }
}
