{
    "Sentiment": "NEUTRAL",
    "SentimentScore": {
        "Positive": 0.0028917465824633837,
        "Negative": 0.002852155128493905,
        "Neutral": 0.9937560558319092,
        "Mixed": 0.0005000720848329365
    }
}
