{
    "Sentiment": "NEUTRAL",
    "SentimentScore": {
        "Positive": 0.3557862341403961,
        "Negative": 0.0032391275744885206,
        "Neutral": 0.6361764669418335,
        "Mixed": 0.004798206500709057
    }
}
