{
    "Sentiment": "NEUTRAL",
    "SentimentScore": {
        "Positive": 0.025691799819469452,
        "Negative": 0.02702178619801998,
        "Neutral": 0.9411381483078003,
        "Mixed": 0.006148270796984434
    }
}
