{
    "Sentiment": "NEUTRAL",
    "SentimentScore": {
        "Positive": 0.05062032863497734,
        "Negative": 0.02070935256779194,
        "Neutral": 0.9176185131072998,
        "Mixed": 0.011051720008254051
    }
}
