{
    "Sentiment": "NEUTRAL",
    "SentimentScore": {
        "Positive": 0.0050773583352565765,
        "Negative": 0.003316551214084029,
        "Neutral": 0.9911256432533264,
        "Mixed": 0.0004803527845069766
    }
}
