{
    "Sentiment": "NEUTRAL",
    "SentimentScore": {
        "Positive": 0.04430096969008446,
        "Negative": 0.0044645825400948524,
        "Neutral": 0.9488184452056885,
        "Mixed": 0.00241598067805171
    }
}
