{
    "Sentiment": "NEUTRAL",
    "SentimentScore": {
        "Positive": 0.2905719578266144,
        "Negative": 0.08743545413017273,
        "Neutral": 0.5706451535224915,
        "Mixed": 0.05134749412536621
    }
}
