{
    "Sentiment": "NEUTRAL",
    "SentimentScore": {
        "Positive": 0.006827127654105425,
        "Negative": 0.1293296366930008,
        "Neutral": 0.8499610424041748,
        "Mixed": 0.013882181607186794
    }
}
