{
    "Sentiment": "NEUTRAL",
    "SentimentScore": {
        "Positive": 0.024655109271407127,
        "Negative": 0.03242606297135353,
        "Neutral": 0.9354883432388306,
        "Mixed": 0.0074305180460214615
    }
}
