{
    "Sentiment": "NEUTRAL",
    "SentimentScore": {
        "Positive": 0.0031714749056845903,
        "Negative": 0.06571120023727417,
        "Neutral": 0.9211839437484741,
        "Mixed": 0.00993335247039795
    }
}
