{
    "Sentiment": "NEUTRAL",
    "SentimentScore": {
        "Positive": 0.005710835102945566,
        "Negative": 0.05516112223267555,
        "Neutral": 0.9336268901824951,
        "Mixed": 0.005501083098351955
    }
}
