{
    "Sentiment": "NEUTRAL",
    "SentimentScore": {
        "Positive": 0.013720229268074036,
        "Negative": 0.03355592489242554,
        "Neutral": 0.9457587003707886,
        "Mixed": 0.006965152453631163
    }
}
