{
    "Sentiment": "NEUTRAL",
    "SentimentScore": {
        "Positive": 0.0024371426552534103,
        "Negative": 0.012206969782710075,
        "Neutral": 0.9846543073654175,
        "Mixed": 0.0007015647715888917
    }
}
