{
    "Sentiment": "NEUTRAL",
    "SentimentScore": {
        "Positive": 0.006648017093539238,
        "Negative": 0.00742363091558218,
        "Neutral": 0.9851765632629395,
        "Mixed": 0.0007517057238146663
    }
}
