{
    "Sentiment": "NEUTRAL",
    "SentimentScore": {
        "Positive": 0.03501811623573303,
        "Negative": 0.004204513039439917,
        "Neutral": 0.95773845911026,
        "Mixed": 0.0030388946179300547
    }
}
