{
    "Sentiment": "NEUTRAL",
    "SentimentScore": {
        "Positive": 0.0323144905269146,
        "Negative": 0.05902368947863579,
        "Neutral": 0.8899546265602112,
        "Mixed": 0.01870720461010933
    }
}
