{
    "Sentiment": "NEUTRAL",
    "SentimentScore": {
        "Positive": 0.0049661071971058846,
        "Negative": 0.047866836190223694,
        "Neutral": 0.9427027106285095,
        "Mixed": 0.004464371595531702
    }
}
