{
    "Sentiment": "NEUTRAL",
    "SentimentScore": {
        "Positive": 0.04221003130078316,
        "Negative": 0.012303262948989868,
        "Neutral": 0.9399281740188599,
        "Mixed": 0.005558537784963846
    }
}
