{
    "Sentiment": "NEUTRAL",
    "SentimentScore": {
        "Positive": 0.013970247469842434,
        "Negative": 0.17236022651195526,
        "Neutral": 0.8007755279541016,
        "Mixed": 0.012894037179648876
    }
}
