{
    "Sentiment": "NEUTRAL",
    "SentimentScore": {
        "Positive": 0.031226875260472298,
        "Negative": 0.16967420279979706,
        "Neutral": 0.6874141693115234,
        "Mixed": 0.11168470978736877
    }
}
