{
    "Sentiment": "NEUTRAL",
    "SentimentScore": {
        "Positive": 0.006814077962189913,
        "Negative": 0.02614639140665531,
        "Neutral": 0.9648371934890747,
        "Mixed": 0.002202389296144247
    }
}
