{
    "Sentiment": "NEUTRAL",
    "SentimentScore": {
        "Positive": 0.012820973992347717,
        "Negative": 0.0004965185071341693,
        "Neutral": 0.9863547682762146,
        "Mixed": 0.00032767801894806325
    }
}
