{
    "Sentiment": "NEUTRAL",
    "SentimentScore": {
        "Positive": 0.0025542706716805696,
        "Negative": 0.008944678120315075,
        "Neutral": 0.9871111512184143,
        "Mixed": 0.0013897834578529
    }
}
