{
    "Sentiment": "NEUTRAL",
    "SentimentScore": {
        "Positive": 0.0023740704637020826,
        "Negative": 0.0030503226444125175,
        "Neutral": 0.9941574335098267,
        "Mixed": 0.0004181020485702902
    }
}
