{
    "Sentiment": "NEUTRAL",
    "SentimentScore": {
        "Positive": 0.3197396397590637,
        "Negative": 0.01739439368247986,
        "Neutral": 0.6513031721115112,
        "Mixed": 0.011562859639525414
    }
}
