{
    "Sentiment": "NEUTRAL",
    "SentimentScore": {
        "Positive": 0.001999796135351062,
        "Negative": 0.02126593329012394,
        "Neutral": 0.9759450554847717,
        "Mixed": 0.0007891494315117598
    }
}
