{
    "Sentiment": "NEUTRAL",
    "SentimentScore": {
        "Positive": 0.004795037675648928,
        "Negative": 0.0025700549595057964,
        "Neutral": 0.9922823309898376,
        "Mixed": 0.0003526175278238952
    }
}
