{
    "Sentiment": "NEUTRAL",
    "SentimentScore": {
        "Positive": 0.01644391380250454,
        "Negative": 0.271436870098114,
        "Neutral": 0.6797541975975037,
        "Mixed": 0.03236496075987816
    }
}
