{
    "Sentiment": "NEUTRAL",
    "SentimentScore": {
        "Positive": 0.36034998297691345,
        "Negative": 0.0029883638489991426,
        "Neutral": 0.6312758326530457,
        "Mixed": 0.005385771859437227
    }
}
