{
    "Sentiment": "NEUTRAL",
    "SentimentScore": {
        "Positive": 0.037523139268159866,
        "Negative": 0.04637932404875755,
        "Neutral": 0.9028005599975586,
        "Mixed": 0.013296956196427345
    }
}
