{
    "Sentiment": "NEUTRAL",
    "SentimentScore": {
        "Positive": 0.004962439648807049,
        "Negative": 0.14252011477947235,
        "Neutral": 0.8411973714828491,
        "Mixed": 0.011320033110678196
    }
}
