{
    "Sentiment": "NEUTRAL",
    "SentimentScore": {
        "Positive": 0.21513716876506805,
        "Negative": 0.002763381227850914,
        "Neutral": 0.7788237929344177,
        "Mixed": 0.003275730414316058
    }
}
