{
    "Sentiment": "NEUTRAL",
    "SentimentScore": {
        "Positive": 0.003839154029265046,
        "Negative": 0.01836385764181614,
        "Neutral": 0.9761437177658081,
        "Mixed": 0.0016533008310943842
    }
}
