{
    "Sentiment": "NEUTRAL",
    "SentimentScore": {
        "Positive": 0.13875435292720795,
        "Negative": 0.004834001883864403,
        "Neutral": 0.8540210127830505,
        "Mixed": 0.0023906526621431112
    }
}
