{
    "Sentiment": "NEUTRAL",
    "SentimentScore": {
        "Positive": 0.004693376831710339,
        "Negative": 0.029874641448259354,
        "Neutral": 0.962692379951477,
        "Mixed": 0.002739607123658061
    }
}
