{
    "Sentiment": "NEUTRAL",
    "SentimentScore": {
        "Positive": 0.001936188549734652,
        "Negative": 0.052687741816043854,
        "Neutral": 0.9428805112838745,
        "Mixed": 0.002495469758287072
    }
}
