{
    "Sentiment": "NEUTRAL",
    "SentimentScore": {
        "Positive": 0.007221064064651728,
        "Negative": 0.002980433637276292,
        "Neutral": 0.9891061186790466,
        "Mixed": 0.000692325527779758
    }
}
