{
    "Sentiment": "NEUTRAL",
    "SentimentScore": {
        "Positive": 0.0029947326984256506,
        "Negative": 0.01190366130322218,
        "Neutral": 0.9834607839584351,
        "Mixed": 0.0016406979411840439
    }
}
