{
    "Sentiment": "NEUTRAL",
    "SentimentScore": {
        "Positive": 0.002401186153292656,
        "Negative": 0.005727957934141159,
        "Neutral": 0.9913337826728821,
        "Mixed": 0.000537097395863384
    }
}
