{
    "Sentiment": "NEUTRAL",
    "SentimentScore": {
        "Positive": 0.00792149268090725,
        "Negative": 0.20479394495487213,
        "Neutral": 0.7716112732887268,
        "Mixed": 0.015673289075493813
    }
}
