{
    "Sentiment": "NEUTRAL",
    "SentimentScore": {
        "Positive": 0.020122859627008438,
        "Negative": 0.002035744022578001,
        "Neutral": 0.9768528938293457,
        "Mixed": 0.0009885829640552402
    }
}
