{
    "Sentiment": "NEUTRAL",
    "SentimentScore": {
        "Positive": 0.014841689728200436,
        "Negative": 0.02321408875286579,
        "Neutral": 0.9579957127571106,
        "Mixed": 0.003948502242565155
    }
}
