{
    "Sentiment": "NEUTRAL",
    "SentimentScore": {
        "Positive": 0.011064712889492512,
        "Negative": 0.04624585434794426,
        "Neutral": 0.9405189752578735,
        "Mixed": 0.0021705087274312973
    }
}
