{
    "Sentiment": "NEUTRAL",
    "SentimentScore": {
        "Positive": 0.01938212662935257,
        "Negative": 0.04273531213402748,
        "Neutral": 0.9280664324760437,
        "Mixed": 0.00981616135686636
    }
}
