{
    "Sentiment": "NEUTRAL",
    "SentimentScore": {
        "Positive": 0.2845305800437927,
        "Negative": 0.001794310286641121,
        "Neutral": 0.7103040218353271,
        "Mixed": 0.0033710538409650326
    }
}
