{
    "Sentiment": "NEGATIVE",
    "SentimentScore": {
        "Positive": 0.004420086275786161,
        "Negative": 0.513099730014801,
        "Neutral": 0.4684954583644867,
        "Mixed": 0.013984769582748413
    }
}
