{
    "Sentiment": "POSITIVE",
    "SentimentScore": {
        "Positive": 0.8438438773155212,
        "Negative": 0.00247315620072186,
        "Neutral": 0.1450396180152893,
        "Mixed": 0.008643325418233871
    }
}
