{
    "Sentiment": "POSITIVE",
    "SentimentScore": {
        "Positive": 0.9074390530586243,
        "Negative": 0.0032298376318067312,
        "Neutral": 0.07111182063817978,
        "Mixed": 0.018219318240880966
    }
}
