{
    "Sentiment": "NEUTRAL",
    "SentimentScore": {
        "Positive": 0.01914070174098015,
        "Negative": 0.01331706065684557,
        "Neutral": 0.9645435214042664,
        "Mixed": 0.0029987299349159002
    }
}
