{
    "Sentiment": "NEUTRAL",
    "SentimentScore": {
        "Positive": 0.01675993762910366,
        "Negative": 0.20025427639484406,
        "Neutral": 0.7619132995605469,
        "Mixed": 0.021072538569569588
    }
}
