{
    "Sentiment": "NEUTRAL",
    "SentimentScore": {
        "Positive": 0.05141182988882065,
        "Negative": 0.23592902719974518,
        "Neutral": 0.6303106546401978,
        "Mixed": 0.08234846591949463
    }
}
