{
    "Sentiment": "NEUTRAL",
    "SentimentScore": {
        "Positive": 0.11786795407533646,
        "Negative": 0.0047711655497550964,
        "Neutral": 0.8732951879501343,
        "Mixed": 0.004065722227096558
    }
}
