{
    "Sentiment": "NEUTRAL",
    "SentimentScore": {
        "Positive": 0.007432191167026758,
        "Negative": 0.046475932002067566,
        "Neutral": 0.9420138597488403,
        "Mixed": 0.004078024998307228
    }
}
