{
    "Sentiment": "NEUTRAL",
    "SentimentScore": {
        "Positive": 0.009542328305542469,
        "Negative": 0.01312114018946886,
        "Neutral": 0.9746518135070801,
        "Mixed": 0.0026848039124161005
    }
}
