{
    "Sentiment": "NEUTRAL",
    "SentimentScore": {
        "Positive": 0.0308450348675251,
        "Negative": 0.006931743584573269,
        "Neutral": 0.9606671333312988,
        "Mixed": 0.0015561337349936366
    }
}
