{
    "Sentiment": "NEUTRAL",
    "SentimentScore": {
        "Positive": 0.0033793586771935225,
        "Negative": 0.0038100595120340586,
        "Neutral": 0.9922196865081787,
        "Mixed": 0.0005909887258894742
    }
}
