{
    "Sentiment": "NEUTRAL",
    "SentimentScore": {
        "Positive": 0.053364526480436325,
        "Negative": 0.14917482435703278,
        "Neutral": 0.7810739874839783,
        "Mixed": 0.016386687755584717
    }
}
