{
    "Sentiment": "NEUTRAL",
    "SentimentScore": {
        "Positive": 0.021615339443087578,
        "Negative": 0.04070587456226349,
        "Neutral": 0.9199879169464111,
        "Mixed": 0.017690857872366905
    }
}
