{
    "Sentiment": "NEUTRAL",
    "SentimentScore": {
        "Positive": 0.003395484061911702,
        "Negative": 0.08572059124708176,
        "Neutral": 0.9079683423042297,
        "Mixed": 0.002915661782026291
    }
}
