{
    "Sentiment": "NEUTRAL",
    "SentimentScore": {
        "Positive": 0.2723414897918701,
        "Negative": 0.06603580713272095,
        "Neutral": 0.6454135179519653,
        "Mixed": 0.016209222376346588
    }
}
