{
    "Sentiment": "NEUTRAL",
    "SentimentScore": {
        "Positive": 0.04205410182476044,
        "Negative": 0.03663260489702225,
        "Neutral": 0.9134873151779175,
        "Mixed": 0.007825968787074089
    }
}
