{
    "Sentiment": "NEUTRAL",
    "SentimentScore": {
        "Positive": 0.16550563275814056,
        "Negative": 0.008607365190982819,
        "Neutral": 0.8188858032226562,
        "Mixed": 0.00700126588344574
    }
}
