{
    "Sentiment": "NEUTRAL",
    "SentimentScore": {
        "Positive": 0.0028719394467771053,
        "Negative": 0.001901623560115695,
        "Neutral": 0.9947740435600281,
        "Mixed": 0.00045244256034493446
    }
}
