{
    "Sentiment": "NEUTRAL",
    "SentimentScore": {
        "Positive": 0.008616657927632332,
        "Negative": 0.011866020038723946,
        "Neutral": 0.9764679670333862,
        "Mixed": 0.003049347549676895
    }
}
