{
    "Sentiment": "POSITIVE",
    "SentimentScore": {
        "Positive": 0.8021363019943237,
        "Negative": 0.021817989647388458,
        "Neutral": 0.1475811004638672,
        "Mixed": 0.02846463955938816
    }
}
