{
    "Sentiment": "NEUTRAL",
    "SentimentScore": {
        "Positive": 0.12421742081642151,
        "Negative": 0.011263316497206688,
        "Neutral": 0.8617432117462158,
        "Mixed": 0.0027760814409703016
    }
}
