{
    "Sentiment": "NEUTRAL",
    "SentimentScore": {
        "Positive": 0.16606205701828003,
        "Negative": 0.061032865196466446,
        "Neutral": 0.7655535340309143,
        "Mixed": 0.007351556792855263
    }
}
