{
    "Sentiment": "NEUTRAL",
    "SentimentScore": {
        "Positive": 0.06532207876443863,
        "Negative": 0.009860986843705177,
        "Neutral": 0.9226655960083008,
        "Mixed": 0.0021512694656848907
    }
}
