{
    "Sentiment": "NEUTRAL",
    "SentimentScore": {
        "Positive": 0.0025299701374024153,
        "Negative": 0.038007669150829315,
        "Neutral": 0.9581146240234375,
        "Mixed": 0.001347790821455419
    }
}
