{
    "Sentiment": "NEUTRAL",
    "SentimentScore": {
        "Positive": 0.09030169248580933,
        "Negative": 0.06583995372056961,
        "Neutral": 0.8365804553031921,
        "Mixed": 0.007277998141944408
    }
}
