{
    "Sentiment": "NEUTRAL",
    "SentimentScore": {
        "Positive": 0.015524027869105339,
        "Negative": 0.1622658222913742,
        "Neutral": 0.8063108921051025,
        "Mixed": 0.01589921861886978
    }
}
