{
    "Sentiment": "NEUTRAL",
    "SentimentScore": {
        "Positive": 0.0014222918543964624,
        "Negative": 0.009112907573580742,
        "Neutral": 0.9888125658035278,
        "Mixed": 0.0006522117764689028
    }
}
