{
    "Sentiment": "NEUTRAL",
    "SentimentScore": {
        "Positive": 0.30566737055778503,
        "Negative": 0.006879312451928854,
        "Neutral": 0.6801559925079346,
        "Mixed": 0.00729733519256115
    }
}
