{
    "Sentiment": "NEUTRAL",
    "SentimentScore": {
        "Positive": 0.000816524785477668,
        "Negative": 0.0017317213350906968,
        "Neutral": 0.9972432851791382,
        "Mixed": 0.00020851835142821074
    }
}
