{
    "Sentiment": "POSITIVE",
    "SentimentScore": {
        "Positive": 0.4843885004520416,
        "Negative": 0.1566026359796524,
        "Neutral": 0.32759803533554077,
        "Mixed": 0.031410861760377884
    }
}
