{
    "Sentiment": "NEUTRAL",
    "SentimentScore": {
        "Positive": 0.019103728234767914,
        "Negative": 0.10013826936483383,
        "Neutral": 0.8612606525421143,
        "Mixed": 0.01949743926525116
    }
}
