{
    "Sentiment": "NEUTRAL",
    "SentimentScore": {
        "Positive": 0.004539246205240488,
        "Negative": 0.0476209819316864,
        "Neutral": 0.9444605708122253,
        "Mixed": 0.003379223635420203
    }
}
