{
    "Sentiment": "NEUTRAL",
    "SentimentScore": {
        "Positive": 0.008202536031603813,
        "Negative": 0.053616032004356384,
        "Neutral": 0.9346352815628052,
        "Mixed": 0.0035460784565657377
    }
}
