{
    "Sentiment": "NEUTRAL",
    "SentimentScore": {
        "Positive": 0.2643299996852875,
        "Negative": 0.05081842094659805,
        "Neutral": 0.5640887022018433,
        "Mixed": 0.12076285481452942
    }
}
