{
    "Sentiment": "NEUTRAL",
    "SentimentScore": {
        "Positive": 0.0024852699134498835,
        "Negative": 0.006596640218049288,
        "Neutral": 0.9901790618896484,
        "Mixed": 0.0007390507962554693
    }
}
