{
    "Sentiment": "NEUTRAL",
    "SentimentScore": {
        "Positive": 0.436737984418869,
        "Negative": 0.034163571894168854,
        "Neutral": 0.4547756016254425,
        "Mixed": 0.074322909116745
    }
}
