{
    "Sentiment": "NEUTRAL",
    "SentimentScore": {
        "Positive": 0.016302429139614105,
        "Negative": 0.01843823865056038,
        "Neutral": 0.9601331949234009,
        "Mixed": 0.005126231350004673
    }
}
