{
    "Sentiment": "NEUTRAL",
    "SentimentScore": {
        "Positive": 0.004806038923561573,
        "Negative": 0.27338871359825134,
        "Neutral": 0.7092100381851196,
        "Mixed": 0.01259516179561615
    }
}
