{
    "Sentiment": "NEUTRAL",
    "SentimentScore": {
        "Positive": 0.002110557397827506,
        "Negative": 0.23771081864833832,
        "Neutral": 0.7523369193077087,
        "Mixed": 0.00784175843000412
    }
}
