{
    "Sentiment": "NEUTRAL",
    "SentimentScore": {
        "Positive": 0.007596492301672697,
        "Negative": 0.0021887891925871372,
        "Neutral": 0.989838719367981,
        "Mixed": 0.0003758840321097523
    }
}
