{
    "Sentiment": "NEUTRAL",
    "SentimentScore": {
        "Positive": 0.009705992415547371,
        "Negative": 0.2091369330883026,
        "Neutral": 0.7337074875831604,
        "Mixed": 0.04744961857795715
    }
}
