{
    "Sentiment": "NEUTRAL",
    "SentimentScore": {
        "Positive": 0.003937622532248497,
        "Negative": 0.021390097215771675,
        "Neutral": 0.9735106825828552,
        "Mixed": 0.0011616861447691917
    }
}
