{
    "Sentiment": "NEUTRAL",
    "SentimentScore": {
        "Positive": 0.02129659615457058,
        "Negative": 0.010842211544513702,
        "Neutral": 0.9666978120803833,
        "Mixed": 0.0011634479742497206
    }
}
