{
    "Sentiment": "NEUTRAL",
    "SentimentScore": {
        "Positive": 0.004418358206748962,
        "Negative": 0.003812182229012251,
        "Neutral": 0.9912191033363342,
        "Mixed": 0.0005503630382008851
    }
}
