{
    "Sentiment": "NEUTRAL",
    "SentimentScore": {
        "Positive": 0.006220663897693157,
        "Negative": 0.2565556466579437,
        "Neutral": 0.720820426940918,
        "Mixed": 0.01640329137444496
    }
}
