{
    "Sentiment": "NEUTRAL",
    "SentimentScore": {
        "Positive": 0.03126073628664017,
        "Negative": 0.2135545164346695,
        "Neutral": 0.742540717124939,
        "Mixed": 0.012644046917557716
    }
}
