{
    "Sentiment": "NEUTRAL",
    "SentimentScore": {
        "Positive": 0.007422558963298798,
        "Negative": 0.0010749188950285316,
        "Neutral": 0.9910927414894104,
        "Mixed": 0.00040968693792819977
    }
}
