{
    "Sentiment": "NEUTRAL",
    "SentimentScore": {
        "Positive": 0.01702159270644188,
        "Negative": 0.020292149856686592,
        "Neutral": 0.9587676525115967,
        "Mixed": 0.003918572328984737
    }
}
