{
    "Sentiment": "NEUTRAL",
    "SentimentScore": {
        "Positive": 0.04236466810107231,
        "Negative": 0.019653087481856346,
        "Neutral": 0.9327060580253601,
        "Mixed": 0.005276139825582504
    }
}
