{
    "Sentiment": "NEUTRAL",
    "SentimentScore": {
        "Positive": 0.010984843596816063,
        "Negative": 0.0023236293345689774,
        "Neutral": 0.9860776662826538,
        "Mixed": 0.0006138829048722982
    }
}
