{
    "Sentiment": "NEUTRAL",
    "SentimentScore": {
        "Positive": 0.04598340764641762,
        "Negative": 0.002757946029305458,
        "Neutral": 0.9497128129005432,
        "Mixed": 0.001545806648209691
    }
}
