{
    "Sentiment": "NEUTRAL",
    "SentimentScore": {
        "Positive": 0.002993664238601923,
        "Negative": 0.011852768249809742,
        "Neutral": 0.9838011860847473,
        "Mixed": 0.0013523274101316929
    }
}
