{
    "Sentiment": "NEUTRAL",
    "SentimentScore": {
        "Positive": 0.007533363997936249,
        "Negative": 0.003510094713419676,
        "Neutral": 0.9884903430938721,
        "Mixed": 0.000466107769170776
    }
}
