{
    "Sentiment": "NEUTRAL",
    "SentimentScore": {
        "Positive": 0.007050388026982546,
        "Negative": 0.0017182579031214118,
        "Neutral": 0.990820586681366,
        "Mixed": 0.0004108415450900793
    }
}
