{
    "Sentiment": "NEUTRAL",
    "SentimentScore": {
        "Positive": 0.0696103572845459,
        "Negative": 0.0184351596981287,
        "Neutral": 0.8987099528312683,
        "Mixed": 0.013244535773992538
    }
}
