{
    "Sentiment": "NEUTRAL",
    "SentimentScore": {
        "Positive": 0.012321109883487225,
        "Negative": 0.006151343695819378,
        "Neutral": 0.9808034896850586,
        "Mixed": 0.0007240820559673011
    }
}
