{
    "Sentiment": "NEUTRAL",
    "SentimentScore": {
        "Positive": 0.4944354295730591,
        "Negative": 0.0016078472835943103,
        "Neutral": 0.5006238222122192,
        "Mixed": 0.0033329036086797714
    }
}
