{
    "Sentiment": "NEUTRAL",
    "SentimentScore": {
        "Positive": 0.016354473307728767,
        "Negative": 0.04775914549827576,
        "Neutral": 0.9291969537734985,
        "Mixed": 0.006689473986625671
    }
}
