{
    "Sentiment": "NEUTRAL",
    "SentimentScore": {
        "Positive": 0.013192499056458473,
        "Negative": 0.02549649402499199,
        "Neutral": 0.9540460109710693,
        "Mixed": 0.007265086751431227
    }
}
