{
    "Sentiment": "NEUTRAL",
    "SentimentScore": {
        "Positive": 0.04329558461904526,
        "Negative": 0.02529072016477585,
        "Neutral": 0.9287285804748535,
        "Mixed": 0.00268507469445467
    }
}
