{
    "Sentiment": "NEUTRAL",
    "SentimentScore": {
        "Positive": 0.009750153869390488,
        "Negative": 0.13230371475219727,
        "Neutral": 0.8532763123512268,
        "Mixed": 0.004669797141104937
    }
}
