{
    "Sentiment": "NEUTRAL",
    "SentimentScore": {
        "Positive": 0.0434853620827198,
        "Negative": 0.07843576371669769,
        "Neutral": 0.8549875020980835,
        "Mixed": 0.02309134416282177
    }
}
