{
    "Sentiment": "NEUTRAL",
    "SentimentScore": {
        "Positive": 0.07455704361200333,
        "Negative": 0.0019688403699547052,
        "Neutral": 0.9214856028556824,
        "Mixed": 0.0019885285291820765
    }
}
