{
    "Sentiment": "NEUTRAL",
    "SentimentScore": {
        "Positive": 0.12062031030654907,
        "Negative": 0.028496313840150833,
        "Neutral": 0.8247799873352051,
        "Mixed": 0.026103312149643898
    }
}
