{
    "Sentiment": "NEUTRAL",
    "SentimentScore": {
        "Positive": 0.02514619380235672,
        "Negative": 0.02953888475894928,
        "Neutral": 0.9393532872200012,
        "Mixed": 0.005961725953966379
    }
}
