{
    "Sentiment": "NEUTRAL",
    "SentimentScore": {
        "Positive": 0.009436612948775291,
        "Negative": 0.012173947878181934,
        "Neutral": 0.976271390914917,
        "Mixed": 0.002117997035384178
    }
}
