{
    "Sentiment": "NEUTRAL",
    "SentimentScore": {
        "Positive": 0.011048780754208565,
        "Negative": 0.13451269268989563,
        "Neutral": 0.8383861780166626,
        "Mixed": 0.016052303835749626
    }
}
