{
    "Sentiment": "NEUTRAL",
    "SentimentScore": {
        "Positive": 0.00382257835008204,
        "Negative": 0.001274009933695197,
        "Neutral": 0.9946409463882446,
        "Mixed": 0.00026234774850308895
    }
}
