{
    "Sentiment": "NEUTRAL",
    "SentimentScore": {
        "Positive": 0.004853036254644394,
        "Negative": 0.03164278343319893,
        "Neutral": 0.9613000750541687,
        "Mixed": 0.0022041057236492634
    }
}
