{
    "Sentiment": "NEUTRAL",
    "SentimentScore": {
        "Positive": 0.0028793320525437593,
        "Negative": 0.15425913035869598,
        "Neutral": 0.8290400505065918,
        "Mixed": 0.013821478001773357
    }
}
