{
    "Sentiment": "NEUTRAL",
    "SentimentScore": {
        "Positive": 0.019211627542972565,
        "Negative": 0.013209108263254166,
        "Neutral": 0.9629863500595093,
        "Mixed": 0.00459287129342556
    }
}
