{
    "Sentiment": "NEUTRAL",
    "SentimentScore": {
        "Positive": 0.1040782555937767,
        "Negative": 0.01163575891405344,
        "Neutral": 0.8696893453598022,
        "Mixed": 0.014596655033528805
    }
}
