{
    "Sentiment": "NEUTRAL",
    "SentimentScore": {
        "Positive": 0.0036451220512390137,
        "Negative": 0.02053978107869625,
        "Neutral": 0.9735104441642761,
        "Mixed": 0.002304608700796962
    }
}
