{
    "Sentiment": "NEUTRAL",
    "SentimentScore": {
        "Positive": 0.0025896020233631134,
        "Negative": 0.002050827955827117,
        "Neutral": 0.9949963092803955,
        "Mixed": 0.00036317729973234236
    }
}
