{
    "Sentiment": "NEUTRAL",
    "SentimentScore": {
        "Positive": 0.040349073708057404,
        "Negative": 0.04775066673755646,
        "Neutral": 0.9011490345001221,
        "Mixed": 0.010751241818070412
    }
}
