{
    "Sentiment": "NEUTRAL",
    "SentimentScore": {
        "Positive": 0.06824999302625656,
        "Negative": 0.009480813518166542,
        "Neutral": 0.9181429147720337,
        "Mixed": 0.0041263350285589695
    }
}
