{
    "Sentiment": "NEUTRAL",
    "SentimentScore": {
        "Positive": 0.029972022399306297,
        "Negative": 0.03852754458785057,
        "Neutral": 0.9103724956512451,
        "Mixed": 0.021127969026565552
    }
}
