{
    "Sentiment": "NEUTRAL",
    "SentimentScore": {
        "Positive": 0.004419325850903988,
        "Negative": 0.03899001330137253,
        "Neutral": 0.9532344341278076,
        "Mixed": 0.0033561738673597574
    }
}
