{
    "Sentiment": "NEUTRAL",
    "SentimentScore": {
        "Positive": 0.014451699331402779,
        "Negative": 0.029604723677039146,
        "Neutral": 0.9519175887107849,
        "Mixed": 0.004025920294225216
    }
}
