{
    "Sentiment": "NEUTRAL",
    "SentimentScore": {
        "Positive": 0.06723874062299728,
        "Negative": 0.05769038945436478,
        "Neutral": 0.8673559427261353,
        "Mixed": 0.007714945822954178
    }
}
