{
    "Sentiment": "NEUTRAL",
    "SentimentScore": {
        "Positive": 0.001984288217499852,
        "Negative": 0.07122539728879929,
        "Neutral": 0.922995924949646,
        "Mixed": 0.0037943380884826183
    }
}
