{
    "Sentiment": "NEUTRAL",
    "SentimentScore": {
        "Positive": 0.004599898587912321,
        "Negative": 0.006058599799871445,
        "Neutral": 0.9883920550346375,
        "Mixed": 0.0009494192781858146
    }
}
