{
    "Sentiment": "NEUTRAL",
    "SentimentScore": {
        "Positive": 0.1691650003194809,
        "Negative": 0.002146313199773431,
        "Neutral": 0.8263789415359497,
        "Mixed": 0.002309734234586358
    }
}
