{
    "Sentiment": "NEUTRAL",
    "SentimentScore": {
        "Positive": 0.02521134726703167,
        "Negative": 0.1454513520002365,
        "Neutral": 0.7214435935020447,
        "Mixed": 0.10789370536804199
    }
}
