{
    "Sentiment": "NEUTRAL",
    "SentimentScore": {
        "Positive": 0.01440853625535965,
        "Negative": 0.01145161408931017,
        "Neutral": 0.969889223575592,
        "Mixed": 0.004250645637512207
    }
}
