{
    "Sentiment": "NEUTRAL",
    "SentimentScore": {
        "Positive": 0.027890754863619804,
        "Negative": 0.07847174257040024,
        "Neutral": 0.8860861659049988,
        "Mixed": 0.0075513338670134544
    }
}
