{
    "Sentiment": "POSITIVE",
    "SentimentScore": {
        "Positive": 0.6923914551734924,
        "Negative": 0.001048085861839354,
        "Neutral": 0.30236613750457764,
        "Mixed": 0.004194310866296291
    }
}
