{
    "Sentiment": "NEUTRAL",
    "SentimentScore": {
        "Positive": 0.00089318270329386,
        "Negative": 0.006284384988248348,
        "Neutral": 0.9923685193061829,
        "Mixed": 0.0004539147194009274
    }
}
