{
    "Sentiment": "NEUTRAL",
    "SentimentScore": {
        "Positive": 0.014553061686456203,
        "Negative": 0.0009314553462900221,
        "Neutral": 0.9840002655982971,
        "Mixed": 0.0005151565419510007
    }
}
