{
    "Sentiment": "NEUTRAL",
    "SentimentScore": {
        "Positive": 0.00464646564796567,
        "Negative": 0.060784559696912766,
        "Neutral": 0.9292888045310974,
        "Mixed": 0.0052801575511693954
    }
}
