{
    "Sentiment": "NEUTRAL",
    "SentimentScore": {
        "Positive": 0.0027053668163716793,
        "Negative": 0.007055540569126606,
        "Neutral": 0.9895268678665161,
        "Mixed": 0.0007123057148419321
    }
}
