{
    "Sentiment": "NEUTRAL",
    "SentimentScore": {
        "Positive": 0.12346334010362625,
        "Negative": 0.10020498931407928,
        "Neutral": 0.7127981185913086,
        "Mixed": 0.06353360414505005
    }
}
