{
    "Sentiment": "NEUTRAL",
    "SentimentScore": {
        "Positive": 0.003409063443541527,
        "Negative": 0.01827085390686989,
        "Neutral": 0.9770470857620239,
        "Mixed": 0.001272886642254889
    }
}
