{
    "Sentiment": "NEUTRAL",
    "SentimentScore": {
        "Positive": 0.007871000096201897,
        "Negative": 0.038500551134347916,
        "Neutral": 0.9486418962478638,
        "Mixed": 0.004986592568457127
    }
}
