{
    "Sentiment": "NEUTRAL",
    "SentimentScore": {
        "Positive": 0.01620931178331375,
        "Negative": 0.058449532836675644,
        "Neutral": 0.9228564500808716,
        "Mixed": 0.002484766533598304
    }
}
