{
    "Sentiment": "NEUTRAL",
    "SentimentScore": {
        "Positive": 0.019380856305360794,
        "Negative": 0.20464402437210083,
        "Neutral": 0.7474051117897034,
        "Mixed": 0.028570035472512245
    }
}
