{
    "Sentiment": "NEUTRAL",
    "SentimentScore": {
        "Positive": 0.02176849916577339,
        "Negative": 0.004658709745854139,
        "Neutral": 0.9712238311767578,
        "Mixed": 0.0023488961160182953
    }
}
