{
    "Sentiment": "NEUTRAL",
    "SentimentScore": {
        "Positive": 0.00395934097468853,
        "Negative": 0.0021459495183080435,
        "Neutral": 0.9935459494590759,
        "Mixed": 0.000348671805113554
    }
}
