{
    "Sentiment": "NEUTRAL",
    "SentimentScore": {
        "Positive": 0.0058694640174508095,
        "Negative": 0.20483605563640594,
        "Neutral": 0.775056779384613,
        "Mixed": 0.01423762645572424
    }
}
