{
    "Sentiment": "NEUTRAL",
    "SentimentScore": {
        "Positive": 0.15251748263835907,
        "Negative": 0.006587518844753504,
        "Neutral": 0.8249391913414001,
        "Mixed": 0.015955813229084015
    }
}
