{
    "Sentiment": "NEUTRAL",
    "SentimentScore": {
        "Positive": 0.0036691445857286453,
        "Negative": 0.08428635448217392,
        "Neutral": 0.9080190658569336,
        "Mixed": 0.0040253810584545135
    }
}
