{
    "Sentiment": "NEUTRAL",
    "SentimentScore": {
        "Positive": 0.07153630256652832,
        "Negative": 0.01027626171708107,
        "Neutral": 0.913833737373352,
        "Mixed": 0.0043536340817809105
    }
}
