{
    "Sentiment": "NEUTRAL",
    "SentimentScore": {
        "Positive": 0.02383703738451004,
        "Negative": 0.14699403941631317,
        "Neutral": 0.8108929991722107,
        "Mixed": 0.01827595941722393
    }
}
