{
    "Sentiment": "NEUTRAL",
    "SentimentScore": {
        "Positive": 0.006434537936002016,
        "Negative": 0.001243944512680173,
        "Neutral": 0.9919223785400391,
        "Mixed": 0.0003991865669377148
    }
}
