{
    "Sentiment": "NEUTRAL",
    "SentimentScore": {
        "Positive": 0.06771432608366013,
        "Negative": 0.05724642053246498,
        "Neutral": 0.8539077639579773,
        "Mixed": 0.02113146148622036
    }
}
