{
    "Sentiment": "NEUTRAL",
    "SentimentScore": {
        "Positive": 0.0034384310711175203,
        "Negative": 0.02211383357644081,
        "Neutral": 0.9721144437789917,
        "Mixed": 0.0023331991396844387
    }
}
