{
    "Sentiment": "NEUTRAL",
    "SentimentScore": {
        "Positive": 0.47744202613830566,
        "Negative": 0.004113932140171528,
        "Neutral": 0.5105482339859009,
        "Mixed": 0.00789575930684805
    }
}
