{
    "Sentiment": "NEUTRAL",
    "SentimentScore": {
        "Positive": 0.007190834730863571,
        "Negative": 0.0028210191521793604,
        "Neutral": 0.9893774390220642,
        "Mixed": 0.000610665010754019
    }
}
