{
    "Sentiment": "NEUTRAL",
    "SentimentScore": {
        "Positive": 0.002704459009692073,
        "Negative": 0.0027197436429560184,
        "Neutral": 0.9941206574440002,
        "Mixed": 0.00045510573545470834
    }
}
