{
    "Sentiment": "NEUTRAL",
    "SentimentScore": {
        "Positive": 0.03628552705049515,
        "Negative": 0.010519732721149921,
        "Neutral": 0.9512633085250854,
        "Mixed": 0.0019314457895234227
    }
}
