{
    "Sentiment": "NEUTRAL",
    "SentimentScore": {
        "Positive": 0.34707894921302795,
        "Negative": 0.003621648531407118,
        "Neutral": 0.6445262432098389,
        "Mixed": 0.004773134831339121
    }
}
