{
    "Sentiment": "NEUTRAL",
    "SentimentScore": {
        "Positive": 0.07151762396097183,
        "Negative": 0.008271650411188602,
        "Neutral": 0.9114892482757568,
        "Mixed": 0.008721403777599335
    }
}
