{
    "Sentiment": "NEUTRAL",
    "SentimentScore": {
        "Positive": 0.002100129146128893,
        "Negative": 0.07414499670267105,
        "Neutral": 0.920437216758728,
        "Mixed": 0.003317678114399314
    }
}
