{
    "Sentiment": "NEUTRAL",
    "SentimentScore": {
        "Positive": 0.0038309956435114145,
        "Negative": 0.011197428219020367,
        "Neutral": 0.9833727478981018,
        "Mixed": 0.0015988992527127266
    }
}
