{
    "Sentiment": "NEUTRAL",
    "SentimentScore": {
        "Positive": 0.0221161600202322,
        "Negative": 0.04203847423195839,
        "Neutral": 0.9078513979911804,
        "Mixed": 0.027993928641080856
    }
}
