{
    "Sentiment": "NEUTRAL",
    "SentimentScore": {
        "Positive": 0.034253042191267014,
        "Negative": 0.0028421543538570404,
        "Neutral": 0.9616205096244812,
        "Mixed": 0.0012842053547501564
    }
}
