{
    "Sentiment": "NEUTRAL",
    "SentimentScore": {
        "Positive": 0.06262602657079697,
        "Negative": 0.02421639859676361,
        "Neutral": 0.8936008214950562,
        "Mixed": 0.01955682411789894
    }
}
