{
    "Sentiment": "NEUTRAL",
    "SentimentScore": {
        "Positive": 0.001838517957367003,
        "Negative": 0.045018937438726425,
        "Neutral": 0.950503945350647,
        "Mixed": 0.0026386436074972153
    }
}
