{
    "Sentiment": "NEUTRAL",
    "SentimentScore": {
        "Positive": 0.0026201363652944565,
        "Negative": 0.00722664687782526,
        "Neutral": 0.989564061164856,
        "Mixed": 0.0005891541368328035
    }
}
