{
    "Sentiment": "NEUTRAL",
    "SentimentScore": {
        "Positive": 0.0032478810753673315,
        "Negative": 0.015327813103795052,
        "Neutral": 0.9795488119125366,
        "Mixed": 0.0018754551419988275
    }
}
