{
    "Sentiment": "NEUTRAL",
    "SentimentScore": {
        "Positive": 0.01862669736146927,
        "Negative": 0.09204171597957611,
        "Neutral": 0.8750247955322266,
        "Mixed": 0.014306745491921902
    }
}
