{
    "Sentiment": "NEUTRAL",
    "SentimentScore": {
        "Positive": 0.011657561175525188,
        "Negative": 0.04040117934346199,
        "Neutral": 0.9454835653305054,
        "Mixed": 0.002457780297845602
    }
}
