{
    "Sentiment": "NEUTRAL",
    "SentimentScore": {
        "Positive": 0.006562096998095512,
        "Negative": 0.04215532913804054,
        "Neutral": 0.9453922510147095,
        "Mixed": 0.00589032331481576
    }
}
