{
    "Sentiment": "NEUTRAL",
    "SentimentScore": {
        "Positive": 0.001590488594956696,
        "Negative": 0.0029061834793537855,
        "Neutral": 0.9951501488685608,
        "Mixed": 0.0003531314432621002
    }
}
