{
    "Sentiment": "NEUTRAL",
    "SentimentScore": {
        "Positive": 0.24644751846790314,
        "Negative": 0.021411918103694916,
        "Neutral": 0.7144882678985596,
        "Mixed": 0.017652302980422974
    }
}
