{
    "Sentiment": "POSITIVE",
    "SentimentScore": {
        "Positive": 0.6911834478378296,
        "Negative": 0.003200739622116089,
        "Neutral": 0.29975035786628723,
        "Mixed": 0.005865452345460653
    }
}
