{
    "Sentiment": "NEUTRAL",
    "SentimentScore": {
        "Positive": 0.2001805603504181,
        "Negative": 0.013130949810147285,
        "Neutral": 0.7819066643714905,
        "Mixed": 0.004781917203217745
    }
}
