{
    "Sentiment": "NEUTRAL",
    "SentimentScore": {
        "Positive": 0.002924911677837372,
        "Negative": 0.02672201581299305,
        "Neutral": 0.9693720936775208,
        "Mixed": 0.0009809184120967984
    }
}
