{
    "Sentiment": "NEUTRAL",
    "SentimentScore": {
        "Positive": 0.00579132791608572,
        "Negative": 0.004503651987761259,
        "Neutral": 0.9890122413635254,
        "Mixed": 0.0006928285001777112
    }
}
