{
    "Sentiment": "NEUTRAL",
    "SentimentScore": {
        "Positive": 0.013405446894466877,
        "Negative": 0.019041528925299644,
        "Neutral": 0.9636428952217102,
        "Mixed": 0.003910083323717117
    }
}
