{
    "Sentiment": "NEUTRAL",
    "SentimentScore": {
        "Positive": 0.0024610315449535847,
        "Negative": 0.09502437710762024,
        "Neutral": 0.8972852826118469,
        "Mixed": 0.005229328293353319
    }
}
