{
    "Sentiment": "NEUTRAL",
    "SentimentScore": {
        "Positive": 0.31047913432121277,
        "Negative": 0.0053767370991408825,
        "Neutral": 0.6805482506752014,
        "Mixed": 0.0035958949010819197
    }
}
