{
    "Sentiment": "NEUTRAL",
    "SentimentScore": {
        "Positive": 0.0022861354518681765,
        "Negative": 0.0019402799662202597,
        "Neutral": 0.9954761862754822,
        "Mixed": 0.0002973334339912981
    }
}
