{
    "Sentiment": "NEGATIVE",
    "SentimentScore": {
        "Positive": 0.0013242256827652454,
        "Negative": 0.5633060932159424,
        "Neutral": 0.425033837556839,
        "Mixed": 0.010335806757211685
    }
}
