{
    "Sentiment": "NEUTRAL",
    "SentimentScore": {
        "Positive": 0.02844715118408203,
        "Negative": 0.034653544425964355,
        "Neutral": 0.9253343939781189,
        "Mixed": 0.011564859189093113
    }
}
