{
    "Sentiment": "NEUTRAL",
    "SentimentScore": {
        "Positive": 0.05183658003807068,
        "Negative": 0.21733510494232178,
        "Neutral": 0.7175532579421997,
        "Mixed": 0.013275045901536942
    }
}
