{
    "Sentiment": "NEUTRAL",
    "SentimentScore": {
        "Positive": 0.009455062448978424,
        "Negative": 0.036624129861593246,
        "Neutral": 0.948724091053009,
        "Mixed": 0.005196630489081144
    }
}
