{
    "Sentiment": "NEUTRAL",
    "SentimentScore": {
        "Positive": 0.006199445575475693,
        "Negative": 0.015994146466255188,
        "Neutral": 0.9757363200187683,
        "Mixed": 0.0020701121538877487
    }
}
