{
    "Sentiment": "NEUTRAL",
    "SentimentScore": {
        "Positive": 0.10858465731143951,
        "Negative": 0.022462043911218643,
        "Neutral": 0.8641583323478699,
        "Mixed": 0.0047949193976819515
    }
}
