{
    "Sentiment": "NEUTRAL",
    "SentimentScore": {
        "Positive": 0.013513069599866867,
        "Negative": 0.07921630889177322,
        "Neutral": 0.8793550133705139,
        "Mixed": 0.02791556902229786
    }
}
