{
    "Sentiment": "NEUTRAL",
    "SentimentScore": {
        "Positive": 0.011800272390246391,
        "Negative": 0.19086916744709015,
        "Neutral": 0.7838525176048279,
        "Mixed": 0.013478093780577183
    }
}
