{
    "Sentiment": "NEUTRAL",
    "SentimentScore": {
        "Positive": 0.02869071066379547,
        "Negative": 0.039482612162828445,
        "Neutral": 0.9204079508781433,
        "Mixed": 0.011418755166232586
    }
}
