{
    "Sentiment": "NEUTRAL",
    "SentimentScore": {
        "Positive": 0.0056992098689079285,
        "Negative": 0.14695578813552856,
        "Neutral": 0.8423798680305481,
        "Mixed": 0.0049651493318378925
    }
}
