{
    "Sentiment": "NEUTRAL",
    "SentimentScore": {
        "Positive": 0.1917121559381485,
        "Negative": 0.003113307524472475,
        "Neutral": 0.8005176782608032,
        "Mixed": 0.004656881559640169
    }
}
