{
    "Sentiment": "NEUTRAL",
    "SentimentScore": {
        "Positive": 0.006526208482682705,
        "Negative": 0.0076445541344583035,
        "Neutral": 0.9850297570228577,
        "Mixed": 0.0007994823390617967
    }
}
