{
    "Sentiment": "NEUTRAL",
    "SentimentScore": {
        "Positive": 0.006743332836776972,
        "Negative": 0.0052514574490487576,
        "Neutral": 0.9873173832893372,
        "Mixed": 0.0006878530257381499
    }
}
