{
    "Sentiment": "NEUTRAL",
    "SentimentScore": {
        "Positive": 0.007114610634744167,
        "Negative": 0.019115135073661804,
        "Neutral": 0.9725754261016846,
        "Mixed": 0.0011948890751227736
    }
}
