{
    "Sentiment": "NEUTRAL",
    "SentimentScore": {
        "Positive": 0.005879797041416168,
        "Negative": 0.025605736300349236,
        "Neutral": 0.9632865786552429,
        "Mixed": 0.005227856338024139
    }
}
