{
    "Sentiment": "NEUTRAL",
    "SentimentScore": {
        "Positive": 0.005088305566459894,
        "Negative": 0.01731450855731964,
        "Neutral": 0.9747449159622192,
        "Mixed": 0.002852250821888447
    }
}
