{
    "Sentiment": "NEUTRAL",
    "SentimentScore": {
        "Positive": 0.006646967027336359,
        "Negative": 0.0017554521327838302,
        "Neutral": 0.9912324547767639,
        "Mixed": 0.0003651072329375893
    }
}
