{
    "Sentiment": "NEUTRAL",
    "SentimentScore": {
        "Positive": 0.004674399737268686,
        "Negative": 0.3002108037471771,
        "Neutral": 0.6826984286308289,
        "Mixed": 0.012416315264999866
    }
}
