{
    "Sentiment": "NEUTRAL",
    "SentimentScore": {
        "Positive": 0.004110193811357021,
        "Negative": 0.003071487182751298,
        "Neutral": 0.9924815893173218,
        "Mixed": 0.0003367757599335164
    }
}
