{
    "Sentiment": "NEUTRAL",
    "SentimentScore": {
        "Positive": 0.25280365347862244,
        "Negative": 0.009638084098696709,
        "Neutral": 0.7148798108100891,
        "Mixed": 0.02267836406826973
    }
}
