{
    "Sentiment": "NEUTRAL",
    "SentimentScore": {
        "Positive": 0.020871426910161972,
        "Negative": 0.013440746814012527,
        "Neutral": 0.9636025428771973,
        "Mixed": 0.0020853460300713778
    }
}
