{
    "Sentiment": "NEUTRAL",
    "SentimentScore": {
        "Positive": 0.006422367412596941,
        "Negative": 0.004422889556735754,
        "Neutral": 0.9882943630218506,
        "Mixed": 0.0008603650494478643
    }
}
