{
    "Sentiment": "NEUTRAL",
    "SentimentScore": {
        "Positive": 0.010987367480993271,
        "Negative": 0.003015270922333002,
        "Neutral": 0.9848918914794922,
        "Mixed": 0.0011054796632379293
    }
}
