{
    "Sentiment": "NEUTRAL",
    "SentimentScore": {
        "Positive": 0.005611748900264502,
        "Negative": 0.035794947296381,
        "Neutral": 0.954731822013855,
        "Mixed": 0.00386140332557261
    }
}
