{
    "Sentiment": "NEUTRAL",
    "SentimentScore": {
        "Positive": 0.006927279755473137,
        "Negative": 0.20372018218040466,
        "Neutral": 0.7699969410896301,
        "Mixed": 0.019355513155460358
    }
}
