{
    "Sentiment": "NEUTRAL",
    "SentimentScore": {
        "Positive": 0.002095966599881649,
        "Negative": 0.034688763320446014,
        "Neutral": 0.9615359902381897,
        "Mixed": 0.001679372158832848
    }
}
