{
    "Sentiment": "NEUTRAL",
    "SentimentScore": {
        "Positive": 0.033868979662656784,
        "Negative": 0.4271526336669922,
        "Neutral": 0.4769539535045624,
        "Mixed": 0.06202445179224014
    }
}
