{
    "Sentiment": "NEUTRAL",
    "SentimentScore": {
        "Positive": 0.13954955339431763,
        "Negative": 0.3340820074081421,
        "Neutral": 0.4723581373691559,
        "Mixed": 0.054010260850191116
    }
}
