{
    "Sentiment": "NEUTRAL",
    "SentimentScore": {
        "Positive": 0.04366610199213028,
        "Negative": 0.05588037148118019,
        "Neutral": 0.8694855570793152,
        "Mixed": 0.030967911705374718
    }
}
