{
    "Sentiment": "NEUTRAL",
    "SentimentScore": {
        "Positive": 0.0037369132041931152,
        "Negative": 0.06254051625728607,
        "Neutral": 0.9282793402671814,
        "Mixed": 0.005443241447210312
    }
}
