{
    "Sentiment": "NEUTRAL",
    "SentimentScore": {
        "Positive": 0.0027581483591347933,
        "Negative": 0.017086638137698174,
        "Neutral": 0.9792885184288025,
        "Mixed": 0.000866664107888937
    }
}
