{
    "Sentiment": "NEUTRAL",
    "SentimentScore": {
        "Positive": 0.015470258891582489,
        "Negative": 0.0028202629182487726,
        "Neutral": 0.9802830815315247,
        "Mixed": 0.001426353002898395
    }
}
