{
    "Sentiment": "NEUTRAL",
    "SentimentScore": {
        "Positive": 0.020479870960116386,
        "Negative": 0.011236843653023243,
        "Neutral": 0.9671866297721863,
        "Mixed": 0.0010965947294607759
    }
}
