{
    "Sentiment": "NEUTRAL",
    "SentimentScore": {
        "Positive": 0.01127849891781807,
        "Negative": 0.04817038029432297,
        "Neutral": 0.9340988993644714,
        "Mixed": 0.006452295929193497
    }
}
