{
    "Sentiment": "NEUTRAL",
    "SentimentScore": {
        "Positive": 0.01339030358940363,
        "Negative": 0.06956576555967331,
        "Neutral": 0.9106170535087585,
        "Mixed": 0.006426846142858267
    }
}
