{
    "Sentiment": "NEUTRAL",
    "SentimentScore": {
        "Positive": 0.0014346936950460076,
        "Negative": 0.012336439453065395,
        "Neutral": 0.9854916930198669,
        "Mixed": 0.0007372190593741834
    }
}
