{
    "Sentiment": "NEUTRAL",
    "SentimentScore": {
        "Positive": 0.0576535128057003,
        "Negative": 0.003816349897533655,
        "Neutral": 0.9369208812713623,
        "Mixed": 0.0016092589357867837
    }
}
