{
    "Sentiment": "NEUTRAL",
    "SentimentScore": {
        "Positive": 0.005695492494851351,
        "Negative": 0.0049008834175765514,
        "Neutral": 0.9887735247612,
        "Mixed": 0.0006301131215877831
    }
}
