{
    "Sentiment": "NEUTRAL",
    "SentimentScore": {
        "Positive": 0.07008408010005951,
        "Negative": 0.03151044249534607,
        "Neutral": 0.893473207950592,
        "Mixed": 0.004932262934744358
    }
}
