{
    "Sentiment": "NEUTRAL",
    "SentimentScore": {
        "Positive": 0.0056840176694095135,
        "Negative": 0.012596145272254944,
        "Neutral": 0.9789971709251404,
        "Mixed": 0.0027226607780903578
    }
}
