{
    "Sentiment": "NEUTRAL",
    "SentimentScore": {
        "Positive": 0.008077723905444145,
        "Negative": 0.10630608350038528,
        "Neutral": 0.8707547187805176,
        "Mixed": 0.014861474744975567
    }
}
