{
    "Sentiment": "NEUTRAL",
    "SentimentScore": {
        "Positive": 0.002086095977574587,
        "Negative": 0.004465856123715639,
        "Neutral": 0.9928735494613647,
        "Mixed": 0.0005744817899540067
    }
}
