{
    "Sentiment": "NEUTRAL",
    "SentimentScore": {
        "Positive": 0.0038724837359040976,
        "Negative": 0.0026393630541861057,
        "Neutral": 0.993209183216095,
        "Mixed": 0.0002789817226585001
    }
}
