{
    "Sentiment": "NEUTRAL",
    "SentimentScore": {
        "Positive": 0.010124947875738144,
        "Negative": 0.23147577047348022,
        "Neutral": 0.7364051342010498,
        "Mixed": 0.021994201466441154
    }
}
