{
    "Sentiment": "NEUTRAL",
    "SentimentScore": {
        "Positive": 0.012207887135446072,
        "Negative": 0.11642181128263474,
        "Neutral": 0.861853301525116,
        "Mixed": 0.009516973979771137
    }
}
