{
    "Sentiment": "NEUTRAL",
    "SentimentScore": {
        "Positive": 0.024446818977594376,
        "Negative": 0.020740840584039688,
        "Neutral": 0.9502902030944824,
        "Mixed": 0.004522197879850864
    }
}
