{
    "Sentiment": "NEUTRAL",
    "SentimentScore": {
        "Positive": 0.018604090437293053,
        "Negative": 0.09043475240468979,
        "Neutral": 0.8796226978302002,
        "Mixed": 0.011338378302752972
    }
}
