{
    "Sentiment": "NEUTRAL",
    "SentimentScore": {
        "Positive": 0.05084104835987091,
        "Negative": 0.16507411003112793,
        "Neutral": 0.7767646312713623,
        "Mixed": 0.007320234552025795
    }
}
