{
    "Sentiment": "NEUTRAL",
    "SentimentScore": {
        "Positive": 0.011936082504689693,
        "Negative": 0.008988793008029461,
        "Neutral": 0.9773684740066528,
        "Mixed": 0.0017066566506400704
    }
}
