{
    "Sentiment": "NEUTRAL",
    "SentimentScore": {
        "Positive": 0.009418404661118984,
        "Negative": 0.03018026240170002,
        "Neutral": 0.9553895592689514,
        "Mixed": 0.0050118062645196915
    }
}
