{
    "Sentiment": "NEUTRAL",
    "SentimentScore": {
        "Positive": 0.004772091284394264,
        "Negative": 0.023733584210276604,
        "Neutral": 0.9667633771896362,
        "Mixed": 0.004730917047709227
    }
}
