{
    "Sentiment": "NEUTRAL",
    "SentimentScore": {
        "Positive": 0.006147810257971287,
        "Negative": 0.2612614333629608,
        "Neutral": 0.7222723960876465,
        "Mixed": 0.010318325832486153
    }
}
