{
    "Sentiment": "POSITIVE",
    "SentimentScore": {
        "Positive": 0.6197335124015808,
        "Negative": 0.0369383841753006,
        "Neutral": 0.25099867582321167,
        "Mixed": 0.09232936054468155
    }
}
