{
    "Sentiment": "NEUTRAL",
    "SentimentScore": {
        "Positive": 0.02183041162788868,
        "Negative": 0.2805387079715729,
        "Neutral": 0.6507734656333923,
        "Mixed": 0.046857383102178574
    }
}
