{
    "Sentiment": "NEUTRAL",
    "SentimentScore": {
        "Positive": 0.0028356981929391623,
        "Negative": 0.01098128966987133,
        "Neutral": 0.984566867351532,
        "Mixed": 0.0016161774983629584
    }
}
