{
    "Sentiment": "NEUTRAL",
    "SentimentScore": {
        "Positive": 0.002721887081861496,
        "Negative": 0.06522265821695328,
        "Neutral": 0.9264054894447327,
        "Mixed": 0.0056499699130654335
    }
}
