{
    "Sentiment": "NEUTRAL",
    "SentimentScore": {
        "Positive": 0.0017586376052349806,
        "Negative": 0.003748266026377678,
        "Neutral": 0.9941341280937195,
        "Mixed": 0.0003589589905459434
    }
}
