{
    "Sentiment": "NEUTRAL",
    "SentimentScore": {
        "Positive": 0.006781660486012697,
        "Negative": 0.2606052756309509,
        "Neutral": 0.7181541323661804,
        "Mixed": 0.01445896178483963
    }
}
