{
    "Sentiment": "NEUTRAL",
    "SentimentScore": {
        "Positive": 0.2772170305252075,
        "Negative": 0.0298121590167284,
        "Neutral": 0.6752639412879944,
        "Mixed": 0.017706936225295067
    }
}
