{
    "Sentiment": "NEUTRAL",
    "SentimentScore": {
        "Positive": 0.01618812046945095,
        "Negative": 0.0043685962446033955,
        "Neutral": 0.9771450757980347,
        "Mixed": 0.002298171864822507
    }
}
