{
    "Sentiment": "NEUTRAL",
    "SentimentScore": {
        "Positive": 0.020612025633454323,
        "Negative": 0.22673088312149048,
        "Neutral": 0.7291249632835388,
        "Mixed": 0.02353210747241974
    }
}
