{
    "Sentiment": "NEUTRAL",
    "SentimentScore": {
        "Positive": 0.0040146904066205025,
        "Negative": 0.001301009557209909,
        "Neutral": 0.9943743944168091,
        "Mixed": 0.00030984519980847836
    }
}
