{
    "Sentiment": "POSITIVE",
    "SentimentScore": {
        "Positive": 0.7300992608070374,
        "Negative": 0.004806682467460632,
        "Neutral": 0.25632205605506897,
        "Mixed": 0.008772029541432858
    }
}
