{
    "Sentiment": "NEUTRAL",
    "SentimentScore": {
        "Positive": 0.057399932295084,
        "Negative": 0.045384589582681656,
        "Neutral": 0.8835784196853638,
        "Mixed": 0.01363702304661274
    }
}
