{
    "Sentiment": "NEUTRAL",
    "SentimentScore": {
        "Positive": 0.030664699152112007,
        "Negative": 0.013969015330076218,
        "Neutral": 0.9483709931373596,
        "Mixed": 0.006995273754000664
    }
}
