{
    "Sentiment": "NEUTRAL",
    "SentimentScore": {
        "Positive": 0.005166206508874893,
        "Negative": 0.0742669478058815,
        "Neutral": 0.9128711819648743,
        "Mixed": 0.007695639505982399
    }
}
