{
    "Sentiment": "NEUTRAL",
    "SentimentScore": {
        "Positive": 0.005878256168216467,
        "Negative": 0.32605475187301636,
        "Neutral": 0.6415732502937317,
        "Mixed": 0.026493746787309647
    }
}
