{
    "Sentiment": "NEUTRAL",
    "SentimentScore": {
        "Positive": 0.002281776163727045,
        "Negative": 0.02864651009440422,
        "Neutral": 0.9671661257743835,
        "Mixed": 0.0019055984448641539
    }
}
