{
    "Sentiment": "NEUTRAL",
    "SentimentScore": {
        "Positive": 0.007076774258166552,
        "Negative": 0.026320312172174454,
        "Neutral": 0.96299809217453,
        "Mixed": 0.003604839090257883
    }
}
