{
    "Sentiment": "NEUTRAL",
    "SentimentScore": {
        "Positive": 0.010306555777788162,
        "Negative": 0.13143521547317505,
        "Neutral": 0.8275486826896667,
        "Mixed": 0.030709564685821533
    }
}
