{
    "Sentiment": "NEUTRAL",
    "SentimentScore": {
        "Positive": 0.05607367306947708,
        "Negative": 0.016973379999399185,
        "Neutral": 0.9211543202400208,
        "Mixed": 0.005798587575554848
    }
}
