{
    "Sentiment": "NEUTRAL",
    "SentimentScore": {
        "Positive": 0.453380823135376,
        "Negative": 0.0016881638439372182,
        "Neutral": 0.5423898696899414,
        "Mixed": 0.0025411362294107676
    }
}
