{
    "Sentiment": "NEUTRAL",
    "SentimentScore": {
        "Positive": 0.016231361776590347,
        "Negative": 0.0022786573972553015,
        "Neutral": 0.9806979894638062,
        "Mixed": 0.0007920017815195024
    }
}
