{
    "Sentiment": "NEUTRAL",
    "SentimentScore": {
        "Positive": 0.0033779924269765615,
        "Negative": 0.007530336733907461,
        "Neutral": 0.9876527786254883,
        "Mixed": 0.0014388369163498282
    }
}
