{
    "Sentiment": "NEUTRAL",
    "SentimentScore": {
        "Positive": 0.08402664214372635,
        "Negative": 0.1442987024784088,
        "Neutral": 0.7377694845199585,
        "Mixed": 0.03390513360500336
    }
}
