{
    "Sentiment": "NEUTRAL",
    "SentimentScore": {
        "Positive": 0.0021290762815624475,
        "Negative": 0.013944081962108612,
        "Neutral": 0.9826627969741821,
        "Mixed": 0.0012640998465940356
    }
}
