{
    "Sentiment": "NEUTRAL",
    "SentimentScore": {
        "Positive": 0.004935041535645723,
        "Negative": 0.0063961707055568695,
        "Neutral": 0.986946702003479,
        "Mixed": 0.0017220445442944765
    }
}
