{
    "Sentiment": "NEUTRAL",
    "SentimentScore": {
        "Positive": 0.01355268806219101,
        "Negative": 0.011757997795939445,
        "Neutral": 0.9716135263442993,
        "Mixed": 0.0030757738277316093
    }
}
