{
    "Sentiment": "NEUTRAL",
    "SentimentScore": {
        "Positive": 0.023053765296936035,
        "Negative": 0.025132186710834503,
        "Neutral": 0.9455194473266602,
        "Mixed": 0.006294547580182552
    }
}
