{
    "Sentiment": "NEUTRAL",
    "SentimentScore": {
        "Positive": 0.21193954348564148,
        "Negative": 0.03582034632563591,
        "Neutral": 0.7031543254852295,
        "Mixed": 0.0490858219563961
    }
}
