{
    "Sentiment": "NEUTRAL",
    "SentimentScore": {
        "Positive": 0.007200512103736401,
        "Negative": 0.013581090606749058,
        "Neutral": 0.9774017333984375,
        "Mixed": 0.0018166513182222843
    }
}
