{
    "Sentiment": "NEUTRAL",
    "SentimentScore": {
        "Positive": 0.020657146349549294,
        "Negative": 0.09596620500087738,
        "Neutral": 0.8666139245033264,
        "Mixed": 0.01676269993185997
    }
}
