{
    "Sentiment": "NEUTRAL",
    "SentimentScore": {
        "Positive": 0.011424544267356396,
        "Negative": 0.005555175710469484,
        "Neutral": 0.9822853803634644,
        "Mixed": 0.0007349588559009135
    }
}
