{
    "Sentiment": "NEUTRAL",
    "SentimentScore": {
        "Positive": 0.007138450630009174,
        "Negative": 0.07699175924062729,
        "Neutral": 0.9110508561134338,
        "Mixed": 0.0048189046792685986
    }
}
