{
    "Sentiment": "NEUTRAL",
    "SentimentScore": {
        "Positive": 0.005993949249386787,
        "Negative": 0.0035699824802577496,
        "Neutral": 0.9899869561195374,
        "Mixed": 0.000449062034022063
    }
}
