{
    "Sentiment": "NEUTRAL",
    "SentimentScore": {
        "Positive": 0.0027667309623211622,
        "Negative": 0.04092889279127121,
        "Neutral": 0.9510934352874756,
        "Mixed": 0.005210893228650093
    }
}
