{
    "Sentiment": "NEUTRAL",
    "SentimentScore": {
        "Positive": 0.054983776062726974,
        "Negative": 0.0883905291557312,
        "Neutral": 0.8346354365348816,
        "Mixed": 0.021990280598402023
    }
}
