{
    "Sentiment": "NEUTRAL",
    "SentimentScore": {
        "Positive": 0.009221409447491169,
        "Negative": 0.011683765798807144,
        "Neutral": 0.9761407375335693,
        "Mixed": 0.00295406230725348
    }
}
