{
    "Sentiment": "NEUTRAL",
    "SentimentScore": {
        "Positive": 0.3031630516052246,
        "Negative": 0.014229540713131428,
        "Neutral": 0.672538161277771,
        "Mixed": 0.010069194249808788
    }
}
