{
    "Sentiment": "NEUTRAL",
    "SentimentScore": {
        "Positive": 0.006656851153820753,
        "Negative": 0.02593057043850422,
        "Neutral": 0.963083028793335,
        "Mixed": 0.004329589661210775
    }
}
