{
    "Sentiment": "NEUTRAL",
    "SentimentScore": {
        "Positive": 0.00723337521776557,
        "Negative": 0.08852643519639969,
        "Neutral": 0.8970320820808411,
        "Mixed": 0.007208177819848061
    }
}
