{
    "Sentiment": "NEUTRAL",
    "SentimentScore": {
        "Positive": 0.003678159322589636,
        "Negative": 0.10724759101867676,
        "Neutral": 0.884660005569458,
        "Mixed": 0.004414203576743603
    }
}
