{
    "Sentiment": "NEUTRAL",
    "SentimentScore": {
        "Positive": 0.01205036323517561,
        "Negative": 0.12674002349376678,
        "Neutral": 0.8468594551086426,
        "Mixed": 0.014350141398608685
    }
}
