{
    "Sentiment": "POSITIVE",
    "SentimentScore": {
        "Positive": 0.49865537881851196,
        "Negative": 0.01164116058498621,
        "Neutral": 0.48622938990592957,
        "Mixed": 0.003474057884886861
    }
}
