{
    "Sentiment": "NEGATIVE",
    "SentimentScore": {
        "Positive": 0.02430926449596882,
        "Negative": 0.6400161385536194,
        "Neutral": 0.30425554513931274,
        "Mixed": 0.03141907602548599
    }
}
