{
    "Sentiment": "POSITIVE",
    "SentimentScore": {
        "Positive": 0.8789123892784119,
        "Negative": 0.014080652967095375,
        "Neutral": 0.09018407762050629,
        "Mixed": 0.0168229378759861
    }
}
