{
    "Sentiment": "NEUTRAL",
    "SentimentScore": {
        "Positive": 0.025271831080317497,
        "Negative": 0.10292399674654007,
        "Neutral": 0.846562922000885,
        "Mixed": 0.025241265073418617
    }
}
