{
    "Sentiment": "NEUTRAL",
    "SentimentScore": {
        "Positive": 0.03197823092341423,
        "Negative": 0.01355054322630167,
        "Neutral": 0.9499509930610657,
        "Mixed": 0.004520217422395945
    }
}
