{
    "Sentiment": "NEUTRAL",
    "SentimentScore": {
        "Positive": 0.019368965178728104,
        "Negative": 0.009308884851634502,
        "Neutral": 0.9685328006744385,
        "Mixed": 0.0027893863152712584
    }
}
