{
    "Sentiment": "NEUTRAL",
    "SentimentScore": {
        "Positive": 0.006380974780768156,
        "Negative": 0.04612437263131142,
        "Neutral": 0.9403643608093262,
        "Mixed": 0.007130218669772148
    }
}
