{
    "Sentiment": "NEUTRAL",
    "SentimentScore": {
        "Positive": 0.010730982758104801,
        "Negative": 0.030432995408773422,
        "Neutral": 0.9533490538597107,
        "Mixed": 0.005486974027007818
    }
}
