{
    "Sentiment": "NEUTRAL",
    "SentimentScore": {
        "Positive": 0.03363867476582527,
        "Negative": 0.10449983179569244,
        "Neutral": 0.8234723806381226,
        "Mixed": 0.03838915005326271
    }
}
