{
    "Sentiment": "NEUTRAL",
    "SentimentScore": {
        "Positive": 0.067024827003479,
        "Negative": 0.0035542806144803762,
        "Neutral": 0.9271754622459412,
        "Mixed": 0.0022454108111560345
    }
}
