{
    "Sentiment": "POSITIVE",
    "SentimentScore": {
        "Positive": 0.7326602339744568,
        "Negative": 0.008948013186454773,
        "Neutral": 0.25336185097694397,
        "Mixed": 0.005029946565628052
    }
}
