{
    "Sentiment": "NEUTRAL",
    "SentimentScore": {
        "Positive": 0.0021270406432449818,
        "Negative": 0.006082338746637106,
        "Neutral": 0.9908416271209717,
        "Mixed": 0.0009489133371971548
    }
}
