{
    "Sentiment": "NEUTRAL",
    "SentimentScore": {
        "Positive": 0.025122949853539467,
        "Negative": 0.029564540833234787,
        "Neutral": 0.9398477077484131,
        "Mixed": 0.005464841611683369
    }
}
