{
    "Sentiment": "NEUTRAL",
    "SentimentScore": {
        "Positive": 0.005971889942884445,
        "Negative": 0.4429130554199219,
        "Neutral": 0.5050454139709473,
        "Mixed": 0.046069663017988205
    }
}
