{
    "Sentiment": "NEUTRAL",
    "SentimentScore": {
        "Positive": 0.003900426672771573,
        "Negative": 0.003717293730005622,
        "Neutral": 0.9918769598007202,
        "Mixed": 0.000505389180034399
    }
}
