{
    "Sentiment": "NEUTRAL",
    "SentimentScore": {
        "Positive": 0.020566238090395927,
        "Negative": 0.016717316582798958,
        "Neutral": 0.9567168354988098,
        "Mixed": 0.005999526474624872
    }
}
