{
    "Sentiment": "NEUTRAL",
    "SentimentScore": {
        "Positive": 0.34787654876708984,
        "Negative": 0.02713443711400032,
        "Neutral": 0.5273219347000122,
        "Mixed": 0.09766705334186554
    }
}
