{
    "Sentiment": "NEUTRAL",
    "SentimentScore": {
        "Positive": 0.030138062313199043,
        "Negative": 0.022244231775403023,
        "Neutral": 0.9340014457702637,
        "Mixed": 0.013616260141134262
    }
}
