{
    "Sentiment": "NEUTRAL",
    "SentimentScore": {
        "Positive": 0.012929318472743034,
        "Negative": 0.04154440760612488,
        "Neutral": 0.9421533346176147,
        "Mixed": 0.0033729877322912216
    }
}
