{
    "Sentiment": "NEUTRAL",
    "SentimentScore": {
        "Positive": 0.010708500631153584,
        "Negative": 0.020445924252271652,
        "Neutral": 0.967402458190918,
        "Mixed": 0.0014431755989789963
    }
}
