{
    "Sentiment": "NEUTRAL",
    "SentimentScore": {
        "Positive": 0.1553928405046463,
        "Negative": 0.06378864496946335,
        "Neutral": 0.7627271413803101,
        "Mixed": 0.01809140108525753
    }
}
