{
    "Sentiment": "NEUTRAL",
    "SentimentScore": {
        "Positive": 0.07843676954507828,
        "Negative": 0.005579610355198383,
        "Neutral": 0.9122395515441895,
        "Mixed": 0.003744082059711218
    }
}
