{
    "Sentiment": "NEUTRAL",
    "SentimentScore": {
        "Positive": 0.049693867564201355,
        "Negative": 0.004134903661906719,
        "Neutral": 0.9445691108703613,
        "Mixed": 0.0016020701732486486
    }
}
