{
    "Sentiment": "NEUTRAL",
    "SentimentScore": {
        "Positive": 0.0037220781669020653,
        "Negative": 0.13526089489459991,
        "Neutral": 0.8573153614997864,
        "Mixed": 0.0037016423884779215
    }
}
