{
    "Sentiment": "NEUTRAL",
    "SentimentScore": {
        "Positive": 0.0012028177734464407,
        "Negative": 0.0141770513728261,
        "Neutral": 0.9838431477546692,
        "Mixed": 0.0007770387455821037
    }
}
