{
    "Sentiment": "NEUTRAL",
    "SentimentScore": {
        "Positive": 0.00551092904061079,
        "Negative": 0.000772524974308908,
        "Neutral": 0.9933214783668518,
        "Mixed": 0.0003950276004616171
    }
}
