{
    "Sentiment": "NEUTRAL",
    "SentimentScore": {
        "Positive": 0.06455829739570618,
        "Negative": 0.20787525177001953,
        "Neutral": 0.7158734798431396,
        "Mixed": 0.011692906729876995
    }
}
