{
    "Sentiment": "NEUTRAL",
    "SentimentScore": {
        "Positive": 0.1135634109377861,
        "Negative": 0.036644794046878815,
        "Neutral": 0.8392432332038879,
        "Mixed": 0.010548465885221958
    }
}
