{
    "Sentiment": "NEUTRAL",
    "SentimentScore": {
        "Positive": 0.12912645936012268,
        "Negative": 0.02475840039551258,
        "Neutral": 0.8344696760177612,
        "Mixed": 0.01164549682289362
    }
}
