{
    "Sentiment": "NEUTRAL",
    "SentimentScore": {
        "Positive": 0.01693919114768505,
        "Negative": 0.11215601116418839,
        "Neutral": 0.8604425191879272,
        "Mixed": 0.010462325066328049
    }
}
