{
    "Sentiment": "NEUTRAL",
    "SentimentScore": {
        "Positive": 0.007855200208723545,
        "Negative": 0.0036196261644363403,
        "Neutral": 0.9876863956451416,
        "Mixed": 0.0008388130227103829
    }
}
