{
    "Sentiment": "NEUTRAL",
    "SentimentScore": {
        "Positive": 0.00785407517105341,
        "Negative": 0.413662314414978,
        "Neutral": 0.563706636428833,
        "Mixed": 0.014776988886296749
    }
}
