{
    "Sentiment": "NEUTRAL",
    "SentimentScore": {
        "Positive": 0.3276137113571167,
        "Negative": 0.03929995745420456,
        "Neutral": 0.42917370796203613,
        "Mixed": 0.2039126455783844
    }
}
