{
    "Sentiment": "NEUTRAL",
    "SentimentScore": {
        "Positive": 0.003179121995344758,
        "Negative": 0.0017325590597465634,
        "Neutral": 0.9947452545166016,
        "Mixed": 0.0003431129443924874
    }
}
