{
    "Sentiment": "NEUTRAL",
    "SentimentScore": {
        "Positive": 0.0049745612777769566,
        "Negative": 0.0027757638599723577,
        "Neutral": 0.9916862845420837,
        "Mixed": 0.0005634863045997918
    }
}
