{
    "Sentiment": "NEUTRAL",
    "SentimentScore": {
        "Positive": 0.005540078971534967,
        "Negative": 0.014675479382276535,
        "Neutral": 0.9782183766365051,
        "Mixed": 0.001566155580803752
    }
}
