{
    "Sentiment": "NEUTRAL",
    "SentimentScore": {
        "Positive": 0.0066802361980080605,
        "Negative": 0.0015437841648235917,
        "Neutral": 0.991346538066864,
        "Mixed": 0.0004294589743949473
    }
}
