{
    "Sentiment": "NEUTRAL",
    "SentimentScore": {
        "Positive": 0.006992317736148834,
        "Negative": 0.006882940419018269,
        "Neutral": 0.98493492603302,
        "Mixed": 0.0011898548109456897
    }
}
