{
    "Sentiment": "NEUTRAL",
    "SentimentScore": {
        "Positive": 0.0022727076429873705,
        "Negative": 0.012682764790952206,
        "Neutral": 0.9839848875999451,
        "Mixed": 0.001059676636941731
    }
}
