{
    "Sentiment": "NEUTRAL",
    "SentimentScore": {
        "Positive": 0.008437157608568668,
        "Negative": 0.11394096165895462,
        "Neutral": 0.8724104762077332,
        "Mixed": 0.005211370997130871
    }
}
