{
    "Sentiment": "NEUTRAL",
    "SentimentScore": {
        "Positive": 0.0067636496387422085,
        "Negative": 0.016119202598929405,
        "Neutral": 0.9730668663978577,
        "Mixed": 0.004050369840115309
    }
}
