{
    "Sentiment": "NEUTRAL",
    "SentimentScore": {
        "Positive": 0.16514714062213898,
        "Negative": 0.0025889233220368624,
        "Neutral": 0.8278816938400269,
        "Mixed": 0.004382273647934198
    }
}
