{
    "Sentiment": "NEUTRAL",
    "SentimentScore": {
        "Positive": 0.0033770424779504538,
        "Negative": 0.0021336025092750788,
        "Neutral": 0.9940088987350464,
        "Mixed": 0.0004805442877113819
    }
}
