{
    "Sentiment": "NEUTRAL",
    "SentimentScore": {
        "Positive": 0.003619674826040864,
        "Negative": 0.03702233359217644,
        "Neutral": 0.9578008055686951,
        "Mixed": 0.0015571598196402192
    }
}
