{
    "Sentiment": "NEUTRAL",
    "SentimentScore": {
        "Positive": 0.0027230705600231886,
        "Negative": 0.020119573920965195,
        "Neutral": 0.9746174216270447,
        "Mixed": 0.0025399886071681976
    }
}
