{
    "Sentiment": "NEUTRAL",
    "SentimentScore": {
        "Positive": 0.010742267593741417,
        "Negative": 0.004135094117373228,
        "Neutral": 0.9841001033782959,
        "Mixed": 0.0010225349105894566
    }
}
