{
    "Sentiment": "NEUTRAL",
    "SentimentScore": {
        "Positive": 0.027448784559965134,
        "Negative": 0.007055327296257019,
        "Neutral": 0.9638290405273438,
        "Mixed": 0.0016668526222929358
    }
}
