{
    "Sentiment": "NEUTRAL",
    "SentimentScore": {
        "Positive": 0.010240403935313225,
        "Negative": 0.11452001333236694,
        "Neutral": 0.8677005767822266,
        "Mixed": 0.007538950070738792
    }
}
