{
    "Sentiment": "NEUTRAL",
    "SentimentScore": {
        "Positive": 0.007486496586352587,
        "Negative": 0.020840713754296303,
        "Neutral": 0.9693362712860107,
        "Mixed": 0.002336550271138549
    }
}
