{
    "Sentiment": "NEUTRAL",
    "SentimentScore": {
        "Positive": 0.10257613658905029,
        "Negative": 0.018243666738271713,
        "Neutral": 0.8687230944633484,
        "Mixed": 0.010457126423716545
    }
}
