{
    "Sentiment": "NEUTRAL",
    "SentimentScore": {
        "Positive": 0.0016961668152362108,
        "Negative": 0.019970783963799477,
        "Neutral": 0.9767177700996399,
        "Mixed": 0.0016153163742274046
    }
}
