{
    "Sentiment": "NEUTRAL",
    "SentimentScore": {
        "Positive": 0.013041369616985321,
        "Negative": 0.4377894699573517,
        "Neutral": 0.5161890983581543,
        "Mixed": 0.032980021089315414
    }
}
