{
    "Sentiment": "NEUTRAL",
    "SentimentScore": {
        "Positive": 0.0028617915231734514,
        "Negative": 0.02529611997306347,
        "Neutral": 0.9692069292068481,
        "Mixed": 0.002635229378938675
    }
}
