{
    "Sentiment": "NEUTRAL",
    "SentimentScore": {
        "Positive": 0.031607486307621,
        "Negative": 0.2046743780374527,
        "Neutral": 0.7269167900085449,
        "Mixed": 0.03680139034986496
    }
}
