{
    "Sentiment": "NEUTRAL",
    "SentimentScore": {
        "Positive": 0.047588035464286804,
        "Negative": 0.027002457529306412,
        "Neutral": 0.9228648543357849,
        "Mixed": 0.002544677583500743
    }
}
