{
    "Sentiment": "NEUTRAL",
    "SentimentScore": {
        "Positive": 0.2429523915052414,
        "Negative": 0.054557282477617264,
        "Neutral": 0.658249020576477,
        "Mixed": 0.044241294264793396
    }
}
