{
    "Sentiment": "NEUTRAL",
    "SentimentScore": {
        "Positive": 0.0026474129408597946,
        "Negative": 0.008331133984029293,
        "Neutral": 0.9880379438400269,
        "Mixed": 0.0009835397358983755
    }
}
