{
    "Sentiment": "NEUTRAL",
    "SentimentScore": {
        "Positive": 0.005082509480416775,
        "Negative": 0.020618729293346405,
        "Neutral": 0.9723048806190491,
        "Mixed": 0.0019937942270189524
    }
}
