{
    "Sentiment": "NEUTRAL",
    "SentimentScore": {
        "Positive": 0.04414638504385948,
        "Negative": 0.014981570653617382,
        "Neutral": 0.9288555979728699,
        "Mixed": 0.012016409076750278
    }
}
