{
    "Sentiment": "NEUTRAL",
    "SentimentScore": {
        "Positive": 0.02033223584294319,
        "Negative": 0.03060099482536316,
        "Neutral": 0.94339519739151,
        "Mixed": 0.005671574734151363
    }
}
