{
    "Sentiment": "NEUTRAL",
    "SentimentScore": {
        "Positive": 0.005807394161820412,
        "Negative": 0.05998650938272476,
        "Neutral": 0.9281615614891052,
        "Mixed": 0.006044530775398016
    }
}
