{
    "Sentiment": "NEUTRAL",
    "SentimentScore": {
        "Positive": 0.003577553667128086,
        "Negative": 0.038447022438049316,
        "Neutral": 0.9534167647361755,
        "Mixed": 0.0045586517080664635
    }
}
