{
    "Sentiment": "NEUTRAL",
    "SentimentScore": {
        "Positive": 0.025521526113152504,
        "Negative": 0.008655501529574394,
        "Neutral": 0.9634726047515869,
        "Mixed": 0.002350371330976486
    }
}
