{
    "Sentiment": "NEUTRAL",
    "SentimentScore": {
        "Positive": 0.02933938428759575,
        "Negative": 0.012095841579139233,
        "Neutral": 0.9557353854179382,
        "Mixed": 0.002829384058713913
    }
}
