{
    "Sentiment": "NEUTRAL",
    "SentimentScore": {
        "Positive": 0.004518461879342794,
        "Negative": 0.000829953933134675,
        "Neutral": 0.9943793416023254,
        "Mixed": 0.0002723278303164989
    }
}
