{
    "Sentiment": "NEUTRAL",
    "SentimentScore": {
        "Positive": 0.0010939394123852253,
        "Negative": 0.015160213224589825,
        "Neutral": 0.9829422235488892,
        "Mixed": 0.0008035399951040745
    }
}
