{
    "Sentiment": "NEUTRAL",
    "SentimentScore": {
        "Positive": 0.0033338197972625494,
        "Negative": 0.023170500993728638,
        "Neutral": 0.9718235731124878,
        "Mixed": 0.001672054990194738
    }
}
