{
    "Sentiment": "NEUTRAL",
    "SentimentScore": {
        "Positive": 0.008729320950806141,
        "Negative": 0.0012786750448867679,
        "Neutral": 0.9894862174987793,
        "Mixed": 0.0005058398237451911
    }
}
