{
    "Sentiment": "NEUTRAL",
    "SentimentScore": {
        "Positive": 0.008459215052425861,
        "Negative": 0.011465583927929401,
        "Neutral": 0.9780629277229309,
        "Mixed": 0.0020122446585446596
    }
}
