{
    "Sentiment": "NEUTRAL",
    "SentimentScore": {
        "Positive": 0.018232475966215134,
        "Negative": 0.17125341296195984,
        "Neutral": 0.7602558732032776,
        "Mixed": 0.05025815963745117
    }
}
