{
    "Sentiment": "NEUTRAL",
    "SentimentScore": {
        "Positive": 0.00606752373278141,
        "Negative": 0.025512970983982086,
        "Neutral": 0.9623115062713623,
        "Mixed": 0.006107983645051718
    }
}
