{
    "Sentiment": "NEUTRAL",
    "SentimentScore": {
        "Positive": 0.005398513749241829,
        "Negative": 0.002122048754245043,
        "Neutral": 0.9921085238456726,
        "Mixed": 0.00037091816193424165
    }
}
