{
    "Sentiment": "NEUTRAL",
    "SentimentScore": {
        "Positive": 0.08833059668540955,
        "Negative": 0.027140237390995026,
        "Neutral": 0.8681310415267944,
        "Mixed": 0.01639809086918831
    }
}
