{
    "Sentiment": "NEUTRAL",
    "SentimentScore": {
        "Positive": 0.004382443148642778,
        "Negative": 0.020167818292975426,
        "Neutral": 0.9738985300064087,
        "Mixed": 0.0015511955134570599
    }
}
