{
    "Sentiment": "NEUTRAL",
    "SentimentScore": {
        "Positive": 0.06787272542715073,
        "Negative": 0.0771254450082779,
        "Neutral": 0.83567875623703,
        "Mixed": 0.01932302676141262
    }
}
