{
    "Sentiment": "POSITIVE",
    "SentimentScore": {
        "Positive": 0.5584754347801208,
        "Negative": 0.03294319659471512,
        "Neutral": 0.39324751496315,
        "Mixed": 0.015333868563175201
    }
}
