{
    "Sentiment": "NEUTRAL",
    "SentimentScore": {
        "Positive": 0.19526879489421844,
        "Negative": 0.004783015698194504,
        "Neutral": 0.7970162034034729,
        "Mixed": 0.002932055853307247
    }
}
