{
    "Sentiment": "NEUTRAL",
    "SentimentScore": {
        "Positive": 0.14493052661418915,
        "Negative": 0.00932277925312519,
        "Neutral": 0.8407129645347595,
        "Mixed": 0.005033669527620077
    }
}
