{
    "Sentiment": "NEUTRAL",
    "SentimentScore": {
        "Positive": 0.004990550689399242,
        "Negative": 0.058742694556713104,
        "Neutral": 0.9271917343139648,
        "Mixed": 0.00907497014850378
    }
}
