{
    "Sentiment": "NEUTRAL",
    "SentimentScore": {
        "Positive": 0.0025839197915047407,
        "Negative": 0.01008833758533001,
        "Neutral": 0.9863752722740173,
        "Mixed": 0.0009523862390778959
    }
}
