{
    "Sentiment": "NEUTRAL",
    "SentimentScore": {
        "Positive": 0.0017693365225568414,
        "Negative": 0.014641711488366127,
        "Neutral": 0.9827562570571899,
        "Mixed": 0.0008326790411956608
    }
}
