{
    "Sentiment": "NEUTRAL",
    "SentimentScore": {
        "Positive": 0.0018316155765205622,
        "Negative": 0.029166607186198235,
        "Neutral": 0.9678238034248352,
        "Mixed": 0.0011779525084421039
    }
}
