{
    "Sentiment": "POSITIVE",
    "SentimentScore": {
        "Positive": 0.7301636338233948,
        "Negative": 0.001321472693234682,
        "Neutral": 0.2623033821582794,
        "Mixed": 0.006211515050381422
    }
}
