{
    "Sentiment": "NEUTRAL",
    "SentimentScore": {
        "Positive": 0.0823729857802391,
        "Negative": 0.0034170520957559347,
        "Neutral": 0.9116250872612,
        "Mixed": 0.0025848939549177885
    }
}
