{
    "Sentiment": "NEUTRAL",
    "SentimentScore": {
        "Positive": 0.04364331439137459,
        "Negative": 0.001147973584011197,
        "Neutral": 0.9540231227874756,
        "Mixed": 0.00118561543058604
    }
}
