{
    "Sentiment": "NEUTRAL",
    "SentimentScore": {
        "Positive": 0.029221825301647186,
        "Negative": 0.0022671804763376713,
        "Neutral": 0.9674443006515503,
        "Mixed": 0.0010666352463886142
    }
}
