{
    "Sentiment": "NEUTRAL",
    "SentimentScore": {
        "Positive": 0.04285607114434242,
        "Negative": 0.008429811336100101,
        "Neutral": 0.9458560347557068,
        "Mixed": 0.002858102787286043
    }
}
