{
    "Sentiment": "NEUTRAL",
    "SentimentScore": {
        "Positive": 0.32682108879089355,
        "Negative": 0.0019160647643730044,
        "Neutral": 0.6685144305229187,
        "Mixed": 0.002748338272795081
    }
}
