{
    "Sentiment": "NEUTRAL",
    "SentimentScore": {
        "Positive": 0.004280596040189266,
        "Negative": 0.2522816061973572,
        "Neutral": 0.7332726716995239,
        "Mixed": 0.010165182873606682
    }
}
