{
    "Sentiment": "NEUTRAL",
    "SentimentScore": {
        "Positive": 0.011807465925812721,
        "Negative": 0.0032679885625839233,
        "Neutral": 0.9842422604560852,
        "Mixed": 0.0006823113071732223
    }
}
