{
    "Sentiment": "NEUTRAL",
    "SentimentScore": {
        "Positive": 0.1668279469013214,
        "Negative": 0.18097491562366486,
        "Neutral": 0.5980255603790283,
        "Mixed": 0.054171591997146606
    }
}
