{
    "Sentiment": "NEUTRAL",
    "SentimentScore": {
        "Positive": 0.0021674835588783026,
        "Negative": 0.008269154466688633,
        "Neutral": 0.9882900714874268,
        "Mixed": 0.0012733396142721176
    }
}
