{
    "Sentiment": "NEUTRAL",
    "SentimentScore": {
        "Positive": 0.004019390791654587,
        "Negative": 0.01899833418428898,
        "Neutral": 0.9739248752593994,
        "Mixed": 0.0030573902186006308
    }
}
