{
    "Sentiment": "NEUTRAL",
    "SentimentScore": {
        "Positive": 0.0026148096658289433,
        "Negative": 0.11714602261781693,
        "Neutral": 0.8727868795394897,
        "Mixed": 0.0074522532522678375
    }
}
