{
    "Sentiment": "NEUTRAL",
    "SentimentScore": {
        "Positive": 0.003306593047454953,
        "Negative": 0.0020244859624654055,
        "Neutral": 0.9941670894622803,
        "Mixed": 0.0005018196534365416
    }
}
