{
    "Sentiment": "NEUTRAL",
    "SentimentScore": {
        "Positive": 0.02098149061203003,
        "Negative": 0.053306855261325836,
        "Neutral": 0.9059202075004578,
        "Mixed": 0.019791388884186745
    }
}
