{
    "Sentiment": "NEUTRAL",
    "SentimentScore": {
        "Positive": 0.007904037833213806,
        "Negative": 0.025399694219231606,
        "Neutral": 0.9615540504455566,
        "Mixed": 0.005142205860465765
    }
}
