{
    "Sentiment": "NEUTRAL",
    "SentimentScore": {
        "Positive": 0.014713631011545658,
        "Negative": 0.09779878705739975,
        "Neutral": 0.8819742798805237,
        "Mixed": 0.0055133141577243805
    }
}
