{
    "Sentiment": "NEUTRAL",
    "SentimentScore": {
        "Positive": 0.008237176574766636,
        "Negative": 0.0006546439253725111,
        "Neutral": 0.9908278584480286,
        "Mixed": 0.0002803678216878325
    }
}
