{
    "Sentiment": "NEUTRAL",
    "SentimentScore": {
        "Positive": 0.4287678599357605,
        "Negative": 0.037619855254888535,
        "Neutral": 0.506004273891449,
        "Mixed": 0.027607982978224754
    }
}
