{
    "Sentiment": "NEUTRAL",
    "SentimentScore": {
        "Positive": 0.0076208519749343395,
        "Negative": 0.01585751213133335,
        "Neutral": 0.9752262830734253,
        "Mixed": 0.0012952914694324136
    }
}
