{
    "Sentiment": "NEUTRAL",
    "SentimentScore": {
        "Positive": 0.0035321214236319065,
        "Negative": 0.003112590406090021,
        "Neutral": 0.9930086135864258,
        "Mixed": 0.0003466763300821185
    }
}
