{
    "Sentiment": "NEUTRAL",
    "SentimentScore": {
        "Positive": 0.004792075604200363,
        "Negative": 0.11635936051607132,
        "Neutral": 0.8703460097312927,
        "Mixed": 0.008502590470016003
    }
}
