{
    "Sentiment": "NEUTRAL",
    "SentimentScore": {
        "Positive": 0.08795936405658722,
        "Negative": 0.011289102025330067,
        "Neutral": 0.8972103595733643,
        "Mixed": 0.003541180631145835
    }
}
