{
    "Sentiment": "NEUTRAL",
    "SentimentScore": {
        "Positive": 0.029898319393396378,
        "Negative": 0.06789371371269226,
        "Neutral": 0.8982962369918823,
        "Mixed": 0.003911707550287247
    }
}
