{
    "Sentiment": "NEUTRAL",
    "SentimentScore": {
        "Positive": 0.24475030601024628,
        "Negative": 0.005962965078651905,
        "Neutral": 0.738867998123169,
        "Mixed": 0.010418679565191269
    }
}
