{
    "Sentiment": "NEUTRAL",
    "SentimentScore": {
        "Positive": 0.003723114961758256,
        "Negative": 0.07401172816753387,
        "Neutral": 0.9176943302154541,
        "Mixed": 0.004570829216390848
    }
}
