{
    "Sentiment": "POSITIVE",
    "SentimentScore": {
        "Positive": 0.621274471282959,
        "Negative": 0.04116332158446312,
        "Neutral": 0.29843515157699585,
        "Mixed": 0.03912708908319473
    }
}
