{
    "Sentiment": "NEUTRAL",
    "SentimentScore": {
        "Positive": 0.013202649541199207,
        "Negative": 0.10132570564746857,
        "Neutral": 0.8811913132667542,
        "Mixed": 0.004280308727174997
    }
}
