{
    "Sentiment": "NEUTRAL",
    "SentimentScore": {
        "Positive": 0.002880374900996685,
        "Negative": 0.02894691750407219,
        "Neutral": 0.9663112759590149,
        "Mixed": 0.001861412194557488
    }
}
