{
    "Sentiment": "NEUTRAL",
    "SentimentScore": {
        "Positive": 0.002269182587042451,
        "Negative": 0.03746099770069122,
        "Neutral": 0.9563770890235901,
        "Mixed": 0.00389275373890996
    }
}
