{
    "Sentiment": "NEUTRAL",
    "SentimentScore": {
        "Positive": 0.01835535280406475,
        "Negative": 0.11268901079893112,
        "Neutral": 0.8593000173568726,
        "Mixed": 0.009655548259615898
    }
}
