{
    "Sentiment": "NEUTRAL",
    "SentimentScore": {
        "Positive": 0.0017671574605628848,
        "Negative": 0.013045614585280418,
        "Neutral": 0.9839931130409241,
        "Mixed": 0.0011941402917727828
    }
}
