{
    "Sentiment": "NEUTRAL",
    "SentimentScore": {
        "Positive": 0.011493478901684284,
        "Negative": 0.068087637424469,
        "Neutral": 0.9128559827804565,
        "Mixed": 0.007562801707535982
    }
}
