{
    "Sentiment": "NEUTRAL",
    "SentimentScore": {
        "Positive": 0.0018088790820911527,
        "Negative": 0.0056694271042943,
        "Neutral": 0.9919803142547607,
        "Mixed": 0.0005413764156401157
    }
}
