{
    "Sentiment": "NEUTRAL",
    "SentimentScore": {
        "Positive": 0.004029210656881332,
        "Negative": 0.010251554660499096,
        "Neutral": 0.9846618175506592,
        "Mixed": 0.001057321671396494
    }
}
