{
    "Sentiment": "NEUTRAL",
    "SentimentScore": {
        "Positive": 0.007371729705482721,
        "Negative": 0.32282280921936035,
        "Neutral": 0.6473013758659363,
        "Mixed": 0.022504152730107307
    }
}
