{
    "Sentiment": "NEUTRAL",
    "SentimentScore": {
        "Positive": 0.010579997673630714,
        "Negative": 0.07219666987657547,
        "Neutral": 0.9139047861099243,
        "Mixed": 0.003318528179079294
    }
}
