{
    "Sentiment": "NEUTRAL",
    "SentimentScore": {
        "Positive": 0.0070774974301457405,
        "Negative": 0.016972489655017853,
        "Neutral": 0.9741653800010681,
        "Mixed": 0.001784639898687601
    }
}
