{
    "Sentiment": "NEUTRAL",
    "SentimentScore": {
        "Positive": 0.014954687096178532,
        "Negative": 0.4113197326660156,
        "Neutral": 0.5515745878219604,
        "Mixed": 0.022150946781039238
    }
}
