{
    "Sentiment": "NEUTRAL",
    "SentimentScore": {
        "Positive": 0.011906114406883717,
        "Negative": 0.2632010877132416,
        "Neutral": 0.6950291395187378,
        "Mixed": 0.029863713309168816
    }
}
