{
    "Sentiment": "NEUTRAL",
    "SentimentScore": {
        "Positive": 0.004423506557941437,
        "Negative": 0.03544111177325249,
        "Neutral": 0.9573417901992798,
        "Mixed": 0.0027934927493333817
    }
}
