{
    "Sentiment": "NEUTRAL",
    "SentimentScore": {
        "Positive": 0.0068595693446695805,
        "Negative": 0.006033894140273333,
        "Neutral": 0.9858853816986084,
        "Mixed": 0.001221086597070098
    }
}
