{
    "Sentiment": "NEUTRAL",
    "SentimentScore": {
        "Positive": 0.02034783363342285,
        "Negative": 0.06707680970430374,
        "Neutral": 0.9044982194900513,
        "Mixed": 0.008077188394963741
    }
}
