{
    "Sentiment": "NEUTRAL",
    "SentimentScore": {
        "Positive": 0.0043314178474247456,
        "Negative": 0.004063019063323736,
        "Neutral": 0.9910101890563965,
        "Mixed": 0.0005954345688223839
    }
}
