{
    "Sentiment": "NEUTRAL",
    "SentimentScore": {
        "Positive": 0.003950890153646469,
        "Negative": 0.03101692907512188,
        "Neutral": 0.9626482129096985,
        "Mixed": 0.002383995335549116
    }
}
