{
    "Sentiment": "NEUTRAL",
    "SentimentScore": {
        "Positive": 0.011633919551968575,
        "Negative": 0.006758572533726692,
        "Neutral": 0.9790037274360657,
        "Mixed": 0.002603804925456643
    }
}
