{
    "Sentiment": "NEUTRAL",
    "SentimentScore": {
        "Positive": 0.09209834039211273,
        "Negative": 0.18811704218387604,
        "Neutral": 0.6907991766929626,
        "Mixed": 0.028985466808080673
    }
}
