{
    "Sentiment": "NEUTRAL",
    "SentimentScore": {
        "Positive": 0.015925778076052666,
        "Negative": 0.008765880949795246,
        "Neutral": 0.9743458032608032,
        "Mixed": 0.0009625080856494606
    }
}
