{
    "Sentiment": "NEUTRAL",
    "SentimentScore": {
        "Positive": 0.022575190290808678,
        "Negative": 0.03830711171030998,
        "Neutral": 0.9233182668685913,
        "Mixed": 0.015799449756741524
    }
}
