{
    "Sentiment": "NEUTRAL",
    "SentimentScore": {
        "Positive": 0.00356822251342237,
        "Negative": 0.004908086732029915,
        "Neutral": 0.9909046292304993,
        "Mixed": 0.0006190679268911481
    }
}
