{
    "Sentiment": "NEUTRAL",
    "SentimentScore": {
        "Positive": 0.0028043873608112335,
        "Negative": 0.006376215722411871,
        "Neutral": 0.9894771575927734,
        "Mixed": 0.0013422940392047167
    }
}
