{
    "Sentiment": "NEUTRAL",
    "SentimentScore": {
        "Positive": 0.013398541137576103,
        "Negative": 0.07517147809267044,
        "Neutral": 0.8968287706375122,
        "Mixed": 0.014601153321564198
    }
}
