{
    "Sentiment": "NEUTRAL",
    "SentimentScore": {
        "Positive": 0.0021744663827121258,
        "Negative": 0.14268025755882263,
        "Neutral": 0.8459442853927612,
        "Mixed": 0.009200984612107277
    }
}
