{
    "Sentiment": "NEUTRAL",
    "SentimentScore": {
        "Positive": 0.007205310743302107,
        "Negative": 0.005256232339888811,
        "Neutral": 0.9866156578063965,
        "Mixed": 0.0009227671544067562
    }
}
