{
    "Sentiment": "NEUTRAL",
    "SentimentScore": {
        "Positive": 0.0034505403600633144,
        "Negative": 0.0028294213116168976,
        "Neutral": 0.993290901184082,
        "Mixed": 0.0004291026561986655
    }
}
