{
    "Sentiment": "NEUTRAL",
    "SentimentScore": {
        "Positive": 0.004685780964791775,
        "Negative": 0.001831796020269394,
        "Neutral": 0.9930863976478577,
        "Mixed": 0.00039603468030691147
    }
}
