{
    "Sentiment": "NEUTRAL",
    "SentimentScore": {
        "Positive": 0.04314761981368065,
        "Negative": 0.004460210911929607,
        "Neutral": 0.9508486390113831,
        "Mixed": 0.0015436157118529081
    }
}
