{
    "Sentiment": "NEUTRAL",
    "SentimentScore": {
        "Positive": 0.003469501156359911,
        "Negative": 0.0024757152423262596,
        "Neutral": 0.9937127232551575,
        "Mixed": 0.00034194678300991654
    }
}
