{
    "Sentiment": "NEUTRAL",
    "SentimentScore": {
        "Positive": 0.007053756155073643,
        "Negative": 0.05451831966638565,
        "Neutral": 0.9329509735107422,
        "Mixed": 0.005476940888911486
    }
}
