{
    "Sentiment": "NEUTRAL",
    "SentimentScore": {
        "Positive": 0.0026943085249513388,
        "Negative": 0.008628474548459053,
        "Neutral": 0.9873546957969666,
        "Mixed": 0.001322454889304936
    }
}
