{
    "Sentiment": "POSITIVE",
    "SentimentScore": {
        "Positive": 0.5294076800346375,
        "Negative": 0.0006911850068718195,
        "Neutral": 0.46778079867362976,
        "Mixed": 0.002120289020240307
    }
}
