{
    "Sentiment": "NEUTRAL",
    "SentimentScore": {
        "Positive": 0.0028333740774542093,
        "Negative": 0.16162198781967163,
        "Neutral": 0.8275336027145386,
        "Mixed": 0.008011074736714363
    }
}
