{
    "Sentiment": "NEUTRAL",
    "SentimentScore": {
        "Positive": 0.00387050723657012,
        "Negative": 0.047287337481975555,
        "Neutral": 0.9452276229858398,
        "Mixed": 0.003614559303969145
    }
}
