{
    "Sentiment": "NEUTRAL",
    "SentimentScore": {
        "Positive": 0.007205353584140539,
        "Negative": 0.001120560453273356,
        "Neutral": 0.9913769960403442,
        "Mixed": 0.00029708523652516305
    }
}
