{
    "Sentiment": "NEUTRAL",
    "SentimentScore": {
        "Positive": 0.013119793497025967,
        "Negative": 0.1742105782032013,
        "Neutral": 0.7992554306983948,
        "Mixed": 0.013414228335022926
    }
}
