{
    "Sentiment": "NEUTRAL",
    "SentimentScore": {
        "Positive": 0.00892710406333208,
        "Negative": 0.006039372179657221,
        "Neutral": 0.9838111996650696,
        "Mixed": 0.001222231425344944
    }
}
