{
    "Sentiment": "NEUTRAL",
    "SentimentScore": {
        "Positive": 0.003500748425722122,
        "Negative": 0.0014179146382957697,
        "Neutral": 0.9948368072509766,
        "Mixed": 0.00024448405019938946
    }
}
