{
    "Sentiment": "NEUTRAL",
    "SentimentScore": {
        "Positive": 0.015087338164448738,
        "Negative": 0.021337859332561493,
        "Neutral": 0.9569171071052551,
        "Mixed": 0.006657677236944437
    }
}
