{
    "Sentiment": "NEUTRAL",
    "SentimentScore": {
        "Positive": 0.0023894335608929396,
        "Negative": 0.020609647035598755,
        "Neutral": 0.9754687547683716,
        "Mixed": 0.0015321832615882158
    }
}
