{
    "Sentiment": "NEUTRAL",
    "SentimentScore": {
        "Positive": 0.00404878705739975,
        "Negative": 0.005102472845464945,
        "Neutral": 0.9903290271759033,
        "Mixed": 0.0005197357386350632
    }
}
