{
    "Sentiment": "NEUTRAL",
    "SentimentScore": {
        "Positive": 0.1806851327419281,
        "Negative": 0.006274734623730183,
        "Neutral": 0.8088966012001038,
        "Mixed": 0.004143505357205868
    }
}
