{
    "Sentiment": "NEUTRAL",
    "SentimentScore": {
        "Positive": 0.001956686144694686,
        "Negative": 0.08762485533952713,
        "Neutral": 0.90617835521698,
        "Mixed": 0.004240126349031925
    }
}
