{
    "Sentiment": "NEUTRAL",
    "SentimentScore": {
        "Positive": 0.0026817715261131525,
        "Negative": 0.03465355932712555,
        "Neutral": 0.9610409140586853,
        "Mixed": 0.0016237682430073619
    }
}
