{
    "Sentiment": "NEUTRAL",
    "SentimentScore": {
        "Positive": 0.006076857913285494,
        "Negative": 0.0017658888828009367,
        "Neutral": 0.9918217062950134,
        "Mixed": 0.00033552059903740883
    }
}
