{
    "Sentiment": "NEUTRAL",
    "SentimentScore": {
        "Positive": 0.011877110227942467,
        "Negative": 0.19138436019420624,
        "Neutral": 0.7766724228858948,
        "Mixed": 0.02006613090634346
    }
}
