{
    "Sentiment": "NEUTRAL",
    "SentimentScore": {
        "Positive": 0.03978485241532326,
        "Negative": 0.06663549691438675,
        "Neutral": 0.882997989654541,
        "Mixed": 0.010581609793007374
    }
}
