{
    "Sentiment": "NEUTRAL",
    "SentimentScore": {
        "Positive": 0.027589526027441025,
        "Negative": 0.003961724229156971,
        "Neutral": 0.9667233228683472,
        "Mixed": 0.0017253989353775978
    }
}
