{
    "Sentiment": "NEUTRAL",
    "SentimentScore": {
        "Positive": 0.0552392415702343,
        "Negative": 0.2832280993461609,
        "Neutral": 0.6485034227371216,
        "Mixed": 0.013029295951128006
    }
}
