{
    "Sentiment": "NEUTRAL",
    "SentimentScore": {
        "Positive": 0.0055861882865428925,
        "Negative": 0.029874010011553764,
        "Neutral": 0.959186315536499,
        "Mixed": 0.005353504326194525
    }
}
