{
    "Sentiment": "NEUTRAL",
    "SentimentScore": {
        "Positive": 0.16245037317276,
        "Negative": 0.00602066470310092,
        "Neutral": 0.8248831033706665,
        "Mixed": 0.006645881570875645
    }
}
