{
    "Sentiment": "NEUTRAL",
    "SentimentScore": {
        "Positive": 0.008454127237200737,
        "Negative": 0.06279876083135605,
        "Neutral": 0.9240512847900391,
        "Mixed": 0.004695797339081764
    }
}
