{
    "Sentiment": "NEUTRAL",
    "SentimentScore": {
        "Positive": 0.04830065369606018,
        "Negative": 0.02429930865764618,
        "Neutral": 0.9241443276405334,
        "Mixed": 0.0032556026708334684
    }
}
