{
    "Sentiment": "NEUTRAL",
    "SentimentScore": {
        "Positive": 0.11002466827630997,
        "Negative": 0.05336916819214821,
        "Neutral": 0.8054170608520508,
        "Mixed": 0.031189125031232834
    }
}
