{
    "Sentiment": "NEUTRAL",
    "SentimentScore": {
        "Positive": 0.0057682557962834835,
        "Negative": 0.12059306353330612,
        "Neutral": 0.8691257834434509,
        "Mixed": 0.004512956831604242
    }
}
