{
    "Sentiment": "NEUTRAL",
    "SentimentScore": {
        "Positive": 0.006916698534041643,
        "Negative": 0.0014550796477124095,
        "Neutral": 0.991285502910614,
        "Mixed": 0.00034266224247403443
    }
}
