{
    "Sentiment": "NEUTRAL",
    "SentimentScore": {
        "Positive": 0.0015565934590995312,
        "Negative": 0.413932740688324,
        "Neutral": 0.5736655592918396,
        "Mixed": 0.0108451247215271
    }
}
