{
    "Sentiment": "NEUTRAL",
    "SentimentScore": {
        "Positive": 0.11869733780622482,
        "Negative": 0.009999153204262257,
        "Neutral": 0.8688889741897583,
        "Mixed": 0.002414587652310729
    }
}
