{
    "Sentiment": "NEUTRAL",
    "SentimentScore": {
        "Positive": 0.02312822826206684,
        "Negative": 0.003107546828687191,
        "Neutral": 0.972865104675293,
        "Mixed": 0.0008991933427751064
    }
}
