{
    "Sentiment": "NEUTRAL",
    "SentimentScore": {
        "Positive": 0.06501719355583191,
        "Negative": 0.09454978257417679,
        "Neutral": 0.8237386345863342,
        "Mixed": 0.01669447310268879
    }
}
