{
    "Sentiment": "NEUTRAL",
    "SentimentScore": {
        "Positive": 0.0030171817634254694,
        "Negative": 0.13864311575889587,
        "Neutral": 0.8504312634468079,
        "Mixed": 0.007908394560217857
    }
}
