{
    "Sentiment": "NEUTRAL",
    "SentimentScore": {
        "Positive": 0.015007447451353073,
        "Negative": 0.004736065398901701,
        "Neutral": 0.9789057970046997,
        "Mixed": 0.0013506445102393627
    }
}
