{
    "Sentiment": "NEUTRAL",
    "SentimentScore": {
        "Positive": 0.014534509740769863,
        "Negative": 0.06399431079626083,
        "Neutral": 0.9053159952163696,
        "Mixed": 0.016155224293470383
    }
}
