{
    "Sentiment": "NEUTRAL",
    "SentimentScore": {
        "Positive": 0.00903905089944601,
        "Negative": 0.02368961088359356,
        "Neutral": 0.9641002416610718,
        "Mixed": 0.003171089105308056
    }
}
