{
    "Sentiment": "NEUTRAL",
    "SentimentScore": {
        "Positive": 0.3085896074771881,
        "Negative": 0.02080579847097397,
        "Neutral": 0.6506384611129761,
        "Mixed": 0.019966110587120056
    }
}
