{
    "Sentiment": "NEUTRAL",
    "SentimentScore": {
        "Positive": 0.001269002677872777,
        "Negative": 0.011877301149070263,
        "Neutral": 0.9861307740211487,
        "Mixed": 0.0007229800685308874
    }
}
