{
    "Sentiment": "NEUTRAL",
    "SentimentScore": {
        "Positive": 0.2632244825363159,
        "Negative": 0.003057850291952491,
        "Neutral": 0.7266526818275452,
        "Mixed": 0.0070650274865329266
    }
}
