{
    "Sentiment": "NEUTRAL",
    "SentimentScore": {
        "Positive": 0.07247653603553772,
        "Negative": 0.003126800525933504,
        "Neutral": 0.922782838344574,
        "Mixed": 0.0016139064682647586
    }
}
