{
    "Sentiment": "NEUTRAL",
    "SentimentScore": {
        "Positive": 0.004412742797285318,
        "Negative": 0.004317590035498142,
        "Neutral": 0.9903422594070435,
        "Mixed": 0.0009273538016714156
    }
}
