{
    "Sentiment": "NEUTRAL",
    "SentimentScore": {
        "Positive": 0.004604707472026348,
        "Negative": 0.0013356590643525124,
        "Neutral": 0.9936303496360779,
        "Mixed": 0.0004292648227419704
    }
}
