{
    "Sentiment": "NEUTRAL",
    "SentimentScore": {
        "Positive": 0.018259882926940918,
        "Negative": 0.013799835927784443,
        "Neutral": 0.9594632983207703,
        "Mixed": 0.00847694557160139
    }
}
