{
    "Sentiment": "NEUTRAL",
    "SentimentScore": {
        "Positive": 0.01595507375895977,
        "Negative": 0.11156714707612991,
        "Neutral": 0.8645608425140381,
        "Mixed": 0.007916978560388088
    }
}
