{
    "Sentiment": "NEUTRAL",
    "SentimentScore": {
        "Positive": 0.034954655915498734,
        "Negative": 0.08752964437007904,
        "Neutral": 0.8488823771476746,
        "Mixed": 0.028633296489715576
    }
}
