{
    "Sentiment": "NEUTRAL",
    "SentimentScore": {
        "Positive": 0.012452076189219952,
        "Negative": 0.030748145654797554,
        "Neutral": 0.954616904258728,
        "Mixed": 0.0021829172037541866
    }
}
