{
    "Sentiment": "NEUTRAL",
    "SentimentScore": {
        "Positive": 0.014228018000721931,
        "Negative": 0.004324978683143854,
        "Neutral": 0.9805837869644165,
        "Mixed": 0.0008632885874249041
    }
}
