{
    "Sentiment": "NEUTRAL",
    "SentimentScore": {
        "Positive": 0.09428742527961731,
        "Negative": 0.3018456995487213,
        "Neutral": 0.5379536151885986,
        "Mixed": 0.06591327488422394
    }
}
