{
    "Sentiment": "NEUTRAL",
    "SentimentScore": {
        "Positive": 0.05989905074238777,
        "Negative": 0.1983618289232254,
        "Neutral": 0.7276514768600464,
        "Mixed": 0.014087667688727379
    }
}
