{
    "Sentiment": "NEUTRAL",
    "SentimentScore": {
        "Positive": 0.014561761170625687,
        "Negative": 0.03591005876660347,
        "Neutral": 0.9457256197929382,
        "Mixed": 0.0038026205729693174
    }
}
