{
    "Sentiment": "NEUTRAL",
    "SentimentScore": {
        "Positive": 0.026626387611031532,
        "Negative": 0.004566979594528675,
        "Neutral": 0.9680294394493103,
        "Mixed": 0.0007772509125061333
    }
}
