{
    "Sentiment": "NEUTRAL",
    "SentimentScore": {
        "Positive": 0.0044096955098211765,
        "Negative": 0.005378750152885914,
        "Neutral": 0.9896131157875061,
        "Mixed": 0.0005984099698252976
    }
}
