{
    "Sentiment": "NEUTRAL",
    "SentimentScore": {
        "Positive": 0.02628270536661148,
        "Negative": 0.017615271732211113,
        "Neutral": 0.9534180760383606,
        "Mixed": 0.0026840479113161564
    }
}
