{
    "Sentiment": "NEUTRAL",
    "SentimentScore": {
        "Positive": 0.016500338912010193,
        "Negative": 0.15047906339168549,
        "Neutral": 0.8106580972671509,
        "Mixed": 0.02236248180270195
    }
}
