{
    "Sentiment": "NEUTRAL",
    "SentimentScore": {
        "Positive": 0.07583129405975342,
        "Negative": 0.008825849741697311,
        "Neutral": 0.9114718437194824,
        "Mixed": 0.0038709593936800957
    }
}
