{
    "Sentiment": "NEUTRAL",
    "SentimentScore": {
        "Positive": 0.026626892387866974,
        "Negative": 0.009872899390757084,
        "Neutral": 0.9596179723739624,
        "Mixed": 0.0038821978960186243
    }
}
