{
    "Sentiment": "NEUTRAL",
    "SentimentScore": {
        "Positive": 0.07166124880313873,
        "Negative": 0.010977793484926224,
        "Neutral": 0.9151564836502075,
        "Mixed": 0.0022044554352760315
    }
}
