{
    "Sentiment": "NEUTRAL",
    "SentimentScore": {
        "Positive": 0.0035962469410151243,
        "Negative": 0.0016713283257558942,
        "Neutral": 0.9943956136703491,
        "Mixed": 0.0003367697645444423
    }
}
