{
    "Sentiment": "NEUTRAL",
    "SentimentScore": {
        "Positive": 0.010809126310050488,
        "Negative": 0.08868473768234253,
        "Neutral": 0.8943105340003967,
        "Mixed": 0.006195505615323782
    }
}
