{
    "Sentiment": "NEUTRAL",
    "SentimentScore": {
        "Positive": 0.027327941730618477,
        "Negative": 0.05050927400588989,
        "Neutral": 0.9106412529945374,
        "Mixed": 0.011521435342729092
    }
}
