{
    "Sentiment": "NEUTRAL",
    "SentimentScore": {
        "Positive": 0.0069466507993638515,
        "Negative": 0.0017135782400146127,
        "Neutral": 0.9908577799797058,
        "Mixed": 0.0004818809393327683
    }
}
