{
    "Sentiment": "NEUTRAL",
    "SentimentScore": {
        "Positive": 0.0229715034365654,
        "Negative": 0.18899811804294586,
        "Neutral": 0.7781078219413757,
        "Mixed": 0.009922496974468231
    }
}
