{
    "Sentiment": "NEUTRAL",
    "SentimentScore": {
        "Positive": 0.007773813791573048,
        "Negative": 0.004612828139215708,
        "Neutral": 0.9870693683624268,
        "Mixed": 0.0005439211963675916
    }
}
