{
    "Sentiment": "NEUTRAL",
    "SentimentScore": {
        "Positive": 0.43213242292404175,
        "Negative": 0.0022153689060360193,
        "Neutral": 0.5583263635635376,
        "Mixed": 0.007325872778892517
    }
}
