{
    "Sentiment": "NEUTRAL",
    "SentimentScore": {
        "Positive": 0.08972513675689697,
        "Negative": 0.24388521909713745,
        "Neutral": 0.5091022849082947,
        "Mixed": 0.15728740394115448
    }
}
