{
    "Sentiment": "NEUTRAL",
    "SentimentScore": {
        "Positive": 0.025383105501532555,
        "Negative": 0.012510748580098152,
        "Neutral": 0.9542860984802246,
        "Mixed": 0.007820086553692818
    }
}
