{
    "Sentiment": "NEUTRAL",
    "SentimentScore": {
        "Positive": 0.011361325159668922,
        "Negative": 0.23362264037132263,
        "Neutral": 0.7444983720779419,
        "Mixed": 0.010517613962292671
    }
}
