{
    "Sentiment": "NEUTRAL",
    "SentimentScore": {
        "Positive": 0.05923621729016304,
        "Negative": 0.058165293186903,
        "Neutral": 0.8484014868736267,
        "Mixed": 0.03419697657227516
    }
}
