{
    "Sentiment": "NEUTRAL",
    "SentimentScore": {
        "Positive": 0.006495813373476267,
        "Negative": 0.02455569989979267,
        "Neutral": 0.9661447405815125,
        "Mixed": 0.0028036984149366617
    }
}
