{
    "Sentiment": "NEUTRAL",
    "SentimentScore": {
        "Positive": 0.003807401517406106,
        "Negative": 0.017779523506760597,
        "Neutral": 0.9760752320289612,
        "Mixed": 0.0023378890473395586
    }
}
