{
    "Sentiment": "NEUTRAL",
    "SentimentScore": {
        "Positive": 0.00787789560854435,
        "Negative": 0.003197976155206561,
        "Neutral": 0.9879314303398132,
        "Mixed": 0.0009927230421453714
    }
}
