{
    "Sentiment": "NEUTRAL",
    "SentimentScore": {
        "Positive": 0.014336607418954372,
        "Negative": 0.040436986833810806,
        "Neutral": 0.9362155199050903,
        "Mixed": 0.009010951966047287
    }
}
