{
    "Sentiment": "POSITIVE",
    "SentimentScore": {
        "Positive": 0.9336690902709961,
        "Negative": 0.002281223889440298,
        "Neutral": 0.05438004434108734,
        "Mixed": 0.009669535793364048
    }
}
