{
    "Sentiment": "NEUTRAL",
    "SentimentScore": {
        "Positive": 0.005250244401395321,
        "Negative": 0.0033569210208952427,
        "Neutral": 0.9902143478393555,
        "Mixed": 0.0011784102534875274
    }
}
