{
    "Sentiment": "NEUTRAL",
    "SentimentScore": {
        "Positive": 0.03310108184814453,
        "Negative": 0.13574469089508057,
        "Neutral": 0.8191339373588562,
        "Mixed": 0.012020335532724857
    }
}
