{
    "Sentiment": "NEUTRAL",
    "SentimentScore": {
        "Positive": 0.015961285680532455,
        "Negative": 0.017402898520231247,
        "Neutral": 0.9625185132026672,
        "Mixed": 0.004117249045521021
    }
}
