{
    "Sentiment": "NEUTRAL",
    "SentimentScore": {
        "Positive": 0.003988844342529774,
        "Negative": 0.03644439950585365,
        "Neutral": 0.9571040272712708,
        "Mixed": 0.0024627414532005787
    }
}
