{
    "Sentiment": "NEUTRAL",
    "SentimentScore": {
        "Positive": 0.011649012565612793,
        "Negative": 0.01708773709833622,
        "Neutral": 0.9685927629470825,
        "Mixed": 0.002670489950105548
    }
}
