{
    "Sentiment": "NEUTRAL",
    "SentimentScore": {
        "Positive": 0.043394457548856735,
        "Negative": 0.009135615080595016,
        "Neutral": 0.9460263848304749,
        "Mixed": 0.0014434762997552752
    }
}
