{
    "Sentiment": "NEUTRAL",
    "SentimentScore": {
        "Positive": 0.00952567346394062,
        "Negative": 0.0476490817964077,
        "Neutral": 0.9376515746116638,
        "Mixed": 0.005173669662326574
    }
}
