{
    "Sentiment": "NEUTRAL",
    "SentimentScore": {
        "Positive": 0.01787266694009304,
        "Negative": 0.143835186958313,
        "Neutral": 0.8178073167800903,
        "Mixed": 0.020484840497374535
    }
}
