{
    "Sentiment": "NEUTRAL",
    "SentimentScore": {
        "Positive": 0.012859025970101357,
        "Negative": 0.038737937808036804,
        "Neutral": 0.9437370896339417,
        "Mixed": 0.004665950778871775
    }
}
