{
    "Sentiment": "NEUTRAL",
    "SentimentScore": {
        "Positive": 0.015564806759357452,
        "Negative": 0.07992295175790787,
        "Neutral": 0.8992100358009338,
        "Mixed": 0.00530227879062295
    }
}
