{
    "Sentiment": "NEUTRAL",
    "SentimentScore": {
        "Positive": 0.046031653881073,
        "Negative": 0.03392384573817253,
        "Neutral": 0.911009669303894,
        "Mixed": 0.009034822694957256
    }
}
