{
    "Sentiment": "POSITIVE",
    "SentimentScore": {
        "Positive": 0.5279573798179626,
        "Negative": 0.07243651151657104,
        "Neutral": 0.343456894159317,
        "Mixed": 0.056149255484342575
    }
}
