{
    "Sentiment": "NEUTRAL",
    "SentimentScore": {
        "Positive": 0.22546467185020447,
        "Negative": 0.002396178897470236,
        "Neutral": 0.7683584094047546,
        "Mixed": 0.003780757077038288
    }
}
