{
    "Sentiment": "NEUTRAL",
    "SentimentScore": {
        "Positive": 0.002930267481133342,
        "Negative": 0.01925485208630562,
        "Neutral": 0.9762915968894958,
        "Mixed": 0.0015231827273964882
    }
}
