{
    "Sentiment": "NEUTRAL",
    "SentimentScore": {
        "Positive": 0.009861097671091557,
        "Negative": 0.19000427424907684,
        "Neutral": 0.7847697734832764,
        "Mixed": 0.01536483969539404
    }
}
