{
    "Sentiment": "NEUTRAL",
    "SentimentScore": {
        "Positive": 0.007142649032175541,
        "Negative": 0.005194936413317919,
        "Neutral": 0.9861651659011841,
        "Mixed": 0.0014972734497860074
    }
}
