{
    "Sentiment": "NEUTRAL",
    "SentimentScore": {
        "Positive": 0.00701470673084259,
        "Negative": 0.007122271228581667,
        "Neutral": 0.9850786924362183,
        "Mixed": 0.0007842769846320152
    }
}
