{
    "Sentiment": "NEUTRAL",
    "SentimentScore": {
        "Positive": 0.046817079186439514,
        "Negative": 0.20579347014427185,
        "Neutral": 0.7123649716377258,
        "Mixed": 0.03502453491091728
    }
}
