{
    "Sentiment": "NEUTRAL",
    "SentimentScore": {
        "Positive": 0.0031165971886366606,
        "Negative": 0.0022389681544154882,
        "Neutral": 0.9943453073501587,
        "Mixed": 0.00029915408231317997
    }
}
