{
    "Sentiment": "NEUTRAL",
    "SentimentScore": {
        "Positive": 0.001716757076792419,
        "Negative": 0.20511041581630707,
        "Neutral": 0.7829942107200623,
        "Mixed": 0.010178571566939354
    }
}
