{
    "Sentiment": "NEUTRAL",
    "SentimentScore": {
        "Positive": 0.0019600882660597563,
        "Negative": 0.035977885127067566,
        "Neutral": 0.9598138332366943,
        "Mixed": 0.0022482178173959255
    }
}
