{
    "Sentiment": "NEUTRAL",
    "SentimentScore": {
        "Positive": 0.02997891791164875,
        "Negative": 0.07731317728757858,
        "Neutral": 0.8799102902412415,
        "Mixed": 0.012797643430531025
    }
}
