{
    "Sentiment": "NEUTRAL",
    "SentimentScore": {
        "Positive": 0.001724377041682601,
        "Negative": 0.026181338354945183,
        "Neutral": 0.9708775281906128,
        "Mixed": 0.0012167958775535226
    }
}
