{
    "Sentiment": "POSITIVE",
    "SentimentScore": {
        "Positive": 0.9749295711517334,
        "Negative": 0.0005185967893339694,
        "Neutral": 0.02137371525168419,
        "Mixed": 0.003178219310939312
    }
}
