{
    "Sentiment": "NEUTRAL",
    "SentimentScore": {
        "Positive": 0.01310951542109251,
        "Negative": 0.017766732722520828,
        "Neutral": 0.9649403691291809,
        "Mixed": 0.004183444660156965
    }
}
