{
    "Sentiment": "NEUTRAL",
    "SentimentScore": {
        "Positive": 0.0030241296626627445,
        "Negative": 0.0885394886136055,
        "Neutral": 0.905960202217102,
        "Mixed": 0.002476247027516365
    }
}
