{
    "Sentiment": "NEUTRAL",
    "SentimentScore": {
        "Positive": 0.04138758406043053,
        "Negative": 0.30276113748550415,
        "Neutral": 0.6419609785079956,
        "Mixed": 0.013890285044908524
    }
}
