{
    "Sentiment": "NEUTRAL",
    "SentimentScore": {
        "Positive": 0.002943075029179454,
        "Negative": 0.029241930693387985,
        "Neutral": 0.9657562375068665,
        "Mixed": 0.00205875257961452
    }
}
