{
    "Sentiment": "NEUTRAL",
    "SentimentScore": {
        "Positive": 0.008266188204288483,
        "Negative": 0.008914444595575333,
        "Neutral": 0.9807451963424683,
        "Mixed": 0.0020742020569741726
    }
}
