{
    "Sentiment": "NEUTRAL",
    "SentimentScore": {
        "Positive": 0.0013569284928962588,
        "Negative": 0.43223875761032104,
        "Neutral": 0.558975875377655,
        "Mixed": 0.007428504526615143
    }
}
