{
    "Sentiment": "NEUTRAL",
    "SentimentScore": {
        "Positive": 0.01220820751041174,
        "Negative": 0.034906454384326935,
        "Neutral": 0.9470667839050293,
        "Mixed": 0.005818652454763651
    }
}
