{
    "Sentiment": "NEUTRAL",
    "SentimentScore": {
        "Positive": 0.004664962645620108,
        "Negative": 0.0038907998241484165,
        "Neutral": 0.9910153746604919,
        "Mixed": 0.00042885125731118023
    }
}
