{
    "Sentiment": "NEGATIVE",
    "SentimentScore": {
        "Positive": 0.019881784915924072,
        "Negative": 0.5792897343635559,
        "Neutral": 0.3840574622154236,
        "Mixed": 0.016770977526903152
    }
}
