{
    "Sentiment": "NEUTRAL",
    "SentimentScore": {
        "Positive": 0.06828127801418304,
        "Negative": 0.11573696881532669,
        "Neutral": 0.7947332859039307,
        "Mixed": 0.021248478442430496
    }
}
