{
    "Sentiment": "NEUTRAL",
    "SentimentScore": {
        "Positive": 0.010698983445763588,
        "Negative": 0.04516032710671425,
        "Neutral": 0.929421603679657,
        "Mixed": 0.014719144441187382
    }
}
