{
    "Sentiment": "NEUTRAL",
    "SentimentScore": {
        "Positive": 0.002205628203228116,
        "Negative": 0.016220400109887123,
        "Neutral": 0.980077862739563,
        "Mixed": 0.001496063661761582
    }
}
