{
    "Sentiment": "NEUTRAL",
    "SentimentScore": {
        "Positive": 0.034881699830293655,
        "Negative": 0.008208896964788437,
        "Neutral": 0.9528474807739258,
        "Mixed": 0.004061872139573097
    }
}
