{
    "Sentiment": "NEUTRAL",
    "SentimentScore": {
        "Positive": 0.007565127220004797,
        "Negative": 0.047353751957416534,
        "Neutral": 0.9327500462532043,
        "Mixed": 0.0123311011120677
    }
}
