{
    "Sentiment": "NEUTRAL",
    "SentimentScore": {
        "Positive": 0.0905807614326477,
        "Negative": 0.011986784636974335,
        "Neutral": 0.8863292336463928,
        "Mixed": 0.01110325288027525
    }
}
