{
    "Sentiment": "NEUTRAL",
    "SentimentScore": {
        "Positive": 0.0047545405104756355,
        "Negative": 0.01013099867850542,
        "Neutral": 0.9837982058525085,
        "Mixed": 0.001316278357990086
    }
}
