{
    "Sentiment": "NEUTRAL",
    "SentimentScore": {
        "Positive": 0.002846834948286414,
        "Negative": 0.22859054803848267,
        "Neutral": 0.7593898773193359,
        "Mixed": 0.009172792546451092
    }
}
