{
    "Sentiment": "NEUTRAL",
    "SentimentScore": {
        "Positive": 0.1564493328332901,
        "Negative": 0.00467397877946496,
        "Neutral": 0.8352161645889282,
        "Mixed": 0.0036605033092200756
    }
}
