{
    "Sentiment": "NEUTRAL",
    "SentimentScore": {
        "Positive": 0.040394965559244156,
        "Negative": 0.01990639790892601,
        "Neutral": 0.9328540563583374,
        "Mixed": 0.00684449914842844
    }
}
