{
    "Sentiment": "NEUTRAL",
    "SentimentScore": {
        "Positive": 0.012476043775677681,
        "Negative": 0.13676340878009796,
        "Neutral": 0.8285545110702515,
        "Mixed": 0.022206051275134087
    }
}
