{
    "Sentiment": "NEUTRAL",
    "SentimentScore": {
        "Positive": 0.002336340257897973,
        "Negative": 0.011819340288639069,
        "Neutral": 0.9845985174179077,
        "Mixed": 0.0012457587290555239
    }
}
