{
    "Sentiment": "NEUTRAL",
    "SentimentScore": {
        "Positive": 0.35377073287963867,
        "Negative": 0.007883288897573948,
        "Neutral": 0.6317879557609558,
        "Mixed": 0.006558023858815432
    }
}
