{
    "Sentiment": "NEUTRAL",
    "SentimentScore": {
        "Positive": 0.03048534505069256,
        "Negative": 0.077007956802845,
        "Neutral": 0.8641168475151062,
        "Mixed": 0.028389884158968925
    }
}
