{
    "Sentiment": "NEUTRAL",
    "SentimentScore": {
        "Positive": 0.015337403863668442,
        "Negative": 0.005712958984076977,
        "Neutral": 0.9776597619056702,
        "Mixed": 0.0012898776913061738
    }
}
