{
    "Sentiment": "NEUTRAL",
    "SentimentScore": {
        "Positive": 0.0040327925235033035,
        "Negative": 0.02005256898701191,
        "Neutral": 0.9739763736724854,
        "Mixed": 0.001938325702212751
    }
}
