{
    "Sentiment": "NEUTRAL",
    "SentimentScore": {
        "Positive": 0.02341429516673088,
        "Negative": 0.006232823245227337,
        "Neutral": 0.9689881801605225,
        "Mixed": 0.001364832278341055
    }
}
