{
    "Sentiment": "NEUTRAL",
    "SentimentScore": {
        "Positive": 0.33879855275154114,
        "Negative": 0.022419437766075134,
        "Neutral": 0.6270256042480469,
        "Mixed": 0.01175637636333704
    }
}
