{
    "Sentiment": "NEUTRAL",
    "SentimentScore": {
        "Positive": 0.15199778974056244,
        "Negative": 0.003049720311537385,
        "Neutral": 0.8424383997917175,
        "Mixed": 0.0025141029618680477
    }
}
