{
    "Sentiment": "NEUTRAL",
    "SentimentScore": {
        "Positive": 0.015777945518493652,
        "Negative": 0.028946993872523308,
        "Neutral": 0.9509608149528503,
        "Mixed": 0.004314268473535776
    }
}
