{
    "Sentiment": "NEUTRAL",
    "SentimentScore": {
        "Positive": 0.004323964007198811,
        "Negative": 0.05947825685143471,
        "Neutral": 0.9302712082862854,
        "Mixed": 0.0059265997260808945
    }
}
