{
    "Sentiment": "NEUTRAL",
    "SentimentScore": {
        "Positive": 0.01221618801355362,
        "Negative": 0.02746395580470562,
        "Neutral": 0.9551478624343872,
        "Mixed": 0.0051719616167247295
    }
}
