{
    "Sentiment": "NEUTRAL",
    "SentimentScore": {
        "Positive": 0.0132336700335145,
        "Negative": 0.0043787467293441296,
        "Neutral": 0.9815183877944946,
        "Mixed": 0.0008691198308952153
    }
}
