{
    "Sentiment": "NEUTRAL",
    "SentimentScore": {
        "Positive": 0.18596184253692627,
        "Negative": 0.01811540685594082,
        "Neutral": 0.7811468839645386,
        "Mixed": 0.014775902032852173
    }
}
