{
    "Sentiment": "NEUTRAL",
    "SentimentScore": {
        "Positive": 0.0037248500157147646,
        "Negative": 0.47052937746047974,
        "Neutral": 0.5123853087425232,
        "Mixed": 0.01336048636585474
    }
}
