{
    "Sentiment": "NEUTRAL",
    "SentimentScore": {
        "Positive": 0.10794825851917267,
        "Negative": 0.16583873331546783,
        "Neutral": 0.718352735042572,
        "Mixed": 0.007860290817916393
    }
}
