{
    "Sentiment": "NEUTRAL",
    "SentimentScore": {
        "Positive": 0.00885042455047369,
        "Negative": 0.0075488584116101265,
        "Neutral": 0.981279730796814,
        "Mixed": 0.0023209527134895325
    }
}
