{
    "Sentiment": "NEUTRAL",
    "SentimentScore": {
        "Positive": 0.016669070348143578,
        "Negative": 0.0651741772890091,
        "Neutral": 0.9125568866729736,
        "Mixed": 0.005599855445325375
    }
}
