{
    "Sentiment": "NEUTRAL",
    "SentimentScore": {
        "Positive": 0.007550444453954697,
        "Negative": 0.0028657368384301662,
        "Neutral": 0.9888206720352173,
        "Mixed": 0.000763182295486331
    }
}
