{
    "Sentiment": "NEUTRAL",
    "SentimentScore": {
        "Positive": 0.010988823138177395,
        "Negative": 0.005361519288271666,
        "Neutral": 0.9828622937202454,
        "Mixed": 0.0007873309077695012
    }
}
