{
    "Sentiment": "NEUTRAL",
    "SentimentScore": {
        "Positive": 0.08488459140062332,
        "Negative": 0.00717133330181241,
        "Neutral": 0.9023375511169434,
        "Mixed": 0.005606533493846655
    }
}
