{
    "Sentiment": "NEUTRAL",
    "SentimentScore": {
        "Positive": 0.00980568677186966,
        "Negative": 0.043851517140865326,
        "Neutral": 0.9441879987716675,
        "Mixed": 0.0021548003423959017
    }
}
