{
    "Sentiment": "NEUTRAL",
    "SentimentScore": {
        "Positive": 0.0753471702337265,
        "Negative": 0.022783730179071426,
        "Neutral": 0.8975435495376587,
        "Mixed": 0.004325559362769127
    }
}
