{
    "Sentiment": "NEUTRAL",
    "SentimentScore": {
        "Positive": 0.19316133856773376,
        "Negative": 0.04344999045133591,
        "Neutral": 0.7505903244018555,
        "Mixed": 0.012798338197171688
    }
}
