{
    "Sentiment": "NEUTRAL",
    "SentimentScore": {
        "Positive": 0.03469107672572136,
        "Negative": 0.2044040709733963,
        "Neutral": 0.7476450204849243,
        "Mixed": 0.013259826228022575
    }
}
