{
    "Sentiment": "NEUTRAL",
    "SentimentScore": {
        "Positive": 0.011649246327579021,
        "Negative": 0.0026331201661378145,
        "Neutral": 0.985104501247406,
        "Mixed": 0.0006130847032181919
    }
}
