{
    "Sentiment": "NEUTRAL",
    "SentimentScore": {
        "Positive": 0.0035729422233998775,
        "Negative": 0.005906136706471443,
        "Neutral": 0.9897702932357788,
        "Mixed": 0.0007506372639909387
    }
}
