{
    "Sentiment": "NEUTRAL",
    "SentimentScore": {
        "Positive": 0.005035005044192076,
        "Negative": 0.022288495674729347,
        "Neutral": 0.969284176826477,
        "Mixed": 0.003392340149730444
    }
}
