{
    "Sentiment": "NEUTRAL",
    "SentimentScore": {
        "Positive": 0.036137428134679794,
        "Negative": 0.02130914479494095,
        "Neutral": 0.9387467503547668,
        "Mixed": 0.0038066930137574673
    }
}
