{
    "Sentiment": "NEUTRAL",
    "SentimentScore": {
        "Positive": 0.0042923325672745705,
        "Negative": 0.0032628399785608053,
        "Neutral": 0.9918394088745117,
        "Mixed": 0.0006053762626834214
    }
}
