{
    "Sentiment": "NEUTRAL",
    "SentimentScore": {
        "Positive": 0.00304012349806726,
        "Negative": 0.3138924241065979,
        "Neutral": 0.6670512557029724,
        "Mixed": 0.01601620763540268
    }
}
