{
    "Sentiment": "NEUTRAL",
    "SentimentScore": {
        "Positive": 0.013916132040321827,
        "Negative": 0.01356112863868475,
        "Neutral": 0.9707330465316772,
        "Mixed": 0.0017896891804412007
    }
}
