{
    "Sentiment": "NEUTRAL",
    "SentimentScore": {
        "Positive": 0.0020076411310583353,
        "Negative": 0.004987967200577259,
        "Neutral": 0.9925724267959595,
        "Mixed": 0.00043189802090637386
    }
}
