{
    "Sentiment": "NEUTRAL",
    "SentimentScore": {
        "Positive": 0.0033174860291182995,
        "Negative": 0.005776513833552599,
        "Neutral": 0.9901728630065918,
        "Mixed": 0.0007331074448302388
    }
}
