{
    "Sentiment": "NEUTRAL",
    "SentimentScore": {
        "Positive": 0.012266704812645912,
        "Negative": 0.1502319872379303,
        "Neutral": 0.8280922770500183,
        "Mixed": 0.009409062564373016
    }
}
