{
    "Sentiment": "NEUTRAL",
    "SentimentScore": {
        "Positive": 0.003880411619320512,
        "Negative": 0.14533795416355133,
        "Neutral": 0.8455624580383301,
        "Mixed": 0.005219115410000086
    }
}
