{
    "Sentiment": "NEUTRAL",
    "SentimentScore": {
        "Positive": 0.012427186593413353,
        "Negative": 0.009866023436188698,
        "Neutral": 0.9739891290664673,
        "Mixed": 0.0037177102640271187
    }
}
