{
    "Sentiment": "NEUTRAL",
    "SentimentScore": {
        "Positive": 0.017575593665242195,
        "Negative": 0.37285116314888,
        "Neutral": 0.566163182258606,
        "Mixed": 0.043409962207078934
    }
}
