{
    "Sentiment": "NEUTRAL",
    "SentimentScore": {
        "Positive": 0.3113250732421875,
        "Negative": 0.02959284745156765,
        "Neutral": 0.6392157673835754,
        "Mixed": 0.019866319373250008
    }
}
