{
    "Sentiment": "NEUTRAL",
    "SentimentScore": {
        "Positive": 0.3222156763076782,
        "Negative": 0.03228333592414856,
        "Neutral": 0.6265854239463806,
        "Mixed": 0.018915539607405663
    }
}
