{
    "Sentiment": "NEUTRAL",
    "SentimentScore": {
        "Positive": 0.005182108376175165,
        "Negative": 0.025750411674380302,
        "Neutral": 0.9653642773628235,
        "Mixed": 0.003703169757500291
    }
}
