{
    "Sentiment": "NEUTRAL",
    "SentimentScore": {
        "Positive": 0.003447490045800805,
        "Negative": 0.044098690152168274,
        "Neutral": 0.9489287734031677,
        "Mixed": 0.0035250773653388023
    }
}
