{
    "Sentiment": "NEUTRAL",
    "SentimentScore": {
        "Positive": 0.052593715488910675,
        "Negative": 0.0067016929388046265,
        "Neutral": 0.9370565414428711,
        "Mixed": 0.003648078767582774
    }
}
