{
    "Sentiment": "NEGATIVE",
    "SentimentScore": {
        "Positive": 0.002476615598425269,
        "Negative": 0.7217215895652771,
        "Neutral": 0.24797716736793518,
        "Mixed": 0.027824651449918747
    }
}
