{
    "Sentiment": "POSITIVE",
    "SentimentScore": {
        "Positive": 0.755753755569458,
        "Negative": 0.0006457196432165802,
        "Neutral": 0.24042882025241852,
        "Mixed": 0.003171695861965418
    }
}
