{
    "Sentiment": "NEUTRAL",
    "SentimentScore": {
        "Positive": 0.4555607736110687,
        "Negative": 0.00479164021089673,
        "Neutral": 0.5363630056381226,
        "Mixed": 0.003284567268565297
    }
}
