{
    "Sentiment": "NEUTRAL",
    "SentimentScore": {
        "Positive": 0.016284584999084473,
        "Negative": 0.02086607553064823,
        "Neutral": 0.9608107209205627,
        "Mixed": 0.002038561971858144
    }
}
