{
    "Sentiment": "NEUTRAL",
    "SentimentScore": {
        "Positive": 0.0034693933557718992,
        "Negative": 0.021516792476177216,
        "Neutral": 0.9727237224578857,
        "Mixed": 0.002290039788931608
    }
}
