{
    "Sentiment": "POSITIVE",
    "SentimentScore": {
        "Positive": 0.6364996433258057,
        "Negative": 0.0007123384275473654,
        "Neutral": 0.35876256227493286,
        "Mixed": 0.004025482106953859
    }
}
