{
    "Sentiment": "NEUTRAL",
    "SentimentScore": {
        "Positive": 0.034206800162792206,
        "Negative": 0.1572493016719818,
        "Neutral": 0.8000496625900269,
        "Mixed": 0.00849422998726368
    }
}
