{
    "Sentiment": "NEUTRAL",
    "SentimentScore": {
        "Positive": 0.0024621011689305305,
        "Negative": 0.020443623885512352,
        "Neutral": 0.9758949875831604,
        "Mixed": 0.0011993488296866417
    }
}
