{
    "Sentiment": "NEUTRAL",
    "SentimentScore": {
        "Positive": 0.007096005603671074,
        "Negative": 0.018451934680342674,
        "Neutral": 0.9708770513534546,
        "Mixed": 0.0035750579554587603
    }
}
