{
    "Sentiment": "NEUTRAL",
    "SentimentScore": {
        "Positive": 0.03699062764644623,
        "Negative": 0.0027002962306141853,
        "Neutral": 0.9586337208747864,
        "Mixed": 0.001675290404818952
    }
}
