{
    "Sentiment": "NEUTRAL",
    "SentimentScore": {
        "Positive": 0.007455768994987011,
        "Negative": 0.0025480096228420734,
        "Neutral": 0.9892405867576599,
        "Mixed": 0.0007556482451036572
    }
}
