{
    "Sentiment": "NEUTRAL",
    "SentimentScore": {
        "Positive": 0.03430786728858948,
        "Negative": 0.010441247373819351,
        "Neutral": 0.9515200257301331,
        "Mixed": 0.00373083190061152
    }
}
