{
    "Sentiment": "NEUTRAL",
    "SentimentScore": {
        "Positive": 0.1180654764175415,
        "Negative": 0.003260892815887928,
        "Neutral": 0.8767225742340088,
        "Mixed": 0.0019510779529809952
    }
}
