{
    "Sentiment": "NEUTRAL",
    "SentimentScore": {
        "Positive": 0.00753956101834774,
        "Negative": 0.35325074195861816,
        "Neutral": 0.6062687039375305,
        "Mixed": 0.03294093534350395
    }
}
