{
    "Sentiment": "NEUTRAL",
    "SentimentScore": {
        "Positive": 0.015755755826830864,
        "Negative": 0.045173630118370056,
        "Neutral": 0.9345470070838928,
        "Mixed": 0.004523559007793665
    }
}
