{
    "Sentiment": "NEUTRAL",
    "SentimentScore": {
        "Positive": 0.026323912665247917,
        "Negative": 0.006138863041996956,
        "Neutral": 0.9657124280929565,
        "Mixed": 0.0018248383421450853
    }
}
