{
    "Sentiment": "NEUTRAL",
    "SentimentScore": {
        "Positive": 0.012222913093864918,
        "Negative": 0.055871788412332535,
        "Neutral": 0.9266536235809326,
        "Mixed": 0.005251687485724688
    }
}
