{
    "Sentiment": "NEUTRAL",
    "SentimentScore": {
        "Positive": 0.04879070445895195,
        "Negative": 0.008793582208454609,
        "Neutral": 0.9398351907730103,
        "Mixed": 0.0025805493351072073
    }
}
