{
    "Sentiment": "NEUTRAL",
    "SentimentScore": {
        "Positive": 0.021504083648324013,
        "Negative": 0.004468121565878391,
        "Neutral": 0.9726476073265076,
        "Mixed": 0.001380158239044249
    }
}
