{
    "Sentiment": "NEUTRAL",
    "SentimentScore": {
        "Positive": 0.10416720807552338,
        "Negative": 0.008292351849377155,
        "Neutral": 0.8750529885292053,
        "Mixed": 0.012487449683248997
    }
}
