{
    "Sentiment": "NEUTRAL",
    "SentimentScore": {
        "Positive": 0.22270271182060242,
        "Negative": 0.021855318918824196,
        "Neutral": 0.731975257396698,
        "Mixed": 0.023466667160391808
    }
}
