{
    "Sentiment": "NEUTRAL",
    "SentimentScore": {
        "Positive": 0.15688370168209076,
        "Negative": 0.02724871039390564,
        "Neutral": 0.8073628544807434,
        "Mixed": 0.008504819124937057
    }
}
