{
    "Sentiment": "NEUTRAL",
    "SentimentScore": {
        "Positive": 0.003043682314455509,
        "Negative": 0.019016997888684273,
        "Neutral": 0.976493239402771,
        "Mixed": 0.0014461646787822247
    }
}
