{
    "Sentiment": "NEUTRAL",
    "SentimentScore": {
        "Positive": 0.013830188661813736,
        "Negative": 0.15635272860527039,
        "Neutral": 0.8189858198165894,
        "Mixed": 0.010831205174326897
    }
}
