{
    "Sentiment": "NEUTRAL",
    "SentimentScore": {
        "Positive": 0.012171492911875248,
        "Negative": 0.006481635849922895,
        "Neutral": 0.9793925881385803,
        "Mixed": 0.001954358769580722
    }
}
