{
    "Sentiment": "NEUTRAL",
    "SentimentScore": {
        "Positive": 0.00937427207827568,
        "Negative": 0.06499798595905304,
        "Neutral": 0.9114227294921875,
        "Mixed": 0.014205041341483593
    }
}
