{
    "Sentiment": "NEUTRAL",
    "SentimentScore": {
        "Positive": 0.0016782473539933562,
        "Negative": 0.007015428505837917,
        "Neutral": 0.990772008895874,
        "Mixed": 0.0005343399243429303
    }
}
