{
    "Sentiment": "NEUTRAL",
    "SentimentScore": {
        "Positive": 0.005193330813199282,
        "Negative": 0.004730126354843378,
        "Neutral": 0.9890419840812683,
        "Mixed": 0.0010346054332330823
    }
}
