{
    "Sentiment": "NEUTRAL",
    "SentimentScore": {
        "Positive": 0.02757495827972889,
        "Negative": 0.08882695436477661,
        "Neutral": 0.8696052432060242,
        "Mixed": 0.013992778025567532
    }
}
