{
    "Sentiment": "NEUTRAL",
    "SentimentScore": {
        "Positive": 0.007810424547642469,
        "Negative": 0.005650607869029045,
        "Neutral": 0.985183835029602,
        "Mixed": 0.0013550638686865568
    }
}
