{
    "Sentiment": "NEUTRAL",
    "SentimentScore": {
        "Positive": 0.006026920396834612,
        "Negative": 0.015061324462294579,
        "Neutral": 0.9774959087371826,
        "Mixed": 0.0014158017002046108
    }
}
