{
    "Sentiment": "NEUTRAL",
    "SentimentScore": {
        "Positive": 0.005890388507395983,
        "Negative": 0.021016869693994522,
        "Neutral": 0.9698032736778259,
        "Mixed": 0.00328961038030684
    }
}
