{
    "Sentiment": "NEUTRAL",
    "SentimentScore": {
        "Positive": 0.0057362583465874195,
        "Negative": 0.008001454174518585,
        "Neutral": 0.9854415655136108,
        "Mixed": 0.0008206168422475457
    }
}
