{
    "Sentiment": "NEUTRAL",
    "SentimentScore": {
        "Positive": 0.01668783463537693,
        "Negative": 0.34302395582199097,
        "Neutral": 0.6244396567344666,
        "Mixed": 0.015848588198423386
    }
}
