{
    "Sentiment": "NEUTRAL",
    "SentimentScore": {
        "Positive": 0.017316846176981926,
        "Negative": 0.028659293428063393,
        "Neutral": 0.9489926099777222,
        "Mixed": 0.005031172651797533
    }
}
