{
    "Sentiment": "POSITIVE",
    "SentimentScore": {
        "Positive": 0.5350245237350464,
        "Negative": 0.05963528901338577,
        "Neutral": 0.06916985660791397,
        "Mixed": 0.3361703157424927
    }
}
