{
    "Sentiment": "NEUTRAL",
    "SentimentScore": {
        "Positive": 0.004601742140948772,
        "Negative": 0.009980136528611183,
        "Neutral": 0.9832735061645508,
        "Mixed": 0.0021446947939693928
    }
}
