{
    "Sentiment": "NEUTRAL",
    "SentimentScore": {
        "Positive": 0.005531356204301119,
        "Negative": 0.033861495554447174,
        "Neutral": 0.9546404480934143,
        "Mixed": 0.00596661027520895
    }
}
