{
    "Sentiment": "NEUTRAL",
    "SentimentScore": {
        "Positive": 0.31003448367118835,
        "Negative": 0.02448466420173645,
        "Neutral": 0.6605414748191833,
        "Mixed": 0.004939391277730465
    }
}
