{
    "Sentiment": "NEUTRAL",
    "SentimentScore": {
        "Positive": 0.32676342129707336,
        "Negative": 0.007347331382334232,
        "Neutral": 0.6451239585876465,
        "Mixed": 0.020765265449881554
    }
}
