{
    "Sentiment": "NEUTRAL",
    "SentimentScore": {
        "Positive": 0.1892061084508896,
        "Negative": 0.004460977856069803,
        "Neutral": 0.7968381643295288,
        "Mixed": 0.009494745172560215
    }
}
