{
    "Sentiment": "NEUTRAL",
    "SentimentScore": {
        "Positive": 0.0035271653905510902,
        "Negative": 0.001887026708573103,
        "Neutral": 0.9943416118621826,
        "Mixed": 0.00024421230773441494
    }
}
