{
    "Sentiment": "NEUTRAL",
    "SentimentScore": {
        "Positive": 0.008336869068443775,
        "Negative": 0.013470855541527271,
        "Neutral": 0.9758549332618713,
        "Mixed": 0.002337332349270582
    }
}
