{
    "Sentiment": "NEUTRAL",
    "SentimentScore": {
        "Positive": 0.015478907153010368,
        "Negative": 0.06821493804454803,
        "Neutral": 0.9032841324806213,
        "Mixed": 0.013022078201174736
    }
}
