{
    "Sentiment": "NEUTRAL",
    "SentimentScore": {
        "Positive": 0.0019718408584594727,
        "Negative": 0.004265751224011183,
        "Neutral": 0.9933443069458008,
        "Mixed": 0.00041817405144684017
    }
}
