{
    "Sentiment": "NEUTRAL",
    "SentimentScore": {
        "Positive": 0.07276556640863419,
        "Negative": 0.005918360315263271,
        "Neutral": 0.9136514067649841,
        "Mixed": 0.007664681877940893
    }
}
