{
    "Sentiment": "NEUTRAL",
    "SentimentScore": {
        "Positive": 0.008356699720025063,
        "Negative": 0.024791572242975235,
        "Neutral": 0.9616081714630127,
        "Mixed": 0.0052435267716646194
    }
}
