{
    "Sentiment": "NEUTRAL",
    "SentimentScore": {
        "Positive": 0.3172282576560974,
        "Negative": 0.004510295111685991,
        "Neutral": 0.6727666258811951,
        "Mixed": 0.005494816228747368
    }
}
