{
    "Sentiment": "NEUTRAL",
    "SentimentScore": {
        "Positive": 0.3156683146953583,
        "Negative": 0.005189392250031233,
        "Neutral": 0.6675415635108948,
        "Mixed": 0.011600647121667862
    }
}
