{
    "Sentiment": "NEUTRAL",
    "SentimentScore": {
        "Positive": 0.0064586312510073185,
        "Negative": 0.009802090004086494,
        "Neutral": 0.9821670055389404,
        "Mixed": 0.001572291599586606
    }
}
