{
    "Sentiment": "POSITIVE",
    "SentimentScore": {
        "Positive": 0.705136239528656,
        "Negative": 0.09246987104415894,
        "Neutral": 0.1353551298379898,
        "Mixed": 0.06703869253396988
    }
}
