{
    "Sentiment": "NEUTRAL",
    "SentimentScore": {
        "Positive": 0.08667121082544327,
        "Negative": 0.014064505696296692,
        "Neutral": 0.8945820927619934,
        "Mixed": 0.0046822503209114075
    }
}
