{
    "Sentiment": "NEUTRAL",
    "SentimentScore": {
        "Positive": 0.010952046141028404,
        "Negative": 0.008779971860349178,
        "Neutral": 0.978460967540741,
        "Mixed": 0.0018070179503411055
    }
}
