{
    "Sentiment": "NEUTRAL",
    "SentimentScore": {
        "Positive": 0.003499482525512576,
        "Negative": 0.10336998850107193,
        "Neutral": 0.8873344659805298,
        "Mixed": 0.005796007812023163
    }
}
