{
    "Sentiment": "NEUTRAL",
    "SentimentScore": {
        "Positive": 0.3606424629688263,
        "Negative": 0.004997813142836094,
        "Neutral": 0.6229843497276306,
        "Mixed": 0.011375381611287594
    }
}
