{
    "Sentiment": "POSITIVE",
    "SentimentScore": {
        "Positive": 0.6895689368247986,
        "Negative": 0.0068029616959393024,
        "Neutral": 0.29323074221611023,
        "Mixed": 0.010397383943200111
    }
}
