{
    "Sentiment": "NEUTRAL",
    "SentimentScore": {
        "Positive": 0.003016242990270257,
        "Negative": 0.001704275724478066,
        "Neutral": 0.9947662353515625,
        "Mixed": 0.0005131844081915915
    }
}
