{
    "Sentiment": "NEUTRAL",
    "SentimentScore": {
        "Positive": 0.02377341128885746,
        "Negative": 0.01335497573018074,
        "Neutral": 0.9602657556533813,
        "Mixed": 0.0026058130897581577
    }
}
