{
    "Sentiment": "NEUTRAL",
    "SentimentScore": {
        "Positive": 0.2891944944858551,
        "Negative": 0.021129349246621132,
        "Neutral": 0.6867380142211914,
        "Mixed": 0.0029381210915744305
    }
}
