{
    "Sentiment": "MIXED",
    "SentimentScore": {
        "Positive": 0.09647951275110245,
        "Negative": 0.07254254072904587,
        "Neutral": 0.29790621995925903,
        "Mixed": 0.5330716967582703
    }
}
