{
    "Sentiment": "NEUTRAL",
    "SentimentScore": {
        "Positive": 0.0030240043997764587,
        "Negative": 0.008076775819063187,
        "Neutral": 0.9883404970169067,
        "Mixed": 0.0005587556515820324
    }
}
