{
    "Sentiment": "NEUTRAL",
    "SentimentScore": {
        "Positive": 0.0015053937677294016,
        "Negative": 0.007758221123367548,
        "Neutral": 0.9903191328048706,
        "Mixed": 0.0004173557972535491
    }
}
