{
    "Sentiment": "NEUTRAL",
    "SentimentScore": {
        "Positive": 0.012448051944375038,
        "Negative": 0.03825648874044418,
        "Neutral": 0.9424705505371094,
        "Mixed": 0.006824922282248735
    }
}
