{
    "Sentiment": "NEUTRAL",
    "SentimentScore": {
        "Positive": 0.00583308283239603,
        "Negative": 0.013071853667497635,
        "Neutral": 0.9799091219902039,
        "Mixed": 0.0011858533835038543
    }
}
