{
    "Sentiment": "NEUTRAL",
    "SentimentScore": {
        "Positive": 0.0199704822152853,
        "Negative": 0.06729193031787872,
        "Neutral": 0.9020767211914062,
        "Mixed": 0.010660906322300434
    }
}
