{
    "Sentiment": "NEUTRAL",
    "SentimentScore": {
        "Positive": 0.0035718497820198536,
        "Negative": 0.13678954541683197,
        "Neutral": 0.8512078523635864,
        "Mixed": 0.00843079574406147
    }
}
