{
    "Sentiment": "NEUTRAL",
    "SentimentScore": {
        "Positive": 0.008142221719026566,
        "Negative": 0.04001037776470184,
        "Neutral": 0.945796549320221,
        "Mixed": 0.0060508460737764835
    }
}
