{
    "Sentiment": "NEUTRAL",
    "SentimentScore": {
        "Positive": 0.008550332859158516,
        "Negative": 0.033985137939453125,
        "Neutral": 0.9522226452827454,
        "Mixed": 0.00524193374440074
    }
}
