{
    "Sentiment": "NEUTRAL",
    "SentimentScore": {
        "Positive": 0.003692324971780181,
        "Negative": 0.14671480655670166,
        "Neutral": 0.8417906761169434,
        "Mixed": 0.007802218198776245
    }
}
