{
    "Sentiment": "NEUTRAL",
    "SentimentScore": {
        "Positive": 0.1720934361219406,
        "Negative": 0.01345784030854702,
        "Neutral": 0.8078624606132507,
        "Mixed": 0.0065862745977938175
    }
}
