{
    "Sentiment": "NEUTRAL",
    "SentimentScore": {
        "Positive": 0.013585108332335949,
        "Negative": 0.0053873988799750805,
        "Neutral": 0.980252742767334,
        "Mixed": 0.0007747049094177783
    }
}
