{
    "Sentiment": "NEUTRAL",
    "SentimentScore": {
        "Positive": 0.003599786199629307,
        "Negative": 0.07128508388996124,
        "Neutral": 0.9187697172164917,
        "Mixed": 0.006345486268401146
    }
}
