{
    "Sentiment": "NEUTRAL",
    "SentimentScore": {
        "Positive": 0.0020006108097732067,
        "Negative": 0.001357168541289866,
        "Neutral": 0.9964141845703125,
        "Mixed": 0.00022810233349446207
    }
}
