{
    "Sentiment": "NEUTRAL",
    "SentimentScore": {
        "Positive": 0.003047891426831484,
        "Negative": 0.024705223739147186,
        "Neutral": 0.9702909588813782,
        "Mixed": 0.001955887768417597
    }
}
