{
    "Sentiment": "NEUTRAL",
    "SentimentScore": {
        "Positive": 0.008174802176654339,
        "Negative": 0.00712528545409441,
        "Neutral": 0.9837504029273987,
        "Mixed": 0.0009495556587353349
    }
}
