{
    "Sentiment": "NEUTRAL",
    "SentimentScore": {
        "Positive": 0.002710334723815322,
        "Negative": 0.051284488290548325,
        "Neutral": 0.9401224255561829,
        "Mixed": 0.005882773548364639
    }
}
