{
    "Sentiment": "NEUTRAL",
    "SentimentScore": {
        "Positive": 0.003540476318448782,
        "Negative": 0.028699392452836037,
        "Neutral": 0.9665117859840393,
        "Mixed": 0.0012483727186918259
    }
}
