{
    "Sentiment": "NEUTRAL",
    "SentimentScore": {
        "Positive": 0.002463388489559293,
        "Negative": 0.05015385150909424,
        "Neutral": 0.9436184167861938,
        "Mixed": 0.003764363005757332
    }
}
