{
    "Sentiment": "NEUTRAL",
    "SentimentScore": {
        "Positive": 0.03562840819358826,
        "Negative": 0.047642506659030914,
        "Neutral": 0.91392582654953,
        "Mixed": 0.002803254872560501
    }
}
