{
    "Sentiment": "POSITIVE",
    "SentimentScore": {
        "Positive": 0.8331377506256104,
        "Negative": 0.0008527912432327867,
        "Neutral": 0.1630125492811203,
        "Mixed": 0.0029970353934913874
    }
}
