{
    "Sentiment": "NEUTRAL",
    "SentimentScore": {
        "Positive": 0.0025262273848056793,
        "Negative": 0.005278244148939848,
        "Neutral": 0.9916856288909912,
        "Mixed": 0.0005098242545500398
    }
}
