{
    "Sentiment": "NEUTRAL",
    "SentimentScore": {
        "Positive": 0.007187824696302414,
        "Negative": 0.0020877611823379993,
        "Neutral": 0.9903432130813599,
        "Mixed": 0.00038124312413856387
    }
}
