{
    "Sentiment": "NEUTRAL",
    "SentimentScore": {
        "Positive": 0.012714903801679611,
        "Negative": 0.014214698225259781,
        "Neutral": 0.9696513414382935,
        "Mixed": 0.0034190299920737743
    }
}
