{
    "Sentiment": "NEUTRAL",
    "SentimentScore": {
        "Positive": 0.006252162624150515,
        "Negative": 0.05561130866408348,
        "Neutral": 0.9322218894958496,
        "Mixed": 0.005914618261158466
    }
}
