{
    "Sentiment": "NEUTRAL",
    "SentimentScore": {
        "Positive": 0.005815386306494474,
        "Negative": 0.004768720827996731,
        "Neutral": 0.9883158802986145,
        "Mixed": 0.0010999927762895823
    }
}
