{
    "Sentiment": "NEUTRAL",
    "SentimentScore": {
        "Positive": 0.01867978647351265,
        "Negative": 0.0027209564577788115,
        "Neutral": 0.9772205948829651,
        "Mixed": 0.0013787518255412579
    }
}
