{
    "Sentiment": "NEUTRAL",
    "SentimentScore": {
        "Positive": 0.02820337563753128,
        "Negative": 0.01644866354763508,
        "Neutral": 0.9503963589668274,
        "Mixed": 0.004951616749167442
    }
}
