{
    "Sentiment": "NEUTRAL",
    "SentimentScore": {
        "Positive": 0.11632008850574493,
        "Negative": 0.0022404685150831938,
        "Neutral": 0.8789625763893127,
        "Mixed": 0.00247681001201272
    }
}
