{
    "Sentiment": "NEUTRAL",
    "SentimentScore": {
        "Positive": 0.004094645846635103,
        "Negative": 0.016009720042347908,
        "Neutral": 0.9778770804405212,
        "Mixed": 0.0020185811445116997
    }
}
