{
    "Sentiment": "NEUTRAL",
    "SentimentScore": {
        "Positive": 0.3428351581096649,
        "Negative": 0.003249609610065818,
        "Neutral": 0.6474486589431763,
        "Mixed": 0.006466501392424107
    }
}
