{
    "Sentiment": "NEUTRAL",
    "SentimentScore": {
        "Positive": 0.023992398753762245,
        "Negative": 0.38673272728919983,
        "Neutral": 0.5788008570671082,
        "Mixed": 0.010474058799445629
    }
}
