{
    "Sentiment": "NEUTRAL",
    "SentimentScore": {
        "Positive": 0.029636595398187637,
        "Negative": 0.031597305089235306,
        "Neutral": 0.9353657364845276,
        "Mixed": 0.003400272224098444
    }
}
