{
    "Sentiment": "NEUTRAL",
    "SentimentScore": {
        "Positive": 0.3396145701408386,
        "Negative": 0.0017329169204458594,
        "Neutral": 0.6551968455314636,
        "Mixed": 0.003455602563917637
    }
}
