{
    "Sentiment": "NEUTRAL",
    "SentimentScore": {
        "Positive": 0.008865687996149063,
        "Negative": 0.005177064333111048,
        "Neutral": 0.9845834970474243,
        "Mixed": 0.0013737223343923688
    }
}
