{
    "Sentiment": "NEUTRAL",
    "SentimentScore": {
        "Positive": 0.02656049281358719,
        "Negative": 0.011171364225447178,
        "Neutral": 0.9584291577339172,
        "Mixed": 0.0038390341214835644
    }
}
