{
    "Sentiment": "NEUTRAL",
    "SentimentScore": {
        "Positive": 0.0025713688228279352,
        "Negative": 0.026099596172571182,
        "Neutral": 0.9697773456573486,
        "Mixed": 0.0015516998246312141
    }
}
