{
    "Sentiment": "NEUTRAL",
    "SentimentScore": {
        "Positive": 0.0026274085976183414,
        "Negative": 0.023677607998251915,
        "Neutral": 0.9719794988632202,
        "Mixed": 0.001715468941256404
    }
}
