{
    "Sentiment": "NEUTRAL",
    "SentimentScore": {
        "Positive": 0.002529352204874158,
        "Negative": 0.021129313856363297,
        "Neutral": 0.9745391607284546,
        "Mixed": 0.0018021573778241873
    }
}
