{
    "Sentiment": "NEUTRAL",
    "SentimentScore": {
        "Positive": 0.016416173428297043,
        "Negative": 0.003466955153271556,
        "Neutral": 0.9792720675468445,
        "Mixed": 0.0008448234875686467
    }
}
