{
    "Sentiment": "NEUTRAL",
    "SentimentScore": {
        "Positive": 0.0037580050993710756,
        "Negative": 0.06241844594478607,
        "Neutral": 0.9268390536308289,
        "Mixed": 0.006984494626522064
    }
}
