{
    "Sentiment": "NEUTRAL",
    "SentimentScore": {
        "Positive": 0.2894361913204193,
        "Negative": 0.0028615673072636127,
        "Neutral": 0.7040579915046692,
        "Mixed": 0.0036442747805267572
    }
}
