{
    "Sentiment": "NEUTRAL",
    "SentimentScore": {
        "Positive": 0.021906960755586624,
        "Negative": 0.0022847990039736032,
        "Neutral": 0.9746979475021362,
        "Mixed": 0.001110329758375883
    }
}
