{
    "Sentiment": "NEUTRAL",
    "SentimentScore": {
        "Positive": 0.003196427598595619,
        "Negative": 0.00805793795734644,
        "Neutral": 0.9878270030021667,
        "Mixed": 0.000918674049898982
    }
}
