{
    "Sentiment": "NEGATIVE",
    "SentimentScore": {
        "Positive": 0.01633772812783718,
        "Negative": 0.8104797601699829,
        "Neutral": 0.15251225233078003,
        "Mixed": 0.020670287311077118
    }
}
