{
    "Sentiment": "NEUTRAL",
    "SentimentScore": {
        "Positive": 0.003104867646470666,
        "Negative": 0.06021985039114952,
        "Neutral": 0.9331029653549194,
        "Mixed": 0.0035723280161619186
    }
}
