{
    "Sentiment": "NEUTRAL",
    "SentimentScore": {
        "Positive": 0.017780328169465065,
        "Negative": 0.019891157746315002,
        "Neutral": 0.9541538953781128,
        "Mixed": 0.008174638263881207
    }
}
