{
    "Sentiment": "NEUTRAL",
    "SentimentScore": {
        "Positive": 0.009937595576047897,
        "Negative": 0.22560124099254608,
        "Neutral": 0.7545632123947144,
        "Mixed": 0.009897926822304726
    }
}
