{
    "Sentiment": "NEUTRAL",
    "SentimentScore": {
        "Positive": 0.001654605963267386,
        "Negative": 0.011390642262995243,
        "Neutral": 0.9859580397605896,
        "Mixed": 0.0009967085206881166
    }
}
