{
    "Sentiment": "NEUTRAL",
    "SentimentScore": {
        "Positive": 0.004488120321184397,
        "Negative": 0.0032434845343232155,
        "Neutral": 0.9913886189460754,
        "Mixed": 0.0008797621703706682
    }
}
