{
    "Sentiment": "NEUTRAL",
    "SentimentScore": {
        "Positive": 0.0014712578849866986,
        "Negative": 0.0030119006987661123,
        "Neutral": 0.9951702952384949,
        "Mixed": 0.00034654184128157794
    }
}
