{
    "Sentiment": "NEUTRAL",
    "SentimentScore": {
        "Positive": 0.0085498858243227,
        "Negative": 0.033783234655857086,
        "Neutral": 0.954613208770752,
        "Mixed": 0.003053732216358185
    }
}
