{
    "Sentiment": "NEUTRAL",
    "SentimentScore": {
        "Positive": 0.007464938797056675,
        "Negative": 0.015137490816414356,
        "Neutral": 0.9761543869972229,
        "Mixed": 0.0012431062059476972
    }
}
