{
    "Sentiment": "NEUTRAL",
    "SentimentScore": {
        "Positive": 0.006169229280203581,
        "Negative": 0.005294105503708124,
        "Neutral": 0.9874086380004883,
        "Mixed": 0.0011279727332293987
    }
}
