{
    "Sentiment": "NEUTRAL",
    "SentimentScore": {
        "Positive": 0.002119318349286914,
        "Negative": 0.01924753375351429,
        "Neutral": 0.9773226976394653,
        "Mixed": 0.0013105145189911127
    }
}
