{
    "Sentiment": "NEUTRAL",
    "SentimentScore": {
        "Positive": 0.011097485199570656,
        "Negative": 0.03700773045420647,
        "Neutral": 0.9415681958198547,
        "Mixed": 0.010326605290174484
    }
}
