{
    "Sentiment": "NEUTRAL",
    "SentimentScore": {
        "Positive": 0.01570664532482624,
        "Negative": 0.18237924575805664,
        "Neutral": 0.7814668416976929,
        "Mixed": 0.020447315648198128
    }
}
