{
    "Sentiment": "NEUTRAL",
    "SentimentScore": {
        "Positive": 0.07831000536680222,
        "Negative": 0.01942504197359085,
        "Neutral": 0.8792009353637695,
        "Mixed": 0.02306400053203106
    }
}
