{
    "Sentiment": "NEUTRAL",
    "SentimentScore": {
        "Positive": 0.0029594223015010357,
        "Negative": 0.24532300233840942,
        "Neutral": 0.7380019426345825,
        "Mixed": 0.01371566578745842
    }
}
