{
    "Sentiment": "NEUTRAL",
    "SentimentScore": {
        "Positive": 0.13783256709575653,
        "Negative": 0.008684556931257248,
        "Neutral": 0.8462632894515991,
        "Mixed": 0.0072195627726614475
    }
}
