{
    "Sentiment": "NEUTRAL",
    "SentimentScore": {
        "Positive": 0.004744344390928745,
        "Negative": 0.06720827519893646,
        "Neutral": 0.9245836734771729,
        "Mixed": 0.0034637812059372663
    }
}
