{
    "Sentiment": "NEUTRAL",
    "SentimentScore": {
        "Positive": 0.006438958924263716,
        "Negative": 0.011462435126304626,
        "Neutral": 0.9809873104095459,
        "Mixed": 0.0011112908832728863
    }
}
