{
    "Sentiment": "NEUTRAL",
    "SentimentScore": {
        "Positive": 0.010480811819434166,
        "Negative": 0.04693587124347687,
        "Neutral": 0.9338163733482361,
        "Mixed": 0.008766931481659412
    }
}
