{
    "Sentiment": "NEUTRAL",
    "SentimentScore": {
        "Positive": 0.00844591949135065,
        "Negative": 0.005330262705683708,
        "Neutral": 0.9854271411895752,
        "Mixed": 0.0007967345882207155
    }
}
