{
    "Sentiment": "NEUTRAL",
    "SentimentScore": {
        "Positive": 0.0784158855676651,
        "Negative": 0.2644464373588562,
        "Neutral": 0.6142540574073792,
        "Mixed": 0.04288356378674507
    }
}
