{
    "Sentiment": "NEUTRAL",
    "SentimentScore": {
        "Positive": 0.05147487297654152,
        "Negative": 0.10070660710334778,
        "Neutral": 0.8280730247497559,
        "Mixed": 0.01974557340145111
    }
}
