{
    "Sentiment": "NEUTRAL",
    "SentimentScore": {
        "Positive": 0.04319152981042862,
        "Negative": 0.006865495815873146,
        "Neutral": 0.9476620554924011,
        "Mixed": 0.002280868124216795
    }
}
