{
    "Sentiment": "NEUTRAL",
    "SentimentScore": {
        "Positive": 0.010289755649864674,
        "Negative": 0.005107657052576542,
        "Neutral": 0.9835695624351501,
        "Mixed": 0.001032960950396955
    }
}
