{
    "Sentiment": "NEUTRAL",
    "SentimentScore": {
        "Positive": 0.001975191291421652,
        "Negative": 0.006874536629766226,
        "Neutral": 0.9899701476097107,
        "Mixed": 0.0011801167856901884
    }
}
