{
    "Sentiment": "NEUTRAL",
    "SentimentScore": {
        "Positive": 0.40777528285980225,
        "Negative": 0.004319698549807072,
        "Neutral": 0.5745413899421692,
        "Mixed": 0.013363628648221493
    }
}
