{
    "Sentiment": "NEUTRAL",
    "SentimentScore": {
        "Positive": 0.03310311585664749,
        "Negative": 0.010124306194484234,
        "Neutral": 0.9544207453727722,
        "Mixed": 0.0023518928792327642
    }
}
