{
    "Sentiment": "NEUTRAL",
    "SentimentScore": {
        "Positive": 0.05664520710706711,
        "Negative": 0.04895482957363129,
        "Neutral": 0.8726676106452942,
        "Mixed": 0.021732354536652565
    }
}
