{
    "Sentiment": "NEUTRAL",
    "SentimentScore": {
        "Positive": 0.003263479098677635,
        "Negative": 0.0013014964060857892,
        "Neutral": 0.9951022863388062,
        "Mixed": 0.0003327995946165174
    }
}
