{
    "Sentiment": "NEUTRAL",
    "SentimentScore": {
        "Positive": 0.0046498640440404415,
        "Negative": 0.15198993682861328,
        "Neutral": 0.8309712409973145,
        "Mixed": 0.012388975359499454
    }
}
