{
    "Sentiment": "NEUTRAL",
    "SentimentScore": {
        "Positive": 0.0021075757686048746,
        "Negative": 0.014894737862050533,
        "Neutral": 0.9814153909683228,
        "Mixed": 0.0015822164714336395
    }
}
