{
    "Sentiment": "NEUTRAL",
    "SentimentScore": {
        "Positive": 0.009972209110856056,
        "Negative": 0.030731456354260445,
        "Neutral": 0.9544345140457153,
        "Mixed": 0.004861774388700724
    }
}
