{
    "Sentiment": "NEUTRAL",
    "SentimentScore": {
        "Positive": 0.005155470687896013,
        "Negative": 0.009934913367033005,
        "Neutral": 0.9840646386146545,
        "Mixed": 0.0008449308224953711
    }
}
