{
    "Sentiment": "NEUTRAL",
    "SentimentScore": {
        "Positive": 0.010886392556130886,
        "Negative": 0.1434190422296524,
        "Neutral": 0.8378881216049194,
        "Mixed": 0.007806415669620037
    }
}
