{
    "Sentiment": "NEUTRAL",
    "SentimentScore": {
        "Positive": 0.006823747418820858,
        "Negative": 0.003523568855598569,
        "Neutral": 0.9887155890464783,
        "Mixed": 0.0009371005580760539
    }
}
