{
    "Sentiment": "NEUTRAL",
    "SentimentScore": {
        "Positive": 0.01406078040599823,
        "Negative": 0.00858465675264597,
        "Neutral": 0.9748502969741821,
        "Mixed": 0.0025043662171810865
    }
}
