{
    "Sentiment": "NEUTRAL",
    "SentimentScore": {
        "Positive": 0.002570146694779396,
        "Negative": 0.011661892756819725,
        "Neutral": 0.9848096966743469,
        "Mixed": 0.0009583195787854493
    }
}
