{
    "Sentiment": "NEUTRAL",
    "SentimentScore": {
        "Positive": 0.00225115311332047,
        "Negative": 0.05526135861873627,
        "Neutral": 0.9388867020606995,
        "Mixed": 0.0036008660681545734
    }
}
