{
    "Sentiment": "NEUTRAL",
    "SentimentScore": {
        "Positive": 0.0027661628555506468,
        "Negative": 0.10589229315519333,
        "Neutral": 0.88470458984375,
        "Mixed": 0.0066369203850626945
    }
}
