{
    "Sentiment": "NEUTRAL",
    "SentimentScore": {
        "Positive": 0.003922694828361273,
        "Negative": 0.07159527391195297,
        "Neutral": 0.9153652191162109,
        "Mixed": 0.009116916917264462
    }
}
