{
    "Sentiment": "NEUTRAL",
    "SentimentScore": {
        "Positive": 0.13245466351509094,
        "Negative": 0.05264824628829956,
        "Neutral": 0.7989510297775269,
        "Mixed": 0.015946095809340477
    }
}
