{
    "Sentiment": "NEUTRAL",
    "SentimentScore": {
        "Positive": 0.37524035573005676,
        "Negative": 0.008779860101640224,
        "Neutral": 0.5971042513847351,
        "Mixed": 0.018875522539019585
    }
}
