{
    "Sentiment": "NEUTRAL",
    "SentimentScore": {
        "Positive": 0.005842455197125673,
        "Negative": 0.029448341578245163,
        "Neutral": 0.9593827724456787,
        "Mixed": 0.005326476413756609
    }
}
