{
    "Sentiment": "NEUTRAL",
    "SentimentScore": {
        "Positive": 0.09036818146705627,
        "Negative": 0.006479964591562748,
        "Neutral": 0.8995768427848816,
        "Mixed": 0.0035749468952417374
    }
}
