{
    "Sentiment": "NEUTRAL",
    "SentimentScore": {
        "Positive": 0.0015985745703801513,
        "Negative": 0.09760038554668427,
        "Neutral": 0.8970864415168762,
        "Mixed": 0.003714589402079582
    }
}
