{
    "Sentiment": "NEUTRAL",
    "SentimentScore": {
        "Positive": 0.006235201843082905,
        "Negative": 0.03427223861217499,
        "Neutral": 0.9578046202659607,
        "Mixed": 0.0016879414906725287
    }
}
