{
    "Sentiment": "NEUTRAL",
    "SentimentScore": {
        "Positive": 0.039299819618463516,
        "Negative": 0.013737030327320099,
        "Neutral": 0.9426325559616089,
        "Mixed": 0.0043305158615112305
    }
}
