{
    "Sentiment": "NEUTRAL",
    "SentimentScore": {
        "Positive": 0.020139643922448158,
        "Negative": 0.06430372595787048,
        "Neutral": 0.8906959295272827,
        "Mixed": 0.024860676378011703
    }
}
