{
    "Sentiment": "NEUTRAL",
    "SentimentScore": {
        "Positive": 0.04185055196285248,
        "Negative": 0.0016523319063708186,
        "Neutral": 0.9552578330039978,
        "Mixed": 0.0012392874341458082
    }
}
