{
    "Sentiment": "NEUTRAL",
    "SentimentScore": {
        "Positive": 0.19400982558727264,
        "Negative": 0.014833354391157627,
        "Neutral": 0.7863625288009644,
        "Mixed": 0.004794244654476643
    }
}
