{
    "Sentiment": "NEUTRAL",
    "SentimentScore": {
        "Positive": 0.024101944640278816,
        "Negative": 0.003921268042176962,
        "Neutral": 0.9708722233772278,
        "Mixed": 0.0011045723222196102
    }
}
