{
    "Sentiment": "NEUTRAL",
    "SentimentScore": {
        "Positive": 0.0024642422795295715,
        "Negative": 0.007835006341338158,
        "Neutral": 0.98879075050354,
        "Mixed": 0.0009100322495214641
    }
}
