{
    "Sentiment": "NEUTRAL",
    "SentimentScore": {
        "Positive": 0.012140434235334396,
        "Negative": 0.15034538507461548,
        "Neutral": 0.8244389891624451,
        "Mixed": 0.013075163587927818
    }
}
