{
    "Sentiment": "POSITIVE",
    "SentimentScore": {
        "Positive": 0.8664422631263733,
        "Negative": 0.0060418834909796715,
        "Neutral": 0.11307584494352341,
        "Mixed": 0.014439994469285011
    }
}
