{
    "Sentiment": "NEUTRAL",
    "SentimentScore": {
        "Positive": 0.2172393947839737,
        "Negative": 0.002903142711147666,
        "Neutral": 0.77567458152771,
        "Mixed": 0.004182842094451189
    }
}
