{
    "Sentiment": "NEUTRAL",
    "SentimentScore": {
        "Positive": 0.004069011192768812,
        "Negative": 0.029243145138025284,
        "Neutral": 0.9634495973587036,
        "Mixed": 0.003238234668970108
    }
}
