{
    "Sentiment": "NEUTRAL",
    "SentimentScore": {
        "Positive": 0.007240656763315201,
        "Negative": 0.002006369875743985,
        "Neutral": 0.9903315305709839,
        "Mixed": 0.0004214431100990623
    }
}
