{
    "Sentiment": "NEUTRAL",
    "SentimentScore": {
        "Positive": 0.02855147048830986,
        "Negative": 0.011418871581554413,
        "Neutral": 0.9585477709770203,
        "Mixed": 0.0014819689095020294
    }
}
