{
    "Sentiment": "NEUTRAL",
    "SentimentScore": {
        "Positive": 0.0013112917076796293,
        "Negative": 0.004034019540995359,
        "Neutral": 0.9943388104438782,
        "Mixed": 0.0003159513580612838
    }
}
