{
    "Sentiment": "NEUTRAL",
    "SentimentScore": {
        "Positive": 0.002893131459131837,
        "Negative": 0.0732790008187294,
        "Neutral": 0.9155979752540588,
        "Mixed": 0.008229896426200867
    }
}
