{
    "Sentiment": "NEUTRAL",
    "SentimentScore": {
        "Positive": 0.4640696942806244,
        "Negative": 0.0019877308513969183,
        "Neutral": 0.5308011770248413,
        "Mixed": 0.003141391556710005
    }
}
