{
    "Sentiment": "NEUTRAL",
    "SentimentScore": {
        "Positive": 0.035410668700933456,
        "Negative": 0.01031925342977047,
        "Neutral": 0.9522399306297302,
        "Mixed": 0.0020300669129937887
    }
}
