{
    "Sentiment": "NEUTRAL",
    "SentimentScore": {
        "Positive": 0.0478915199637413,
        "Negative": 0.009587954729795456,
        "Neutral": 0.937086284160614,
        "Mixed": 0.005434264894574881
    }
}
