{
    "Sentiment": "NEUTRAL",
    "SentimentScore": {
        "Positive": 0.0110686169937253,
        "Negative": 0.024285482242703438,
        "Neutral": 0.9601690173149109,
        "Mixed": 0.004476906731724739
    }
}
