{
    "Sentiment": "NEUTRAL",
    "SentimentScore": {
        "Positive": 0.017146235331892967,
        "Negative": 0.10289742797613144,
        "Neutral": 0.8736858367919922,
        "Mixed": 0.006270493380725384
    }
}
