{
    "Sentiment": "NEUTRAL",
    "SentimentScore": {
        "Positive": 0.0031575157772749662,
        "Negative": 0.005056220572441816,
        "Neutral": 0.9910104274749756,
        "Mixed": 0.0007757848943583667
    }
}
