{
    "Sentiment": "NEUTRAL",
    "SentimentScore": {
        "Positive": 0.01580914668738842,
        "Negative": 0.003189906943589449,
        "Neutral": 0.9800113439559937,
        "Mixed": 0.0009896800620481372
    }
}
