{
    "Sentiment": "NEUTRAL",
    "SentimentScore": {
        "Positive": 0.08369043469429016,
        "Negative": 0.20811088383197784,
        "Neutral": 0.6731783747673035,
        "Mixed": 0.03502030298113823
    }
}
