{
    "Sentiment": "NEUTRAL",
    "SentimentScore": {
        "Positive": 0.028579391539096832,
        "Negative": 0.11657802015542984,
        "Neutral": 0.8365554213523865,
        "Mixed": 0.018287163227796555
    }
}
