{
    "Sentiment": "NEUTRAL",
    "SentimentScore": {
        "Positive": 0.03950543701648712,
        "Negative": 0.054051171988248825,
        "Neutral": 0.8947475552558899,
        "Mixed": 0.011695833876729012
    }
}
