{
    "Sentiment": "NEUTRAL",
    "SentimentScore": {
        "Positive": 0.01784594915807247,
        "Negative": 0.11515921354293823,
        "Neutral": 0.8410773873329163,
        "Mixed": 0.025917531922459602
    }
}
