{
    "Sentiment": "NEUTRAL",
    "SentimentScore": {
        "Positive": 0.008357305079698563,
        "Negative": 0.003997515421360731,
        "Neutral": 0.9858136773109436,
        "Mixed": 0.0018315595807507634
    }
}
