{
    "Sentiment": "NEGATIVE",
    "SentimentScore": {
        "Positive": 0.0018779983511194587,
        "Negative": 0.5825732350349426,
        "Neutral": 0.39713209867477417,
        "Mixed": 0.01841658353805542
    }
}
