{
    "Sentiment": "NEUTRAL",
    "SentimentScore": {
        "Positive": 0.33952078223228455,
        "Negative": 0.004885501693934202,
        "Neutral": 0.6534507274627686,
        "Mixed": 0.002143073594197631
    }
}
