{
    "Sentiment": "NEUTRAL",
    "SentimentScore": {
        "Positive": 0.03810993209481239,
        "Negative": 0.0032518215011805296,
        "Neutral": 0.9572029709815979,
        "Mixed": 0.0014352970756590366
    }
}
