{
    "Sentiment": "NEUTRAL",
    "SentimentScore": {
        "Positive": 0.012822909280657768,
        "Negative": 0.03422466665506363,
        "Neutral": 0.9481179118156433,
        "Mixed": 0.004834538325667381
    }
}
