{
    "Sentiment": "NEUTRAL",
    "SentimentScore": {
        "Positive": 0.016346022486686707,
        "Negative": 0.03592222183942795,
        "Neutral": 0.942328691482544,
        "Mixed": 0.005403020419180393
    }
}
