{
    "Sentiment": "NEUTRAL",
    "SentimentScore": {
        "Positive": 0.002635445212945342,
        "Negative": 0.012899133376777172,
        "Neutral": 0.9835461378097534,
        "Mixed": 0.000919270038139075
    }
}
