{
    "Sentiment": "NEUTRAL",
    "SentimentScore": {
        "Positive": 0.008158665150403976,
        "Negative": 0.0131078427657485,
        "Neutral": 0.9771957397460938,
        "Mixed": 0.001537661999464035
    }
}
