{
    "Sentiment": "NEUTRAL",
    "SentimentScore": {
        "Positive": 0.07330023497343063,
        "Negative": 0.2973170280456543,
        "Neutral": 0.6002897024154663,
        "Mixed": 0.029093032702803612
    }
}
