{
    "Sentiment": "NEUTRAL",
    "SentimentScore": {
        "Positive": 0.024016158655285835,
        "Negative": 0.24507726728916168,
        "Neutral": 0.7074977159500122,
        "Mixed": 0.02340884879231453
    }
}
