{
    "Sentiment": "NEUTRAL",
    "SentimentScore": {
        "Positive": 0.15463070571422577,
        "Negative": 0.0048241522163152695,
        "Neutral": 0.8364996314048767,
        "Mixed": 0.004045472014695406
    }
}
