{
    "Sentiment": "NEUTRAL",
    "SentimentScore": {
        "Positive": 0.007879066281020641,
        "Negative": 0.18261170387268066,
        "Neutral": 0.8036249279975891,
        "Mixed": 0.005884286016225815
    }
}
