{
    "Sentiment": "NEUTRAL",
    "SentimentScore": {
        "Positive": 0.00503511680290103,
        "Negative": 0.024106087163090706,
        "Neutral": 0.9695437550544739,
        "Mixed": 0.001315054832957685
    }
}
