{
    "Sentiment": "NEUTRAL",
    "SentimentScore": {
        "Positive": 0.04006809741258621,
        "Negative": 0.0036889719776809216,
        "Neutral": 0.954384982585907,
        "Mixed": 0.0018579262541607022
    }
}
