{
    "Sentiment": "NEUTRAL",
    "SentimentScore": {
        "Positive": 0.019299933686852455,
        "Negative": 0.028460998088121414,
        "Neutral": 0.9484972953796387,
        "Mixed": 0.003741755150258541
    }
}
