{
    "Sentiment": "NEUTRAL",
    "SentimentScore": {
        "Positive": 0.004014280624687672,
        "Negative": 0.0010788650251924992,
        "Neutral": 0.9946684241294861,
        "Mixed": 0.00023850570141803473
    }
}
