{
    "Sentiment": "NEUTRAL",
    "SentimentScore": {
        "Positive": 0.04801737144589424,
        "Negative": 0.002620378974825144,
        "Neutral": 0.9474174976348877,
        "Mixed": 0.0019447252852842212
    }
}
