{
    "Sentiment": "NEUTRAL",
    "SentimentScore": {
        "Positive": 0.02332485467195511,
        "Negative": 0.020894087851047516,
        "Neutral": 0.9535072445869446,
        "Mixed": 0.002273796359077096
    }
}
