{
    "Sentiment": "NEUTRAL",
    "SentimentScore": {
        "Positive": 0.009959212504327297,
        "Negative": 0.024086948484182358,
        "Neutral": 0.9631306529045105,
        "Mixed": 0.002823212882503867
    }
}
