{
    "Sentiment": "NEUTRAL",
    "SentimentScore": {
        "Positive": 0.010412964969873428,
        "Negative": 0.04866979643702507,
        "Neutral": 0.9353512525558472,
        "Mixed": 0.005565962288528681
    }
}
