{
    "Sentiment": "NEUTRAL",
    "SentimentScore": {
        "Positive": 0.002661534119397402,
        "Negative": 0.0020421340595930815,
        "Neutral": 0.9950384497642517,
        "Mixed": 0.00025791366351768374
    }
}
