{
    "Sentiment": "NEUTRAL",
    "SentimentScore": {
        "Positive": 0.02190077118575573,
        "Negative": 0.2102210521697998,
        "Neutral": 0.751460075378418,
        "Mixed": 0.016418099403381348
    }
}
