{
    "Sentiment": "NEGATIVE",
    "SentimentScore": {
        "Positive": 0.18963657319545746,
        "Negative": 0.4240570664405823,
        "Neutral": 0.2353304922580719,
        "Mixed": 0.15097585320472717
    }
}
