{
    "Sentiment": "NEUTRAL",
    "SentimentScore": {
        "Positive": 0.016324130818247795,
        "Negative": 0.021709036082029343,
        "Neutral": 0.9540796279907227,
        "Mixed": 0.007887233980000019
    }
}
