{
    "Sentiment": "NEUTRAL",
    "SentimentScore": {
        "Positive": 0.004254692234098911,
        "Negative": 0.04683613404631615,
        "Neutral": 0.9455900192260742,
        "Mixed": 0.003319120965898037
    }
}
