{
    "Sentiment": "NEUTRAL",
    "SentimentScore": {
        "Positive": 0.13876374065876007,
        "Negative": 0.21790587902069092,
        "Neutral": 0.5954838991165161,
        "Mixed": 0.047846537083387375
    }
}
