{
    "Sentiment": "NEUTRAL",
    "SentimentScore": {
        "Positive": 0.05188649520277977,
        "Negative": 0.005846504122018814,
        "Neutral": 0.9386332035064697,
        "Mixed": 0.0036338833160698414
    }
}
