{
    "Sentiment": "NEUTRAL",
    "SentimentScore": {
        "Positive": 0.025385107845067978,
        "Negative": 0.07500095665454865,
        "Neutral": 0.8875057697296143,
        "Mixed": 0.012108175083994865
    }
}
