{
    "Sentiment": "NEUTRAL",
    "SentimentScore": {
        "Positive": 0.004177607595920563,
        "Negative": 0.007272535003721714,
        "Neutral": 0.9878124594688416,
        "Mixed": 0.0007374492706730962
    }
}
