{
    "Sentiment": "NEUTRAL",
    "SentimentScore": {
        "Positive": 0.03894258663058281,
        "Negative": 0.01018183957785368,
        "Neutral": 0.9483868479728699,
        "Mixed": 0.0024887220934033394
    }
}
