{
    "Sentiment": "NEUTRAL",
    "SentimentScore": {
        "Positive": 0.0015101904282346368,
        "Negative": 0.0008207236533053219,
        "Neutral": 0.997545063495636,
        "Mixed": 0.0001240165438503027
    }
}
