{
    "Sentiment": "NEUTRAL",
    "SentimentScore": {
        "Positive": 0.004473780281841755,
        "Negative": 0.06800064444541931,
        "Neutral": 0.9242444634437561,
        "Mixed": 0.003281097626313567
    }
}
