{
    "Sentiment": "NEUTRAL",
    "SentimentScore": {
        "Positive": 0.012353467755019665,
        "Negative": 0.1032012477517128,
        "Neutral": 0.8703877925872803,
        "Mixed": 0.014057524502277374
    }
}
