{
    "Sentiment": "NEUTRAL",
    "SentimentScore": {
        "Positive": 0.020389797165989876,
        "Negative": 0.010428347624838352,
        "Neutral": 0.9651859998703003,
        "Mixed": 0.003995936363935471
    }
}
