{
    "Sentiment": "POSITIVE",
    "SentimentScore": {
        "Positive": 0.882743775844574,
        "Negative": 0.001378870802000165,
        "Neutral": 0.1122506707906723,
        "Mixed": 0.00362667185254395
    }
}
