{
    "Sentiment": "NEUTRAL",
    "SentimentScore": {
        "Positive": 0.03321316838264465,
        "Negative": 0.010556325316429138,
        "Neutral": 0.9513490796089172,
        "Mixed": 0.004881374537944794
    }
}
