{
    "Sentiment": "NEUTRAL",
    "SentimentScore": {
        "Positive": 0.1821381151676178,
        "Negative": 0.09307213872671127,
        "Neutral": 0.7121615409851074,
        "Mixed": 0.012628108263015747
    }
}
