{
    "Sentiment": "NEGATIVE",
    "SentimentScore": {
        "Positive": 0.014559121802449226,
        "Negative": 0.5651386380195618,
        "Neutral": 0.4009859263896942,
        "Mixed": 0.019316235557198524
    }
}
