{
    "Sentiment": "NEUTRAL",
    "SentimentScore": {
        "Positive": 0.01344629842787981,
        "Negative": 0.007411106489598751,
        "Neutral": 0.9763592481613159,
        "Mixed": 0.0027833664789795876
    }
}
