{
    "Sentiment": "NEUTRAL",
    "SentimentScore": {
        "Positive": 0.009463113732635975,
        "Negative": 0.18879176676273346,
        "Neutral": 0.7877408266067505,
        "Mixed": 0.014004327356815338
    }
}
