{
    "Sentiment": "NEUTRAL",
    "SentimentScore": {
        "Positive": 0.007798514794558287,
        "Negative": 0.009821334853768349,
        "Neutral": 0.9807136654853821,
        "Mixed": 0.0016664952272549272
    }
}
