{
    "Sentiment": "NEUTRAL",
    "SentimentScore": {
        "Positive": 0.005712413229048252,
        "Negative": 0.018582414835691452,
        "Neutral": 0.973183274269104,
        "Mixed": 0.0025219207163900137
    }
}
