{
    "Sentiment": "NEUTRAL",
    "SentimentScore": {
        "Positive": 0.053620997816324234,
        "Negative": 0.020082950592041016,
        "Neutral": 0.9245001077651978,
        "Mixed": 0.0017959345132112503
    }
}
