{
    "Sentiment": "NEUTRAL",
    "SentimentScore": {
        "Positive": 0.008050012402236462,
        "Negative": 0.0015860003186389804,
        "Neutral": 0.9898092746734619,
        "Mixed": 0.0005546367028728127
    }
}
