{
    "Sentiment": "NEUTRAL",
    "SentimentScore": {
        "Positive": 0.07420352846384048,
        "Negative": 0.007066071033477783,
        "Neutral": 0.9149836897850037,
        "Mixed": 0.0037467253860086203
    }
}
