{
    "Sentiment": "NEUTRAL",
    "SentimentScore": {
        "Positive": 0.004400646314024925,
        "Negative": 0.012807113118469715,
        "Neutral": 0.981541633605957,
        "Mixed": 0.001250620698556304
    }
}
