{
    "Sentiment": "NEUTRAL",
    "SentimentScore": {
        "Positive": 0.005596020724624395,
        "Negative": 0.015256023965775967,
        "Neutral": 0.9772710204124451,
        "Mixed": 0.001876886235550046
    }
}
