{
    "Sentiment": "NEUTRAL",
    "SentimentScore": {
        "Positive": 0.0022624079138040543,
        "Negative": 0.0016937898471951485,
        "Neutral": 0.9957799911499023,
        "Mixed": 0.0002637846046127379
    }
}
