{
    "Sentiment": "NEUTRAL",
    "SentimentScore": {
        "Positive": 0.011409484781324863,
        "Negative": 0.06409848481416702,
        "Neutral": 0.915959894657135,
        "Mixed": 0.008532194420695305
    }
}
