{
    "Sentiment": "NEUTRAL",
    "SentimentScore": {
        "Positive": 0.004246904049068689,
        "Negative": 0.0034906354267150164,
        "Neutral": 0.9916063547134399,
        "Mixed": 0.0006560261244885623
    }
}
