{
    "Sentiment": "NEUTRAL",
    "SentimentScore": {
        "Positive": 0.003426451701670885,
        "Negative": 0.019452372565865517,
        "Neutral": 0.9753009080886841,
        "Mixed": 0.0018202069913968444
    }
}
