{
    "Sentiment": "NEUTRAL",
    "SentimentScore": {
        "Positive": 0.005593328271061182,
        "Negative": 0.052434518933296204,
        "Neutral": 0.9377869367599487,
        "Mixed": 0.004185234196484089
    }
}
