{
    "Sentiment": "NEUTRAL",
    "SentimentScore": {
        "Positive": 0.0035977873485535383,
        "Negative": 0.0024254790041595697,
        "Neutral": 0.9934254884719849,
        "Mixed": 0.0005512242205440998
    }
}
