{
    "Sentiment": "NEUTRAL",
    "SentimentScore": {
        "Positive": 0.05325622111558914,
        "Negative": 0.042184095829725266,
        "Neutral": 0.8928057551383972,
        "Mixed": 0.011754010803997517
    }
}
