{
    "Sentiment": "NEUTRAL",
    "SentimentScore": {
        "Positive": 0.01795271597802639,
        "Negative": 0.04048117622733116,
        "Neutral": 0.9332528114318848,
        "Mixed": 0.008313363417983055
    }
}
