{
    "Sentiment": "NEUTRAL",
    "SentimentScore": {
        "Positive": 0.004293450620025396,
        "Negative": 0.032512955367565155,
        "Neutral": 0.959407389163971,
        "Mixed": 0.003786280518397689
    }
}
