{
    "Sentiment": "NEUTRAL",
    "SentimentScore": {
        "Positive": 0.054482098668813705,
        "Negative": 0.02061465010046959,
        "Neutral": 0.915511429309845,
        "Mixed": 0.009391815401613712
    }
}
