{
    "Sentiment": "NEUTRAL",
    "SentimentScore": {
        "Positive": 0.06087679788470268,
        "Negative": 0.020428262650966644,
        "Neutral": 0.9158239960670471,
        "Mixed": 0.0028709545731544495
    }
}
