{
    "Sentiment": "NEUTRAL",
    "SentimentScore": {
        "Positive": 0.007684184703975916,
        "Negative": 0.006868766620755196,
        "Neutral": 0.9841832518577576,
        "Mixed": 0.0012637721374630928
    }
}
