{
    "Sentiment": "NEUTRAL",
    "SentimentScore": {
        "Positive": 0.1806153953075409,
        "Negative": 0.008184152655303478,
        "Neutral": 0.8025195598602295,
        "Mixed": 0.008680852130055428
    }
}
