{
    "Sentiment": "NEGATIVE",
    "SentimentScore": {
        "Positive": 0.018212325870990753,
        "Negative": 0.8073701858520508,
        "Neutral": 0.15366040170192719,
        "Mixed": 0.020757051184773445
    }
}
