{
    "Sentiment": "NEUTRAL",
    "SentimentScore": {
        "Positive": 0.006697863340377808,
        "Negative": 0.0009533333359286189,
        "Neutral": 0.991995096206665,
        "Mixed": 0.0003536552540026605
    }
}
