{
    "Sentiment": "POSITIVE",
    "SentimentScore": {
        "Positive": 0.8275512456893921,
        "Negative": 0.005814975127577782,
        "Neutral": 0.15722590684890747,
        "Mixed": 0.0094078928232193
    }
}
