{
    "Sentiment": "NEUTRAL",
    "SentimentScore": {
        "Positive": 0.05908685177564621,
        "Negative": 0.01159936934709549,
        "Neutral": 0.9170485138893127,
        "Mixed": 0.012265187688171864
    }
}
