{
    "Sentiment": "NEUTRAL",
    "SentimentScore": {
        "Positive": 0.003974243998527527,
        "Negative": 0.1429990828037262,
        "Neutral": 0.8485796451568604,
        "Mixed": 0.004447000101208687
    }
}
