{
    "Sentiment": "NEUTRAL",
    "SentimentScore": {
        "Positive": 0.06014011427760124,
        "Negative": 0.053876843303442,
        "Neutral": 0.8499058485031128,
        "Mixed": 0.036077193915843964
    }
}
