{
    "Sentiment": "NEUTRAL",
    "SentimentScore": {
        "Positive": 0.015664968639612198,
        "Negative": 0.028617091476917267,
        "Neutral": 0.9499906897544861,
        "Mixed": 0.005727261770516634
    }
}
