{
    "Sentiment": "NEUTRAL",
    "SentimentScore": {
        "Positive": 0.006391252391040325,
        "Negative": 0.012191133573651314,
        "Neutral": 0.9806226491928101,
        "Mixed": 0.0007949556456878781
    }
}
