{
    "Sentiment": "NEUTRAL",
    "SentimentScore": {
        "Positive": 0.009179052896797657,
        "Negative": 0.004345590714365244,
        "Neutral": 0.9851405620574951,
        "Mixed": 0.001334778848104179
    }
}
