{
    "Sentiment": "NEUTRAL",
    "SentimentScore": {
        "Positive": 0.006028241477906704,
        "Negative": 0.004556717351078987,
        "Neutral": 0.9878761768341064,
        "Mixed": 0.0015387885505333543
    }
}
