{
    "Sentiment": "NEUTRAL",
    "SentimentScore": {
        "Positive": 0.04182494431734085,
        "Negative": 0.046064745634794235,
        "Neutral": 0.8794028759002686,
        "Mixed": 0.03270744904875755
    }
}
