{
    "Sentiment": "NEUTRAL",
    "SentimentScore": {
        "Positive": 0.006864442024379969,
        "Negative": 0.00530178751796484,
        "Neutral": 0.9872375726699829,
        "Mixed": 0.000596183817833662
    }
}
