{
    "Sentiment": "NEUTRAL",
    "SentimentScore": {
        "Positive": 0.009648662991821766,
        "Negative": 0.2817840874195099,
        "Neutral": 0.6867637634277344,
        "Mixed": 0.021803410723805428
    }
}
