{
    "Sentiment": "NEUTRAL",
    "SentimentScore": {
        "Positive": 0.013356060720980167,
        "Negative": 0.2306414246559143,
        "Neutral": 0.7335120439529419,
        "Mixed": 0.022490495815873146
    }
}
