{
    "Sentiment": "NEUTRAL",
    "SentimentScore": {
        "Positive": 0.00727003812789917,
        "Negative": 0.21830789744853973,
        "Neutral": 0.7510162591934204,
        "Mixed": 0.023405833169817924
    }
}
