{
    "Sentiment": "NEUTRAL",
    "SentimentScore": {
        "Positive": 0.00465179979801178,
        "Negative": 0.10449482500553131,
        "Neutral": 0.8878162503242493,
        "Mixed": 0.003037154907360673
    }
}
