{
    "Sentiment": "NEUTRAL",
    "SentimentScore": {
        "Positive": 0.0020077000372111797,
        "Negative": 0.015053077600896358,
        "Neutral": 0.9816101789474487,
        "Mixed": 0.001329113612882793
    }
}
