{
    "Sentiment": "NEUTRAL",
    "SentimentScore": {
        "Positive": 0.012754082679748535,
        "Negative": 0.001416637096554041,
        "Neutral": 0.9851306080818176,
        "Mixed": 0.0006986117805354297
    }
}
