{
    "Sentiment": "NEUTRAL",
    "SentimentScore": {
        "Positive": 0.0037498611491173506,
        "Negative": 0.0011079326504841447,
        "Neutral": 0.994940996170044,
        "Mixed": 0.00020129124459344894
    }
}
