{
    "Sentiment": "NEUTRAL",
    "SentimentScore": {
        "Positive": 0.006767465267330408,
        "Negative": 0.19367390871047974,
        "Neutral": 0.7849446535110474,
        "Mixed": 0.014614002779126167
    }
}
