{
    "Sentiment": "NEUTRAL",
    "SentimentScore": {
        "Positive": 0.008106505498290062,
        "Negative": 0.013292063027620316,
        "Neutral": 0.9753808379173279,
        "Mixed": 0.0032206205651164055
    }
}
