{
    "Sentiment": "NEUTRAL",
    "SentimentScore": {
        "Positive": 0.010381132364273071,
        "Negative": 0.015872713178396225,
        "Neutral": 0.972745954990387,
        "Mixed": 0.00100021343678236
    }
}
