{
    "Sentiment": "NEUTRAL",
    "SentimentScore": {
        "Positive": 0.014040205627679825,
        "Negative": 0.056838952004909515,
        "Neutral": 0.919166624546051,
        "Mixed": 0.009954183362424374
    }
}
