{
    "Sentiment": "NEUTRAL",
    "SentimentScore": {
        "Positive": 0.009207122959196568,
        "Negative": 0.0006857490516267717,
        "Neutral": 0.9897702932357788,
        "Mixed": 0.0003368774487171322
    }
}
