{
    "Sentiment": "NEUTRAL",
    "SentimentScore": {
        "Positive": 0.004340049345046282,
        "Negative": 0.004895085468888283,
        "Neutral": 0.9897987842559814,
        "Mixed": 0.0009660824434831738
    }
}
