{
    "Sentiment": "NEUTRAL",
    "SentimentScore": {
        "Positive": 0.004158614203333855,
        "Negative": 0.09906158596277237,
        "Neutral": 0.8874854445457458,
        "Mixed": 0.00929438229650259
    }
}
