{
    "Sentiment": "NEUTRAL",
    "SentimentScore": {
        "Positive": 0.010935094207525253,
        "Negative": 0.0744655504822731,
        "Neutral": 0.9053265452384949,
        "Mixed": 0.009272846393287182
    }
}
