{
    "Sentiment": "NEUTRAL",
    "SentimentScore": {
        "Positive": 0.015387477353215218,
        "Negative": 0.0020898485090583563,
        "Neutral": 0.9818441271781921,
        "Mixed": 0.0006784622673876584
    }
}
