{
    "Sentiment": "NEUTRAL",
    "SentimentScore": {
        "Positive": 0.00787125900387764,
        "Negative": 0.0034631642047315836,
        "Neutral": 0.9880457520484924,
        "Mixed": 0.0006199336494319141
    }
}
