{
    "Sentiment": "NEUTRAL",
    "SentimentScore": {
        "Positive": 0.020817039534449577,
        "Negative": 0.04696863144636154,
        "Neutral": 0.9167584180831909,
        "Mixed": 0.015455889515578747
    }
}
