{
    "Sentiment": "NEGATIVE",
    "SentimentScore": {
        "Positive": 0.07436220347881317,
        "Negative": 0.674553632736206,
        "Neutral": 0.21360401809215546,
        "Mixed": 0.037480149418115616
    }
}
