{
    "Sentiment": "NEUTRAL",
    "SentimentScore": {
        "Positive": 0.02324787899851799,
        "Negative": 0.06360799819231033,
        "Neutral": 0.8866845965385437,
        "Mixed": 0.026459459215402603
    }
}
