{
    "Sentiment": "NEUTRAL",
    "SentimentScore": {
        "Positive": 0.004236084409058094,
        "Negative": 0.0893004760146141,
        "Neutral": 0.9004839658737183,
        "Mixed": 0.005979462526738644
    }
}
