{
    "Sentiment": "NEUTRAL",
    "SentimentScore": {
        "Positive": 0.002580865751951933,
        "Negative": 0.0025301810819655657,
        "Neutral": 0.9944973587989807,
        "Mixed": 0.00039159104926511645
    }
}
