{
    "Sentiment": "NEUTRAL",
    "SentimentScore": {
        "Positive": 0.01060587726533413,
        "Negative": 0.04084133729338646,
        "Neutral": 0.9451252818107605,
        "Mixed": 0.003427410265430808
    }
}
