{
    "Sentiment": "NEUTRAL",
    "SentimentScore": {
        "Positive": 0.011291759088635445,
        "Negative": 0.065672867000103,
        "Neutral": 0.9161602854728699,
        "Mixed": 0.006875079125165939
    }
}
