{
    "Sentiment": "NEUTRAL",
    "SentimentScore": {
        "Positive": 0.014908225275576115,
        "Negative": 0.2918521463871002,
        "Neutral": 0.6612359881401062,
        "Mixed": 0.032003626227378845
    }
}
