{
    "Sentiment": "NEUTRAL",
    "SentimentScore": {
        "Positive": 0.00347832846455276,
        "Negative": 0.0037861266173422337,
        "Neutral": 0.9920868277549744,
        "Mixed": 0.000648693589027971
    }
}
