{
    "Sentiment": "NEUTRAL",
    "SentimentScore": {
        "Positive": 0.007121671456843615,
        "Negative": 0.0016316203400492668,
        "Neutral": 0.990708589553833,
        "Mixed": 0.0005380830843932927
    }
}
