{
    "Sentiment": "NEUTRAL",
    "SentimentScore": {
        "Positive": 0.028327492997050285,
        "Negative": 0.0063514793291687965,
        "Neutral": 0.9632254242897034,
        "Mixed": 0.002095558447763324
    }
}
