{
    "Sentiment": "NEUTRAL",
    "SentimentScore": {
        "Positive": 0.05668053776025772,
        "Negative": 0.004174848087131977,
        "Neutral": 0.9366519451141357,
        "Mixed": 0.0024926792830228806
    }
}
