{
    "Sentiment": "NEUTRAL",
    "SentimentScore": {
        "Positive": 0.009284469299018383,
        "Negative": 0.1491747796535492,
        "Neutral": 0.8245517611503601,
        "Mixed": 0.016988977789878845
    }
}
