{
    "Sentiment": "NEUTRAL",
    "SentimentScore": {
        "Positive": 0.017533596605062485,
        "Negative": 0.00822473131120205,
        "Neutral": 0.9714975953102112,
        "Mixed": 0.0027440134435892105
    }
}
