{
    "Sentiment": "NEUTRAL",
    "SentimentScore": {
        "Positive": 0.0017450839513912797,
        "Negative": 0.0007669693441130221,
        "Neutral": 0.997326135635376,
        "Mixed": 0.00016185235290322453
    }
}
