{
    "Sentiment": "NEUTRAL",
    "SentimentScore": {
        "Positive": 0.004634825512766838,
        "Negative": 0.0018617515452206135,
        "Neutral": 0.9931847453117371,
        "Mixed": 0.0003187621769029647
    }
}
