{
    "Sentiment": "NEUTRAL",
    "SentimentScore": {
        "Positive": 0.0014547423925250769,
        "Negative": 0.07216960936784744,
        "Neutral": 0.9229871034622192,
        "Mixed": 0.0033885149750858545
    }
}
