{
    "Sentiment": "POSITIVE",
    "SentimentScore": {
        "Positive": 0.6298665404319763,
        "Negative": 0.10769601911306381,
        "Neutral": 0.19087964296340942,
        "Mixed": 0.07155782729387283
    }
}
