{
    "Sentiment": "NEUTRAL",
    "SentimentScore": {
        "Positive": 0.06983830779790878,
        "Negative": 0.41856178641319275,
        "Neutral": 0.47385281324386597,
        "Mixed": 0.0377470925450325
    }
}
