{
    "Sentiment": "NEGATIVE",
    "SentimentScore": {
        "Positive": 0.0013430959079414606,
        "Negative": 0.8220974206924438,
        "Neutral": 0.1604204773902893,
        "Mixed": 0.016138985753059387
    }
}
