{
    "Sentiment": "NEUTRAL",
    "SentimentScore": {
        "Positive": 0.005403917282819748,
        "Negative": 0.005982798058539629,
        "Neutral": 0.9875139594078064,
        "Mixed": 0.001099358662031591
    }
}
