{
    "Sentiment": "NEUTRAL",
    "SentimentScore": {
        "Positive": 0.005727951414883137,
        "Negative": 0.37190574407577515,
        "Neutral": 0.5820742845535278,
        "Mixed": 0.04029195010662079
    }
}
