{
    "Sentiment": "NEUTRAL",
    "SentimentScore": {
        "Positive": 0.00306568737141788,
        "Negative": 0.008782495744526386,
        "Neutral": 0.987185537815094,
        "Mixed": 0.0009663375094532967
    }
}
