{
    "Sentiment": "NEUTRAL",
    "SentimentScore": {
        "Positive": 0.01272951252758503,
        "Negative": 0.09202375262975693,
        "Neutral": 0.8804695010185242,
        "Mixed": 0.014777248725295067
    }
}
