{
    "Sentiment": "NEUTRAL",
    "SentimentScore": {
        "Positive": 0.02100464142858982,
        "Negative": 0.013970494270324707,
        "Neutral": 0.961355447769165,
        "Mixed": 0.003669500118121505
    }
}
