{
    "Sentiment": "NEUTRAL",
    "SentimentScore": {
        "Positive": 0.01940178871154785,
        "Negative": 0.005920535884797573,
        "Neutral": 0.9731296300888062,
        "Mixed": 0.0015480819856747985
    }
}
