{
    "Sentiment": "NEUTRAL",
    "SentimentScore": {
        "Positive": 0.09411321580410004,
        "Negative": 0.054977040737867355,
        "Neutral": 0.8332897424697876,
        "Mixed": 0.017620045691728592
    }
}
