{
    "Sentiment": "NEUTRAL",
    "SentimentScore": {
        "Positive": 0.012247300706803799,
        "Negative": 0.03536629676818848,
        "Neutral": 0.9486386775970459,
        "Mixed": 0.003747709793969989
    }
}
