{
    "Sentiment": "NEUTRAL",
    "SentimentScore": {
        "Positive": 0.012571153230965137,
        "Negative": 0.04768853634595871,
        "Neutral": 0.9362503886222839,
        "Mixed": 0.0034898945596069098
    }
}
