{
    "Sentiment": "NEUTRAL",
    "SentimentScore": {
        "Positive": 0.011629931628704071,
        "Negative": 0.054995130747556686,
        "Neutral": 0.9264642000198364,
        "Mixed": 0.006910769268870354
    }
}
