{
    "Sentiment": "NEUTRAL",
    "SentimentScore": {
        "Positive": 0.0077368151396512985,
        "Negative": 0.1266472041606903,
        "Neutral": 0.8581410646438599,
        "Mixed": 0.007474873680621386
    }
}
