{
    "Sentiment": "NEUTRAL",
    "SentimentScore": {
        "Positive": 0.0017052259063348174,
        "Negative": 0.028138095512986183,
        "Neutral": 0.9685325026512146,
        "Mixed": 0.0016241775592789054
    }
}
