{
    "Sentiment": "NEUTRAL",
    "SentimentScore": {
        "Positive": 0.022920912131667137,
        "Negative": 0.0037783265579491854,
        "Neutral": 0.9722966551780701,
        "Mixed": 0.0010040865745395422
    }
}
