{
    "Sentiment": "NEUTRAL",
    "SentimentScore": {
        "Positive": 0.043340668082237244,
        "Negative": 0.11902223527431488,
        "Neutral": 0.7907599806785583,
        "Mixed": 0.046877168118953705
    }
}
