{
    "Sentiment": "NEUTRAL",
    "SentimentScore": {
        "Positive": 0.0182800330221653,
        "Negative": 0.02874767780303955,
        "Neutral": 0.9484068155288696,
        "Mixed": 0.004565410315990448
    }
}
