{
    "Sentiment": "NEUTRAL",
    "SentimentScore": {
        "Positive": 0.0009490326629020274,
        "Negative": 0.05432898923754692,
        "Neutral": 0.9428960084915161,
        "Mixed": 0.0018259305506944656
    }
}
