{
    "Sentiment": "NEUTRAL",
    "SentimentScore": {
        "Positive": 0.031707629561424255,
        "Negative": 0.06536731123924255,
        "Neutral": 0.886025607585907,
        "Mixed": 0.01689937897026539
    }
}
