{
    "Sentiment": "NEUTRAL",
    "SentimentScore": {
        "Positive": 0.02304021455347538,
        "Negative": 0.05466034263372421,
        "Neutral": 0.9106236100196838,
        "Mixed": 0.01167586725205183
    }
}
