{
    "Sentiment": "NEUTRAL",
    "SentimentScore": {
        "Positive": 0.2703218162059784,
        "Negative": 0.004903669469058514,
        "Neutral": 0.720935046672821,
        "Mixed": 0.0038394315633922815
    }
}
