{
    "Sentiment": "POSITIVE",
    "SentimentScore": {
        "Positive": 0.7900228500366211,
        "Negative": 0.0032361336052417755,
        "Neutral": 0.2021915465593338,
        "Mixed": 0.00454949215054512
    }
}
