{
    "Sentiment": "NEUTRAL",
    "SentimentScore": {
        "Positive": 0.04937131330370903,
        "Negative": 0.18444742262363434,
        "Neutral": 0.7570221424102783,
        "Mixed": 0.009159033186733723
    }
}
