{
    "Sentiment": "NEUTRAL",
    "SentimentScore": {
        "Positive": 0.0020719680469483137,
        "Negative": 0.04984097182750702,
        "Neutral": 0.9455494284629822,
        "Mixed": 0.002537631429731846
    }
}
