{
    "Sentiment": "NEUTRAL",
    "SentimentScore": {
        "Positive": 0.0018545120256021619,
        "Negative": 0.0029650975484400988,
        "Neutral": 0.9948280453681946,
        "Mixed": 0.0003523234627209604
    }
}
