{
    "Sentiment": "POSITIVE",
    "SentimentScore": {
        "Positive": 0.6042046546936035,
        "Negative": 0.015248719602823257,
        "Neutral": 0.36316636204719543,
        "Mixed": 0.01738031953573227
    }
}
