{
    "Sentiment": "NEUTRAL",
    "SentimentScore": {
        "Positive": 0.002929843030869961,
        "Negative": 0.00364850927144289,
        "Neutral": 0.9926983714103699,
        "Mixed": 0.0007233038195408881
    }
}
