{
    "Sentiment": "NEUTRAL",
    "SentimentScore": {
        "Positive": 0.0150031428784132,
        "Negative": 0.016125952824950218,
        "Neutral": 0.9660829305648804,
        "Mixed": 0.002787933452054858
    }
}
