{
    "Sentiment": "NEUTRAL",
    "SentimentScore": {
        "Positive": 0.005570726934820414,
        "Negative": 0.002971704350784421,
        "Neutral": 0.9907675385475159,
        "Mixed": 0.0006900098524056375
    }
}
