{
    "Sentiment": "NEUTRAL",
    "SentimentScore": {
        "Positive": 0.0057248747907578945,
        "Negative": 0.25378862023353577,
        "Neutral": 0.7298307418823242,
        "Mixed": 0.010655859485268593
    }
}
