{
    "Sentiment": "NEUTRAL",
    "SentimentScore": {
        "Positive": 0.008389650844037533,
        "Negative": 0.00458705285564065,
        "Neutral": 0.9864363074302673,
        "Mixed": 0.0005870523164048791
    }
}
