{
    "Sentiment": "NEUTRAL",
    "SentimentScore": {
        "Positive": 0.005584318190813065,
        "Negative": 0.004779844544827938,
        "Neutral": 0.9889816641807556,
        "Mixed": 0.0006540644681081176
    }
}
