{
    "Sentiment": "NEUTRAL",
    "SentimentScore": {
        "Positive": 0.0024997740983963013,
        "Negative": 0.003864254103973508,
        "Neutral": 0.9929044842720032,
        "Mixed": 0.0007314782706089318
    }
}
