{
    "Sentiment": "NEUTRAL",
    "SentimentScore": {
        "Positive": 0.024516906589269638,
        "Negative": 0.013441774062812328,
        "Neutral": 0.9580639600753784,
        "Mixed": 0.003977404907345772
    }
}
