{
    "Sentiment": "NEUTRAL",
    "SentimentScore": {
        "Positive": 0.011710578575730324,
        "Negative": 0.022749044001102448,
        "Neutral": 0.9632624983787537,
        "Mixed": 0.002277888124808669
    }
}
