{
    "Sentiment": "NEUTRAL",
    "SentimentScore": {
        "Positive": 0.05926749110221863,
        "Negative": 0.0069829607382416725,
        "Neutral": 0.9301202893257141,
        "Mixed": 0.0036293240264058113
    }
}
