{
    "Sentiment": "NEUTRAL",
    "SentimentScore": {
        "Positive": 0.001914390828460455,
        "Negative": 0.009267747402191162,
        "Neutral": 0.9879145622253418,
        "Mixed": 0.0009032922680489719
    }
}
