{
    "Sentiment": "NEUTRAL",
    "SentimentScore": {
        "Positive": 0.012083754874765873,
        "Negative": 0.034405406564474106,
        "Neutral": 0.949715256690979,
        "Mixed": 0.0037955129519104958
    }
}
