{
    "Sentiment": "NEUTRAL",
    "SentimentScore": {
        "Positive": 0.016937745735049248,
        "Negative": 0.03936314582824707,
        "Neutral": 0.9349519610404968,
        "Mixed": 0.008747141808271408
    }
}
