{
    "Sentiment": "NEUTRAL",
    "SentimentScore": {
        "Positive": 0.28589046001434326,
        "Negative": 0.08563582599163055,
        "Neutral": 0.5925341844558716,
        "Mixed": 0.035939544439315796
    }
}
