{
    "Sentiment": "NEUTRAL",
    "SentimentScore": {
        "Positive": 0.004880153574049473,
        "Negative": 0.010099023580551147,
        "Neutral": 0.9833106994628906,
        "Mixed": 0.0017100948607549071
    }
}
