{
    "Sentiment": "NEUTRAL",
    "SentimentScore": {
        "Positive": 0.019950581714510918,
        "Negative": 0.1423661708831787,
        "Neutral": 0.8291676044464111,
        "Mixed": 0.008515623398125172
    }
}
