{
    "Sentiment": "NEUTRAL",
    "SentimentScore": {
        "Positive": 0.024018852040171623,
        "Negative": 0.10781442373991013,
        "Neutral": 0.8621775507926941,
        "Mixed": 0.005989185534417629
    }
}
