{
    "Sentiment": "NEGATIVE",
    "SentimentScore": {
        "Positive": 0.01153864711523056,
        "Negative": 0.5976447463035583,
        "Neutral": 0.37545838952064514,
        "Mixed": 0.015358200296759605
    }
}
