{
    "Sentiment": "POSITIVE",
    "SentimentScore": {
        "Positive": 0.5750148296356201,
        "Negative": 0.002830304205417633,
        "Neutral": 0.4114963710308075,
        "Mixed": 0.010658439248800278
    }
}
