{
    "Sentiment": "NEUTRAL",
    "SentimentScore": {
        "Positive": 0.005962846800684929,
        "Negative": 0.004653650335967541,
        "Neutral": 0.9886413216590881,
        "Mixed": 0.0007421169430017471
    }
}
