{
    "Sentiment": "NEUTRAL",
    "SentimentScore": {
        "Positive": 0.0016503194347023964,
        "Negative": 0.0024737317580729723,
        "Neutral": 0.9956868290901184,
        "Mixed": 0.00018911292136181146
    }
}
