{
    "Sentiment": "NEUTRAL",
    "SentimentScore": {
        "Positive": 0.024633420631289482,
        "Negative": 0.226265087723732,
        "Neutral": 0.7346746921539307,
        "Mixed": 0.014426819048821926
    }
}
