{
    "Sentiment": "NEUTRAL",
    "SentimentScore": {
        "Positive": 0.002915290417149663,
        "Negative": 0.19869446754455566,
        "Neutral": 0.793087899684906,
        "Mixed": 0.005302385427057743
    }
}
