{
    "Sentiment": "NEUTRAL",
    "SentimentScore": {
        "Positive": 0.0011237254366278648,
        "Negative": 0.011987507343292236,
        "Neutral": 0.9863227605819702,
        "Mixed": 0.0005659714224748313
    }
}
