{
    "Sentiment": "NEUTRAL",
    "SentimentScore": {
        "Positive": 0.0048187775537371635,
        "Negative": 0.005738446954637766,
        "Neutral": 0.9885566234588623,
        "Mixed": 0.0008861283422447741
    }
}
