{
    "Sentiment": "NEUTRAL",
    "SentimentScore": {
        "Positive": 0.08847595006227493,
        "Negative": 0.022330550476908684,
        "Neutral": 0.885138213634491,
        "Mixed": 0.004055358935147524
    }
}
