{
    "Sentiment": "NEUTRAL",
    "SentimentScore": {
        "Positive": 0.01244307029992342,
        "Negative": 0.0042503830045461655,
        "Neutral": 0.9817325472831726,
        "Mixed": 0.0015739763621240854
    }
}
