{
    "Sentiment": "NEUTRAL",
    "SentimentScore": {
        "Positive": 0.1238832101225853,
        "Negative": 0.0125673683360219,
        "Neutral": 0.8600400686264038,
        "Mixed": 0.0035093678161501884
    }
}
