{
    "Sentiment": "NEUTRAL",
    "SentimentScore": {
        "Positive": 0.09917962551116943,
        "Negative": 0.007978161796927452,
        "Neutral": 0.8893953561782837,
        "Mixed": 0.0034467957448214293
    }
}
