{
    "Sentiment": "NEGATIVE",
    "SentimentScore": {
        "Positive": 0.006306875962764025,
        "Negative": 0.6825464963912964,
        "Neutral": 0.2887782156467438,
        "Mixed": 0.02236836962401867
    }
}
