{
    "Sentiment": "NEUTRAL",
    "SentimentScore": {
        "Positive": 0.005566414445638657,
        "Negative": 0.006578665692359209,
        "Neutral": 0.9866004586219788,
        "Mixed": 0.00125447241589427
    }
}
