{
    "Sentiment": "NEUTRAL",
    "SentimentScore": {
        "Positive": 0.019557302817702293,
        "Negative": 0.009877879172563553,
        "Neutral": 0.9684972763061523,
        "Mixed": 0.0020675454288721085
    }
}
