{
    "Sentiment": "NEUTRAL",
    "SentimentScore": {
        "Positive": 0.009808418340981007,
        "Negative": 0.04373999312520027,
        "Neutral": 0.9421166181564331,
        "Mixed": 0.00433506490662694
    }
}
