{
    "Sentiment": "NEUTRAL",
    "SentimentScore": {
        "Positive": 0.036313578486442566,
        "Negative": 0.018591051921248436,
        "Neutral": 0.9430606961250305,
        "Mixed": 0.0020346122328191996
    }
}
