{
    "Sentiment": "NEUTRAL",
    "SentimentScore": {
        "Positive": 0.043430671095848083,
        "Negative": 0.0028161518275737762,
        "Neutral": 0.951678454875946,
        "Mixed": 0.0020747799426317215
    }
}
