{
    "Sentiment": "NEUTRAL",
    "SentimentScore": {
        "Positive": 0.0036604288034141064,
        "Negative": 0.028441406786441803,
        "Neutral": 0.9659740924835205,
        "Mixed": 0.0019240455003455281
    }
}
