{
    "Sentiment": "NEUTRAL",
    "SentimentScore": {
        "Positive": 0.002612913027405739,
        "Negative": 0.0044685048051178455,
        "Neutral": 0.9922669529914856,
        "Mixed": 0.000651604903396219
    }
}
