{
    "Sentiment": "NEUTRAL",
    "SentimentScore": {
        "Positive": 0.0073049720376729965,
        "Negative": 0.003644210286438465,
        "Neutral": 0.9885644316673279,
        "Mixed": 0.00048640836030244827
    }
}
