{
    "Sentiment": "POSITIVE",
    "SentimentScore": {
        "Positive": 0.8864333033561707,
        "Negative": 0.0009636481408961117,
        "Neutral": 0.10639813542366028,
        "Mixed": 0.00620501022785902
    }
}
