{
    "Sentiment": "NEUTRAL",
    "SentimentScore": {
        "Positive": 0.003096421016380191,
        "Negative": 0.03198844566941261,
        "Neutral": 0.961150050163269,
        "Mixed": 0.0037651669699698687
    }
}
