{
    "Sentiment": "NEUTRAL",
    "SentimentScore": {
        "Positive": 0.0121093038469553,
        "Negative": 0.017964603379368782,
        "Neutral": 0.9683771729469299,
        "Mixed": 0.0015489276265725493
    }
}
