{
    "Sentiment": "NEUTRAL",
    "SentimentScore": {
        "Positive": 0.0005862006801180542,
        "Negative": 0.004835922736674547,
        "Neutral": 0.9942073822021484,
        "Mixed": 0.00037043174961581826
    }
}
