{
    "Sentiment": "NEUTRAL",
    "SentimentScore": {
        "Positive": 0.002401137724518776,
        "Negative": 0.11068417876958847,
        "Neutral": 0.8812652826309204,
        "Mixed": 0.005649477243423462
    }
}
