{
    "Sentiment": "NEUTRAL",
    "SentimentScore": {
        "Positive": 0.004820606671273708,
        "Negative": 0.1289888471364975,
        "Neutral": 0.8560055494308472,
        "Mixed": 0.010185010731220245
    }
}
