{
    "Sentiment": "NEUTRAL",
    "SentimentScore": {
        "Positive": 0.002189635531976819,
        "Negative": 0.02240239456295967,
        "Neutral": 0.9739665985107422,
        "Mixed": 0.0014413063181564212
    }
}
