{
    "Sentiment": "NEUTRAL",
    "SentimentScore": {
        "Positive": 0.0025567240081727505,
        "Negative": 0.012166260741651058,
        "Neutral": 0.9843541383743286,
        "Mixed": 0.0009229525458067656
    }
}
