{
    "Sentiment": "NEUTRAL",
    "SentimentScore": {
        "Positive": 0.0030915073584765196,
        "Negative": 0.004173961002379656,
        "Neutral": 0.9922729730606079,
        "Mixed": 0.00046161568025127053
    }
}
