{
    "Sentiment": "NEUTRAL",
    "SentimentScore": {
        "Positive": 0.010286613367497921,
        "Negative": 0.00965777225792408,
        "Neutral": 0.9787778854370117,
        "Mixed": 0.0012778062373399734
    }
}
