{
    "Sentiment": "NEUTRAL",
    "SentimentScore": {
        "Positive": 0.004742572549730539,
        "Negative": 0.0017281543696299195,
        "Neutral": 0.993259608745575,
        "Mixed": 0.00026962102856487036
    }
}
