{
    "Sentiment": "NEUTRAL",
    "SentimentScore": {
        "Positive": 0.0024180167820304632,
        "Negative": 0.016920724883675575,
        "Neutral": 0.9791456460952759,
        "Mixed": 0.0015156272565945983
    }
}
