{
    "Sentiment": "NEUTRAL",
    "SentimentScore": {
        "Positive": 0.002938017947599292,
        "Negative": 0.0014993203803896904,
        "Neutral": 0.9951854348182678,
        "Mixed": 0.0003772072377614677
    }
}
