{
    "Sentiment": "POSITIVE",
    "SentimentScore": {
        "Positive": 0.8405008912086487,
        "Negative": 0.001065648510120809,
        "Neutral": 0.15348072350025177,
        "Mixed": 0.004952763672918081
    }
}
