{
    "Sentiment": "NEUTRAL",
    "SentimentScore": {
        "Positive": 0.004533574916422367,
        "Negative": 0.02470254898071289,
        "Neutral": 0.9665780663490295,
        "Mixed": 0.004185779951512814
    }
}
