{
    "Sentiment": "NEUTRAL",
    "SentimentScore": {
        "Positive": 0.0013803947949782014,
        "Negative": 0.020359640941023827,
        "Neutral": 0.9764862656593323,
        "Mixed": 0.0017736456356942654
    }
}
