{
    "Sentiment": "NEUTRAL",
    "SentimentScore": {
        "Positive": 0.0013372569810599089,
        "Negative": 0.05820418894290924,
        "Neutral": 0.9380395412445068,
        "Mixed": 0.0024190740659832954
    }
}
