{
    "Sentiment": "NEUTRAL",
    "SentimentScore": {
        "Positive": 0.002566835144534707,
        "Negative": 0.005884299986064434,
        "Neutral": 0.9909645318984985,
        "Mixed": 0.0005842607351951301
    }
}
