{
    "Sentiment": "POSITIVE",
    "SentimentScore": {
        "Positive": 0.7553776502609253,
        "Negative": 0.06366443634033203,
        "Neutral": 0.14088711142539978,
        "Mixed": 0.04007086902856827
    }
}
