{
    "Sentiment": "NEUTRAL",
    "SentimentScore": {
        "Positive": 0.06598301976919174,
        "Negative": 0.0016653981292620301,
        "Neutral": 0.9309499859809875,
        "Mixed": 0.0014015560736879706
    }
}
