{
    "Sentiment": "NEUTRAL",
    "SentimentScore": {
        "Positive": 0.002770909108221531,
        "Negative": 0.002394317416474223,
        "Neutral": 0.9944170713424683,
        "Mixed": 0.0004177972732577473
    }
}
