{
    "Sentiment": "POSITIVE",
    "SentimentScore": {
        "Positive": 0.7920804023742676,
        "Negative": 0.002578914165496826,
        "Neutral": 0.19756492972373962,
        "Mixed": 0.007775716949254274
    }
}
