{
    "Sentiment": "NEUTRAL",
    "SentimentScore": {
        "Positive": 0.0059120007790625095,
        "Negative": 0.02590031735599041,
        "Neutral": 0.9668898582458496,
        "Mixed": 0.0012978622689843178
    }
}
