{
    "Sentiment": "NEUTRAL",
    "SentimentScore": {
        "Positive": 0.0018639141926541924,
        "Negative": 0.005080337170511484,
        "Neutral": 0.9925487041473389,
        "Mixed": 0.000507035874761641
    }
}
