{
    "Sentiment": "NEUTRAL",
    "SentimentScore": {
        "Positive": 0.006528310943394899,
        "Negative": 0.347040593624115,
        "Neutral": 0.632886528968811,
        "Mixed": 0.01354461070150137
    }
}
