{
    "Sentiment": "NEUTRAL",
    "SentimentScore": {
        "Positive": 0.03147768974304199,
        "Negative": 0.047389380633831024,
        "Neutral": 0.8909803628921509,
        "Mixed": 0.030152486637234688
    }
}
