{
    "Sentiment": "NEUTRAL",
    "SentimentScore": {
        "Positive": 0.19904246926307678,
        "Negative": 0.00442953035235405,
        "Neutral": 0.7923876047134399,
        "Mixed": 0.004140335135161877
    }
}
