{
    "Sentiment": "NEUTRAL",
    "SentimentScore": {
        "Positive": 0.12993094325065613,
        "Negative": 0.10239427536725998,
        "Neutral": 0.7417259216308594,
        "Mixed": 0.02594892866909504
    }
}
