{
    "Sentiment": "NEUTRAL",
    "SentimentScore": {
        "Positive": 0.005094889085739851,
        "Negative": 0.19605031609535217,
        "Neutral": 0.7920078635215759,
        "Mixed": 0.006846968084573746
    }
}
