{
    "Sentiment": "NEUTRAL",
    "SentimentScore": {
        "Positive": 0.021038062870502472,
        "Negative": 0.04348492994904518,
        "Neutral": 0.925998866558075,
        "Mixed": 0.009478081949055195
    }
}
