{
    "Sentiment": "NEUTRAL",
    "SentimentScore": {
        "Positive": 0.00719103030860424,
        "Negative": 0.0052542430348694324,
        "Neutral": 0.985780656337738,
        "Mixed": 0.0017740759067237377
    }
}
