{
    "Sentiment": "NEUTRAL",
    "SentimentScore": {
        "Positive": 0.004783451557159424,
        "Negative": 0.006273239850997925,
        "Neutral": 0.9873834252357483,
        "Mixed": 0.0015599566977471113
    }
}
