{
    "Sentiment": "NEUTRAL",
    "SentimentScore": {
        "Positive": 0.021263834089040756,
        "Negative": 0.00739129725843668,
        "Neutral": 0.9688696265220642,
        "Mixed": 0.0024752491153776646
    }
}
