{
    "Sentiment": "NEUTRAL",
    "SentimentScore": {
        "Positive": 0.00552771333605051,
        "Negative": 0.0018636489985510707,
        "Neutral": 0.9920961856842041,
        "Mixed": 0.000512419908773154
    }
}
