{
    "Sentiment": "NEUTRAL",
    "SentimentScore": {
        "Positive": 0.04103793576359749,
        "Negative": 0.016002874821424484,
        "Neutral": 0.938472330570221,
        "Mixed": 0.004486794583499432
    }
}
