{
    "Sentiment": "NEUTRAL",
    "SentimentScore": {
        "Positive": 0.026109062135219574,
        "Negative": 0.03295185789465904,
        "Neutral": 0.9338697195053101,
        "Mixed": 0.00706941494718194
    }
}
