{
    "Sentiment": "NEUTRAL",
    "SentimentScore": {
        "Positive": 0.006224401295185089,
        "Negative": 0.017743999138474464,
        "Neutral": 0.9729524254798889,
        "Mixed": 0.0030792132019996643
    }
}
