{
    "Sentiment": "NEUTRAL",
    "SentimentScore": {
        "Positive": 0.008103403262794018,
        "Negative": 0.01715303398668766,
        "Neutral": 0.9718921184539795,
        "Mixed": 0.0028513632714748383
    }
}
