{
    "Sentiment": "NEUTRAL",
    "SentimentScore": {
        "Positive": 0.0028741636779159307,
        "Negative": 0.044637344777584076,
        "Neutral": 0.9497091174125671,
        "Mixed": 0.002779382048174739
    }
}
