{
    "Sentiment": "NEUTRAL",
    "SentimentScore": {
        "Positive": 0.004673553165048361,
        "Negative": 0.035824235528707504,
        "Neutral": 0.9558620452880859,
        "Mixed": 0.003640131326392293
    }
}
