{
    "Sentiment": "NEUTRAL",
    "SentimentScore": {
        "Positive": 0.00814304780215025,
        "Negative": 0.083134725689888,
        "Neutral": 0.8958404660224915,
        "Mixed": 0.012881766073405743
    }
}
