{
    "Sentiment": "NEUTRAL",
    "SentimentScore": {
        "Positive": 0.006860619876533747,
        "Negative": 0.0036874734796583652,
        "Neutral": 0.988856852054596,
        "Mixed": 0.0005950724007561803
    }
}
