{
    "Sentiment": "NEUTRAL",
    "SentimentScore": {
        "Positive": 0.0715109258890152,
        "Negative": 0.061919551342725754,
        "Neutral": 0.8601344227790833,
        "Mixed": 0.006435078103095293
    }
}
