{
    "Sentiment": "NEUTRAL",
    "SentimentScore": {
        "Positive": 0.1468348205089569,
        "Negative": 0.004357403609901667,
        "Neutral": 0.8430083394050598,
        "Mixed": 0.005799408536404371
    }
}
