{
    "Sentiment": "NEUTRAL",
    "SentimentScore": {
        "Positive": 0.03262593597173691,
        "Negative": 0.01925603486597538,
        "Neutral": 0.9462210536003113,
        "Mixed": 0.0018970334203913808
    }
}
