{
    "Sentiment": "NEUTRAL",
    "SentimentScore": {
        "Positive": 0.23329778015613556,
        "Negative": 0.10339304059743881,
        "Neutral": 0.5736163258552551,
        "Mixed": 0.0896928682923317
    }
}
