{
    "Sentiment": "NEUTRAL",
    "SentimentScore": {
        "Positive": 0.0027359819505363703,
        "Negative": 0.11963831633329391,
        "Neutral": 0.8709349036216736,
        "Mixed": 0.006690836977213621
    }
}
