{
    "Sentiment": "NEUTRAL",
    "SentimentScore": {
        "Positive": 0.03789978846907616,
        "Negative": 0.30539193749427795,
        "Neutral": 0.6174113750457764,
        "Mixed": 0.03929682821035385
    }
}
