{
    "Sentiment": "NEUTRAL",
    "SentimentScore": {
        "Positive": 0.005117453169077635,
        "Negative": 0.1653410643339157,
        "Neutral": 0.8114608526229858,
        "Mixed": 0.018080703914165497
    }
}
