{
    "Sentiment": "NEUTRAL",
    "SentimentScore": {
        "Positive": 0.05877381190657616,
        "Negative": 0.22202135622501373,
        "Neutral": 0.6820541620254517,
        "Mixed": 0.03715060278773308
    }
}
