{
    "Sentiment": "NEUTRAL",
    "SentimentScore": {
        "Positive": 0.00434257322922349,
        "Negative": 0.025136103853583336,
        "Neutral": 0.9688912630081177,
        "Mixed": 0.0016300886636599898
    }
}
