{
    "Sentiment": "NEUTRAL",
    "SentimentScore": {
        "Positive": 0.003468993352726102,
        "Negative": 0.0017593168886378407,
        "Neutral": 0.9944725632667542,
        "Mixed": 0.00029915585764683783
    }
}
