{
    "Sentiment": "NEUTRAL",
    "SentimentScore": {
        "Positive": 0.035153742879629135,
        "Negative": 0.022473329678177834,
        "Neutral": 0.9342609643936157,
        "Mixed": 0.008111899718642235
    }
}
