{
    "Sentiment": "NEUTRAL",
    "SentimentScore": {
        "Positive": 0.10706263035535812,
        "Negative": 0.015826566144824028,
        "Neutral": 0.8452290296554565,
        "Mixed": 0.03188180550932884
    }
}
