{
    "Sentiment": "NEUTRAL",
    "SentimentScore": {
        "Positive": 0.018247123807668686,
        "Negative": 0.0034446052741259336,
        "Neutral": 0.9775676727294922,
        "Mixed": 0.0007406228105537593
    }
}
