{
    "Sentiment": "NEUTRAL",
    "SentimentScore": {
        "Positive": 0.019304776564240456,
        "Negative": 0.01129905041307211,
        "Neutral": 0.9682996273040771,
        "Mixed": 0.0010965330293402076
    }
}
