{
    "Sentiment": "NEUTRAL",
    "SentimentScore": {
        "Positive": 0.004318806808441877,
        "Negative": 0.0014787089312449098,
        "Neutral": 0.9939287900924683,
        "Mixed": 0.00027371582109481096
    }
}
