{
    "Sentiment": "NEUTRAL",
    "SentimentScore": {
        "Positive": 0.01631031557917595,
        "Negative": 0.014849931932985783,
        "Neutral": 0.9670217633247375,
        "Mixed": 0.001818078919313848
    }
}
