{
    "Sentiment": "POSITIVE",
    "SentimentScore": {
        "Positive": 0.5297043323516846,
        "Negative": 0.000934958690777421,
        "Neutral": 0.46622347831726074,
        "Mixed": 0.0031372332014143467
    }
}
