{
    "Sentiment": "NEUTRAL",
    "SentimentScore": {
        "Positive": 0.04889572784304619,
        "Negative": 0.037876516580581665,
        "Neutral": 0.8994235992431641,
        "Mixed": 0.013804220594465733
    }
}
