{
    "Sentiment": "NEUTRAL",
    "SentimentScore": {
        "Positive": 0.006359097082167864,
        "Negative": 0.4528042674064636,
        "Neutral": 0.5141985416412354,
        "Mixed": 0.02663804590702057
    }
}
