{
    "Sentiment": "POSITIVE",
    "SentimentScore": {
        "Positive": 0.9232603907585144,
        "Negative": 0.00024923557066358626,
        "Neutral": 0.07357633858919144,
        "Mixed": 0.0029140175320208073
    }
}
