{
    "Sentiment": "NEUTRAL",
    "SentimentScore": {
        "Positive": 0.002818424254655838,
        "Negative": 0.1261487752199173,
        "Neutral": 0.8648746013641357,
        "Mixed": 0.006158180069178343
    }
}
