{
    "Sentiment": "NEUTRAL",
    "SentimentScore": {
        "Positive": 0.018664738163352013,
        "Negative": 0.021020792424678802,
        "Neutral": 0.9569870829582214,
        "Mixed": 0.003327431622892618
    }
}
