{
    "Sentiment": "NEUTRAL",
    "SentimentScore": {
        "Positive": 0.025777999311685562,
        "Negative": 0.12500081956386566,
        "Neutral": 0.8258765339851379,
        "Mixed": 0.023344682529568672
    }
}
