{
    "Sentiment": "NEUTRAL",
    "SentimentScore": {
        "Positive": 0.00301404413767159,
        "Negative": 0.0026261848397552967,
        "Neutral": 0.9938055276870728,
        "Mixed": 0.0005541848950088024
    }
}
