{
    "Sentiment": "NEUTRAL",
    "SentimentScore": {
        "Positive": 0.3281313180923462,
        "Negative": 0.0034922584891319275,
        "Neutral": 0.658809244632721,
        "Mixed": 0.009567232802510262
    }
}
