{
    "Sentiment": "NEUTRAL",
    "SentimentScore": {
        "Positive": 0.0021307566203176975,
        "Negative": 0.02784682810306549,
        "Neutral": 0.9678453803062439,
        "Mixed": 0.002177069429308176
    }
}
