{
    "Sentiment": "NEUTRAL",
    "SentimentScore": {
        "Positive": 0.002384780440479517,
        "Negative": 0.0066166529431939125,
        "Neutral": 0.9901736974716187,
        "Mixed": 0.0008248790982179344
    }
}
