{
    "Sentiment": "NEUTRAL",
    "SentimentScore": {
        "Positive": 0.019719954580068588,
        "Negative": 0.021296363323926926,
        "Neutral": 0.9485640525817871,
        "Mixed": 0.010419631376862526
    }
}
