{
    "Sentiment": "POSITIVE",
    "SentimentScore": {
        "Positive": 0.9000356793403625,
        "Negative": 0.0026833494193851948,
        "Neutral": 0.08222689479589462,
        "Mixed": 0.01505396980792284
    }
}
