{
    "Sentiment": "NEUTRAL",
    "SentimentScore": {
        "Positive": 0.046964094042778015,
        "Negative": 0.06278296560049057,
        "Neutral": 0.8586235642433167,
        "Mixed": 0.03162945806980133
    }
}
