{
    "Sentiment": "NEUTRAL",
    "SentimentScore": {
        "Positive": 0.017746226862072945,
        "Negative": 0.016314830631017685,
        "Neutral": 0.9591415524482727,
        "Mixed": 0.006797476671636105
    }
}
