{
    "Sentiment": "NEUTRAL",
    "SentimentScore": {
        "Positive": 0.0024534037802368402,
        "Negative": 0.003629393642768264,
        "Neutral": 0.993372917175293,
        "Mixed": 0.0005442172405309975
    }
}
