{
    "Sentiment": "NEUTRAL",
    "SentimentScore": {
        "Positive": 0.004059590399265289,
        "Negative": 0.03179854154586792,
        "Neutral": 0.9606123566627502,
        "Mixed": 0.003529546782374382
    }
}
