{
    "Sentiment": "NEUTRAL",
    "SentimentScore": {
        "Positive": 0.004788018297404051,
        "Negative": 0.02434982918202877,
        "Neutral": 0.9670974612236023,
        "Mixed": 0.0037647192366421223
    }
}
