{
    "Sentiment": "NEUTRAL",
    "SentimentScore": {
        "Positive": 0.10754778236150742,
        "Negative": 0.09573648124933243,
        "Neutral": 0.7161086797714233,
        "Mixed": 0.08060698956251144
    }
}
