{
    "Sentiment": "NEUTRAL",
    "SentimentScore": {
        "Positive": 0.1474870890378952,
        "Negative": 0.05461292713880539,
        "Neutral": 0.7863989472389221,
        "Mixed": 0.011501036584377289
    }
}
