{
    "Sentiment": "NEUTRAL",
    "SentimentScore": {
        "Positive": 0.009368662722408772,
        "Negative": 0.4733548164367676,
        "Neutral": 0.5109012126922607,
        "Mixed": 0.006375284865498543
    }
}
