{
    "Sentiment": "NEUTRAL",
    "SentimentScore": {
        "Positive": 0.0035495455376803875,
        "Negative": 0.04595309868454933,
        "Neutral": 0.9471419453620911,
        "Mixed": 0.0033553934190422297
    }
}
