{
    "Sentiment": "NEUTRAL",
    "SentimentScore": {
        "Positive": 0.30428147315979004,
        "Negative": 0.12992918491363525,
        "Neutral": 0.5473992228507996,
        "Mixed": 0.018390143290162086
    }
}
