{
    "Sentiment": "NEUTRAL",
    "SentimentScore": {
        "Positive": 0.0049097114242613316,
        "Negative": 0.07292598485946655,
        "Neutral": 0.9167258143424988,
        "Mixed": 0.005438381340354681
    }
}
