{
    "Sentiment": "NEUTRAL",
    "SentimentScore": {
        "Positive": 0.012188121676445007,
        "Negative": 0.005310635082423687,
        "Neutral": 0.9800766110420227,
        "Mixed": 0.0024247169494628906
    }
}
