{
    "Sentiment": "NEUTRAL",
    "SentimentScore": {
        "Positive": 0.01622561365365982,
        "Negative": 0.034505363553762436,
        "Neutral": 0.9426825642585754,
        "Mixed": 0.006586374714970589
    }
}
