{
    "Sentiment": "NEUTRAL",
    "SentimentScore": {
        "Positive": 0.0034584917593747377,
        "Negative": 0.00796500314027071,
        "Neutral": 0.9880046248435974,
        "Mixed": 0.000571833923459053
    }
}
