{
    "Sentiment": "NEUTRAL",
    "SentimentScore": {
        "Positive": 0.2461569756269455,
        "Negative": 0.010719913989305496,
        "Neutral": 0.7351875901222229,
        "Mixed": 0.00793552491813898
    }
}
