{
    "Sentiment": "NEUTRAL",
    "SentimentScore": {
        "Positive": 0.012484108097851276,
        "Negative": 0.026997137814760208,
        "Neutral": 0.9556684494018555,
        "Mixed": 0.004850320518016815
    }
}
