{
    "Sentiment": "NEUTRAL",
    "SentimentScore": {
        "Positive": 0.018313908949494362,
        "Negative": 0.09972864389419556,
        "Neutral": 0.8750337362289429,
        "Mixed": 0.006923709996044636
    }
}
