{
    "Sentiment": "NEUTRAL",
    "SentimentScore": {
        "Positive": 0.019638942554593086,
        "Negative": 0.050386738032102585,
        "Neutral": 0.9147690534591675,
        "Mixed": 0.015205282717943192
    }
}
