{
    "Sentiment": "NEUTRAL",
    "SentimentScore": {
        "Positive": 0.0022679234389215708,
        "Negative": 0.06501362472772598,
        "Neutral": 0.9297688603401184,
        "Mixed": 0.0029495779890567064
    }
}
