{
    "Sentiment": "NEUTRAL",
    "SentimentScore": {
        "Positive": 0.09022228419780731,
        "Negative": 0.009702582843601704,
        "Neutral": 0.8976923227310181,
        "Mixed": 0.0023827129043638706
    }
}
