{
    "Sentiment": "NEUTRAL",
    "SentimentScore": {
        "Positive": 0.006687612272799015,
        "Negative": 0.011671665124595165,
        "Neutral": 0.9790079593658447,
        "Mixed": 0.0026327762752771378
    }
}
