{
    "Sentiment": "NEUTRAL",
    "SentimentScore": {
        "Positive": 0.003986765164881945,
        "Negative": 0.004662792198359966,
        "Neutral": 0.9904428124427795,
        "Mixed": 0.000907634908799082
    }
}
