{
    "Sentiment": "NEUTRAL",
    "SentimentScore": {
        "Positive": 0.01998329721391201,
        "Negative": 0.05614626780152321,
        "Neutral": 0.9106017351150513,
        "Mixed": 0.013268623501062393
    }
}
