{
    "Sentiment": "NEUTRAL",
    "SentimentScore": {
        "Positive": 0.002019288716837764,
        "Negative": 0.003047712380066514,
        "Neutral": 0.9945603013038635,
        "Mixed": 0.00037264349521137774
    }
}
