{
    "Sentiment": "NEUTRAL",
    "SentimentScore": {
        "Positive": 0.06620308756828308,
        "Negative": 0.02559688687324524,
        "Neutral": 0.9050006866455078,
        "Mixed": 0.0031993286684155464
    }
}
