{
    "Sentiment": "NEUTRAL",
    "SentimentScore": {
        "Positive": 0.009891494177281857,
        "Negative": 0.024598360061645508,
        "Neutral": 0.963707447052002,
        "Mixed": 0.0018026329344138503
    }
}
