{
    "Sentiment": "NEUTRAL",
    "SentimentScore": {
        "Positive": 0.03081919625401497,
        "Negative": 0.11065062135457993,
        "Neutral": 0.816133439540863,
        "Mixed": 0.042396750301122665
    }
}
