{
    "Sentiment": "NEUTRAL",
    "SentimentScore": {
        "Positive": 0.11618351936340332,
        "Negative": 0.25219395756721497,
        "Neutral": 0.536011278629303,
        "Mixed": 0.09561122208833694
    }
}
