{
    "Sentiment": "NEUTRAL",
    "SentimentScore": {
        "Positive": 0.02092100866138935,
        "Negative": 0.009282835759222507,
        "Neutral": 0.9683573842048645,
        "Mixed": 0.0014387898845598102
    }
}
