{
    "Sentiment": "NEUTRAL",
    "SentimentScore": {
        "Positive": 0.004041933920234442,
        "Negative": 0.4866717457771301,
        "Neutral": 0.48994842171669006,
        "Mixed": 0.019337859004735947
    }
}
