{
    "Sentiment": "NEUTRAL",
    "SentimentScore": {
        "Positive": 0.06251389533281326,
        "Negative": 0.0800153985619545,
        "Neutral": 0.8494552969932556,
        "Mixed": 0.008015455678105354
    }
}
