{
    "Sentiment": "NEGATIVE",
    "SentimentScore": {
        "Positive": 0.12180712819099426,
        "Negative": 0.4259531497955322,
        "Neutral": 0.4202393889427185,
        "Mixed": 0.032000359147787094
    }
}
