{
    "Sentiment": "NEUTRAL",
    "SentimentScore": {
        "Positive": 0.11563736200332642,
        "Negative": 0.03689512610435486,
        "Neutral": 0.8446756601333618,
        "Mixed": 0.0027918736450374126
    }
}
