{
    "Sentiment": "NEUTRAL",
    "SentimentScore": {
        "Positive": 0.012518591247498989,
        "Negative": 0.046212535351514816,
        "Neutral": 0.9382861852645874,
        "Mixed": 0.0029826590325683355
    }
}
