{
    "Sentiment": "NEUTRAL",
    "SentimentScore": {
        "Positive": 0.0015814773505553603,
        "Negative": 0.03914513438940048,
        "Neutral": 0.9567415118217468,
        "Mixed": 0.0025318146217614412
    }
}
