{
    "Sentiment": "NEUTRAL",
    "SentimentScore": {
        "Positive": 0.03496808558702469,
        "Negative": 0.0025407951325178146,
        "Neutral": 0.9616072773933411,
        "Mixed": 0.0008838458452373743
    }
}
