{
    "Sentiment": "NEUTRAL",
    "SentimentScore": {
        "Positive": 0.0038958736695349216,
        "Negative": 0.02051214873790741,
        "Neutral": 0.9739544987678528,
        "Mixed": 0.0016373732360079885
    }
}
