{
    "Sentiment": "NEUTRAL",
    "SentimentScore": {
        "Positive": 0.0532904751598835,
        "Negative": 0.005310674197971821,
        "Neutral": 0.9365314841270447,
        "Mixed": 0.004867475479841232
    }
}
