{
    "Sentiment": "NEUTRAL",
    "SentimentScore": {
        "Positive": 0.003767663147300482,
        "Negative": 0.02364075742661953,
        "Neutral": 0.9716116189956665,
        "Mixed": 0.0009800499537959695
    }
}
