{
    "Sentiment": "NEUTRAL",
    "SentimentScore": {
        "Positive": 0.002052621217444539,
        "Negative": 0.00481905322521925,
        "Neutral": 0.9925876259803772,
        "Mixed": 0.0005407276330515742
    }
}
