{
    "Sentiment": "NEUTRAL",
    "SentimentScore": {
        "Positive": 0.010657000355422497,
        "Negative": 0.10408283025026321,
        "Neutral": 0.8809505105018616,
        "Mixed": 0.004309745039790869
    }
}
