{
    "Sentiment": "NEUTRAL",
    "SentimentScore": {
        "Positive": 0.02207816205918789,
        "Negative": 0.04336490109562874,
        "Neutral": 0.9205964207649231,
        "Mixed": 0.013960452750325203
    }
}
