{
    "Sentiment": "NEUTRAL",
    "SentimentScore": {
        "Positive": 0.1909952610731125,
        "Negative": 0.030922887846827507,
        "Neutral": 0.7734450101852417,
        "Mixed": 0.004636873956769705
    }
}
