{
    "Sentiment": "NEUTRAL",
    "SentimentScore": {
        "Positive": 0.003169990610331297,
        "Negative": 0.011638940311968327,
        "Neutral": 0.9843197464942932,
        "Mixed": 0.0008713235729373991
    }
}
