{
    "Sentiment": "NEUTRAL",
    "SentimentScore": {
        "Positive": 0.007210840471088886,
        "Negative": 0.11729354411363602,
        "Neutral": 0.8650220036506653,
        "Mixed": 0.010473606176674366
    }
}
