{
    "Sentiment": "NEUTRAL",
    "SentimentScore": {
        "Positive": 0.015348783694207668,
        "Negative": 0.003939428366720676,
        "Neutral": 0.9798380136489868,
        "Mixed": 0.0008736682357266545
    }
}
