{
    "Sentiment": "NEUTRAL",
    "SentimentScore": {
        "Positive": 0.02550404705107212,
        "Negative": 0.14650216698646545,
        "Neutral": 0.8108285665512085,
        "Mixed": 0.01716516725718975
    }
}
