{
    "Sentiment": "NEUTRAL",
    "SentimentScore": {
        "Positive": 0.0037370016798377037,
        "Negative": 0.04867996275424957,
        "Neutral": 0.9431969523429871,
        "Mixed": 0.004386143293231726
    }
}
