{
    "Sentiment": "NEUTRAL",
    "SentimentScore": {
        "Positive": 0.006588777992874384,
        "Negative": 0.0971977487206459,
        "Neutral": 0.886893630027771,
        "Mixed": 0.009319893084466457
    }
}
