{
    "Sentiment": "NEUTRAL",
    "SentimentScore": {
        "Positive": 0.0015624144580215216,
        "Negative": 0.03790244087576866,
        "Neutral": 0.9580693244934082,
        "Mixed": 0.0024658367037773132
    }
}
