{
    "Sentiment": "NEUTRAL",
    "SentimentScore": {
        "Positive": 0.003081719856709242,
        "Negative": 0.0015894126845523715,
        "Neutral": 0.9948335886001587,
        "Mixed": 0.000495242013130337
    }
}
