{
    "Sentiment": "NEUTRAL",
    "SentimentScore": {
        "Positive": 0.0017715070862323046,
        "Negative": 0.025951199233531952,
        "Neutral": 0.9709512591362,
        "Mixed": 0.001326130237430334
    }
}
