{
    "Sentiment": "NEUTRAL",
    "SentimentScore": {
        "Positive": 0.0038546924479305744,
        "Negative": 0.10856788605451584,
        "Neutral": 0.8845076560974121,
        "Mixed": 0.0030697151087224483
    }
}
