{
    "Sentiment": "NEUTRAL",
    "SentimentScore": {
        "Positive": 0.002392751397565007,
        "Negative": 0.02000376582145691,
        "Neutral": 0.9754487872123718,
        "Mixed": 0.002154736779630184
    }
}
