{
    "Sentiment": "NEUTRAL",
    "SentimentScore": {
        "Positive": 0.007976814173161983,
        "Negative": 0.0325903482735157,
        "Neutral": 0.9559209942817688,
        "Mixed": 0.00351190404035151
    }
}
