{
    "Sentiment": "NEUTRAL",
    "SentimentScore": {
        "Positive": 0.005422369576990604,
        "Negative": 0.1437782198190689,
        "Neutral": 0.8395299911499023,
        "Mixed": 0.011269396170973778
    }
}
