{
    "Sentiment": "NEUTRAL",
    "SentimentScore": {
        "Positive": 0.04607388377189636,
        "Negative": 0.025280365720391273,
        "Neutral": 0.9260393381118774,
        "Mixed": 0.002606380032375455
    }
}
