{
    "Sentiment": "NEUTRAL",
    "SentimentScore": {
        "Positive": 0.003963666968047619,
        "Negative": 0.0534772165119648,
        "Neutral": 0.9359792470932007,
        "Mixed": 0.006579923909157515
    }
}
