{
    "Sentiment": "NEUTRAL",
    "SentimentScore": {
        "Positive": 0.0164681114256382,
        "Negative": 0.33417531847953796,
        "Neutral": 0.6162875294685364,
        "Mixed": 0.03306904062628746
    }
}
