{
    "Sentiment": "NEUTRAL",
    "SentimentScore": {
        "Positive": 0.012650645337998867,
        "Negative": 0.03557736054062843,
        "Neutral": 0.9470224976539612,
        "Mixed": 0.004749448504298925
    }
}
