{
    "Sentiment": "NEUTRAL",
    "SentimentScore": {
        "Positive": 0.01163483690470457,
        "Negative": 0.002443781355395913,
        "Neutral": 0.9852516651153564,
        "Mixed": 0.0006696778000332415
    }
}
