{
    "Sentiment": "NEUTRAL",
    "SentimentScore": {
        "Positive": 0.06410869210958481,
        "Negative": 0.1511210948228836,
        "Neutral": 0.7419137358665466,
        "Mixed": 0.042856503278017044
    }
}
