{
    "Sentiment": "NEUTRAL",
    "SentimentScore": {
        "Positive": 0.001486032153479755,
        "Negative": 0.013671749271452427,
        "Neutral": 0.9839741587638855,
        "Mixed": 0.0008680290775373578
    }
}
