{
    "Sentiment": "NEUTRAL",
    "SentimentScore": {
        "Positive": 0.015017695724964142,
        "Negative": 0.06553704291582108,
        "Neutral": 0.9149308204650879,
        "Mixed": 0.004514487460255623
    }
}
