{
    "Sentiment": "NEUTRAL",
    "SentimentScore": {
        "Positive": 0.005491508170962334,
        "Negative": 0.042457181960344315,
        "Neutral": 0.943225085735321,
        "Mixed": 0.008826233446598053
    }
}
