{
    "Sentiment": "NEUTRAL",
    "SentimentScore": {
        "Positive": 0.01569259725511074,
        "Negative": 0.01665651425719261,
        "Neutral": 0.9660621285438538,
        "Mixed": 0.0015887876506894827
    }
}
