{
    "Sentiment": "NEUTRAL",
    "SentimentScore": {
        "Positive": 0.0058014593087136745,
        "Negative": 0.0043071298860013485,
        "Neutral": 0.9893059134483337,
        "Mixed": 0.0005854189512319863
    }
}
