{
    "Sentiment": "NEUTRAL",
    "SentimentScore": {
        "Positive": 0.003350859973579645,
        "Negative": 0.03578192740678787,
        "Neutral": 0.9571208357810974,
        "Mixed": 0.0037463875487446785
    }
}
