{
    "Sentiment": "NEUTRAL",
    "SentimentScore": {
        "Positive": 0.010715939104557037,
        "Negative": 0.008641029708087444,
        "Neutral": 0.9797539114952087,
        "Mixed": 0.0008891698671504855
    }
}
