{
    "Sentiment": "NEUTRAL",
    "SentimentScore": {
        "Positive": 0.19038596749305725,
        "Negative": 0.002236845437437296,
        "Neutral": 0.8054379224777222,
        "Mixed": 0.0019392437534406781
    }
}
