{
    "Sentiment": "NEUTRAL",
    "SentimentScore": {
        "Positive": 0.010939865373075008,
        "Negative": 0.17778310179710388,
        "Neutral": 0.7899097800254822,
        "Mixed": 0.021367307752370834
    }
}
