{
    "Sentiment": "NEUTRAL",
    "SentimentScore": {
        "Positive": 0.010507043451070786,
        "Negative": 0.033220771700143814,
        "Neutral": 0.948969841003418,
        "Mixed": 0.00730224559083581
    }
}
