{
    "Sentiment": "NEUTRAL",
    "SentimentScore": {
        "Positive": 0.007500052452087402,
        "Negative": 0.016001340001821518,
        "Neutral": 0.9744413495063782,
        "Mixed": 0.0020572212524712086
    }
}
