{
    "Sentiment": "NEUTRAL",
    "SentimentScore": {
        "Positive": 0.08554389327764511,
        "Negative": 0.11684539169073105,
        "Neutral": 0.7890398502349854,
        "Mixed": 0.008570817299187183
    }
}
