{
    "Sentiment": "NEUTRAL",
    "SentimentScore": {
        "Positive": 0.020756570622324944,
        "Negative": 0.011708603240549564,
        "Neutral": 0.9640489220619202,
        "Mixed": 0.0034858358558267355
    }
}
