{
    "Sentiment": "NEUTRAL",
    "SentimentScore": {
        "Positive": 0.010251848958432674,
        "Negative": 0.03696797788143158,
        "Neutral": 0.9502267241477966,
        "Mixed": 0.0025534594897180796
    }
}
