{
    "Sentiment": "NEUTRAL",
    "SentimentScore": {
        "Positive": 0.023011116310954094,
        "Negative": 0.09520754218101501,
        "Neutral": 0.8677472472190857,
        "Mixed": 0.014034056104719639
    }
}
