{
    "Sentiment": "POSITIVE",
    "SentimentScore": {
        "Positive": 0.9309541583061218,
        "Negative": 0.0005074135842733085,
        "Neutral": 0.06574638187885284,
        "Mixed": 0.002792081795632839
    }
}
