{
    "Sentiment": "NEUTRAL",
    "SentimentScore": {
        "Positive": 0.10116448998451233,
        "Negative": 0.03617595508694649,
        "Neutral": 0.85904860496521,
        "Mixed": 0.0036109101492911577
    }
}
