{
    "Sentiment": "NEUTRAL",
    "SentimentScore": {
        "Positive": 0.2862735092639923,
        "Negative": 0.06209191679954529,
        "Neutral": 0.6179082989692688,
        "Mixed": 0.03372631222009659
    }
}
