{
    "Sentiment": "NEUTRAL",
    "SentimentScore": {
        "Positive": 0.023580636829137802,
        "Negative": 0.042126793414354324,
        "Neutral": 0.9257831573486328,
        "Mixed": 0.008509490638971329
    }
}
