{
    "Sentiment": "NEUTRAL",
    "SentimentScore": {
        "Positive": 0.01204388216137886,
        "Negative": 0.0037163258530199528,
        "Neutral": 0.9831337332725525,
        "Mixed": 0.0011061455588787794
    }
}
