{
    "Sentiment": "NEUTRAL",
    "SentimentScore": {
        "Positive": 0.0026155896484851837,
        "Negative": 0.08481977134943008,
        "Neutral": 0.9103822708129883,
        "Mixed": 0.0021823078859597445
    }
}
