{
    "Sentiment": "NEUTRAL",
    "SentimentScore": {
        "Positive": 0.3664762079715729,
        "Negative": 0.09213752299547195,
        "Neutral": 0.48098254203796387,
        "Mixed": 0.060403693467378616
    }
}
