{
    "Sentiment": "NEUTRAL",
    "SentimentScore": {
        "Positive": 0.017916008830070496,
        "Negative": 0.013883430510759354,
        "Neutral": 0.9668470621109009,
        "Mixed": 0.001353515195660293
    }
}
