{
    "Sentiment": "NEGATIVE",
    "SentimentScore": {
        "Positive": 0.003685294883325696,
        "Negative": 0.9211739301681519,
        "Neutral": 0.057999685406684875,
        "Mixed": 0.017141016200184822
    }
}
