{
    "Sentiment": "NEUTRAL",
    "SentimentScore": {
        "Positive": 0.014991565607488155,
        "Negative": 0.013130545616149902,
        "Neutral": 0.9688073992729187,
        "Mixed": 0.0030703821685165167
    }
}
