{
    "Sentiment": "NEUTRAL",
    "SentimentScore": {
        "Positive": 0.02154349908232689,
        "Negative": 0.015045302920043468,
        "Neutral": 0.9594175815582275,
        "Mixed": 0.003993638791143894
    }
}
