{
    "Sentiment": "NEUTRAL",
    "SentimentScore": {
        "Positive": 0.0010588595177978277,
        "Negative": 0.00561742577701807,
        "Neutral": 0.9928067922592163,
        "Mixed": 0.000516835949383676
    }
}
