{
    "Sentiment": "NEUTRAL",
    "SentimentScore": {
        "Positive": 0.09555647522211075,
        "Negative": 0.03498491644859314,
        "Neutral": 0.8467158675193787,
        "Mixed": 0.022742683067917824
    }
}
