{
    "Sentiment": "NEUTRAL",
    "SentimentScore": {
        "Positive": 0.013043487444519997,
        "Negative": 0.004422242287546396,
        "Neutral": 0.9816630482673645,
        "Mixed": 0.0008712371927686036
    }
}
