{
    "Sentiment": "NEUTRAL",
    "SentimentScore": {
        "Positive": 0.006159535143524408,
        "Negative": 0.03392435237765312,
        "Neutral": 0.954480767250061,
        "Mixed": 0.005435350816696882
    }
}
