{
    "Sentiment": "NEUTRAL",
    "SentimentScore": {
        "Positive": 0.005391100887209177,
        "Negative": 0.0009031463996507227,
        "Neutral": 0.99346923828125,
        "Mixed": 0.00023655373661313206
    }
}
