{
    "Sentiment": "NEUTRAL",
    "SentimentScore": {
        "Positive": 0.00989238265901804,
        "Negative": 0.011862711049616337,
        "Neutral": 0.9766770601272583,
        "Mixed": 0.0015678106574341655
    }
}
