{
    "Sentiment": "NEUTRAL",
    "SentimentScore": {
        "Positive": 0.003405035473406315,
        "Negative": 0.04693200811743736,
        "Neutral": 0.9422505497932434,
        "Mixed": 0.007412409875541925
    }
}
