{
    "Sentiment": "NEUTRAL",
    "SentimentScore": {
        "Positive": 0.013607846572995186,
        "Negative": 0.008393783122301102,
        "Neutral": 0.9749354720115662,
        "Mixed": 0.0030629015527665615
    }
}
