{
    "Sentiment": "NEUTRAL",
    "SentimentScore": {
        "Positive": 0.024971293285489082,
        "Negative": 0.012412448413670063,
        "Neutral": 0.9606427550315857,
        "Mixed": 0.0019734553061425686
    }
}
