{
    "Sentiment": "NEUTRAL",
    "SentimentScore": {
        "Positive": 0.009704723954200745,
        "Negative": 0.022365333512425423,
        "Neutral": 0.9586228728294373,
        "Mixed": 0.009307063184678555
    }
}
