{
    "Sentiment": "NEUTRAL",
    "SentimentScore": {
        "Positive": 0.021256867796182632,
        "Negative": 0.09788981825113297,
        "Neutral": 0.8615779280662537,
        "Mixed": 0.019275281578302383
    }
}
