{
    "Sentiment": "NEUTRAL",
    "SentimentScore": {
        "Positive": 0.014898419380187988,
        "Negative": 0.00638955133035779,
        "Neutral": 0.9772019982337952,
        "Mixed": 0.0015099928714334965
    }
}
