{
    "Sentiment": "NEUTRAL",
    "SentimentScore": {
        "Positive": 0.0016775197582319379,
        "Negative": 0.0029340735636651516,
        "Neutral": 0.9947800636291504,
        "Mixed": 0.0006083209882490337
    }
}
