{
    "Sentiment": "NEUTRAL",
    "SentimentScore": {
        "Positive": 0.012043032795190811,
        "Negative": 0.0038693570531904697,
        "Neutral": 0.9829434156417847,
        "Mixed": 0.0011441680835559964
    }
}
