{
    "Sentiment": "NEUTRAL",
    "SentimentScore": {
        "Positive": 0.015594161115586758,
        "Negative": 0.17427147924900055,
        "Neutral": 0.7954800724983215,
        "Mixed": 0.014654221944510937
    }
}
