{
    "Sentiment": "NEUTRAL",
    "SentimentScore": {
        "Positive": 0.003602927550673485,
        "Negative": 0.006840582005679607,
        "Neutral": 0.9886111617088318,
        "Mixed": 0.0009453038801439106
    }
}
