{
    "Sentiment": "NEUTRAL",
    "SentimentScore": {
        "Positive": 0.00914415530860424,
        "Negative": 0.3909664750099182,
        "Neutral": 0.5784914493560791,
        "Mixed": 0.021397879347205162
    }
}
