{
    "Sentiment": "NEUTRAL",
    "SentimentScore": {
        "Positive": 0.002697364892810583,
        "Negative": 0.04115426912903786,
        "Neutral": 0.9537023901939392,
        "Mixed": 0.002445883583277464
    }
}
