{
    "Sentiment": "NEUTRAL",
    "SentimentScore": {
        "Positive": 0.02852453850209713,
        "Negative": 0.13310572504997253,
        "Neutral": 0.8194855451583862,
        "Mixed": 0.01888425275683403
    }
}
