{
    "Sentiment": "NEUTRAL",
    "SentimentScore": {
        "Positive": 0.0020184481982141733,
        "Negative": 0.0024429454933851957,
        "Neutral": 0.9952096343040466,
        "Mixed": 0.0003290422318968922
    }
}
