{
    "Sentiment": "NEUTRAL",
    "SentimentScore": {
        "Positive": 0.031288351863622665,
        "Negative": 0.013457105495035648,
        "Neutral": 0.9528704285621643,
        "Mixed": 0.002384107792750001
    }
}
