{
    "Sentiment": "NEUTRAL",
    "SentimentScore": {
        "Positive": 0.0022667525336146355,
        "Negative": 0.025200914591550827,
        "Neutral": 0.9715707302093506,
        "Mixed": 0.0009615202434360981
    }
}
