{
    "Sentiment": "NEUTRAL",
    "SentimentScore": {
        "Positive": 0.002399094868451357,
        "Negative": 0.029374491423368454,
        "Neutral": 0.9665209054946899,
        "Mixed": 0.0017054055351763964
    }
}
