{
    "Sentiment": "NEUTRAL",
    "SentimentScore": {
        "Positive": 0.0019888707902282476,
        "Negative": 0.02185295894742012,
        "Neutral": 0.9749177694320679,
        "Mixed": 0.0012403533328324556
    }
}
