{
    "Sentiment": "NEUTRAL",
    "SentimentScore": {
        "Positive": 0.019604183733463287,
        "Negative": 0.004848513286560774,
        "Neutral": 0.9741495251655579,
        "Mixed": 0.001397844054736197
    }
}
