{
    "Sentiment": "NEUTRAL",
    "SentimentScore": {
        "Positive": 0.17886564135551453,
        "Negative": 0.003292224369943142,
        "Neutral": 0.8149064779281616,
        "Mixed": 0.0029357103630900383
    }
}
