{
    "Sentiment": "NEUTRAL",
    "SentimentScore": {
        "Positive": 0.004361348692327738,
        "Negative": 0.039769504219293594,
        "Neutral": 0.9522392749786377,
        "Mixed": 0.003629843471571803
    }
}
