{
    "Sentiment": "NEUTRAL",
    "SentimentScore": {
        "Positive": 0.0026158071123063564,
        "Negative": 0.01024079043418169,
        "Neutral": 0.9863258004188538,
        "Mixed": 0.000817635387647897
    }
}
