{
    "Sentiment": "NEUTRAL",
    "SentimentScore": {
        "Positive": 0.0859605073928833,
        "Negative": 0.0011147919576615095,
        "Neutral": 0.9112297296524048,
        "Mixed": 0.001694925012998283
    }
}
