{
    "Sentiment": "NEUTRAL",
    "SentimentScore": {
        "Positive": 0.26157069206237793,
        "Negative": 0.2782376706600189,
        "Neutral": 0.4033292233943939,
        "Mixed": 0.05686241388320923
    }
}
