{
    "Sentiment": "NEUTRAL",
    "SentimentScore": {
        "Positive": 0.08387206494808197,
        "Negative": 0.03515457361936569,
        "Neutral": 0.8722252249717712,
        "Mixed": 0.008748085238039494
    }
}
