{
    "Sentiment": "NEUTRAL",
    "SentimentScore": {
        "Positive": 0.27704915404319763,
        "Negative": 0.047694720327854156,
        "Neutral": 0.6240862607955933,
        "Mixed": 0.05116986855864525
    }
}
