{
    "Sentiment": "NEUTRAL",
    "SentimentScore": {
        "Positive": 0.006156120449304581,
        "Negative": 0.048708803951740265,
        "Neutral": 0.940435528755188,
        "Mixed": 0.004699505399912596
    }
}
