{
    "Sentiment": "NEUTRAL",
    "SentimentScore": {
        "Positive": 0.010861399583518505,
        "Negative": 0.0015349608147516847,
        "Neutral": 0.9869410395622253,
        "Mixed": 0.0006625682581216097
    }
}
