{
    "Sentiment": "NEUTRAL",
    "SentimentScore": {
        "Positive": 0.08017440140247345,
        "Negative": 0.028985029086470604,
        "Neutral": 0.8869258165359497,
        "Mixed": 0.003914759028702974
    }
}
