{
    "Sentiment": "NEUTRAL",
    "SentimentScore": {
        "Positive": 0.02626924216747284,
        "Negative": 0.03416724130511284,
        "Neutral": 0.9374151825904846,
        "Mixed": 0.0021483416203409433
    }
}
