{
    "Sentiment": "NEUTRAL",
    "SentimentScore": {
        "Positive": 0.017400646582245827,
        "Negative": 0.09327668696641922,
        "Neutral": 0.8823830485343933,
        "Mixed": 0.006939688231796026
    }
}
