{
    "Sentiment": "NEUTRAL",
    "SentimentScore": {
        "Positive": 0.004453361965715885,
        "Negative": 0.020110752433538437,
        "Neutral": 0.9730011820793152,
        "Mixed": 0.002434783149510622
    }
}
