{
    "Sentiment": "NEUTRAL",
    "SentimentScore": {
        "Positive": 0.27424466609954834,
        "Negative": 0.02102462761104107,
        "Neutral": 0.6679571270942688,
        "Mixed": 0.03677349165081978
    }
}
