{
    "Sentiment": "NEUTRAL",
    "SentimentScore": {
        "Positive": 0.025403862819075584,
        "Negative": 0.018268849700689316,
        "Neutral": 0.9477230906486511,
        "Mixed": 0.00860409066081047
    }
}
