{
    "Sentiment": "NEUTRAL",
    "SentimentScore": {
        "Positive": 0.012821380980312824,
        "Negative": 0.04516708478331566,
        "Neutral": 0.936385989189148,
        "Mixed": 0.005625641904771328
    }
}
