{
    "Sentiment": "NEUTRAL",
    "SentimentScore": {
        "Positive": 0.01052052155137062,
        "Negative": 0.2111366242170334,
        "Neutral": 0.7609322667121887,
        "Mixed": 0.017410555854439735
    }
}
