{
    "Sentiment": "NEUTRAL",
    "SentimentScore": {
        "Positive": 0.2901180684566498,
        "Negative": 0.04722876846790314,
        "Neutral": 0.5988122224807739,
        "Mixed": 0.06384093314409256
    }
}
