{
    "Sentiment": "NEUTRAL",
    "SentimentScore": {
        "Positive": 0.04821351170539856,
        "Negative": 0.06094357743859291,
        "Neutral": 0.8863958120346069,
        "Mixed": 0.004447044804692268
    }
}
