{
    "Sentiment": "NEUTRAL",
    "SentimentScore": {
        "Positive": 0.1616167277097702,
        "Negative": 0.030795028433203697,
        "Neutral": 0.7908046841621399,
        "Mixed": 0.016783516854047775
    }
}
