{
    "Sentiment": "NEUTRAL",
    "SentimentScore": {
        "Positive": 0.01706557907164097,
        "Negative": 0.012378220446407795,
        "Neutral": 0.969376802444458,
        "Mixed": 0.0011794253950938582
    }
}
