{
    "Sentiment": "NEUTRAL",
    "SentimentScore": {
        "Positive": 0.0057699126191437244,
        "Negative": 0.15001706779003143,
        "Neutral": 0.8376479744911194,
        "Mixed": 0.006565118674188852
    }
}
