{
    "Sentiment": "NEUTRAL",
    "SentimentScore": {
        "Positive": 0.007539707235991955,
        "Negative": 0.0008561640861444175,
        "Neutral": 0.99125075340271,
        "Mixed": 0.00035349070094525814
    }
}
