{
    "Sentiment": "NEUTRAL",
    "SentimentScore": {
        "Positive": 0.026241015642881393,
        "Negative": 0.005807039327919483,
        "Neutral": 0.966129720211029,
        "Mixed": 0.00182221585419029
    }
}
