{
    "Sentiment": "NEUTRAL",
    "SentimentScore": {
        "Positive": 0.08736894279718399,
        "Negative": 0.0013824268244206905,
        "Neutral": 0.9081689119338989,
        "Mixed": 0.00307978643104434
    }
}
