{
    "Sentiment": "POSITIVE",
    "SentimentScore": {
        "Positive": 0.8559998273849487,
        "Negative": 0.0012062634341418743,
        "Neutral": 0.13606981933116913,
        "Mixed": 0.006724101025611162
    }
}
