{
    "Sentiment": "NEUTRAL",
    "SentimentScore": {
        "Positive": 0.004650990013033152,
        "Negative": 0.10770997405052185,
        "Neutral": 0.8751741647720337,
        "Mixed": 0.012464886531233788
    }
}
