{
    "Sentiment": "NEUTRAL",
    "SentimentScore": {
        "Positive": 0.009940254501998425,
        "Negative": 0.004603501874953508,
        "Neutral": 0.9834590554237366,
        "Mixed": 0.0019971781875938177
    }
}
