{
    "Sentiment": "NEUTRAL",
    "SentimentScore": {
        "Positive": 0.20699968934059143,
        "Negative": 0.006928454618901014,
        "Neutral": 0.7830020785331726,
        "Mixed": 0.003069776576012373
    }
}
