{
    "Sentiment": "NEUTRAL",
    "SentimentScore": {
        "Positive": 0.004703620448708534,
        "Negative": 0.09085472673177719,
        "Neutral": 0.8961684703826904,
        "Mixed": 0.008273238316178322
    }
}
