{
    "Sentiment": "NEUTRAL",
    "SentimentScore": {
        "Positive": 0.002757659647613764,
        "Negative": 0.371268630027771,
        "Neutral": 0.6088212728500366,
        "Mixed": 0.01715247705578804
    }
}
