{
    "Sentiment": "NEUTRAL",
    "SentimentScore": {
        "Positive": 0.0037147742696106434,
        "Negative": 0.0009169609984382987,
        "Neutral": 0.9950941801071167,
        "Mixed": 0.0002741705684456974
    }
}
