{
    "Sentiment": "NEUTRAL",
    "SentimentScore": {
        "Positive": 0.013177071698009968,
        "Negative": 0.00828529242426157,
        "Neutral": 0.9773387312889099,
        "Mixed": 0.0011988893384113908
    }
}
