{
    "Sentiment": "NEUTRAL",
    "SentimentScore": {
        "Positive": 0.007191426120698452,
        "Negative": 0.005528490524739027,
        "Neutral": 0.9854223728179932,
        "Mixed": 0.0018576520960777998
    }
}
