{
    "Sentiment": "NEUTRAL",
    "SentimentScore": {
        "Positive": 0.017019398510456085,
        "Negative": 0.010817398317158222,
        "Neutral": 0.9706377983093262,
        "Mixed": 0.001525434316135943
    }
}
