{
    "Sentiment": "NEUTRAL",
    "SentimentScore": {
        "Positive": 0.011787258088588715,
        "Negative": 0.14493998885154724,
        "Neutral": 0.8280909061431885,
        "Mixed": 0.015181854367256165
    }
}
