{
    "Sentiment": "NEUTRAL",
    "SentimentScore": {
        "Positive": 0.0018542655743658543,
        "Negative": 0.015004047192633152,
        "Neutral": 0.9819238781929016,
        "Mixed": 0.0012177879689261317
    }
}
