{
    "Sentiment": "NEUTRAL",
    "SentimentScore": {
        "Positive": 0.013395875692367554,
        "Negative": 0.021897371858358383,
        "Neutral": 0.9603145718574524,
        "Mixed": 0.004392239730805159
    }
}
