{
    "Sentiment": "NEUTRAL",
    "SentimentScore": {
        "Positive": 0.010141619481146336,
        "Negative": 0.0041287122294306755,
        "Neutral": 0.9851005673408508,
        "Mixed": 0.0006290693418122828
    }
}
