{
    "Sentiment": "NEUTRAL",
    "SentimentScore": {
        "Positive": 0.029339563101530075,
        "Negative": 0.03422653675079346,
        "Neutral": 0.9340363144874573,
        "Mixed": 0.002397559117525816
    }
}
