{
    "Sentiment": "NEUTRAL",
    "SentimentScore": {
        "Positive": 0.009672621265053749,
        "Negative": 0.1573551446199417,
        "Neutral": 0.8250212073326111,
        "Mixed": 0.007950982078909874
    }
}
