{
    "Sentiment": "NEUTRAL",
    "SentimentScore": {
        "Positive": 0.004204603377729654,
        "Negative": 0.002542255911976099,
        "Neutral": 0.9925950169563293,
        "Mixed": 0.000658157339785248
    }
}
