{
    "Sentiment": "NEUTRAL",
    "SentimentScore": {
        "Positive": 0.0009534959099255502,
        "Negative": 0.011630889028310776,
        "Neutral": 0.9868268966674805,
        "Mixed": 0.0005887003499083221
    }
}
