{
    "Sentiment": "NEUTRAL",
    "SentimentScore": {
        "Positive": 0.003305584192276001,
        "Negative": 0.014760853722691536,
        "Neutral": 0.9808999300003052,
        "Mixed": 0.0010337212588638067
    }
}
