{
    "Sentiment": "NEUTRAL",
    "SentimentScore": {
        "Positive": 0.004313220269978046,
        "Negative": 0.0011249647941440344,
        "Neutral": 0.9941049218177795,
        "Mixed": 0.00045699477777816355
    }
}
