{
    "Sentiment": "NEUTRAL",
    "SentimentScore": {
        "Positive": 0.22272562980651855,
        "Negative": 0.19997438788414001,
        "Neutral": 0.5477288365364075,
        "Mixed": 0.029571164399385452
    }
}
