{
    "Sentiment": "NEUTRAL",
    "SentimentScore": {
        "Positive": 0.041212957352399826,
        "Negative": 0.10137627273797989,
        "Neutral": 0.8452640771865845,
        "Mixed": 0.012146697379648685
    }
}
