{
    "Sentiment": "NEUTRAL",
    "SentimentScore": {
        "Positive": 0.004273710306733847,
        "Negative": 0.012430821545422077,
        "Neutral": 0.9818099737167358,
        "Mixed": 0.0014855308691039681
    }
}
