{
    "Sentiment": "NEUTRAL",
    "SentimentScore": {
        "Positive": 0.010921699926257133,
        "Negative": 0.0027357081416994333,
        "Neutral": 0.9857989549636841,
        "Mixed": 0.0005436365026980639
    }
}
