{
    "Sentiment": "NEUTRAL",
    "SentimentScore": {
        "Positive": 0.10431753098964691,
        "Negative": 0.1552383005619049,
        "Neutral": 0.684889018535614,
        "Mixed": 0.05555519834160805
    }
}
