{
    "Sentiment": "NEUTRAL",
    "SentimentScore": {
        "Positive": 0.029387665912508965,
        "Negative": 0.032626923173666,
        "Neutral": 0.9257082343101501,
        "Mixed": 0.012277144938707352
    }
}
