{
    "Sentiment": "NEUTRAL",
    "SentimentScore": {
        "Positive": 0.08063331246376038,
        "Negative": 0.14559324085712433,
        "Neutral": 0.74256432056427,
        "Mixed": 0.031209144741296768
    }
}
