{
    "Sentiment": "NEUTRAL",
    "SentimentScore": {
        "Positive": 0.038089487701654434,
        "Negative": 0.011189812794327736,
        "Neutral": 0.9426533579826355,
        "Mixed": 0.008067429065704346
    }
}
