{
    "Sentiment": "NEUTRAL",
    "SentimentScore": {
        "Positive": 0.006657968740910292,
        "Negative": 0.12899596989154816,
        "Neutral": 0.8517329692840576,
        "Mixed": 0.012613163329660892
    }
}
