{
    "Sentiment": "NEUTRAL",
    "SentimentScore": {
        "Positive": 0.020918667316436768,
        "Negative": 0.011290964670479298,
        "Neutral": 0.9662861227989197,
        "Mixed": 0.0015042664017528296
    }
}
