{
    "Sentiment": "NEUTRAL",
    "SentimentScore": {
        "Positive": 0.015848135575652122,
        "Negative": 0.00422528525814414,
        "Neutral": 0.9783817529678345,
        "Mixed": 0.0015448177000507712
    }
}
