{
    "Sentiment": "POSITIVE",
    "SentimentScore": {
        "Positive": 0.6882557272911072,
        "Negative": 0.018103906884789467,
        "Neutral": 0.2687847912311554,
        "Mixed": 0.02485562302172184
    }
}
