{
    "Sentiment": "NEUTRAL",
    "SentimentScore": {
        "Positive": 0.00522451801225543,
        "Negative": 0.002520250156521797,
        "Neutral": 0.9919037222862244,
        "Mixed": 0.00035150477197021246
    }
}
