{
    "Sentiment": "NEUTRAL",
    "SentimentScore": {
        "Positive": 0.0305478572845459,
        "Negative": 0.014790374785661697,
        "Neutral": 0.9508054852485657,
        "Mixed": 0.0038562524132430553
    }
}
