{
    "Sentiment": "NEUTRAL",
    "SentimentScore": {
        "Positive": 0.16459916532039642,
        "Negative": 0.0015040240250527859,
        "Neutral": 0.8312020897865295,
        "Mixed": 0.0026946617290377617
    }
}
