{
    "Sentiment": "NEUTRAL",
    "SentimentScore": {
        "Positive": 0.007058917079120874,
        "Negative": 0.28846901655197144,
        "Neutral": 0.6868194341659546,
        "Mixed": 0.017652602866292
    }
}
