{
    "Sentiment": "NEUTRAL",
    "SentimentScore": {
        "Positive": 0.0014189060311764479,
        "Negative": 0.0014689740492030978,
        "Neutral": 0.9969156980514526,
        "Mixed": 0.00019644935673568398
    }
}
