{
    "Sentiment": "NEUTRAL",
    "SentimentScore": {
        "Positive": 0.0030094885732978582,
        "Negative": 0.003308378392830491,
        "Neutral": 0.9932592511177063,
        "Mixed": 0.00042279003537259996
    }
}
