{
    "Sentiment": "NEUTRAL",
    "SentimentScore": {
        "Positive": 0.0026608784683048725,
        "Negative": 0.0023362799547612667,
        "Neutral": 0.9947022795677185,
        "Mixed": 0.00030056919786147773
    }
}
