{
    "Sentiment": "NEUTRAL",
    "SentimentScore": {
        "Positive": 0.10175028443336487,
        "Negative": 0.0046427627094089985,
        "Neutral": 0.8915358781814575,
        "Mixed": 0.0020711063407361507
    }
}
