{
    "Sentiment": "NEUTRAL",
    "SentimentScore": {
        "Positive": 0.05435125529766083,
        "Negative": 0.006777434144169092,
        "Neutral": 0.9365409016609192,
        "Mixed": 0.0023305120412260294
    }
}
