{
    "Sentiment": "NEUTRAL",
    "SentimentScore": {
        "Positive": 0.017558014020323753,
        "Negative": 0.02269767038524151,
        "Neutral": 0.9582573771476746,
        "Mixed": 0.0014869951410219073
    }
}
