{
    "Sentiment": "NEUTRAL",
    "SentimentScore": {
        "Positive": 0.0063189114443957806,
        "Negative": 0.1326965093612671,
        "Neutral": 0.8539464473724365,
        "Mixed": 0.007038150914013386
    }
}
