{
    "Sentiment": "NEUTRAL",
    "SentimentScore": {
        "Positive": 0.06586574763059616,
        "Negative": 0.012519238516688347,
        "Neutral": 0.9196987152099609,
        "Mixed": 0.0019162892131134868
    }
}
