{
    "Sentiment": "NEUTRAL",
    "SentimentScore": {
        "Positive": 0.007055246736854315,
        "Negative": 0.27533844113349915,
        "Neutral": 0.7065188884735107,
        "Mixed": 0.011087458580732346
    }
}
