{
    "Sentiment": "NEUTRAL",
    "SentimentScore": {
        "Positive": 0.0014172032242640853,
        "Negative": 0.02209322340786457,
        "Neutral": 0.9755276441574097,
        "Mixed": 0.0009619732154533267
    }
}
