{
    "Sentiment": "NEUTRAL",
    "SentimentScore": {
        "Positive": 0.02410903386771679,
        "Negative": 0.19060416519641876,
        "Neutral": 0.7744473218917847,
        "Mixed": 0.010839509777724743
    }
}
