{
    "Sentiment": "NEUTRAL",
    "SentimentScore": {
        "Positive": 0.016414135694503784,
        "Negative": 0.007739087101072073,
        "Neutral": 0.9736571311950684,
        "Mixed": 0.002189653692767024
    }
}
