{
    "Sentiment": "NEUTRAL",
    "SentimentScore": {
        "Positive": 0.010291441343724728,
        "Negative": 0.12216153740882874,
        "Neutral": 0.8577055931091309,
        "Mixed": 0.009841476567089558
    }
}
