{
    "Sentiment": "NEUTRAL",
    "SentimentScore": {
        "Positive": 0.0036190752871334553,
        "Negative": 0.008590447716414928,
        "Neutral": 0.9862240552902222,
        "Mixed": 0.00156632368452847
    }
}
