{
    "Sentiment": "NEUTRAL",
    "SentimentScore": {
        "Positive": 0.13763296604156494,
        "Negative": 0.08529728651046753,
        "Neutral": 0.737134575843811,
        "Mixed": 0.03993517532944679
    }
}
