{
    "Sentiment": "NEUTRAL",
    "SentimentScore": {
        "Positive": 0.004307094030082226,
        "Negative": 0.030757438391447067,
        "Neutral": 0.9624068737030029,
        "Mixed": 0.002528600161895156
    }
}
