{
    "Sentiment": "NEUTRAL",
    "SentimentScore": {
        "Positive": 0.014525208622217178,
        "Negative": 0.017271103337407112,
        "Neutral": 0.9655651450157166,
        "Mixed": 0.00263854768127203
    }
}
