{
    "Sentiment": "NEUTRAL",
    "SentimentScore": {
        "Positive": 0.011876442469656467,
        "Negative": 0.058732159435749054,
        "Neutral": 0.9107565879821777,
        "Mixed": 0.018634814769029617
    }
}
