{
    "Sentiment": "NEUTRAL",
    "SentimentScore": {
        "Positive": 0.008581816218793392,
        "Negative": 0.034158747643232346,
        "Neutral": 0.955292284488678,
        "Mixed": 0.001967150252312422
    }
}
