{
    "Sentiment": "NEUTRAL",
    "SentimentScore": {
        "Positive": 0.004538982640951872,
        "Negative": 0.02823481149971485,
        "Neutral": 0.9661915302276611,
        "Mixed": 0.0010346556082367897
    }
}
