{
    "Sentiment": "NEUTRAL",
    "SentimentScore": {
        "Positive": 0.026946652680635452,
        "Negative": 0.0019099004566669464,
        "Neutral": 0.9701293110847473,
        "Mixed": 0.0010141374077647924
    }
}
