{
    "Sentiment": "NEUTRAL",
    "SentimentScore": {
        "Positive": 0.005014404188841581,
        "Negative": 0.0018440689891576767,
        "Neutral": 0.9927171468734741,
        "Mixed": 0.00042441990808583796
    }
}
