{
    "Sentiment": "NEUTRAL",
    "SentimentScore": {
        "Positive": 0.11003421992063522,
        "Negative": 0.08800118416547775,
        "Neutral": 0.7712340354919434,
        "Mixed": 0.030730511993169785
    }
}
