{
    "Sentiment": "NEUTRAL",
    "SentimentScore": {
        "Positive": 0.07592032849788666,
        "Negative": 0.043930768966674805,
        "Neutral": 0.8633273243904114,
        "Mixed": 0.016821660101413727
    }
}
