{
    "Sentiment": "NEUTRAL",
    "SentimentScore": {
        "Positive": 0.21025043725967407,
        "Negative": 0.0028179646469652653,
        "Neutral": 0.7829588055610657,
        "Mixed": 0.00397272827103734
    }
}
