{
    "Sentiment": "NEUTRAL",
    "SentimentScore": {
        "Positive": 0.02761271968483925,
        "Negative": 0.11396767944097519,
        "Neutral": 0.8482272028923035,
        "Mixed": 0.010192460380494595
    }
}
