{
    "Sentiment": "NEUTRAL",
    "SentimentScore": {
        "Positive": 0.09793836623430252,
        "Negative": 0.00588559452444315,
        "Neutral": 0.8932357430458069,
        "Mixed": 0.0029402601066976786
    }
}
