{
    "Sentiment": "NEUTRAL",
    "SentimentScore": {
        "Positive": 0.04625537618994713,
        "Negative": 0.19318503141403198,
        "Neutral": 0.6481249928474426,
        "Mixed": 0.11243460327386856
    }
}
