{
    "Sentiment": "NEUTRAL",
    "SentimentScore": {
        "Positive": 0.0034301343839615583,
        "Negative": 0.002297990955412388,
        "Neutral": 0.9939589500427246,
        "Mixed": 0.0003128899843432009
    }
}
