{
    "Sentiment": "NEUTRAL",
    "SentimentScore": {
        "Positive": 0.006605902686715126,
        "Negative": 0.020822906866669655,
        "Neutral": 0.9686213731765747,
        "Mixed": 0.003949879668653011
    }
}
