{
    "Sentiment": "NEUTRAL",
    "SentimentScore": {
        "Positive": 0.3002447485923767,
        "Negative": 0.006041193380951881,
        "Neutral": 0.6883706450462341,
        "Mixed": 0.005343405529856682
    }
}
