{
    "Sentiment": "NEUTRAL",
    "SentimentScore": {
        "Positive": 0.012821659445762634,
        "Negative": 0.00299057736992836,
        "Neutral": 0.9834215044975281,
        "Mixed": 0.0007661900017410517
    }
}
