{
    "Sentiment": "NEUTRAL",
    "SentimentScore": {
        "Positive": 0.00429616728797555,
        "Negative": 0.007758960593491793,
        "Neutral": 0.9861181378364563,
        "Mixed": 0.001826835097745061
    }
}
