{
    "Sentiment": "NEUTRAL",
    "SentimentScore": {
        "Positive": 0.08369939029216766,
        "Negative": 0.0582544207572937,
        "Neutral": 0.8413004279136658,
        "Mixed": 0.0167457964271307
    }
}
