{
    "Sentiment": "NEUTRAL",
    "SentimentScore": {
        "Positive": 0.011124983429908752,
        "Negative": 0.12249919772148132,
        "Neutral": 0.8523067831993103,
        "Mixed": 0.014069030992686749
    }
}
