{
    "Sentiment": "NEGATIVE",
    "SentimentScore": {
        "Positive": 0.009260740131139755,
        "Negative": 0.5563265681266785,
        "Neutral": 0.3853468596935272,
        "Mixed": 0.049065809696912766
    }
}
