{
    "Sentiment": "NEUTRAL",
    "SentimentScore": {
        "Positive": 0.023744842037558556,
        "Negative": 0.2870565950870514,
        "Neutral": 0.6545921564102173,
        "Mixed": 0.03460643067955971
    }
}
