{
    "Sentiment": "NEUTRAL",
    "SentimentScore": {
        "Positive": 0.029650729149580002,
        "Negative": 0.04118410497903824,
        "Neutral": 0.9176468253135681,
        "Mixed": 0.011518323794007301
    }
}
