{
    "Sentiment": "NEUTRAL",
    "SentimentScore": {
        "Positive": 0.010183893144130707,
        "Negative": 0.04280701279640198,
        "Neutral": 0.9394117593765259,
        "Mixed": 0.007597307208925486
    }
}
