{
    "Sentiment": "NEUTRAL",
    "SentimentScore": {
        "Positive": 0.04240662604570389,
        "Negative": 0.12514513731002808,
        "Neutral": 0.7957797646522522,
        "Mixed": 0.03666844218969345
    }
}
