{
    "Sentiment": "NEUTRAL",
    "SentimentScore": {
        "Positive": 0.006665094755589962,
        "Negative": 0.013051413930952549,
        "Neutral": 0.9783852696418762,
        "Mixed": 0.0018982479814440012
    }
}
