{
    "Sentiment": "NEUTRAL",
    "SentimentScore": {
        "Positive": 0.03215542808175087,
        "Negative": 0.025842711329460144,
        "Neutral": 0.9309389591217041,
        "Mixed": 0.011062966659665108
    }
}
