{
    "Sentiment": "NEUTRAL",
    "SentimentScore": {
        "Positive": 0.011559401638805866,
        "Negative": 0.003912837710231543,
        "Neutral": 0.9831152558326721,
        "Mixed": 0.0014124930603429675
    }
}
