{
    "Sentiment": "NEUTRAL",
    "SentimentScore": {
        "Positive": 0.002770665567368269,
        "Negative": 0.025063084438443184,
        "Neutral": 0.9700380563735962,
        "Mixed": 0.0021281815133988857
    }
}
