{
    "Sentiment": "NEUTRAL",
    "SentimentScore": {
        "Positive": 0.17186754941940308,
        "Negative": 0.027157867327332497,
        "Neutral": 0.7830392718315125,
        "Mixed": 0.017935343086719513
    }
}
