{
    "Sentiment": "NEUTRAL",
    "SentimentScore": {
        "Positive": 0.012030540034174919,
        "Negative": 0.004359003622084856,
        "Neutral": 0.9827181696891785,
        "Mixed": 0.000892382871825248
    }
}
