{
    "Sentiment": "NEUTRAL",
    "SentimentScore": {
        "Positive": 0.021279994398355484,
        "Negative": 0.08515767008066177,
        "Neutral": 0.8814231157302856,
        "Mixed": 0.012139146216213703
    }
}
