{
    "Sentiment": "NEUTRAL",
    "SentimentScore": {
        "Positive": 0.029473118484020233,
        "Negative": 0.10240264981985092,
        "Neutral": 0.8195245862007141,
        "Mixed": 0.04859960451722145
    }
}
