{
    "Sentiment": "NEUTRAL",
    "SentimentScore": {
        "Positive": 0.05199394375085831,
        "Negative": 0.013117467984557152,
        "Neutral": 0.9225930571556091,
        "Mixed": 0.012295492924749851
    }
}
