{
    "Sentiment": "NEUTRAL",
    "SentimentScore": {
        "Positive": 0.008302297443151474,
        "Negative": 0.025435563176870346,
        "Neutral": 0.961492121219635,
        "Mixed": 0.0047701094299554825
    }
}
