{
    "Sentiment": "POSITIVE",
    "SentimentScore": {
        "Positive": 0.5544512867927551,
        "Negative": 0.0017388162668794394,
        "Neutral": 0.44034433364868164,
        "Mixed": 0.003465513465926051
    }
}
