{
    "Sentiment": "NEUTRAL",
    "SentimentScore": {
        "Positive": 0.008801591582596302,
        "Negative": 0.003922599367797375,
        "Neutral": 0.9865102171897888,
        "Mixed": 0.0007656284142285585
    }
}
