{
    "Sentiment": "NEUTRAL",
    "SentimentScore": {
        "Positive": 0.005503721069544554,
        "Negative": 0.009895852766931057,
        "Neutral": 0.9820683598518372,
        "Mixed": 0.0025320639833807945
    }
}
