{
    "Sentiment": "NEUTRAL",
    "SentimentScore": {
        "Positive": 0.0028600874356925488,
        "Negative": 0.01100755576044321,
        "Neutral": 0.9852774739265442,
        "Mixed": 0.0008549537742510438
    }
}
