{
    "Sentiment": "NEUTRAL",
    "SentimentScore": {
        "Positive": 0.020640289410948753,
        "Negative": 0.0061912694945931435,
        "Neutral": 0.9718610644340515,
        "Mixed": 0.0013074333546683192
    }
}
