{
    "Sentiment": "NEUTRAL",
    "SentimentScore": {
        "Positive": 0.02900395542383194,
        "Negative": 0.006881966721266508,
        "Neutral": 0.9618176221847534,
        "Mixed": 0.002296469872817397
    }
}
