{
    "Sentiment": "NEUTRAL",
    "SentimentScore": {
        "Positive": 0.006266314536333084,
        "Negative": 0.009505379013717175,
        "Neutral": 0.9830479621887207,
        "Mixed": 0.0011803770903497934
    }
}
