{
    "Sentiment": "NEUTRAL",
    "SentimentScore": {
        "Positive": 0.007717679254710674,
        "Negative": 0.1726282238960266,
        "Neutral": 0.8048263788223267,
        "Mixed": 0.01482770498842001
    }
}
