{
    "Sentiment": "NEUTRAL",
    "SentimentScore": {
        "Positive": 0.003288071136921644,
        "Negative": 0.04111253470182419,
        "Neutral": 0.9528387784957886,
        "Mixed": 0.0027606599032878876
    }
}
