{
    "Sentiment": "NEUTRAL",
    "SentimentScore": {
        "Positive": 0.004460567608475685,
        "Negative": 0.1250319927930832,
        "Neutral": 0.8619651794433594,
        "Mixed": 0.008542273193597794
    }
}
