{
    "Sentiment": "NEUTRAL",
    "SentimentScore": {
        "Positive": 0.013564104214310646,
        "Negative": 0.04949529841542244,
        "Neutral": 0.9313790798187256,
        "Mixed": 0.005561576224863529
    }
}
