{
    "Sentiment": "NEUTRAL",
    "SentimentScore": {
        "Positive": 0.00552661158144474,
        "Negative": 0.13625843822956085,
        "Neutral": 0.8485269546508789,
        "Mixed": 0.009687976911664009
    }
}
