{
    "Sentiment": "NEUTRAL",
    "SentimentScore": {
        "Positive": 0.08028585463762283,
        "Negative": 0.019291546195745468,
        "Neutral": 0.8882607817649841,
        "Mixed": 0.012161758728325367
    }
}
