{
    "Sentiment": "NEUTRAL",
    "SentimentScore": {
        "Positive": 0.02986055053770542,
        "Negative": 0.01605011709034443,
        "Neutral": 0.9501737356185913,
        "Mixed": 0.00391556229442358
    }
}
