{
    "Sentiment": "NEUTRAL",
    "SentimentScore": {
        "Positive": 0.10660862922668457,
        "Negative": 0.014218420721590519,
        "Neutral": 0.8620233535766602,
        "Mixed": 0.017149562016129494
    }
}
