{
    "Sentiment": "NEUTRAL",
    "SentimentScore": {
        "Positive": 0.008792619220912457,
        "Negative": 0.08670064061880112,
        "Neutral": 0.8968654870986938,
        "Mixed": 0.007641250267624855
    }
}
