{
    "Sentiment": "NEUTRAL",
    "SentimentScore": {
        "Positive": 0.0016096222680062056,
        "Negative": 0.04870999604463577,
        "Neutral": 0.9472156167030334,
        "Mixed": 0.002464771969243884
    }
}
