{
    "Sentiment": "NEUTRAL",
    "SentimentScore": {
        "Positive": 0.02214651368558407,
        "Negative": 0.03749597817659378,
        "Neutral": 0.9328290820121765,
        "Mixed": 0.007528532296419144
    }
}
