{
    "Sentiment": "NEUTRAL",
    "SentimentScore": {
        "Positive": 0.009631884284317493,
        "Negative": 0.08185992389917374,
        "Neutral": 0.8970847129821777,
        "Mixed": 0.011423374526202679
    }
}
