{
    "Sentiment": "NEUTRAL",
    "SentimentScore": {
        "Positive": 0.003279181197285652,
        "Negative": 0.07900474220514297,
        "Neutral": 0.9109758138656616,
        "Mixed": 0.006740314420312643
    }
}
