{
    "Sentiment": "NEUTRAL",
    "SentimentScore": {
        "Positive": 0.011295653879642487,
        "Negative": 0.03226965665817261,
        "Neutral": 0.9521442651748657,
        "Mixed": 0.004290436860173941
    }
}
