{
    "Sentiment": "NEUTRAL",
    "SentimentScore": {
        "Positive": 0.004084920510649681,
        "Negative": 0.050901588052511215,
        "Neutral": 0.9396603107452393,
        "Mixed": 0.005353144370019436
    }
}
