{
    "Sentiment": "NEUTRAL",
    "SentimentScore": {
        "Positive": 0.0015580503968521953,
        "Negative": 0.005781631916761398,
        "Neutral": 0.9920620918273926,
        "Mixed": 0.0005983287119306624
    }
}
