{
    "Sentiment": "NEUTRAL",
    "SentimentScore": {
        "Positive": 0.023887455463409424,
        "Negative": 0.228658065199852,
        "Neutral": 0.7272272109985352,
        "Mixed": 0.020227324217557907
    }
}
