{
    "Sentiment": "NEUTRAL",
    "SentimentScore": {
        "Positive": 0.004951440263539553,
        "Negative": 0.043383125215768814,
        "Neutral": 0.9484176635742188,
        "Mixed": 0.0032478191424161196
    }
}
