{
    "Sentiment": "NEUTRAL",
    "SentimentScore": {
        "Positive": 0.003976540639996529,
        "Negative": 0.0009638521005399525,
        "Neutral": 0.994853675365448,
        "Mixed": 0.00020601147843990475
    }
}
