{
    "Sentiment": "NEUTRAL",
    "SentimentScore": {
        "Positive": 0.010371173731982708,
        "Negative": 0.008408825844526291,
        "Neutral": 0.9796174168586731,
        "Mixed": 0.0016025829827412963
    }
}
