{
    "Sentiment": "NEUTRAL",
    "SentimentScore": {
        "Positive": 0.04915894195437431,
        "Negative": 0.007437920197844505,
        "Neutral": 0.9418189525604248,
        "Mixed": 0.0015842333668842912
    }
}
