{
    "Sentiment": "NEUTRAL",
    "SentimentScore": {
        "Positive": 0.0014792344300076365,
        "Negative": 0.03970280662178993,
        "Neutral": 0.9567106366157532,
        "Mixed": 0.002107350155711174
    }
}
