{
    "Sentiment": "NEUTRAL",
    "SentimentScore": {
        "Positive": 0.009859221056103706,
        "Negative": 0.025645995512604713,
        "Neutral": 0.962982714176178,
        "Mixed": 0.0015121536562219262
    }
}
