{
    "Sentiment": "NEUTRAL",
    "SentimentScore": {
        "Positive": 0.4073490500450134,
        "Negative": 0.001209900830872357,
        "Neutral": 0.5894814729690552,
        "Mixed": 0.001959573943167925
    }
}
