{
    "Sentiment": "NEUTRAL",
    "SentimentScore": {
        "Positive": 0.03720037266612053,
        "Negative": 0.0039016439113765955,
        "Neutral": 0.9574425220489502,
        "Mixed": 0.0014554663794115186
    }
}
