{
    "Sentiment": "NEUTRAL",
    "SentimentScore": {
        "Positive": 0.0077836052514612675,
        "Negative": 0.061771612614393234,
        "Neutral": 0.9245301485061646,
        "Mixed": 0.005914637353271246
    }
}
