{
    "Sentiment": "NEUTRAL",
    "SentimentScore": {
        "Positive": 0.0031010720413178205,
        "Negative": 0.01868438720703125,
        "Neutral": 0.9761191606521606,
        "Mixed": 0.0020953447092324495
    }
}
