{
    "Sentiment": "NEUTRAL",
    "SentimentScore": {
        "Positive": 0.0628431886434555,
        "Negative": 0.0289780143648386,
        "Neutral": 0.9023053050041199,
        "Mixed": 0.005873475689440966
    }
}
