{
    "Sentiment": "NEUTRAL",
    "SentimentScore": {
        "Positive": 0.013121936470270157,
        "Negative": 0.10707593709230423,
        "Neutral": 0.8743004202842712,
        "Mixed": 0.0055016628466546535
    }
}
