{
    "Sentiment": "NEUTRAL",
    "SentimentScore": {
        "Positive": 0.005139108747243881,
        "Negative": 0.03019127808511257,
        "Neutral": 0.9603546857833862,
        "Mixed": 0.004314833786338568
    }
}
