{
    "Sentiment": "NEUTRAL",
    "SentimentScore": {
        "Positive": 0.029723921790719032,
        "Negative": 0.006602775771170855,
        "Neutral": 0.9620469808578491,
        "Mixed": 0.0016263782745227218
    }
}
