{
    "Sentiment": "NEUTRAL",
    "SentimentScore": {
        "Positive": 0.035499006509780884,
        "Negative": 0.028863612562417984,
        "Neutral": 0.9318408370018005,
        "Mixed": 0.0037966056261211634
    }
}
