{
    "Sentiment": "NEUTRAL",
    "SentimentScore": {
        "Positive": 0.0048351772129535675,
        "Negative": 0.004546053241938353,
        "Neutral": 0.9897906184196472,
        "Mixed": 0.0008282025810331106
    }
}
