{
    "Sentiment": "NEUTRAL",
    "SentimentScore": {
        "Positive": 0.002035588026046753,
        "Negative": 0.02118896320462227,
        "Neutral": 0.9752967357635498,
        "Mixed": 0.0014788132393732667
    }
}
