{
    "Sentiment": "NEUTRAL",
    "SentimentScore": {
        "Positive": 0.005603106692433357,
        "Negative": 0.0010026865638792515,
        "Neutral": 0.9930754899978638,
        "Mixed": 0.0003186645044479519
    }
}
