{
    "Sentiment": "NEUTRAL",
    "SentimentScore": {
        "Positive": 0.09734143316745758,
        "Negative": 0.004121929872781038,
        "Neutral": 0.8970675468444824,
        "Mixed": 0.0014690944226458669
    }
}
