{
    "Sentiment": "NEUTRAL",
    "SentimentScore": {
        "Positive": 0.013361827470362186,
        "Negative": 0.005675332620739937,
        "Neutral": 0.9797342419624329,
        "Mixed": 0.0012285502161830664
    }
}
