{
    "Sentiment": "NEUTRAL",
    "SentimentScore": {
        "Positive": 0.007589385379105806,
        "Negative": 0.004011804703623056,
        "Neutral": 0.9868414402008057,
        "Mixed": 0.0015574389835819602
    }
}
