{
    "Sentiment": "NEUTRAL",
    "SentimentScore": {
        "Positive": 0.012723233550786972,
        "Negative": 0.002125771949067712,
        "Neutral": 0.9843814373016357,
        "Mixed": 0.0007695387466810644
    }
}
