{
    "Sentiment": "NEUTRAL",
    "SentimentScore": {
        "Positive": 0.03265262767672539,
        "Negative": 0.05577821657061577,
        "Neutral": 0.872180163860321,
        "Mixed": 0.039388954639434814
    }
}
