{
    "Sentiment": "NEUTRAL",
    "SentimentScore": {
        "Positive": 0.0055436380207538605,
        "Negative": 0.17954367399215698,
        "Neutral": 0.8011469841003418,
        "Mixed": 0.01376581471413374
    }
}
