{
    "Sentiment": "NEUTRAL",
    "SentimentScore": {
        "Positive": 0.020361285656690598,
        "Negative": 0.0026049858424812555,
        "Neutral": 0.9760414958000183,
        "Mixed": 0.00099226925522089
    }
}
