{
    "Sentiment": "NEUTRAL",
    "SentimentScore": {
        "Positive": 0.07006878405809402,
        "Negative": 0.005054702516645193,
        "Neutral": 0.9209863543510437,
        "Mixed": 0.0038901902735233307
    }
}
