{
    "Sentiment": "NEUTRAL",
    "SentimentScore": {
        "Positive": 0.0011378370691090822,
        "Negative": 0.020611044019460678,
        "Neutral": 0.9773608446121216,
        "Mixed": 0.0008902251720428467
    }
}
