{
    "Sentiment": "NEUTRAL",
    "SentimentScore": {
        "Positive": 0.007077933754771948,
        "Negative": 0.005328513216227293,
        "Neutral": 0.9870822429656982,
        "Mixed": 0.000511313381139189
    }
}
