{
    "Sentiment": "NEUTRAL",
    "SentimentScore": {
        "Positive": 0.007277883589267731,
        "Negative": 0.003708215896040201,
        "Neutral": 0.9885196089744568,
        "Mixed": 0.0004943638923577964
    }
}
