{
    "Sentiment": "NEUTRAL",
    "SentimentScore": {
        "Positive": 0.0035013635642826557,
        "Negative": 0.00460493378341198,
        "Neutral": 0.9913909435272217,
        "Mixed": 0.0005027091247029603
    }
}
