{
    "Sentiment": "NEUTRAL",
    "SentimentScore": {
        "Positive": 0.025959014892578125,
        "Negative": 0.006466591730713844,
        "Neutral": 0.9653681516647339,
        "Mixed": 0.0022062528878450394
    }
}
