{
    "Sentiment": "NEUTRAL",
    "SentimentScore": {
        "Positive": 0.00506303645670414,
        "Negative": 0.2694445252418518,
        "Neutral": 0.7070308327674866,
        "Mixed": 0.018461598083376884
    }
}
