{
    "Sentiment": "NEUTRAL",
    "SentimentScore": {
        "Positive": 0.012967186979949474,
        "Negative": 0.4814545512199402,
        "Neutral": 0.484041303396225,
        "Mixed": 0.02153695747256279
    }
}
