{
    "Sentiment": "NEUTRAL",
    "SentimentScore": {
        "Positive": 0.009431549347937107,
        "Negative": 0.01182566862553358,
        "Neutral": 0.9766743183135986,
        "Mixed": 0.0020685039926320314
    }
}
