{
    "Sentiment": "NEUTRAL",
    "SentimentScore": {
        "Positive": 0.004003036767244339,
        "Negative": 0.04085575416684151,
        "Neutral": 0.9526784420013428,
        "Mixed": 0.00246272305957973
    }
}
