{
    "Sentiment": "NEUTRAL",
    "SentimentScore": {
        "Positive": 0.014591248705983162,
        "Negative": 0.20002233982086182,
        "Neutral": 0.7702945470809937,
        "Mixed": 0.015091863460838795
    }
}
