{
    "Sentiment": "NEUTRAL",
    "SentimentScore": {
        "Positive": 0.0036446573212742805,
        "Negative": 0.0012131559196859598,
        "Neutral": 0.9949051141738892,
        "Mixed": 0.000237084343098104
    }
}
