{
    "Sentiment": "NEUTRAL",
    "SentimentScore": {
        "Positive": 0.007066322956234217,
        "Negative": 0.021480204537510872,
        "Neutral": 0.9682580232620239,
        "Mixed": 0.0031954736914485693
    }
}
