{
    "Sentiment": "NEUTRAL",
    "SentimentScore": {
        "Positive": 0.003855301532894373,
        "Negative": 0.08694463968276978,
        "Neutral": 0.9052088260650635,
        "Mixed": 0.0039912136271595955
    }
}
