{
    "Sentiment": "NEUTRAL",
    "SentimentScore": {
        "Positive": 0.001285642385482788,
        "Negative": 0.037979573011398315,
        "Neutral": 0.9588839411735535,
        "Mixed": 0.0018509048968553543
    }
}
