{
    "Sentiment": "NEUTRAL",
    "SentimentScore": {
        "Positive": 0.016665060073137283,
        "Negative": 0.052057791501283646,
        "Neutral": 0.9196380376815796,
        "Mixed": 0.011639113537967205
    }
}
