{
    "Sentiment": "NEUTRAL",
    "SentimentScore": {
        "Positive": 0.0024292294401675463,
        "Negative": 0.23540829122066498,
        "Neutral": 0.7474772930145264,
        "Mixed": 0.014685133472084999
    }
}
