{
    "Sentiment": "NEUTRAL",
    "SentimentScore": {
        "Positive": 0.0072295269928872585,
        "Negative": 0.06162947788834572,
        "Neutral": 0.9223291873931885,
        "Mixed": 0.008811814710497856
    }
}
