{
    "Sentiment": "NEUTRAL",
    "SentimentScore": {
        "Positive": 0.008081803098320961,
        "Negative": 0.2111973762512207,
        "Neutral": 0.7623516917228699,
        "Mixed": 0.01836913265287876
    }
}
