{
    "Sentiment": "NEUTRAL",
    "SentimentScore": {
        "Positive": 0.03483337163925171,
        "Negative": 0.013267542235553265,
        "Neutral": 0.9504854083061218,
        "Mixed": 0.001413636957295239
    }
}
