{
    "Sentiment": "NEUTRAL",
    "SentimentScore": {
        "Positive": 0.014243229292333126,
        "Negative": 0.00545854028314352,
        "Neutral": 0.9783133864402771,
        "Mixed": 0.0019848307128995657
    }
}
