{
    "Sentiment": "NEUTRAL",
    "SentimentScore": {
        "Positive": 0.004251744598150253,
        "Negative": 0.002025304129347205,
        "Neutral": 0.9933915138244629,
        "Mixed": 0.0003314233326818794
    }
}
