{
    "Sentiment": "NEUTRAL",
    "SentimentScore": {
        "Positive": 0.24060986936092377,
        "Negative": 0.09033866226673126,
        "Neutral": 0.6066508889198303,
        "Mixed": 0.06240062043070793
    }
}
