{
    "Sentiment": "NEUTRAL",
    "SentimentScore": {
        "Positive": 0.0204160213470459,
        "Negative": 0.044163018465042114,
        "Neutral": 0.9267106652259827,
        "Mixed": 0.008710353635251522
    }
}
