{
    "Sentiment": "NEUTRAL",
    "SentimentScore": {
        "Positive": 0.014637948013842106,
        "Negative": 0.0050780861638486385,
        "Neutral": 0.978398859500885,
        "Mixed": 0.001885081292130053
    }
}
