{
    "Sentiment": "NEUTRAL",
    "SentimentScore": {
        "Positive": 0.0043076020665466785,
        "Negative": 0.015905490145087242,
        "Neutral": 0.9776313900947571,
        "Mixed": 0.0021556061692535877
    }
}
