{
    "Sentiment": "NEUTRAL",
    "SentimentScore": {
        "Positive": 0.00856925081461668,
        "Negative": 0.020975615829229355,
        "Neutral": 0.9680665135383606,
        "Mixed": 0.0023885956034064293
    }
}
