{
    "Sentiment": "NEUTRAL",
    "SentimentScore": {
        "Positive": 0.005841745529323816,
        "Negative": 0.0030561494641005993,
        "Neutral": 0.9903360605239868,
        "Mixed": 0.0007661051349714398
    }
}
