{
    "Sentiment": "NEUTRAL",
    "SentimentScore": {
        "Positive": 0.0805792510509491,
        "Negative": 0.01605696976184845,
        "Neutral": 0.8913803696632385,
        "Mixed": 0.01198330894112587
    }
}
