{
    "Sentiment": "NEUTRAL",
    "SentimentScore": {
        "Positive": 0.006635133642703295,
        "Negative": 0.09990774095058441,
        "Neutral": 0.8863097429275513,
        "Mixed": 0.007147369906306267
    }
}
