{
    "Sentiment": "NEUTRAL",
    "SentimentScore": {
        "Positive": 0.0034590214490890503,
        "Negative": 0.006420257966965437,
        "Neutral": 0.9894058108329773,
        "Mixed": 0.0007148786098696291
    }
}
