{
    "Sentiment": "NEUTRAL",
    "SentimentScore": {
        "Positive": 0.002057075733318925,
        "Negative": 0.004198095761239529,
        "Neutral": 0.993293285369873,
        "Mixed": 0.000451636005891487
    }
}
