{
    "Sentiment": "NEUTRAL",
    "SentimentScore": {
        "Positive": 0.002566799521446228,
        "Negative": 0.02829807810485363,
        "Neutral": 0.9672775268554688,
        "Mixed": 0.0018576676957309246
    }
}
