{
    "Sentiment": "NEUTRAL",
    "SentimentScore": {
        "Positive": 0.0017363898223266006,
        "Negative": 0.019615275785326958,
        "Neutral": 0.9779735207557678,
        "Mixed": 0.0006748231826350093
    }
}
