{
    "Sentiment": "NEUTRAL",
    "SentimentScore": {
        "Positive": 0.03202282637357712,
        "Negative": 0.04033742472529411,
        "Neutral": 0.9153788685798645,
        "Mixed": 0.012260902673006058
    }
}
