{
    "Sentiment": "NEUTRAL",
    "SentimentScore": {
        "Positive": 0.02217579446732998,
        "Negative": 0.005951777566224337,
        "Neutral": 0.9695064425468445,
        "Mixed": 0.0023660294245928526
    }
}
