{
    "Sentiment": "NEUTRAL",
    "SentimentScore": {
        "Positive": 0.0074323383159935474,
        "Negative": 0.031633056700229645,
        "Neutral": 0.9582344889640808,
        "Mixed": 0.0027001011185348034
    }
}
