{
    "Sentiment": "NEUTRAL",
    "SentimentScore": {
        "Positive": 0.009057169780135155,
        "Negative": 0.03995648771524429,
        "Neutral": 0.9436897039413452,
        "Mixed": 0.0072966753505170345
    }
}
