{
    "Sentiment": "NEUTRAL",
    "SentimentScore": {
        "Positive": 0.0053732083179056644,
        "Negative": 0.003931233659386635,
        "Neutral": 0.9900785684585571,
        "Mixed": 0.0006170321139506996
    }
}
