{
    "Sentiment": "NEUTRAL",
    "SentimentScore": {
        "Positive": 0.03644479811191559,
        "Negative": 0.018196463584899902,
        "Neutral": 0.9368649125099182,
        "Mixed": 0.008493779227137566
    }
}
