{
    "Sentiment": "NEUTRAL",
    "SentimentScore": {
        "Positive": 0.008568763732910156,
        "Negative": 0.008173752576112747,
        "Neutral": 0.9821780323982239,
        "Mixed": 0.0010794014669954777
    }
}
