{
    "Sentiment": "NEUTRAL",
    "SentimentScore": {
        "Positive": 0.023689154535531998,
        "Negative": 0.031958963721990585,
        "Neutral": 0.935619056224823,
        "Mixed": 0.008732770569622517
    }
}
