{
    "Sentiment": "NEUTRAL",
    "SentimentScore": {
        "Positive": 0.01341442670673132,
        "Negative": 0.15208646655082703,
        "Neutral": 0.8294724822044373,
        "Mixed": 0.0050265733152627945
    }
}
