{
    "Sentiment": "NEUTRAL",
    "SentimentScore": {
        "Positive": 0.003879883326590061,
        "Negative": 0.013619347475469112,
        "Neutral": 0.9805533289909363,
        "Mixed": 0.0019475631415843964
    }
}
