{
    "Sentiment": "NEUTRAL",
    "SentimentScore": {
        "Positive": 0.3412705063819885,
        "Negative": 0.03758494183421135,
        "Neutral": 0.6129977703094482,
        "Mixed": 0.008146789856255054
    }
}
