{
    "Sentiment": "NEUTRAL",
    "SentimentScore": {
        "Positive": 0.0322987325489521,
        "Negative": 0.13820084929466248,
        "Neutral": 0.8186027407646179,
        "Mixed": 0.010897628962993622
    }
}
