{
    "Sentiment": "POSITIVE",
    "SentimentScore": {
        "Positive": 0.6291083693504333,
        "Negative": 0.024350900202989578,
        "Neutral": 0.32180702686309814,
        "Mixed": 0.02473367564380169
    }
}
