{
    "Sentiment": "NEUTRAL",
    "SentimentScore": {
        "Positive": 0.003939415328204632,
        "Negative": 0.16366006433963776,
        "Neutral": 0.826113760471344,
        "Mixed": 0.006286666262894869
    }
}
