{
    "Sentiment": "NEUTRAL",
    "SentimentScore": {
        "Positive": 0.0019151961896568537,
        "Negative": 0.00446321303024888,
        "Neutral": 0.9930105805397034,
        "Mixed": 0.000610910530667752
    }
}
