{
    "Sentiment": "NEUTRAL",
    "SentimentScore": {
        "Positive": 0.008430566638708115,
        "Negative": 0.024013152346014977,
        "Neutral": 0.9651539921760559,
        "Mixed": 0.0024022406432777643
    }
}
