{
    "Sentiment": "NEUTRAL",
    "SentimentScore": {
        "Positive": 0.005307315848767757,
        "Negative": 0.001721254433505237,
        "Neutral": 0.9924444556236267,
        "Mixed": 0.0005269633838906884
    }
}
