{
    "Sentiment": "NEUTRAL",
    "SentimentScore": {
        "Positive": 0.014836997725069523,
        "Negative": 0.009985175915062428,
        "Neutral": 0.9741594791412354,
        "Mixed": 0.001018388313241303
    }
}
