{
    "Sentiment": "NEUTRAL",
    "SentimentScore": {
        "Positive": 0.013652893714606762,
        "Negative": 0.10926221311092377,
        "Neutral": 0.8644334077835083,
        "Mixed": 0.012651470489799976
    }
}
