{
    "Sentiment": "NEUTRAL",
    "SentimentScore": {
        "Positive": 0.019025953486561775,
        "Negative": 0.049541108310222626,
        "Neutral": 0.9270069003105164,
        "Mixed": 0.004426082130521536
    }
}
