{
    "Sentiment": "NEUTRAL",
    "SentimentScore": {
        "Positive": 0.020197255536913872,
        "Negative": 0.019473431631922722,
        "Neutral": 0.9543525576591492,
        "Mixed": 0.005976732354611158
    }
}
