{
    "Sentiment": "NEUTRAL",
    "SentimentScore": {
        "Positive": 0.01565675437450409,
        "Negative": 0.0009490435477346182,
        "Neutral": 0.982758104801178,
        "Mixed": 0.0006361837731674314
    }
}
