{
    "Sentiment": "NEUTRAL",
    "SentimentScore": {
        "Positive": 0.100820392370224,
        "Negative": 0.40030691027641296,
        "Neutral": 0.46168744564056396,
        "Mixed": 0.037185266613960266
    }
}
