{
    "Sentiment": "NEUTRAL",
    "SentimentScore": {
        "Positive": 0.0037523244973272085,
        "Negative": 0.04596151039004326,
        "Neutral": 0.9462310671806335,
        "Mixed": 0.00405513122677803
    }
}
