{
    "Sentiment": "NEUTRAL",
    "SentimentScore": {
        "Positive": 0.018649304285645485,
        "Negative": 0.03421006351709366,
        "Neutral": 0.9424686431884766,
        "Mixed": 0.004672009497880936
    }
}
