{
    "Sentiment": "NEUTRAL",
    "SentimentScore": {
        "Positive": 0.026728812605142593,
        "Negative": 0.009838034398853779,
        "Neutral": 0.955976665019989,
        "Mixed": 0.00745643675327301
    }
}
