{
    "Sentiment": "NEUTRAL",
    "SentimentScore": {
        "Positive": 0.004866159055382013,
        "Negative": 0.024126244708895683,
        "Neutral": 0.9685518145561218,
        "Mixed": 0.0024556927382946014
    }
}
