{
    "Sentiment": "NEUTRAL",
    "SentimentScore": {
        "Positive": 0.008092238567769527,
        "Negative": 0.14198246598243713,
        "Neutral": 0.8410682678222656,
        "Mixed": 0.008857028558850288
    }
}
