{
    "Sentiment": "NEUTRAL",
    "SentimentScore": {
        "Positive": 0.01480031106621027,
        "Negative": 0.010584095492959023,
        "Neutral": 0.9727223515510559,
        "Mixed": 0.001893236767500639
    }
}
