{
    "Sentiment": "NEUTRAL",
    "SentimentScore": {
        "Positive": 0.001754043623805046,
        "Negative": 0.002759253140538931,
        "Neutral": 0.9950705766677856,
        "Mixed": 0.0004160999087616801
    }
}
