{
    "Sentiment": "NEUTRAL",
    "SentimentScore": {
        "Positive": 0.010695493780076504,
        "Negative": 0.07738224416971207,
        "Neutral": 0.9037885069847107,
        "Mixed": 0.008133739233016968
    }
}
