{
    "Sentiment": "NEUTRAL",
    "SentimentScore": {
        "Positive": 0.011260053142905235,
        "Negative": 0.012416383251547813,
        "Neutral": 0.9733108282089233,
        "Mixed": 0.0030127358622848988
    }
}
