{
    "Sentiment": "NEUTRAL",
    "SentimentScore": {
        "Positive": 0.221995010972023,
        "Negative": 0.003723032772541046,
        "Neutral": 0.7666777968406677,
        "Mixed": 0.007604194805026054
    }
}
