{
    "Sentiment": "NEUTRAL",
    "SentimentScore": {
        "Positive": 0.0022639839444309473,
        "Negative": 0.06892594695091248,
        "Neutral": 0.9256697297096252,
        "Mixed": 0.0031403389293700457
    }
}
