{
    "Sentiment": "NEUTRAL",
    "SentimentScore": {
        "Positive": 0.002671545837074518,
        "Negative": 0.05933118239045143,
        "Neutral": 0.9357113242149353,
        "Mixed": 0.002285897498950362
    }
}
