{
    "Sentiment": "NEUTRAL",
    "SentimentScore": {
        "Positive": 0.008495242334902287,
        "Negative": 0.033773329108953476,
        "Neutral": 0.9428057074546814,
        "Mixed": 0.01492581982165575
    }
}
