{
    "Sentiment": "NEUTRAL",
    "SentimentScore": {
        "Positive": 0.004481405019760132,
        "Negative": 0.13510861992835999,
        "Neutral": 0.8544139266014099,
        "Mixed": 0.005996093153953552
    }
}
