{
    "Sentiment": "POSITIVE",
    "SentimentScore": {
        "Positive": 0.9265041947364807,
        "Negative": 0.002626956906169653,
        "Neutral": 0.06524346768856049,
        "Mixed": 0.0056253764778375626
    }
}
