{
    "Sentiment": "NEUTRAL",
    "SentimentScore": {
        "Positive": 0.20886217057704926,
        "Negative": 0.025141967460513115,
        "Neutral": 0.7203686833381653,
        "Mixed": 0.045627281069755554
    }
}
