{
    "Sentiment": "NEUTRAL",
    "SentimentScore": {
        "Positive": 0.0015841926215216517,
        "Negative": 0.003323059296235442,
        "Neutral": 0.9947534799575806,
        "Mixed": 0.00033926975447684526
    }
}
