{
    "Sentiment": "NEUTRAL",
    "SentimentScore": {
        "Positive": 0.03251371532678604,
        "Negative": 0.08396420627832413,
        "Neutral": 0.8578705191612244,
        "Mixed": 0.025651492178440094
    }
}
