{
    "Sentiment": "NEUTRAL",
    "SentimentScore": {
        "Positive": 0.039143264293670654,
        "Negative": 0.05337144806981087,
        "Neutral": 0.8872840404510498,
        "Mixed": 0.02020121179521084
    }
}
