{
    "Sentiment": "NEUTRAL",
    "SentimentScore": {
        "Positive": 0.3108307421207428,
        "Negative": 0.03171902522444725,
        "Neutral": 0.6278599500656128,
        "Mixed": 0.029590247198939323
    }
}
