{
    "Sentiment": "NEUTRAL",
    "SentimentScore": {
        "Positive": 0.012245220132172108,
        "Negative": 0.09823758900165558,
        "Neutral": 0.8666157126426697,
        "Mixed": 0.022901466116309166
    }
}
