{
    "Sentiment": "POSITIVE",
    "SentimentScore": {
        "Positive": 0.932971715927124,
        "Negative": 0.0008744616061449051,
        "Neutral": 0.061738066375255585,
        "Mixed": 0.004415670409798622
    }
}
