{
    "Sentiment": "NEUTRAL",
    "SentimentScore": {
        "Positive": 0.03328081965446472,
        "Negative": 0.005923856515437365,
        "Neutral": 0.9561468362808228,
        "Mixed": 0.004648537840694189
    }
}
