{
    "Sentiment": "NEUTRAL",
    "SentimentScore": {
        "Positive": 0.002555752405896783,
        "Negative": 0.04180639982223511,
        "Neutral": 0.9530256390571594,
        "Mixed": 0.0026121768169105053
    }
}
