{
    "Sentiment": "NEUTRAL",
    "SentimentScore": {
        "Positive": 0.016413051635026932,
        "Negative": 0.004761422984302044,
        "Neutral": 0.9771348834037781,
        "Mixed": 0.0016906714299693704
    }
}
