{
    "Sentiment": "NEUTRAL",
    "SentimentScore": {
        "Positive": 0.02428714744746685,
        "Negative": 0.003856797469779849,
        "Neutral": 0.9706128835678101,
        "Mixed": 0.0012431226205080748
    }
}
