{
    "Sentiment": "NEUTRAL",
    "SentimentScore": {
        "Positive": 0.02039763703942299,
        "Negative": 0.06969461590051651,
        "Neutral": 0.8950501680374146,
        "Mixed": 0.014857593923807144
    }
}
