{
    "Sentiment": "NEUTRAL",
    "SentimentScore": {
        "Positive": 0.017201093956828117,
        "Negative": 0.13900454342365265,
        "Neutral": 0.8372294306755066,
        "Mixed": 0.006564886309206486
    }
}
