{
    "Sentiment": "POSITIVE",
    "SentimentScore": {
        "Positive": 0.8782135248184204,
        "Negative": 0.006238828878849745,
        "Neutral": 0.1060747355222702,
        "Mixed": 0.009472859092056751
    }
}
