{
    "Sentiment": "NEUTRAL",
    "SentimentScore": {
        "Positive": 0.009590093977749348,
        "Negative": 0.0032332034315913916,
        "Neutral": 0.9864603281021118,
        "Mixed": 0.0007163532427512109
    }
}
