{
    "Sentiment": "NEUTRAL",
    "SentimentScore": {
        "Positive": 0.006513684522360563,
        "Negative": 0.022182157263159752,
        "Neutral": 0.9680265188217163,
        "Mixed": 0.0032775860745459795
    }
}
