{
    "Sentiment": "NEUTRAL",
    "SentimentScore": {
        "Positive": 0.001459802850149572,
        "Negative": 0.0028817139100283384,
        "Neutral": 0.9951741099357605,
        "Mixed": 0.00048438666271977127
    }
}
