{
    "Sentiment": "NEUTRAL",
    "SentimentScore": {
        "Positive": 0.26939401030540466,
        "Negative": 0.00852824468165636,
        "Neutral": 0.7101190090179443,
        "Mixed": 0.011958706192672253
    }
}
