{
    "Sentiment": "NEUTRAL",
    "SentimentScore": {
        "Positive": 0.002132093533873558,
        "Negative": 0.003103771014139056,
        "Neutral": 0.9944133162498474,
        "Mixed": 0.00035093288170173764
    }
}
