{
    "Sentiment": "NEUTRAL",
    "SentimentScore": {
        "Positive": 0.009596963413059711,
        "Negative": 0.0582127720117569,
        "Neutral": 0.9216116666793823,
        "Mixed": 0.010578599758446217
    }
}
