{
    "Sentiment": "NEUTRAL",
    "SentimentScore": {
        "Positive": 0.1818341612815857,
        "Negative": 0.004149620421230793,
        "Neutral": 0.8049460053443909,
        "Mixed": 0.009070266969501972
    }
}
