{
    "Sentiment": "NEUTRAL",
    "SentimentScore": {
        "Positive": 0.004605794325470924,
        "Negative": 0.0011131154606118798,
        "Neutral": 0.9939990043640137,
        "Mixed": 0.0002820933295879513
    }
}
