{
    "Sentiment": "NEUTRAL",
    "SentimentScore": {
        "Positive": 0.002437091898173094,
        "Negative": 0.002834517741575837,
        "Neutral": 0.9942514896392822,
        "Mixed": 0.0004769601218868047
    }
}
