{
    "Sentiment": "NEUTRAL",
    "SentimentScore": {
        "Positive": 0.0030111640226095915,
        "Negative": 0.020906634628772736,
        "Neutral": 0.9738528728485107,
        "Mixed": 0.0022293636575341225
    }
}
