{
    "Sentiment": "NEUTRAL",
    "SentimentScore": {
        "Positive": 0.009113708510994911,
        "Negative": 0.22719162702560425,
        "Neutral": 0.7232621312141418,
        "Mixed": 0.04043256491422653
    }
}
