{
    "Sentiment": "NEUTRAL",
    "SentimentScore": {
        "Positive": 0.00778797036036849,
        "Negative": 0.11111558228731155,
        "Neutral": 0.858020544052124,
        "Mixed": 0.023075861856341362
    }
}
