{
    "Sentiment": "NEUTRAL",
    "SentimentScore": {
        "Positive": 0.0013377722352743149,
        "Negative": 0.03441077470779419,
        "Neutral": 0.9631676077842712,
        "Mixed": 0.0010839283932000399
    }
}
