{
    "Sentiment": "NEUTRAL",
    "SentimentScore": {
        "Positive": 0.005033918656408787,
        "Negative": 0.1354435831308365,
        "Neutral": 0.8494686484336853,
        "Mixed": 0.010053862817585468
    }
}
