{
    "Sentiment": "NEUTRAL",
    "SentimentScore": {
        "Positive": 0.005064673256129026,
        "Negative": 0.027529338374733925,
        "Neutral": 0.9636902809143066,
        "Mixed": 0.003715746570378542
    }
}
