{
    "Sentiment": "NEUTRAL",
    "SentimentScore": {
        "Positive": 0.012683486565947533,
        "Negative": 0.0036651722621172667,
        "Neutral": 0.9827588200569153,
        "Mixed": 0.0008925768197514117
    }
}
