{
    "Sentiment": "NEUTRAL",
    "SentimentScore": {
        "Positive": 0.004733103793114424,
        "Negative": 0.06998824328184128,
        "Neutral": 0.91946941614151,
        "Mixed": 0.005809296853840351
    }
}
