{
    "Sentiment": "NEUTRAL",
    "SentimentScore": {
        "Positive": 0.00473368214443326,
        "Negative": 0.000986631028354168,
        "Neutral": 0.9939996004104614,
        "Mixed": 0.000280120933894068
    }
}
