{
    "Sentiment": "NEUTRAL",
    "SentimentScore": {
        "Positive": 0.0024986641947180033,
        "Negative": 0.1219533160328865,
        "Neutral": 0.8695011734962463,
        "Mixed": 0.006046921014785767
    }
}
