{
    "Sentiment": "NEUTRAL",
    "SentimentScore": {
        "Positive": 0.04734515771269798,
        "Negative": 0.11590003967285156,
        "Neutral": 0.8229211568832397,
        "Mixed": 0.013833637349307537
    }
}
