{
    "Sentiment": "NEUTRAL",
    "SentimentScore": {
        "Positive": 0.0012595370644703507,
        "Negative": 0.1309165209531784,
        "Neutral": 0.8623864650726318,
        "Mixed": 0.005437540356069803
    }
}
