{
    "Sentiment": "NEUTRAL",
    "SentimentScore": {
        "Positive": 0.007824275642633438,
        "Negative": 0.003493162803351879,
        "Neutral": 0.9881520867347717,
        "Mixed": 0.0005304414080455899
    }
}
