{
    "Sentiment": "NEUTRAL",
    "SentimentScore": {
        "Positive": 0.03539850190281868,
        "Negative": 0.030839471146464348,
        "Neutral": 0.9255164265632629,
        "Mixed": 0.008245501667261124
    }
}
