{
    "Sentiment": "NEUTRAL",
    "SentimentScore": {
        "Positive": 0.28162267804145813,
        "Negative": 0.0016443559434264898,
        "Neutral": 0.7136499881744385,
        "Mixed": 0.003082997165620327
    }
}
