{
    "Sentiment": "NEUTRAL",
    "SentimentScore": {
        "Positive": 0.0070396969094872475,
        "Negative": 0.12161647528409958,
        "Neutral": 0.8617053031921387,
        "Mixed": 0.00963855441659689
    }
}
