{
    "Sentiment": "NEUTRAL",
    "SentimentScore": {
        "Positive": 0.006252473220229149,
        "Negative": 0.07078230381011963,
        "Neutral": 0.9202556610107422,
        "Mixed": 0.00270951259881258
    }
}
