{
    "Sentiment": "NEUTRAL",
    "SentimentScore": {
        "Positive": 0.029536424204707146,
        "Negative": 0.06542229652404785,
        "Neutral": 0.8754655122756958,
        "Mixed": 0.029575815424323082
    }
}
