{
    "Sentiment": "NEUTRAL",
    "SentimentScore": {
        "Positive": 0.00381479412317276,
        "Negative": 0.0035974381025880575,
        "Neutral": 0.9920538663864136,
        "Mixed": 0.0005339108756743371
    }
}
