{
    "Sentiment": "NEUTRAL",
    "SentimentScore": {
        "Positive": 0.00834850873798132,
        "Negative": 0.018680697306990623,
        "Neutral": 0.9654296040534973,
        "Mixed": 0.007541278377175331
    }
}
