{
    "Sentiment": "NEUTRAL",
    "SentimentScore": {
        "Positive": 0.06063706427812576,
        "Negative": 0.005583785008639097,
        "Neutral": 0.9318684339523315,
        "Mixed": 0.0019107245607301593
    }
}
