{
    "Sentiment": "NEUTRAL",
    "SentimentScore": {
        "Positive": 0.003795274067670107,
        "Negative": 0.05243675410747528,
        "Neutral": 0.9380503296852112,
        "Mixed": 0.005717664957046509
    }
}
