{
    "Sentiment": "NEUTRAL",
    "SentimentScore": {
        "Positive": 0.02522912435233593,
        "Negative": 0.05201666057109833,
        "Neutral": 0.9192591905593872,
        "Mixed": 0.0034949220716953278
    }
}
