{
    "Sentiment": "NEUTRAL",
    "SentimentScore": {
        "Positive": 0.030538756400346756,
        "Negative": 0.016743363812565804,
        "Neutral": 0.9484084248542786,
        "Mixed": 0.00430950615555048
    }
}
