{
    "Sentiment": "NEUTRAL",
    "SentimentScore": {
        "Positive": 0.10459625720977783,
        "Negative": 0.00877943355590105,
        "Neutral": 0.8835120797157288,
        "Mixed": 0.0031121401116251945
    }
}
