{
    "Sentiment": "NEUTRAL",
    "SentimentScore": {
        "Positive": 0.049462758004665375,
        "Negative": 0.0017009733710438013,
        "Neutral": 0.9476321935653687,
        "Mixed": 0.0012041564332321286
    }
}
