{
    "Sentiment": "NEUTRAL",
    "SentimentScore": {
        "Positive": 0.00350605184212327,
        "Negative": 0.007671330589801073,
        "Neutral": 0.9880412817001343,
        "Mixed": 0.0007812162511982024
    }
}
