{
    "Sentiment": "NEUTRAL",
    "SentimentScore": {
        "Positive": 0.23687997460365295,
        "Negative": 0.009837770834565163,
        "Neutral": 0.7422919273376465,
        "Mixed": 0.010990280658006668
    }
}
