{
    "Sentiment": "NEUTRAL",
    "SentimentScore": {
        "Positive": 0.01024325005710125,
        "Negative": 0.03193889558315277,
        "Neutral": 0.9552245140075684,
        "Mixed": 0.0025933138094842434
    }
}
