{
    "Sentiment": "NEUTRAL",
    "SentimentScore": {
        "Positive": 0.09331218898296356,
        "Negative": 0.015245155431330204,
        "Neutral": 0.8739758133888245,
        "Mixed": 0.017466751858592033
    }
}
