{
    "Sentiment": "NEUTRAL",
    "SentimentScore": {
        "Positive": 0.07178038358688354,
        "Negative": 0.004010216798633337,
        "Neutral": 0.9218078255653381,
        "Mixed": 0.0024015577509999275
    }
}
