{
    "Sentiment": "NEUTRAL",
    "SentimentScore": {
        "Positive": 0.037755440920591354,
        "Negative": 0.0982552021741867,
        "Neutral": 0.8325095772743225,
        "Mixed": 0.03147971257567406
    }
}
