{
    "Sentiment": "NEUTRAL",
    "SentimentScore": {
        "Positive": 0.005869799293577671,
        "Negative": 0.005781826097518206,
        "Neutral": 0.9876899719238281,
        "Mixed": 0.0006583948852494359
    }
}
