{
    "Sentiment": "NEUTRAL",
    "SentimentScore": {
        "Positive": 0.048455484211444855,
        "Negative": 0.026860186830163002,
        "Neutral": 0.9147342443466187,
        "Mixed": 0.009950152598321438
    }
}
