{
    "Sentiment": "NEUTRAL",
    "SentimentScore": {
        "Positive": 0.005292321089655161,
        "Negative": 0.010494297370314598,
        "Neutral": 0.9825066924095154,
        "Mixed": 0.0017065705033019185
    }
}
