{
    "Sentiment": "NEUTRAL",
    "SentimentScore": {
        "Positive": 0.008063048124313354,
        "Negative": 0.008771960623562336,
        "Neutral": 0.9818800687789917,
        "Mixed": 0.001285005477257073
    }
}
