{
    "Sentiment": "NEUTRAL",
    "SentimentScore": {
        "Positive": 0.03845151141285896,
        "Negative": 0.03325796499848366,
        "Neutral": 0.9247745871543884,
        "Mixed": 0.003515904303640127
    }
}
