{
    "Sentiment": "NEUTRAL",
    "SentimentScore": {
        "Positive": 0.04122582823038101,
        "Negative": 0.02789420634508133,
        "Neutral": 0.8999192118644714,
        "Mixed": 0.03096076287329197
    }
}
