{
    "Sentiment": "NEUTRAL",
    "SentimentScore": {
        "Positive": 0.0035902271047234535,
        "Negative": 0.013901029713451862,
        "Neutral": 0.980148434638977,
        "Mixed": 0.0023602964356541634
    }
}
