{
    "Sentiment": "NEUTRAL",
    "SentimentScore": {
        "Positive": 0.005280737299472094,
        "Negative": 0.02468097396194935,
        "Neutral": 0.9680526256561279,
        "Mixed": 0.0019856339786201715
    }
}
