{
    "Sentiment": "NEUTRAL",
    "SentimentScore": {
        "Positive": 0.1463102400302887,
        "Negative": 0.00811422523111105,
        "Neutral": 0.8202012777328491,
        "Mixed": 0.0253742765635252
    }
}
