{
    "Sentiment": "NEUTRAL",
    "SentimentScore": {
        "Positive": 0.01286894828081131,
        "Negative": 0.0960773155093193,
        "Neutral": 0.8821049332618713,
        "Mixed": 0.008948790840804577
    }
}
