{
    "Sentiment": "NEUTRAL",
    "SentimentScore": {
        "Positive": 0.0061397976242005825,
        "Negative": 0.014077296480536461,
        "Neutral": 0.97801673412323,
        "Mixed": 0.0017662190366536379
    }
}
