{
    "Sentiment": "NEUTRAL",
    "SentimentScore": {
        "Positive": 0.02813684567809105,
        "Negative": 0.011334152892231941,
        "Neutral": 0.9576015472412109,
        "Mixed": 0.002927347319200635
    }
}
