{
    "Sentiment": "NEUTRAL",
    "SentimentScore": {
        "Positive": 0.044037844985723495,
        "Negative": 0.06352614611387253,
        "Neutral": 0.8834528923034668,
        "Mixed": 0.00898310448974371
    }
}
