{
    "Sentiment": "NEUTRAL",
    "SentimentScore": {
        "Positive": 0.07910124212503433,
        "Negative": 0.004999861586838961,
        "Neutral": 0.9100255370140076,
        "Mixed": 0.005873425863683224
    }
}
