{
    "Sentiment": "NEUTRAL",
    "SentimentScore": {
        "Positive": 0.006061583291739225,
        "Negative": 0.029781868681311607,
        "Neutral": 0.9610527157783508,
        "Mixed": 0.003103818977251649
    }
}
