{
    "Sentiment": "NEUTRAL",
    "SentimentScore": {
        "Positive": 0.00570638058707118,
        "Negative": 0.16814830899238586,
        "Neutral": 0.8099480867385864,
        "Mixed": 0.0161972064524889
    }
}
