{
    "Sentiment": "NEUTRAL",
    "SentimentScore": {
        "Positive": 0.04216756299138069,
        "Negative": 0.016206758096814156,
        "Neutral": 0.9384468197822571,
        "Mixed": 0.003178840037435293
    }
}
