{
    "Sentiment": "NEUTRAL",
    "SentimentScore": {
        "Positive": 0.0021844450384378433,
        "Negative": 0.01569596864283085,
        "Neutral": 0.9807797074317932,
        "Mixed": 0.001339869573712349
    }
}
