{
    "Sentiment": "NEUTRAL",
    "SentimentScore": {
        "Positive": 0.021188143640756607,
        "Negative": 0.012839951552450657,
        "Neutral": 0.962379515171051,
        "Mixed": 0.0035923172254115343
    }
}
