{
    "Sentiment": "NEUTRAL",
    "SentimentScore": {
        "Positive": 0.25867387652397156,
        "Negative": 0.023317134007811546,
        "Neutral": 0.7076010704040527,
        "Mixed": 0.010407957248389721
    }
}
