{
    "Sentiment": "NEUTRAL",
    "SentimentScore": {
        "Positive": 0.006993598770350218,
        "Negative": 0.007510768249630928,
        "Neutral": 0.9843748211860657,
        "Mixed": 0.0011207833886146545
    }
}
