{
    "Sentiment": "NEUTRAL",
    "SentimentScore": {
        "Positive": 0.032145701348781586,
        "Negative": 0.03918848931789398,
        "Neutral": 0.8902709484100342,
        "Mixed": 0.038394853472709656
    }
}
