{
    "Sentiment": "NEUTRAL",
    "SentimentScore": {
        "Positive": 0.03535446524620056,
        "Negative": 0.018574994057416916,
        "Neutral": 0.9402231574058533,
        "Mixed": 0.005847389344125986
    }
}
