{
    "Sentiment": "NEUTRAL",
    "SentimentScore": {
        "Positive": 0.006485497113317251,
        "Negative": 0.017885109409689903,
        "Neutral": 0.9740862846374512,
        "Mixed": 0.001543149002827704
    }
}
