{
    "Sentiment": "NEUTRAL",
    "SentimentScore": {
        "Positive": 0.008547486737370491,
        "Negative": 0.06433170288801193,
        "Neutral": 0.922734797000885,
        "Mixed": 0.004385967273265123
    }
}
