{
    "Sentiment": "NEUTRAL",
    "SentimentScore": {
        "Positive": 0.005769012030214071,
        "Negative": 0.1664848029613495,
        "Neutral": 0.8186839818954468,
        "Mixed": 0.009062143042683601
    }
}
