{
    "Sentiment": "NEUTRAL",
    "SentimentScore": {
        "Positive": 0.004659649450331926,
        "Negative": 0.0016644870629534125,
        "Neutral": 0.993184506893158,
        "Mixed": 0.0004913462325930595
    }
}
