{
    "Sentiment": "NEUTRAL",
    "SentimentScore": {
        "Positive": 0.007719967048615217,
        "Negative": 0.0025504198856651783,
        "Neutral": 0.9892967343330383,
        "Mixed": 0.00043298976379446685
    }
}
