{
    "Sentiment": "NEUTRAL",
    "SentimentScore": {
        "Positive": 0.04564337059855461,
        "Negative": 0.0037029043305665255,
        "Neutral": 0.9484978318214417,
        "Mixed": 0.002155851572751999
    }
}
