{
    "Sentiment": "NEUTRAL",
    "SentimentScore": {
        "Positive": 0.13683724403381348,
        "Negative": 0.007329165004193783,
        "Neutral": 0.8488183617591858,
        "Mixed": 0.007015214301645756
    }
}
