{
    "Sentiment": "NEUTRAL",
    "SentimentScore": {
        "Positive": 0.04516909271478653,
        "Negative": 0.41038066148757935,
        "Neutral": 0.5100550651550293,
        "Mixed": 0.03439519181847572
    }
}
