{
    "Sentiment": "POSITIVE",
    "SentimentScore": {
        "Positive": 0.8831918835639954,
        "Negative": 0.009276493452489376,
        "Neutral": 0.09233728051185608,
        "Mixed": 0.015194243751466274
    }
}
