{
    "Sentiment": "NEUTRAL",
    "SentimentScore": {
        "Positive": 0.009893531911075115,
        "Negative": 0.022363126277923584,
        "Neutral": 0.9621715545654297,
        "Mixed": 0.0055717290379107
    }
}
