{
    "Sentiment": "NEUTRAL",
    "SentimentScore": {
        "Positive": 0.007234725635498762,
        "Negative": 0.002876942278817296,
        "Neutral": 0.9892900586128235,
        "Mixed": 0.0005982984439469874
    }
}
