{
    "Sentiment": "NEUTRAL",
    "SentimentScore": {
        "Positive": 0.018981998786330223,
        "Negative": 0.059387046843767166,
        "Neutral": 0.908897340297699,
        "Mixed": 0.012733621522784233
    }
}
