{
    "Sentiment": "NEUTRAL",
    "SentimentScore": {
        "Positive": 0.002756876405328512,
        "Negative": 0.012145171873271465,
        "Neutral": 0.9841085076332092,
        "Mixed": 0.0009894758695736527
    }
}
