{
    "Sentiment": "NEUTRAL",
    "SentimentScore": {
        "Positive": 0.0021386316511780024,
        "Negative": 0.0041448138654232025,
        "Neutral": 0.9932050704956055,
        "Mixed": 0.0005114577943459153
    }
}
