{
    "Sentiment": "NEUTRAL",
    "SentimentScore": {
        "Positive": 0.007626952137798071,
        "Negative": 0.07613564282655716,
        "Neutral": 0.9070027470588684,
        "Mixed": 0.00923464260995388
    }
}
