{
    "Sentiment": "NEUTRAL",
    "SentimentScore": {
        "Positive": 0.1256842017173767,
        "Negative": 0.015012555755674839,
        "Neutral": 0.8563932180404663,
        "Mixed": 0.0029099849052727222
    }
}
