{
    "Sentiment": "POSITIVE",
    "SentimentScore": {
        "Positive": 0.8439947962760925,
        "Negative": 0.013018954545259476,
        "Neutral": 0.09630090743303299,
        "Mixed": 0.04668525978922844
    }
}
