{
    "Sentiment": "NEGATIVE",
    "SentimentScore": {
        "Positive": 0.00527511490508914,
        "Negative": 0.7962429523468018,
        "Neutral": 0.17779335379600525,
        "Mixed": 0.020688537508249283
    }
}
