{
    "Sentiment": "NEGATIVE",
    "SentimentScore": {
        "Positive": 0.0034797415137290955,
        "Negative": 0.8425024151802063,
        "Neutral": 0.1298840045928955,
        "Mixed": 0.024133849889039993
    }
}
