{
    "Sentiment": "NEUTRAL",
    "SentimentScore": {
        "Positive": 0.003938403446227312,
        "Negative": 0.0007709706551395357,
        "Neutral": 0.9950529932975769,
        "Mixed": 0.00023769671679474413
    }
}
