{
    "Sentiment": "NEUTRAL",
    "SentimentScore": {
        "Positive": 0.00245134299620986,
        "Negative": 0.0271889790892601,
        "Neutral": 0.9684568047523499,
        "Mixed": 0.0019029784016311169
    }
}
