{
    "Sentiment": "NEUTRAL",
    "SentimentScore": {
        "Positive": 0.005396846681833267,
        "Negative": 0.012914805673062801,
        "Neutral": 0.9800739884376526,
        "Mixed": 0.0016143738757818937
    }
}
