{
    "Sentiment": "NEUTRAL",
    "SentimentScore": {
        "Positive": 0.015247084200382233,
        "Negative": 0.11725949496030807,
        "Neutral": 0.8418020009994507,
        "Mixed": 0.025691473856568336
    }
}
