{
    "Sentiment": "POSITIVE",
    "SentimentScore": {
        "Positive": 0.40151944756507874,
        "Negative": 0.1566726565361023,
        "Neutral": 0.15522845089435577,
        "Mixed": 0.2865794599056244
    }
}
