{
    "Sentiment": "NEUTRAL",
    "SentimentScore": {
        "Positive": 0.0021677943877875805,
        "Negative": 0.07631329447031021,
        "Neutral": 0.9168118834495544,
        "Mixed": 0.004707040265202522
    }
}
