{
    "Sentiment": "NEUTRAL",
    "SentimentScore": {
        "Positive": 0.0066755833104252815,
        "Negative": 0.013145793229341507,
        "Neutral": 0.9781313538551331,
        "Mixed": 0.0020472619216889143
    }
}
