{
    "Sentiment": "NEUTRAL",
    "SentimentScore": {
        "Positive": 0.04331813007593155,
        "Negative": 0.10164187103509903,
        "Neutral": 0.839648962020874,
        "Mixed": 0.0153910918161273
    }
}
