{
    "Sentiment": "NEUTRAL",
    "SentimentScore": {
        "Positive": 0.1011245921254158,
        "Negative": 0.04589904099702835,
        "Neutral": 0.8262883424758911,
        "Mixed": 0.026688026264309883
    }
}
