{
    "Sentiment": "NEUTRAL",
    "SentimentScore": {
        "Positive": 0.004429907537996769,
        "Negative": 0.06590224802494049,
        "Neutral": 0.9258803129196167,
        "Mixed": 0.003787598107010126
    }
}
