{
    "Sentiment": "POSITIVE",
    "SentimentScore": {
        "Positive": 0.6995207667350769,
        "Negative": 0.0022278379183262587,
        "Neutral": 0.2874775230884552,
        "Mixed": 0.010773875750601292
    }
}
