{
    "Sentiment": "NEUTRAL",
    "SentimentScore": {
        "Positive": 0.006502034142613411,
        "Negative": 0.002698297146707773,
        "Neutral": 0.9901506900787354,
        "Mixed": 0.0006489155348390341
    }
}
