{
    "Sentiment": "NEUTRAL",
    "SentimentScore": {
        "Positive": 0.15298745036125183,
        "Negative": 0.023285500705242157,
        "Neutral": 0.7586022019386292,
        "Mixed": 0.06512481719255447
    }
}
