{
    "Sentiment": "NEUTRAL",
    "SentimentScore": {
        "Positive": 0.008633586578071117,
        "Negative": 0.0036434149369597435,
        "Neutral": 0.9869617223739624,
        "Mixed": 0.0007613985217176378
    }
}
