{
    "Sentiment": "NEUTRAL",
    "SentimentScore": {
        "Positive": 0.1896556168794632,
        "Negative": 0.014861376956105232,
        "Neutral": 0.7794821858406067,
        "Mixed": 0.016000770032405853
    }
}
