{
    "Sentiment": "NEUTRAL",
    "SentimentScore": {
        "Positive": 0.004962637089192867,
        "Negative": 0.0022847254294902086,
        "Neutral": 0.9924262762069702,
        "Mixed": 0.00032639389974065125
    }
}
