{
    "Sentiment": "POSITIVE",
    "SentimentScore": {
        "Positive": 0.8260923027992249,
        "Negative": 0.0007765715126879513,
        "Neutral": 0.1684194803237915,
        "Mixed": 0.004711552988737822
    }
}
