{
    "Sentiment": "NEUTRAL",
    "SentimentScore": {
        "Positive": 0.023197686299681664,
        "Negative": 0.05631813406944275,
        "Neutral": 0.9118212461471558,
        "Mixed": 0.00866283755749464
    }
}
