{
    "Sentiment": "NEUTRAL",
    "SentimentScore": {
        "Positive": 0.0021950711961835623,
        "Negative": 0.003483312437310815,
        "Neutral": 0.9938201308250427,
        "Mixed": 0.0005015084752812982
    }
}
