{
    "Sentiment": "NEUTRAL",
    "SentimentScore": {
        "Positive": 0.003515258664265275,
        "Negative": 0.01832388900220394,
        "Neutral": 0.9763798117637634,
        "Mixed": 0.0017810352146625519
    }
}
