{
    "Sentiment": "NEUTRAL",
    "SentimentScore": {
        "Positive": 0.006713962648063898,
        "Negative": 0.011006063781678677,
        "Neutral": 0.9810649752616882,
        "Mixed": 0.001215046620927751
    }
}
