{
    "Sentiment": "NEUTRAL",
    "SentimentScore": {
        "Positive": 0.28549590706825256,
        "Negative": 0.025881493464112282,
        "Neutral": 0.6498944759368896,
        "Mixed": 0.038728147745132446
    }
}
