{
    "Sentiment": "NEUTRAL",
    "SentimentScore": {
        "Positive": 0.08878342062234879,
        "Negative": 0.04535679519176483,
        "Neutral": 0.8490647673606873,
        "Mixed": 0.016795000061392784
    }
}
