{
    "Sentiment": "NEUTRAL",
    "SentimentScore": {
        "Positive": 0.07997415214776993,
        "Negative": 0.09420494735240936,
        "Neutral": 0.7816572189331055,
        "Mixed": 0.04416372999548912
    }
}
