{
    "Sentiment": "NEUTRAL",
    "SentimentScore": {
        "Positive": 0.005967566277831793,
        "Negative": 0.02688046544790268,
        "Neutral": 0.9632298350334167,
        "Mixed": 0.003922159317880869
    }
}
