{
    "Sentiment": "POSITIVE",
    "SentimentScore": {
        "Positive": 0.5913284420967102,
        "Negative": 0.0008335683960467577,
        "Neutral": 0.4057600498199463,
        "Mixed": 0.002077984157949686
    }
}
