{
    "Sentiment": "NEUTRAL",
    "SentimentScore": {
        "Positive": 0.016073305159807205,
        "Negative": 0.11859165877103806,
        "Neutral": 0.8581250905990601,
        "Mixed": 0.007209985051304102
    }
}
