{
    "Sentiment": "NEUTRAL",
    "SentimentScore": {
        "Positive": 0.0031333542428910732,
        "Negative": 0.0021715580951422453,
        "Neutral": 0.9943004846572876,
        "Mixed": 0.0003946034121327102
    }
}
