{
    "Sentiment": "NEUTRAL",
    "SentimentScore": {
        "Positive": 0.006658155471086502,
        "Negative": 0.0028660057578235865,
        "Neutral": 0.9900171160697937,
        "Mixed": 0.0004587726143654436
    }
}
