{
    "Sentiment": "NEUTRAL",
    "SentimentScore": {
        "Positive": 0.02191767282783985,
        "Negative": 0.2622000575065613,
        "Neutral": 0.6974608898162842,
        "Mixed": 0.018421467393636703
    }
}
