{
    "Sentiment": "NEUTRAL",
    "SentimentScore": {
        "Positive": 0.04672110825777054,
        "Negative": 0.0029614618979394436,
        "Neutral": 0.9476488828659058,
        "Mixed": 0.0026685395278036594
    }
}
