{
    "Sentiment": "NEUTRAL",
    "SentimentScore": {
        "Positive": 0.004346017260104418,
        "Negative": 0.049737900495529175,
        "Neutral": 0.9429784417152405,
        "Mixed": 0.002937675453722477
    }
}
