{
    "Sentiment": "NEUTRAL",
    "SentimentScore": {
        "Positive": 0.0014193120878189802,
        "Negative": 0.016883336007595062,
        "Neutral": 0.9807704091072083,
        "Mixed": 0.0009269166621379554
    }
}
