{
    "Sentiment": "NEUTRAL",
    "SentimentScore": {
        "Positive": 0.013579463586211205,
        "Negative": 0.06623215228319168,
        "Neutral": 0.9057060480117798,
        "Mixed": 0.01448227372020483
    }
}
