{
    "Sentiment": "NEUTRAL",
    "SentimentScore": {
        "Positive": 0.04777342453598976,
        "Negative": 0.03838728368282318,
        "Neutral": 0.9095662832260132,
        "Mixed": 0.004272949881851673
    }
}
