{
    "Sentiment": "NEUTRAL",
    "SentimentScore": {
        "Positive": 0.0033811694011092186,
        "Negative": 0.011184466071426868,
        "Neutral": 0.9830886721611023,
        "Mixed": 0.0023457312490791082
    }
}
