{
    "Sentiment": "NEUTRAL",
    "SentimentScore": {
        "Positive": 0.15644098818302155,
        "Negative": 0.1929076611995697,
        "Neutral": 0.5484843254089355,
        "Mixed": 0.10216701030731201
    }
}
