{
    "Sentiment": "NEUTRAL",
    "SentimentScore": {
        "Positive": 0.0017590742791071534,
        "Negative": 0.013354607857763767,
        "Neutral": 0.9836775064468384,
        "Mixed": 0.0012088072253391147
    }
}
