{
    "Sentiment": "NEUTRAL",
    "SentimentScore": {
        "Positive": 0.07081626355648041,
        "Negative": 0.008043011650443077,
        "Neutral": 0.9156209826469421,
        "Mixed": 0.005519718397408724
    }
}
