{
    "Sentiment": "NEUTRAL",
    "SentimentScore": {
        "Positive": 0.0021402682177722454,
        "Negative": 0.008310094475746155,
        "Neutral": 0.9886029958724976,
        "Mixed": 0.0009465879411436617
    }
}
