{
    "Sentiment": "NEUTRAL",
    "SentimentScore": {
        "Positive": 0.13079360127449036,
        "Negative": 0.00849051121622324,
        "Neutral": 0.8576052784919739,
        "Mixed": 0.0031106099486351013
    }
}
