{
    "Sentiment": "NEUTRAL",
    "SentimentScore": {
        "Positive": 0.006605090107768774,
        "Negative": 0.13513422012329102,
        "Neutral": 0.8459956049919128,
        "Mixed": 0.012265126220881939
    }
}
