{
    "Sentiment": "NEUTRAL",
    "SentimentScore": {
        "Positive": 0.029668791219592094,
        "Negative": 0.013472856022417545,
        "Neutral": 0.9528077244758606,
        "Mixed": 0.004050654824823141
    }
}
