{
    "Sentiment": "NEUTRAL",
    "SentimentScore": {
        "Positive": 0.012852146290242672,
        "Negative": 0.015859918668866158,
        "Neutral": 0.9629173874855042,
        "Mixed": 0.008370479568839073
    }
}
