{
    "Sentiment": "NEUTRAL",
    "SentimentScore": {
        "Positive": 0.020699432119727135,
        "Negative": 0.023749161511659622,
        "Neutral": 0.9494194388389587,
        "Mixed": 0.006131914909929037
    }
}
