{
    "Sentiment": "NEUTRAL",
    "SentimentScore": {
        "Positive": 0.018413588404655457,
        "Negative": 0.02957761473953724,
        "Neutral": 0.9472842216491699,
        "Mixed": 0.004724603146314621
    }
}
