{
    "Sentiment": "POSITIVE",
    "SentimentScore": {
        "Positive": 0.6439720988273621,
        "Negative": 0.007812450174242258,
        "Neutral": 0.34109532833099365,
        "Mixed": 0.007120073307305574
    }
}
