{
    "Sentiment": "POSITIVE",
    "SentimentScore": {
        "Positive": 0.8988657593727112,
        "Negative": 0.00040316148079000413,
        "Neutral": 0.09859491139650345,
        "Mixed": 0.0021361580584198236
    }
}
