{
    "Sentiment": "NEUTRAL",
    "SentimentScore": {
        "Positive": 0.003275583265349269,
        "Negative": 0.0013667528983205557,
        "Neutral": 0.9949310421943665,
        "Mixed": 0.000426583515945822
    }
}
