{
    "Sentiment": "NEUTRAL",
    "SentimentScore": {
        "Positive": 0.011498047970235348,
        "Negative": 0.04462960734963417,
        "Neutral": 0.9406556487083435,
        "Mixed": 0.003216727403923869
    }
}
