{
    "Sentiment": "NEUTRAL",
    "SentimentScore": {
        "Positive": 0.030810941010713577,
        "Negative": 0.2767775356769562,
        "Neutral": 0.6778246164321899,
        "Mixed": 0.014586949720978737
    }
}
