{
    "Sentiment": "NEUTRAL",
    "SentimentScore": {
        "Positive": 0.02637203224003315,
        "Negative": 0.2089962661266327,
        "Neutral": 0.7486487627029419,
        "Mixed": 0.0159829743206501
    }
}
