{
    "Sentiment": "NEUTRAL",
    "SentimentScore": {
        "Positive": 0.006672922521829605,
        "Negative": 0.025508621707558632,
        "Neutral": 0.9666301608085632,
        "Mixed": 0.001188240246847272
    }
}
