{
    "Sentiment": "NEUTRAL",
    "SentimentScore": {
        "Positive": 0.1126791462302208,
        "Negative": 0.02071511000394821,
        "Neutral": 0.8567145466804504,
        "Mixed": 0.009891103021800518
    }
}
