{
    "Sentiment": "NEUTRAL",
    "SentimentScore": {
        "Positive": 0.14419788122177124,
        "Negative": 0.06536500155925751,
        "Neutral": 0.780410885810852,
        "Mixed": 0.010026142001152039
    }
}
