{
    "Sentiment": "NEUTRAL",
    "SentimentScore": {
        "Positive": 0.01960047520697117,
        "Negative": 0.0018057278357446194,
        "Neutral": 0.9772976636886597,
        "Mixed": 0.001296110451221466
    }
}
