{
    "Sentiment": "NEUTRAL",
    "SentimentScore": {
        "Positive": 0.0034811580553650856,
        "Negative": 0.0408952571451664,
        "Neutral": 0.9503533840179443,
        "Mixed": 0.00527019239962101
    }
}
