{
    "Sentiment": "NEUTRAL",
    "SentimentScore": {
        "Positive": 0.005006479565054178,
        "Negative": 0.021062210202217102,
        "Neutral": 0.9706661105155945,
        "Mixed": 0.003265141975134611
    }
}
