{
    "Sentiment": "NEUTRAL",
    "SentimentScore": {
        "Positive": 0.014468411915004253,
        "Negative": 0.013302372768521309,
        "Neutral": 0.9681172370910645,
        "Mixed": 0.004112057853490114
    }
}
