{
    "Sentiment": "NEUTRAL",
    "SentimentScore": {
        "Positive": 0.005367159377783537,
        "Negative": 0.0032676951959729195,
        "Neutral": 0.9908842444419861,
        "Mixed": 0.00048083177534863353
    }
}
