{
    "Sentiment": "NEUTRAL",
    "SentimentScore": {
        "Positive": 0.028263378888368607,
        "Negative": 0.031164035201072693,
        "Neutral": 0.9382750988006592,
        "Mixed": 0.002297577215358615
    }
}
