{
    "Sentiment": "NEUTRAL",
    "SentimentScore": {
        "Positive": 0.004370588809251785,
        "Negative": 0.023112405091524124,
        "Neutral": 0.9707484245300293,
        "Mixed": 0.0017686330247670412
    }
}
