{
    "Sentiment": "NEUTRAL",
    "SentimentScore": {
        "Positive": 0.03612859547138214,
        "Negative": 0.0506722591817379,
        "Neutral": 0.9053585529327393,
        "Mixed": 0.007840613834559917
    }
}
