{
    "Sentiment": "NEUTRAL",
    "SentimentScore": {
        "Positive": 0.018232842907309532,
        "Negative": 0.22860315442085266,
        "Neutral": 0.7143542766571045,
        "Mixed": 0.03880971297621727
    }
}
