{
    "Sentiment": "NEUTRAL",
    "SentimentScore": {
        "Positive": 0.062383804470300674,
        "Negative": 0.024121681228280067,
        "Neutral": 0.9102670550346375,
        "Mixed": 0.0032274306286126375
    }
}
