{
    "Sentiment": "NEUTRAL",
    "SentimentScore": {
        "Positive": 0.05803307145833969,
        "Negative": 0.2966897487640381,
        "Neutral": 0.6251311302185059,
        "Mixed": 0.020146040245890617
    }
}
