{
    "Sentiment": "NEGATIVE",
    "SentimentScore": {
        "Positive": 0.004908051807433367,
        "Negative": 0.7266325354576111,
        "Neutral": 0.2415216565132141,
        "Mixed": 0.026937756687402725
    }
}
