{
    "Sentiment": "NEUTRAL",
    "SentimentScore": {
        "Positive": 0.008428128436207771,
        "Negative": 0.04612372815608978,
        "Neutral": 0.9387295246124268,
        "Mixed": 0.006718656979501247
    }
}
