{
    "Sentiment": "NEUTRAL",
    "SentimentScore": {
        "Positive": 0.3416280746459961,
        "Negative": 0.0035738367587327957,
        "Neutral": 0.6476615071296692,
        "Mixed": 0.007136567961424589
    }
}
