{
    "Sentiment": "NEUTRAL",
    "SentimentScore": {
        "Positive": 0.07780469208955765,
        "Negative": 0.00802772305905819,
        "Neutral": 0.9091217517852783,
        "Mixed": 0.005045820493251085
    }
}
