{
    "Sentiment": "POSITIVE",
    "SentimentScore": {
        "Positive": 0.4930320382118225,
        "Negative": 0.007684921380132437,
        "Neutral": 0.4793623983860016,
        "Mixed": 0.019920589402318
    }
}
