{
    "Sentiment": "NEUTRAL",
    "SentimentScore": {
        "Positive": 0.0703086405992508,
        "Negative": 0.03780908137559891,
        "Neutral": 0.8785681128501892,
        "Mixed": 0.013314169831573963
    }
}
