{
    "Sentiment": "NEUTRAL",
    "SentimentScore": {
        "Positive": 0.009222952648997307,
        "Negative": 0.05109523981809616,
        "Neutral": 0.9339144229888916,
        "Mixed": 0.005767413415014744
    }
}
