{
    "Sentiment": "POSITIVE",
    "SentimentScore": {
        "Positive": 0.7773225903511047,
        "Negative": 0.001082691247574985,
        "Neutral": 0.21823996305465698,
        "Mixed": 0.0033547249622642994
    }
}
