{
    "Sentiment": "NEUTRAL",
    "SentimentScore": {
        "Positive": 0.02717440016567707,
        "Negative": 0.0063770064152777195,
        "Neutral": 0.9641646146774292,
        "Mixed": 0.0022840388119220734
    }
}
