{
    "Sentiment": "NEUTRAL",
    "SentimentScore": {
        "Positive": 0.0022102773655205965,
        "Negative": 0.02009591832756996,
        "Neutral": 0.97504723072052,
        "Mixed": 0.002646489767357707
    }
}
