{
    "Sentiment": "NEUTRAL",
    "SentimentScore": {
        "Positive": 0.0010813323315232992,
        "Negative": 0.005681245122104883,
        "Neutral": 0.9927790760993958,
        "Mixed": 0.000458322319900617
    }
}
