{
    "Sentiment": "NEUTRAL",
    "SentimentScore": {
        "Positive": 0.012229964137077332,
        "Negative": 0.022934988141059875,
        "Neutral": 0.9607753157615662,
        "Mixed": 0.004059733357280493
    }
}
