{
    "Sentiment": "NEUTRAL",
    "SentimentScore": {
        "Positive": 0.04957319051027298,
        "Negative": 0.015018848702311516,
        "Neutral": 0.9215918183326721,
        "Mixed": 0.013816218823194504
    }
}
