{
    "Sentiment": "NEUTRAL",
    "SentimentScore": {
        "Positive": 0.0021489036735147238,
        "Negative": 0.002512555569410324,
        "Neutral": 0.9949772953987122,
        "Mixed": 0.00036111922236159444
    }
}
