{
    "Sentiment": "NEUTRAL",
    "SentimentScore": {
        "Positive": 0.003055394161492586,
        "Negative": 0.03339691832661629,
        "Neutral": 0.9623650312423706,
        "Mixed": 0.0011826509144157171
    }
}
