{
    "Sentiment": "NEUTRAL",
    "SentimentScore": {
        "Positive": 0.03544188290834427,
        "Negative": 0.0010024980874732137,
        "Neutral": 0.9627354741096497,
        "Mixed": 0.0008201376185752451
    }
}
