{
    "Sentiment": "NEUTRAL",
    "SentimentScore": {
        "Positive": 0.06411270052194595,
        "Negative": 0.008072991855442524,
        "Neutral": 0.9252749085426331,
        "Mixed": 0.0025393750984221697
    }
}
