{
    "Sentiment": "NEUTRAL",
    "SentimentScore": {
        "Positive": 0.03526657447218895,
        "Negative": 0.17578063905239105,
        "Neutral": 0.7684795260429382,
        "Mixed": 0.020473266020417213
    }
}
