{
    "Sentiment": "NEUTRAL",
    "SentimentScore": {
        "Positive": 0.009552771225571632,
        "Negative": 0.09158240258693695,
        "Neutral": 0.8959606289863586,
        "Mixed": 0.0029041541274636984
    }
}
