{
    "Sentiment": "NEUTRAL",
    "SentimentScore": {
        "Positive": 0.000990509637631476,
        "Negative": 0.019607534632086754,
        "Neutral": 0.9786054491996765,
        "Mixed": 0.0007965696859173477
    }
}
