{
    "Sentiment": "NEUTRAL",
    "SentimentScore": {
        "Positive": 0.0014423651155084372,
        "Negative": 0.06653288751840591,
        "Neutral": 0.9296380877494812,
        "Mixed": 0.002386672655120492
    }
}
