{
    "Sentiment": "NEUTRAL",
    "SentimentScore": {
        "Positive": 0.03247293457388878,
        "Negative": 0.017867930233478546,
        "Neutral": 0.9417313933372498,
        "Mixed": 0.007927835918962955
    }
}
