{
    "Sentiment": "NEUTRAL",
    "SentimentScore": {
        "Positive": 0.32530477643013,
        "Negative": 0.0071880207397043705,
        "Neutral": 0.6637048125267029,
        "Mixed": 0.0038024047389626503
    }
}
