{
    "Sentiment": "NEUTRAL",
    "SentimentScore": {
        "Positive": 0.003884512698277831,
        "Negative": 0.005441556219011545,
        "Neutral": 0.9896650910377502,
        "Mixed": 0.0010087908012792468
    }
}
