{
    "Sentiment": "NEUTRAL",
    "SentimentScore": {
        "Positive": 0.026181112974882126,
        "Negative": 0.01201564259827137,
        "Neutral": 0.9600329995155334,
        "Mixed": 0.0017702769255265594
    }
}
