{
    "Sentiment": "NEUTRAL",
    "SentimentScore": {
        "Positive": 0.18980510532855988,
        "Negative": 0.18740026652812958,
        "Neutral": 0.5863767266273499,
        "Mixed": 0.036417942494153976
    }
}
