{
    "Sentiment": "NEUTRAL",
    "SentimentScore": {
        "Positive": 0.0019531911239027977,
        "Negative": 0.006160050630569458,
        "Neutral": 0.9915292263031006,
        "Mixed": 0.00035760688479058444
    }
}
