{
    "Sentiment": "NEUTRAL",
    "SentimentScore": {
        "Positive": 0.12516355514526367,
        "Negative": 0.011357809416949749,
        "Neutral": 0.855007529258728,
        "Mixed": 0.008471095003187656
    }
}
