{
    "Sentiment": "NEUTRAL",
    "SentimentScore": {
        "Positive": 0.039605218917131424,
        "Negative": 0.31668058037757874,
        "Neutral": 0.6128057837486267,
        "Mixed": 0.030908364802598953
    }
}
