{
    "Sentiment": "NEUTRAL",
    "SentimentScore": {
        "Positive": 0.004571759141981602,
        "Negative": 0.0029569913167506456,
        "Neutral": 0.9920179843902588,
        "Mixed": 0.0004532397142611444
    }
}
