{
    "Sentiment": "NEUTRAL",
    "SentimentScore": {
        "Positive": 0.022406000643968582,
        "Negative": 0.05458572134375572,
        "Neutral": 0.9173870086669922,
        "Mixed": 0.005621254909783602
    }
}
