{
    "Sentiment": "POSITIVE",
    "SentimentScore": {
        "Positive": 0.5909226536750793,
        "Negative": 0.01034620963037014,
        "Neutral": 0.34033602476119995,
        "Mixed": 0.05839507281780243
    }
}
