{
    "Sentiment": "NEUTRAL",
    "SentimentScore": {
        "Positive": 0.4727807939052582,
        "Negative": 0.002965944819152355,
        "Neutral": 0.5175589323043823,
        "Mixed": 0.006694309413433075
    }
}
