{
    "Sentiment": "NEUTRAL",
    "SentimentScore": {
        "Positive": 0.04115038365125656,
        "Negative": 0.008307969197630882,
        "Neutral": 0.9438524842262268,
        "Mixed": 0.006689230911433697
    }
}
