{
    "Sentiment": "NEUTRAL",
    "SentimentScore": {
        "Positive": 0.037441253662109375,
        "Negative": 0.0009991168044507504,
        "Neutral": 0.9605815410614014,
        "Mixed": 0.0009780691470950842
    }
}
