{
    "Sentiment": "NEUTRAL",
    "SentimentScore": {
        "Positive": 0.023703744634985924,
        "Negative": 0.0015200691996142268,
        "Neutral": 0.9741621613502502,
        "Mixed": 0.0006139877950772643
    }
}
