{
    "Sentiment": "NEUTRAL",
    "SentimentScore": {
        "Positive": 0.03327156603336334,
        "Negative": 0.016980109736323357,
        "Neutral": 0.9460927248001099,
        "Mixed": 0.0036555773112922907
    }
}
