{
    "Sentiment": "NEUTRAL",
    "SentimentScore": {
        "Positive": 0.11655714362859726,
        "Negative": 0.023317892104387283,
        "Neutral": 0.850852906703949,
        "Mixed": 0.009272104129195213
    }
}
