{
    "Sentiment": "NEUTRAL",
    "SentimentScore": {
        "Positive": 0.007459394168108702,
        "Negative": 0.12892423570156097,
        "Neutral": 0.8497191071510315,
        "Mixed": 0.013897274620831013
    }
}
