{
    "Sentiment": "NEUTRAL",
    "SentimentScore": {
        "Positive": 0.07623066008090973,
        "Negative": 0.1132693663239479,
        "Neutral": 0.7990928292274475,
        "Mixed": 0.011407130397856236
    }
}
