{
    "Sentiment": "NEUTRAL",
    "SentimentScore": {
        "Positive": 0.003461145330220461,
        "Negative": 0.03315555304288864,
        "Neutral": 0.960541307926178,
        "Mixed": 0.0028419794980436563
    }
}
