{
    "Sentiment": "NEUTRAL",
    "SentimentScore": {
        "Positive": 0.022441232576966286,
        "Negative": 0.04483908414840698,
        "Neutral": 0.9203445911407471,
        "Mixed": 0.01237500924617052
    }
}
