{
    "Sentiment": "NEUTRAL",
    "SentimentScore": {
        "Positive": 0.017830418422818184,
        "Negative": 0.014588475227355957,
        "Neutral": 0.96085125207901,
        "Mixed": 0.006729787681251764
    }
}
