{
    "Sentiment": "NEUTRAL",
    "SentimentScore": {
        "Positive": 0.014652665704488754,
        "Negative": 0.01298284251242876,
        "Neutral": 0.9667901396751404,
        "Mixed": 0.005574289709329605
    }
}
