{
    "Sentiment": "NEUTRAL",
    "SentimentScore": {
        "Positive": 0.09003853052854538,
        "Negative": 0.0014713620766997337,
        "Neutral": 0.9062548279762268,
        "Mixed": 0.002235334599390626
    }
}
