{
    "Sentiment": "NEUTRAL",
    "SentimentScore": {
        "Positive": 0.02349153161048889,
        "Negative": 0.04565124213695526,
        "Neutral": 0.9279220104217529,
        "Mixed": 0.0029352500569075346
    }
}
