{
    "Sentiment": "POSITIVE",
    "SentimentScore": {
        "Positive": 0.8334352970123291,
        "Negative": 0.0018731318414211273,
        "Neutral": 0.16183173656463623,
        "Mixed": 0.0028598851058632135
    }
}
