{
    "Sentiment": "NEUTRAL",
    "SentimentScore": {
        "Positive": 0.019350377842783928,
        "Negative": 0.004399377387017012,
        "Neutral": 0.9742534756660461,
        "Mixed": 0.001996824983507395
    }
}
