{
    "Sentiment": "NEUTRAL",
    "SentimentScore": {
        "Positive": 0.009420174174010754,
        "Negative": 0.02157585136592388,
        "Neutral": 0.9652668237686157,
        "Mixed": 0.003737108316272497
    }
}
