{
    "Sentiment": "NEUTRAL",
    "SentimentScore": {
        "Positive": 0.001651714788749814,
        "Negative": 0.004002103116363287,
        "Neutral": 0.9937897324562073,
        "Mixed": 0.000556458136998117
    }
}
