{
    "Sentiment": "NEUTRAL",
    "SentimentScore": {
        "Positive": 0.0968981683254242,
        "Negative": 0.09430663287639618,
        "Neutral": 0.7951539754867554,
        "Mixed": 0.013641225174069405
    }
}
