{
    "Sentiment": "NEUTRAL",
    "SentimentScore": {
        "Positive": 0.34781143069267273,
        "Negative": 0.048891499638557434,
        "Neutral": 0.5620579123497009,
        "Mixed": 0.041239164769649506
    }
}
