{
    "Sentiment": "NEUTRAL",
    "SentimentScore": {
        "Positive": 0.010311313904821873,
        "Negative": 0.01624429039657116,
        "Neutral": 0.9708626866340637,
        "Mixed": 0.002581689739599824
    }
}
