{
    "Sentiment": "NEUTRAL",
    "SentimentScore": {
        "Positive": 0.008251276798546314,
        "Negative": 0.016380511224269867,
        "Neutral": 0.9707205891609192,
        "Mixed": 0.004647673107683659
    }
}
