{
    "Sentiment": "NEUTRAL",
    "SentimentScore": {
        "Positive": 0.004817890468984842,
        "Negative": 0.005583790130913258,
        "Neutral": 0.9890819787979126,
        "Mixed": 0.0005162826855666935
    }
}
