{
    "Sentiment": "NEUTRAL",
    "SentimentScore": {
        "Positive": 0.051872458308935165,
        "Negative": 0.004570313263684511,
        "Neutral": 0.9398096799850464,
        "Mixed": 0.003747535403817892
    }
}
