{
    "Sentiment": "NEUTRAL",
    "SentimentScore": {
        "Positive": 0.004902735352516174,
        "Negative": 0.01723610609769821,
        "Neutral": 0.9764356017112732,
        "Mixed": 0.0014255871064960957
    }
}
