{
    "Sentiment": "NEUTRAL",
    "SentimentScore": {
        "Positive": 0.009271140210330486,
        "Negative": 0.0379876084625721,
        "Neutral": 0.9493796825408936,
        "Mixed": 0.003361566923558712
    }
}
