{
    "Sentiment": "NEUTRAL",
    "SentimentScore": {
        "Positive": 0.0025827749632298946,
        "Negative": 0.12606997787952423,
        "Neutral": 0.8640222549438477,
        "Mixed": 0.007324963342398405
    }
}
