{
    "Sentiment": "NEUTRAL",
    "SentimentScore": {
        "Positive": 0.026302294805645943,
        "Negative": 0.0030589597299695015,
        "Neutral": 0.9690383076667786,
        "Mixed": 0.0016003402415663004
    }
}
