{
    "Sentiment": "NEUTRAL",
    "SentimentScore": {
        "Positive": 0.030595896765589714,
        "Negative": 0.0009757055668160319,
        "Neutral": 0.9673821926116943,
        "Mixed": 0.0010462163481861353
    }
}
