{
    "Sentiment": "NEUTRAL",
    "SentimentScore": {
        "Positive": 0.006589844357222319,
        "Negative": 0.011296393349766731,
        "Neutral": 0.9811089634895325,
        "Mixed": 0.0010047281393781304
    }
}
