{
    "Sentiment": "NEUTRAL",
    "SentimentScore": {
        "Positive": 0.004854983650147915,
        "Negative": 0.08550604432821274,
        "Neutral": 0.902225911617279,
        "Mixed": 0.007412994280457497
    }
}
