{
    "Sentiment": "POSITIVE",
    "SentimentScore": {
        "Positive": 0.5158041715621948,
        "Negative": 0.002336618723347783,
        "Neutral": 0.4772774875164032,
        "Mixed": 0.004581732209771872
    }
}
