{
    "Sentiment": "NEUTRAL",
    "SentimentScore": {
        "Positive": 0.0018032013904303312,
        "Negative": 0.1258312314748764,
        "Neutral": 0.8694133758544922,
        "Mixed": 0.0029521342366933823
    }
}
