{
    "Sentiment": "NEUTRAL",
    "SentimentScore": {
        "Positive": 0.018621452152729034,
        "Negative": 0.003406604751944542,
        "Neutral": 0.9769842028617859,
        "Mixed": 0.0009877188131213188
    }
}
