{
    "Sentiment": "NEUTRAL",
    "SentimentScore": {
        "Positive": 0.006658978294581175,
        "Negative": 0.019096067175269127,
        "Neutral": 0.9717637896537781,
        "Mixed": 0.00248111505061388
    }
}
