{
    "Sentiment": "NEUTRAL",
    "SentimentScore": {
        "Positive": 0.013377309776842594,
        "Negative": 0.00352854304946959,
        "Neutral": 0.981848955154419,
        "Mixed": 0.0012452761875465512
    }
}
