{
    "Sentiment": "NEUTRAL",
    "SentimentScore": {
        "Positive": 0.0676189512014389,
        "Negative": 0.06514161825180054,
        "Neutral": 0.8493316173553467,
        "Mixed": 0.01790790632367134
    }
}
