{
    "Sentiment": "NEUTRAL",
    "SentimentScore": {
        "Positive": 0.039738986641168594,
        "Negative": 0.1903780847787857,
        "Neutral": 0.7407625317573547,
        "Mixed": 0.029120387509465218
    }
}
