{
    "Sentiment": "NEUTRAL",
    "SentimentScore": {
        "Positive": 0.04398326203227043,
        "Negative": 0.004506893455982208,
        "Neutral": 0.9488496780395508,
        "Mixed": 0.0026601185090839863
    }
}
