{
    "Sentiment": "NEUTRAL",
    "SentimentScore": {
        "Positive": 0.008648555725812912,
        "Negative": 0.061559148132801056,
        "Neutral": 0.9129826426506042,
        "Mixed": 0.0168096162378788
    }
}
