{
    "Sentiment": "NEUTRAL",
    "SentimentScore": {
        "Positive": 0.006755895912647247,
        "Negative": 0.0011946691665798426,
        "Neutral": 0.9916262626647949,
        "Mixed": 0.0004231795610394329
    }
}
