{
    "Sentiment": "NEUTRAL",
    "SentimentScore": {
        "Positive": 0.056861426681280136,
        "Negative": 0.0051864623092114925,
        "Neutral": 0.9332295060157776,
        "Mixed": 0.004722503945231438
    }
}
