{
    "Sentiment": "NEUTRAL",
    "SentimentScore": {
        "Positive": 0.0037252886686474085,
        "Negative": 0.017833394929766655,
        "Neutral": 0.9773498177528381,
        "Mixed": 0.0010915572056546807
    }
}
