{
    "Sentiment": "NEUTRAL",
    "SentimentScore": {
        "Positive": 0.13870252668857574,
        "Negative": 0.060583144426345825,
        "Neutral": 0.755914032459259,
        "Mixed": 0.04480022192001343
    }
}
