{
    "Sentiment": "NEUTRAL",
    "SentimentScore": {
        "Positive": 0.02189783938229084,
        "Negative": 0.04030464589595795,
        "Neutral": 0.9282719492912292,
        "Mixed": 0.009525608271360397
    }
}
