{
    "Sentiment": "NEUTRAL",
    "SentimentScore": {
        "Positive": 0.020302889868617058,
        "Negative": 0.0022632479667663574,
        "Neutral": 0.9765197038650513,
        "Mixed": 0.0009142194758169353
    }
}
