{
    "Sentiment": "NEUTRAL",
    "SentimentScore": {
        "Positive": 0.008449866436421871,
        "Negative": 0.016785088926553726,
        "Neutral": 0.9716827273368835,
        "Mixed": 0.0030822944827377796
    }
}
