{
    "Sentiment": "NEUTRAL",
    "SentimentScore": {
        "Positive": 0.1330295205116272,
        "Negative": 0.058578476309776306,
        "Neutral": 0.7906115055084229,
        "Mixed": 0.017780449241399765
    }
}
