{
    "Sentiment": "NEUTRAL",
    "SentimentScore": {
        "Positive": 0.006555275525897741,
        "Negative": 0.010392170399427414,
        "Neutral": 0.9817982316017151,
        "Mixed": 0.0012543690390884876
    }
}
