{
    "Sentiment": "NEUTRAL",
    "SentimentScore": {
        "Positive": 0.050715845078229904,
        "Negative": 0.04055735468864441,
        "Neutral": 0.9029024839401245,
        "Mixed": 0.005824347026646137
    }
}
