{
    "Sentiment": "NEUTRAL",
    "SentimentScore": {
        "Positive": 0.006720188073813915,
        "Negative": 0.01886710152029991,
        "Neutral": 0.9728617072105408,
        "Mixed": 0.0015510010998696089
    }
}
