{
    "Sentiment": "NEUTRAL",
    "SentimentScore": {
        "Positive": 0.09556826204061508,
        "Negative": 0.2240700125694275,
        "Neutral": 0.6425052881240845,
        "Mixed": 0.03785645589232445
    }
}
