{
    "Sentiment": "NEUTRAL",
    "SentimentScore": {
        "Positive": 0.06068380922079086,
        "Negative": 0.06950188428163528,
        "Neutral": 0.8619781732559204,
        "Mixed": 0.007836190983653069
    }
}
