{
    "Sentiment": "NEUTRAL",
    "SentimentScore": {
        "Positive": 0.02253345400094986,
        "Negative": 0.06417497992515564,
        "Neutral": 0.897702693939209,
        "Mixed": 0.015588951297104359
    }
}
