{
    "Sentiment": "NEUTRAL",
    "SentimentScore": {
        "Positive": 0.005325102712959051,
        "Negative": 0.004742490593343973,
        "Neutral": 0.9890224933624268,
        "Mixed": 0.0009099296294152737
    }
}
