{
    "Sentiment": "NEUTRAL",
    "SentimentScore": {
        "Positive": 0.15936478972434998,
        "Negative": 0.0033751092851161957,
        "Neutral": 0.8352855443954468,
        "Mixed": 0.00197450234554708
    }
}
