{
    "Sentiment": "NEUTRAL",
    "SentimentScore": {
        "Positive": 0.05532846227288246,
        "Negative": 0.0018961727619171143,
        "Neutral": 0.9414775371551514,
        "Mixed": 0.0012978622689843178
    }
}
