{
    "Sentiment": "NEUTRAL",
    "SentimentScore": {
        "Positive": 0.02756558544933796,
        "Negative": 0.015580156818032265,
        "Neutral": 0.9553200602531433,
        "Mixed": 0.001534261624328792
    }
}
