{
    "Sentiment": "NEUTRAL",
    "SentimentScore": {
        "Positive": 0.004355925600975752,
        "Negative": 0.002719002543017268,
        "Neutral": 0.9922837615013123,
        "Mixed": 0.0006413190276362002
    }
}
