{
    "Sentiment": "NEUTRAL",
    "SentimentScore": {
        "Positive": 0.010137582197785378,
        "Negative": 0.09297515451908112,
        "Neutral": 0.8889580965042114,
        "Mixed": 0.007929111830890179
    }
}
