{
    "Sentiment": "NEUTRAL",
    "SentimentScore": {
        "Positive": 0.016238315030932426,
        "Negative": 0.03313935920596123,
        "Neutral": 0.9428421258926392,
        "Mixed": 0.007780142594128847
    }
}
