{
    "Sentiment": "NEUTRAL",
    "SentimentScore": {
        "Positive": 0.011748761869966984,
        "Negative": 0.0026288749650120735,
        "Neutral": 0.9849847555160522,
        "Mixed": 0.0006376297096721828
    }
}
