{
    "Sentiment": "NEUTRAL",
    "SentimentScore": {
        "Positive": 0.005257220473140478,
        "Negative": 0.02331395260989666,
        "Neutral": 0.9681246280670166,
        "Mixed": 0.003304213285446167
    }
}
