{
    "Sentiment": "NEUTRAL",
    "SentimentScore": {
        "Positive": 0.03458385169506073,
        "Negative": 0.10745310038328171,
        "Neutral": 0.8455493450164795,
        "Mixed": 0.012413701973855495
    }
}
