{
    "Sentiment": "NEUTRAL",
    "SentimentScore": {
        "Positive": 0.005497238133102655,
        "Negative": 0.007701171562075615,
        "Neutral": 0.984728217124939,
        "Mixed": 0.0020734728313982487
    }
}
