{
    "Sentiment": "NEUTRAL",
    "SentimentScore": {
        "Positive": 0.008100713603198528,
        "Negative": 0.07730212807655334,
        "Neutral": 0.911629855632782,
        "Mixed": 0.002967400709167123
    }
}
