{
    "Sentiment": "NEUTRAL",
    "SentimentScore": {
        "Positive": 0.023745445534586906,
        "Negative": 0.01800619810819626,
        "Neutral": 0.9491283297538757,
        "Mixed": 0.00912006851285696
    }
}
