{
    "Sentiment": "NEUTRAL",
    "SentimentScore": {
        "Positive": 0.01285530161112547,
        "Negative": 0.014492146670818329,
        "Neutral": 0.9701609015464783,
        "Mixed": 0.0024916266556829214
    }
}
