{
    "Sentiment": "NEUTRAL",
    "SentimentScore": {
        "Positive": 0.017981169745326042,
        "Negative": 0.015915976837277412,
        "Neutral": 0.9641806483268738,
        "Mixed": 0.0019222121918573976
    }
}
