{
    "Sentiment": "NEUTRAL",
    "SentimentScore": {
        "Positive": 0.04415901377797127,
        "Negative": 0.04721938818693161,
        "Neutral": 0.8460623025894165,
        "Mixed": 0.0625593289732933
    }
}
