{
    "Sentiment": "NEUTRAL",
    "SentimentScore": {
        "Positive": 0.001837593037635088,
        "Negative": 0.005193466320633888,
        "Neutral": 0.9923116564750671,
        "Mixed": 0.0006572560523636639
    }
}
