{
    "Sentiment": "NEUTRAL",
    "SentimentScore": {
        "Positive": 0.10845562070608139,
        "Negative": 0.0034112390130758286,
        "Neutral": 0.8844285011291504,
        "Mixed": 0.003704708768054843
    }
}
