{
    "Sentiment": "NEUTRAL",
    "SentimentScore": {
        "Positive": 0.006777521688491106,
        "Negative": 0.032736171036958694,
        "Neutral": 0.9585573673248291,
        "Mixed": 0.0019288258627057076
    }
}
