{
    "Sentiment": "NEUTRAL",
    "SentimentScore": {
        "Positive": 0.013976742513477802,
        "Negative": 0.032343942672014236,
        "Neutral": 0.947037398815155,
        "Mixed": 0.006642004940658808
    }
}
