{
    "Sentiment": "NEUTRAL",
    "SentimentScore": {
        "Positive": 0.03694324567914009,
        "Negative": 0.10779712349176407,
        "Neutral": 0.845337450504303,
        "Mixed": 0.009922205470502377
    }
}
