{
    "Sentiment": "NEUTRAL",
    "SentimentScore": {
        "Positive": 0.0040507931262254715,
        "Negative": 0.08809944242238998,
        "Neutral": 0.9012590050697327,
        "Mixed": 0.006590721197426319
    }
}
