{
    "Sentiment": "NEUTRAL",
    "SentimentScore": {
        "Positive": 0.019656632095575333,
        "Negative": 0.0657348483800888,
        "Neutral": 0.9109284281730652,
        "Mixed": 0.0036800901871174574
    }
}
