{
    "Sentiment": "NEUTRAL",
    "SentimentScore": {
        "Positive": 0.02667306736111641,
        "Negative": 0.025986794382333755,
        "Neutral": 0.9438395500183105,
        "Mixed": 0.0035005155950784683
    }
}
