{
    "Sentiment": "NEUTRAL",
    "SentimentScore": {
        "Positive": 0.013136934489011765,
        "Negative": 0.028192881494760513,
        "Neutral": 0.9474862217903137,
        "Mixed": 0.01118395198136568
    }
}
