{
    "Sentiment": "NEUTRAL",
    "SentimentScore": {
        "Positive": 0.006154934875667095,
        "Negative": 0.039542295038700104,
        "Neutral": 0.9515029788017273,
        "Mixed": 0.002799860667437315
    }
}
