{
    "Sentiment": "NEUTRAL",
    "SentimentScore": {
        "Positive": 0.001228155568242073,
        "Negative": 0.01210340578109026,
        "Neutral": 0.9860864877700806,
        "Mixed": 0.0005819449434056878
    }
}
