{
    "Sentiment": "NEUTRAL",
    "SentimentScore": {
        "Positive": 0.0012104151537641883,
        "Negative": 0.02317083068192005,
        "Neutral": 0.9746447801589966,
        "Mixed": 0.0009740463574416935
    }
}
