{
    "Sentiment": "NEUTRAL",
    "SentimentScore": {
        "Positive": 0.0019928107503801584,
        "Negative": 0.013692117296159267,
        "Neutral": 0.982921838760376,
        "Mixed": 0.0013931485591456294
    }
}
