{
    "Sentiment": "POSITIVE",
    "SentimentScore": {
        "Positive": 0.6159846186637878,
        "Negative": 0.045902930200099945,
        "Neutral": 0.32108184695243835,
        "Mixed": 0.017030542716383934
    }
}
