{
    "Sentiment": "NEUTRAL",
    "SentimentScore": {
        "Positive": 0.19849160313606262,
        "Negative": 0.02183266170322895,
        "Neutral": 0.7732526063919067,
        "Mixed": 0.006423134822398424
    }
}
