{
    "Sentiment": "NEUTRAL",
    "SentimentScore": {
        "Positive": 0.0025396421551704407,
        "Negative": 0.10790412127971649,
        "Neutral": 0.8853868842124939,
        "Mixed": 0.004169304855167866
    }
}
