{
    "Sentiment": "NEUTRAL",
    "SentimentScore": {
        "Positive": 0.003925463650375605,
        "Negative": 0.05128151550889015,
        "Neutral": 0.9402560591697693,
        "Mixed": 0.004536961670964956
    }
}
