{
    "Sentiment": "NEUTRAL",
    "SentimentScore": {
        "Positive": 0.008098533377051353,
        "Negative": 0.011085080914199352,
        "Neutral": 0.9792024493217468,
        "Mixed": 0.0016139044892042875
    }
}
