{
    "Sentiment": "NEUTRAL",
    "SentimentScore": {
        "Positive": 0.00722228130325675,
        "Negative": 0.014399339444935322,
        "Neutral": 0.9757294058799744,
        "Mixed": 0.002648979425430298
    }
}
