{
    "Sentiment": "NEUTRAL",
    "SentimentScore": {
        "Positive": 0.004560043569654226,
        "Negative": 0.023755697533488274,
        "Neutral": 0.969051718711853,
        "Mixed": 0.0026324791833758354
    }
}
