{
    "Sentiment": "NEUTRAL",
    "SentimentScore": {
        "Positive": 0.00608241930603981,
        "Negative": 0.11773495376110077,
        "Neutral": 0.8652965426445007,
        "Mixed": 0.01088606845587492
    }
}
