{
    "Sentiment": "NEUTRAL",
    "SentimentScore": {
        "Positive": 0.11516391485929489,
        "Negative": 0.06375780701637268,
        "Neutral": 0.7658072113990784,
        "Mixed": 0.055271077901124954
    }
}
