{
    "Sentiment": "POSITIVE",
    "SentimentScore": {
        "Positive": 0.5347219109535217,
        "Negative": 0.00417115306481719,
        "Neutral": 0.45486095547676086,
        "Mixed": 0.006245974916964769
    }
}
