{
    "Sentiment": "NEUTRAL",
    "SentimentScore": {
        "Positive": 0.12595486640930176,
        "Negative": 0.006462206598371267,
        "Neutral": 0.8625504970550537,
        "Mixed": 0.005032421555370092
    }
}
