{
    "Sentiment": "NEUTRAL",
    "SentimentScore": {
        "Positive": 0.059422336518764496,
        "Negative": 0.11120306700468063,
        "Neutral": 0.7955175042152405,
        "Mixed": 0.03385712578892708
    }
}
