{
    "Sentiment": "NEUTRAL",
    "SentimentScore": {
        "Positive": 0.028859425336122513,
        "Negative": 0.009378621354699135,
        "Neutral": 0.9601808190345764,
        "Mixed": 0.0015812257770448923
    }
}
