{
    "Sentiment": "NEUTRAL",
    "SentimentScore": {
        "Positive": 0.0036937156692147255,
        "Negative": 0.00995550025254488,
        "Neutral": 0.9849599003791809,
        "Mixed": 0.001390865771099925
    }
}
