{
    "Sentiment": "NEUTRAL",
    "SentimentScore": {
        "Positive": 0.00790674053132534,
        "Negative": 0.25590479373931885,
        "Neutral": 0.7191333174705505,
        "Mixed": 0.01705510914325714
    }
}
