{
    "Sentiment": "NEUTRAL",
    "SentimentScore": {
        "Positive": 0.022516965866088867,
        "Negative": 0.010856292210519314,
        "Neutral": 0.9648911356925964,
        "Mixed": 0.0017355611780658364
    }
}
