{
    "Sentiment": "NEUTRAL",
    "SentimentScore": {
        "Positive": 0.02284974604845047,
        "Negative": 0.22629159688949585,
        "Neutral": 0.7445856928825378,
        "Mixed": 0.006272952072322369
    }
}
