{
    "Sentiment": "NEUTRAL",
    "SentimentScore": {
        "Positive": 0.007720723282545805,
        "Negative": 0.04610675573348999,
        "Neutral": 0.9429634809494019,
        "Mixed": 0.003208993701264262
    }
}
