{
    "Sentiment": "NEUTRAL",
    "SentimentScore": {
        "Positive": 0.005542437545955181,
        "Negative": 0.07836724072694778,
        "Neutral": 0.9094964861869812,
        "Mixed": 0.006593772675842047
    }
}
