{
    "Sentiment": "NEUTRAL",
    "SentimentScore": {
        "Positive": 0.017825443297624588,
        "Negative": 0.011397783644497395,
        "Neutral": 0.9695612192153931,
        "Mixed": 0.0012155426666140556
    }
}
