{
    "Sentiment": "NEUTRAL",
    "SentimentScore": {
        "Positive": 0.004412535578012466,
        "Negative": 0.03250882402062416,
        "Neutral": 0.9596810936927795,
        "Mixed": 0.0033975220285356045
    }
}
