{
    "Sentiment": "NEUTRAL",
    "SentimentScore": {
        "Positive": 0.005030471831560135,
        "Negative": 0.01205484475940466,
        "Neutral": 0.9792933464050293,
        "Mixed": 0.003621474839746952
    }
}
