{
    "Sentiment": "NEUTRAL",
    "SentimentScore": {
        "Positive": 0.00619302224367857,
        "Negative": 0.0024388462770730257,
        "Neutral": 0.9902359843254089,
        "Mixed": 0.0011322153732180595
    }
}
