{
    "Sentiment": "NEUTRAL",
    "SentimentScore": {
        "Positive": 0.009441390633583069,
        "Negative": 0.07450411468744278,
        "Neutral": 0.9077081680297852,
        "Mixed": 0.008346324786543846
    }
}
