{
    "Sentiment": "NEUTRAL",
    "SentimentScore": {
        "Positive": 0.016113335266709328,
        "Negative": 0.01936689391732216,
        "Neutral": 0.961353063583374,
        "Mixed": 0.003166686976328492
    }
}
