{
    "Sentiment": "NEUTRAL",
    "SentimentScore": {
        "Positive": 0.06986812502145767,
        "Negative": 0.021367598325014114,
        "Neutral": 0.9026379585266113,
        "Mixed": 0.006126366555690765
    }
}
