{
    "Sentiment": "NEUTRAL",
    "SentimentScore": {
        "Positive": 0.07935076206922531,
        "Negative": 0.03382622078061104,
        "Neutral": 0.8751028180122375,
        "Mixed": 0.011720213107764721
    }
}
