{
    "Sentiment": "NEUTRAL",
    "SentimentScore": {
        "Positive": 0.020087528973817825,
        "Negative": 0.0036926548928022385,
        "Neutral": 0.9736545085906982,
        "Mixed": 0.0025653098709881306
    }
}
