{
    "Sentiment": "NEUTRAL",
    "SentimentScore": {
        "Positive": 0.005170430056750774,
        "Negative": 0.0038377742748707533,
        "Neutral": 0.9899615049362183,
        "Mixed": 0.0010302430018782616
    }
}
