{
    "Sentiment": "NEUTRAL",
    "SentimentScore": {
        "Positive": 0.01008701417595148,
        "Negative": 0.030253354460000992,
        "Neutral": 0.9574378728866577,
        "Mixed": 0.00222176150418818
    }
}
