{
    "Sentiment": "NEUTRAL",
    "SentimentScore": {
        "Positive": 0.004574574530124664,
        "Negative": 0.12182348221540451,
        "Neutral": 0.865208089351654,
        "Mixed": 0.00839378871023655
    }
}
