{
    "Sentiment": "NEUTRAL",
    "SentimentScore": {
        "Positive": 0.146876722574234,
        "Negative": 0.1638258397579193,
        "Neutral": 0.6742283701896667,
        "Mixed": 0.015069038607180119
    }
}
