{
    "Sentiment": "NEUTRAL",
    "SentimentScore": {
        "Positive": 0.01702389493584633,
        "Negative": 0.003450672375038266,
        "Neutral": 0.9788432121276855,
        "Mixed": 0.0006822320865467191
    }
}
