{
    "Sentiment": "NEUTRAL",
    "SentimentScore": {
        "Positive": 0.011510797776281834,
        "Negative": 0.002766862977296114,
        "Neutral": 0.9850112795829773,
        "Mixed": 0.0007111047161743045
    }
}
