{
    "Sentiment": "NEUTRAL",
    "SentimentScore": {
        "Positive": 0.0033533235546201468,
        "Negative": 0.0032486000563949347,
        "Neutral": 0.9929488897323608,
        "Mixed": 0.00044926698319613934
    }
}
