{
    "Sentiment": "NEUTRAL",
    "SentimentScore": {
        "Positive": 0.2748661935329437,
        "Negative": 0.0032342374324798584,
        "Neutral": 0.7181274890899658,
        "Mixed": 0.0037720545660704374
    }
}
