{
    "Sentiment": "NEUTRAL",
    "SentimentScore": {
        "Positive": 0.019738217815756798,
        "Negative": 0.07792346924543381,
        "Neutral": 0.8981685638427734,
        "Mixed": 0.004169769585132599
    }
}
