{
    "Sentiment": "NEUTRAL",
    "SentimentScore": {
        "Positive": 0.016531813889741898,
        "Negative": 0.014411915093660355,
        "Neutral": 0.9662179946899414,
        "Mixed": 0.0028382923919707537
    }
}
