{
    "Sentiment": "NEUTRAL",
    "SentimentScore": {
        "Positive": 0.007682859431952238,
        "Negative": 0.023227671161293983,
        "Neutral": 0.9667983055114746,
        "Mixed": 0.0022911452688276768
    }
}
