{
    "Sentiment": "NEUTRAL",
    "SentimentScore": {
        "Positive": 0.007813716307282448,
        "Negative": 0.11071961373090744,
        "Neutral": 0.8734251260757446,
        "Mixed": 0.008041558787226677
    }
}
