{
    "Sentiment": "NEUTRAL",
    "SentimentScore": {
        "Positive": 0.03446261212229729,
        "Negative": 0.01838006265461445,
        "Neutral": 0.9396256804466248,
        "Mixed": 0.00753162894397974
    }
}
