{
    "Sentiment": "NEUTRAL",
    "SentimentScore": {
        "Positive": 0.030441677197813988,
        "Negative": 0.031297191977500916,
        "Neutral": 0.9246828556060791,
        "Mixed": 0.013578320853412151
    }
}
