{
    "Sentiment": "NEUTRAL",
    "SentimentScore": {
        "Positive": 0.0021477187983691692,
        "Negative": 0.03348162770271301,
        "Neutral": 0.9622003436088562,
        "Mixed": 0.0021703182719647884
    }
}
