{
    "Sentiment": "NEUTRAL",
    "SentimentScore": {
        "Positive": 0.34660905599594116,
        "Negative": 0.008132223971188068,
        "Neutral": 0.6275537610054016,
        "Mixed": 0.01770499348640442
    }
}
