{
    "Sentiment": "NEUTRAL",
    "SentimentScore": {
        "Positive": 0.0020886207930743694,
        "Negative": 0.07928946614265442,
        "Neutral": 0.9159281849861145,
        "Mixed": 0.0026937664952129126
    }
}
