{
    "Sentiment": "NEUTRAL",
    "SentimentScore": {
        "Positive": 0.35667574405670166,
        "Negative": 0.01705326698720455,
        "Neutral": 0.6034042835235596,
        "Mixed": 0.02286667563021183
    }
}
