{
    "Sentiment": "NEUTRAL",
    "SentimentScore": {
        "Positive": 0.1472460776567459,
        "Negative": 0.028325127437710762,
        "Neutral": 0.8035925626754761,
        "Mixed": 0.020836280658841133
    }
}
