{
    "Sentiment": "NEUTRAL",
    "SentimentScore": {
        "Positive": 0.09902559220790863,
        "Negative": 0.0009880230063572526,
        "Neutral": 0.8984431028366089,
        "Mixed": 0.0015432657673954964
    }
}
