{
    "Sentiment": "NEUTRAL",
    "SentimentScore": {
        "Positive": 0.006140988320112228,
        "Negative": 0.2711065113544464,
        "Neutral": 0.6989758610725403,
        "Mixed": 0.023776624351739883
    }
}
