{
    "Sentiment": "NEUTRAL",
    "SentimentScore": {
        "Positive": 0.005809511058032513,
        "Negative": 0.01568491756916046,
        "Neutral": 0.9763579964637756,
        "Mixed": 0.002147652441635728
    }
}
