{
    "Sentiment": "NEUTRAL",
    "SentimentScore": {
        "Positive": 0.0068771373480558395,
        "Negative": 0.08312640339136124,
        "Neutral": 0.9042624831199646,
        "Mixed": 0.00573404785245657
    }
}
