{
    "Sentiment": "NEUTRAL",
    "SentimentScore": {
        "Positive": 0.027809111401438713,
        "Negative": 0.04856085032224655,
        "Neutral": 0.9099686741828918,
        "Mixed": 0.013661360368132591
    }
}
