{
    "Sentiment": "NEUTRAL",
    "SentimentScore": {
        "Positive": 0.014888732694089413,
        "Negative": 0.08342155069112778,
        "Neutral": 0.894799530506134,
        "Mixed": 0.006890191696584225
    }
}
