{
    "Sentiment": "NEUTRAL",
    "SentimentScore": {
        "Positive": 0.026845239102840424,
        "Negative": 0.0010108072310686111,
        "Neutral": 0.9714457392692566,
        "Mixed": 0.0006981912883929908
    }
}
