{
    "Sentiment": "NEUTRAL",
    "SentimentScore": {
        "Positive": 0.008291462436318398,
        "Negative": 0.06583826243877411,
        "Neutral": 0.9148106575012207,
        "Mixed": 0.011059564538300037
    }
}
