{
    "Sentiment": "NEUTRAL",
    "SentimentScore": {
        "Positive": 0.04760558903217316,
        "Negative": 0.0015617497265338898,
        "Neutral": 0.949870765209198,
        "Mixed": 0.000961864716373384
    }
}
