{
    "Sentiment": "NEUTRAL",
    "SentimentScore": {
        "Positive": 0.001994291553273797,
        "Negative": 0.004983342718333006,
        "Neutral": 0.9924123883247375,
        "Mixed": 0.0006099581951275468
    }
}
