{
    "Sentiment": "NEUTRAL",
    "SentimentScore": {
        "Positive": 0.32560938596725464,
        "Negative": 0.048324745148420334,
        "Neutral": 0.5927901864051819,
        "Mixed": 0.03327565640211105
    }
}
