{
    "Sentiment": "NEUTRAL",
    "SentimentScore": {
        "Positive": 0.014971395954489708,
        "Negative": 0.18737201392650604,
        "Neutral": 0.7810590267181396,
        "Mixed": 0.016597608104348183
    }
}
