{
    "Sentiment": "NEUTRAL",
    "SentimentScore": {
        "Positive": 0.0111598651856184,
        "Negative": 0.013294447213411331,
        "Neutral": 0.9735237956047058,
        "Mixed": 0.002021868946030736
    }
}
