{
    "Sentiment": "NEUTRAL",
    "SentimentScore": {
        "Positive": 0.07210668176412582,
        "Negative": 0.007691766135394573,
        "Neutral": 0.915245771408081,
        "Mixed": 0.004955832380801439
    }
}
