{
    "Sentiment": "NEUTRAL",
    "SentimentScore": {
        "Positive": 0.0056404960341751575,
        "Negative": 0.032699186354875565,
        "Neutral": 0.9583938717842102,
        "Mixed": 0.0032664260361343622
    }
}
