{
    "Sentiment": "NEUTRAL",
    "SentimentScore": {
        "Positive": 0.029542146250605583,
        "Negative": 0.00374489463865757,
        "Neutral": 0.9652755260467529,
        "Mixed": 0.0014374327147379518
    }
}
