{
    "Sentiment": "NEUTRAL",
    "SentimentScore": {
        "Positive": 0.004576466511934996,
        "Negative": 0.02091170661151409,
        "Neutral": 0.972944438457489,
        "Mixed": 0.001567372470162809
    }
}
