{
    "Sentiment": "NEUTRAL",
    "SentimentScore": {
        "Positive": 0.02632530778646469,
        "Negative": 0.0020364976953715086,
        "Neutral": 0.9699627161026001,
        "Mixed": 0.0016755112446844578
    }
}
