{
    "Sentiment": "NEUTRAL",
    "SentimentScore": {
        "Positive": 0.05006105452775955,
        "Negative": 0.014857287518680096,
        "Neutral": 0.926313579082489,
        "Mixed": 0.008768119849264622
    }
}
