{
    "Sentiment": "NEUTRAL",
    "SentimentScore": {
        "Positive": 0.008276090025901794,
        "Negative": 0.013596545904874802,
        "Neutral": 0.9755585193634033,
        "Mixed": 0.0025688044261187315
    }
}
