{
    "Sentiment": "POSITIVE",
    "SentimentScore": {
        "Positive": 0.6028587222099304,
        "Negative": 0.004587965086102486,
        "Neutral": 0.38921892642974854,
        "Mixed": 0.0033343748655170202
    }
}
