{
    "Sentiment": "NEUTRAL",
    "SentimentScore": {
        "Positive": 0.017632601782679558,
        "Negative": 0.0014482683036476374,
        "Neutral": 0.9802610278129578,
        "Mixed": 0.000658154662232846
    }
}
