{
    "Sentiment": "NEUTRAL",
    "SentimentScore": {
        "Positive": 0.10331650823354721,
        "Negative": 0.010406535118818283,
        "Neutral": 0.881226658821106,
        "Mixed": 0.005050295498222113
    }
}
