{
    "Sentiment": "NEUTRAL",
    "SentimentScore": {
        "Positive": 0.011072207242250443,
        "Negative": 0.06783627718687057,
        "Neutral": 0.9104493260383606,
        "Mixed": 0.010642241686582565
    }
}
