{
    "Sentiment": "NEUTRAL",
    "SentimentScore": {
        "Positive": 0.010687492787837982,
        "Negative": 0.011469823308289051,
        "Neutral": 0.9743135571479797,
        "Mixed": 0.0035291267558932304
    }
}
