{
    "Sentiment": "NEUTRAL",
    "SentimentScore": {
        "Positive": 0.002635897370055318,
        "Negative": 0.038718800991773605,
        "Neutral": 0.9548960328102112,
        "Mixed": 0.0037493142299354076
    }
}
