{
    "Sentiment": "POSITIVE",
    "SentimentScore": {
        "Positive": 0.4145837128162384,
        "Negative": 0.10093764215707779,
        "Neutral": 0.28273168206214905,
        "Mixed": 0.20174701511859894
    }
}
