{
    "Sentiment": "NEUTRAL",
    "SentimentScore": {
        "Positive": 0.008784681558609009,
        "Negative": 0.1577606201171875,
        "Neutral": 0.8153972625732422,
        "Mixed": 0.018057463690638542
    }
}
