{
    "Sentiment": "NEUTRAL",
    "SentimentScore": {
        "Positive": 0.00243765814229846,
        "Negative": 0.018729249015450478,
        "Neutral": 0.9776182770729065,
        "Mixed": 0.0012147716479375958
    }
}
