{
    "Sentiment": "NEUTRAL",
    "SentimentScore": {
        "Positive": 0.04318152368068695,
        "Negative": 0.03033125214278698,
        "Neutral": 0.9222218990325928,
        "Mixed": 0.004265358205884695
    }
}
