{
    "Sentiment": "NEUTRAL",
    "SentimentScore": {
        "Positive": 0.012948890216648579,
        "Negative": 0.006208129692822695,
        "Neutral": 0.9790353775024414,
        "Mixed": 0.0018076219130307436
    }
}
