{
    "Sentiment": "NEUTRAL",
    "SentimentScore": {
        "Positive": 0.002505943179130554,
        "Negative": 0.001492842799052596,
        "Neutral": 0.9957303404808044,
        "Mixed": 0.00027089196373708546
    }
}
