{
    "Sentiment": "NEUTRAL",
    "SentimentScore": {
        "Positive": 0.020828649401664734,
        "Negative": 0.03967612236738205,
        "Neutral": 0.928077220916748,
        "Mixed": 0.011418026871979237
    }
}
