{
    "Sentiment": "NEUTRAL",
    "SentimentScore": {
        "Positive": 0.02908189222216606,
        "Negative": 0.0009043163736350834,
        "Neutral": 0.9692355990409851,
        "Mixed": 0.0007781852618791163
    }
}
