{
    "Sentiment": "NEGATIVE",
    "SentimentScore": {
        "Positive": 0.005423280876129866,
        "Negative": 0.5132372975349426,
        "Neutral": 0.45898348093032837,
        "Mixed": 0.022355882450938225
    }
}
