{
    "Sentiment": "NEUTRAL",
    "SentimentScore": {
        "Positive": 0.05598188936710358,
        "Negative": 0.005238955840468407,
        "Neutral": 0.9364640712738037,
        "Mixed": 0.0023150809574872255
    }
}
