{
    "Sentiment": "NEGATIVE",
    "SentimentScore": {
        "Positive": 0.0010258150286972523,
        "Negative": 0.7993575930595398,
        "Neutral": 0.1915498971939087,
        "Mixed": 0.00806667935103178
    }
}
