{
    "Sentiment": "NEUTRAL",
    "SentimentScore": {
        "Positive": 0.00327644613571465,
        "Negative": 0.007415152620524168,
        "Neutral": 0.988365650177002,
        "Mixed": 0.0009427574113942683
    }
}
