{
    "Sentiment": "NEUTRAL",
    "SentimentScore": {
        "Positive": 0.18490304052829742,
        "Negative": 0.003035956993699074,
        "Neutral": 0.8084150552749634,
        "Mixed": 0.00364591833204031
    }
}
