{
    "Sentiment": "NEUTRAL",
    "SentimentScore": {
        "Positive": 0.0024781376123428345,
        "Negative": 0.015122786164283752,
        "Neutral": 0.9811858534812927,
        "Mixed": 0.0012132873525843024
    }
}
