{
    "Sentiment": "POSITIVE",
    "SentimentScore": {
        "Positive": 0.9262886643409729,
        "Negative": 0.0004361626924946904,
        "Neutral": 0.06890718638896942,
        "Mixed": 0.004367941524833441
    }
}
