{
    "Sentiment": "NEUTRAL",
    "SentimentScore": {
        "Positive": 0.0025892688427120447,
        "Negative": 0.0051818895153701305,
        "Neutral": 0.9915829300880432,
        "Mixed": 0.0006458671996369958
    }
}
