{
    "Sentiment": "NEUTRAL",
    "SentimentScore": {
        "Positive": 0.016182592138648033,
        "Negative": 0.020809264853596687,
        "Neutral": 0.9611333012580872,
        "Mixed": 0.0018748607253655791
    }
}
