{
    "Sentiment": "NEUTRAL",
    "SentimentScore": {
        "Positive": 0.0069631957449018955,
        "Negative": 0.03357952460646629,
        "Neutral": 0.9528672695159912,
        "Mixed": 0.006589996628463268
    }
}
