{
    "Sentiment": "NEUTRAL",
    "SentimentScore": {
        "Positive": 0.010044519789516926,
        "Negative": 0.01644083671271801,
        "Neutral": 0.9696751236915588,
        "Mixed": 0.003839609446004033
    }
}
