{
    "Sentiment": "NEGATIVE",
    "SentimentScore": {
        "Positive": 0.005268936511129141,
        "Negative": 0.7466334104537964,
        "Neutral": 0.23813575506210327,
        "Mixed": 0.009961850009858608
    }
}
