{
    "Sentiment": "NEUTRAL",
    "SentimentScore": {
        "Positive": 0.006021351553499699,
        "Negative": 0.006274024024605751,
        "Neutral": 0.986993670463562,
        "Mixed": 0.0007110217120498419
    }
}
