{
    "Sentiment": "POSITIVE",
    "SentimentScore": {
        "Positive": 0.45035338401794434,
        "Negative": 0.022065579891204834,
        "Neutral": 0.41098088026046753,
        "Mixed": 0.11660025268793106
    }
}
