{
    "Sentiment": "NEUTRAL",
    "SentimentScore": {
        "Positive": 0.006064590997993946,
        "Negative": 0.003286632476374507,
        "Neutral": 0.9900702834129333,
        "Mixed": 0.0005785129615105689
    }
}
