{
    "Sentiment": "NEUTRAL",
    "SentimentScore": {
        "Positive": 0.009079049341380596,
        "Negative": 0.01128961332142353,
        "Neutral": 0.9762774109840393,
        "Mixed": 0.003353826003149152
    }
}
