{
    "Sentiment": "NEUTRAL",
    "SentimentScore": {
        "Positive": 0.0027705563697963953,
        "Negative": 0.0879628136754036,
        "Neutral": 0.9049281477928162,
        "Mixed": 0.004338419530540705
    }
}
