{
    "Sentiment": "POSITIVE",
    "SentimentScore": {
        "Positive": 0.661708652973175,
        "Negative": 0.04696333035826683,
        "Neutral": 0.2246030867099762,
        "Mixed": 0.06672496348619461
    }
}
