{
    "Sentiment": "POSITIVE",
    "SentimentScore": {
        "Positive": 0.9312348365783691,
        "Negative": 0.0009302188409492373,
        "Neutral": 0.06458068639039993,
        "Mixed": 0.003254318842664361
    }
}
