{
    "Sentiment": "NEUTRAL",
    "SentimentScore": {
        "Positive": 0.004612276330590248,
        "Negative": 0.013825913891196251,
        "Neutral": 0.9798596501350403,
        "Mixed": 0.0017020743107423186
    }
}
