{
    "Sentiment": "NEUTRAL",
    "SentimentScore": {
        "Positive": 0.0029661005828529596,
        "Negative": 0.013663328252732754,
        "Neutral": 0.9822221994400024,
        "Mixed": 0.0011482677655294538
    }
}
