{
    "Sentiment": "NEUTRAL",
    "SentimentScore": {
        "Positive": 0.007542608771473169,
        "Negative": 0.00253300741314888,
        "Neutral": 0.9892727136611938,
        "Mixed": 0.0006516969297081232
    }
}
