{
    "Sentiment": "NEUTRAL",
    "SentimentScore": {
        "Positive": 0.0020882971584796906,
        "Negative": 0.020671391859650612,
        "Neutral": 0.9754157662391663,
        "Mixed": 0.0018244987586513162
    }
}
