{
    "Sentiment": "NEUTRAL",
    "SentimentScore": {
        "Positive": 0.001801158650778234,
        "Negative": 0.0014781195204705,
        "Neutral": 0.996561586856842,
        "Mixed": 0.00015917718701530248
    }
}
