{
    "Sentiment": "NEUTRAL",
    "SentimentScore": {
        "Positive": 0.01251633558422327,
        "Negative": 0.0034076001029461622,
        "Neutral": 0.9834355711936951,
        "Mixed": 0.0006404572050087154
    }
}
