{
    "Sentiment": "NEUTRAL",
    "SentimentScore": {
        "Positive": 0.06187686324119568,
        "Negative": 0.010562132112681866,
        "Neutral": 0.919766366481781,
        "Mixed": 0.007794693112373352
    }
}
