{
    "Sentiment": "NEUTRAL",
    "SentimentScore": {
        "Positive": 0.04432545229792595,
        "Negative": 0.041406285017728806,
        "Neutral": 0.9118902683258057,
        "Mixed": 0.0023780546616762877
    }
}
