{
    "Sentiment": "NEUTRAL",
    "SentimentScore": {
        "Positive": 0.010413308627903461,
        "Negative": 0.03331030532717705,
        "Neutral": 0.9509543776512146,
        "Mixed": 0.005322088487446308
    }
}
