{
    "Sentiment": "NEUTRAL",
    "SentimentScore": {
        "Positive": 0.0011039256351068616,
        "Negative": 0.0027459459379315376,
        "Neutral": 0.9959190487861633,
        "Mixed": 0.00023117591626942158
    }
}
