{
    "Sentiment": "NEGATIVE",
    "SentimentScore": {
        "Positive": 0.0021359212696552277,
        "Negative": 0.5676198601722717,
        "Neutral": 0.41776055097579956,
        "Mixed": 0.0124836890026927
    }
}
