{
    "Sentiment": "NEUTRAL",
    "SentimentScore": {
        "Positive": 0.003216397250071168,
        "Negative": 0.008988029323518276,
        "Neutral": 0.9871203303337097,
        "Mixed": 0.0006752053741365671
    }
}
