{
    "Sentiment": "NEUTRAL",
    "SentimentScore": {
        "Positive": 0.0088038956746459,
        "Negative": 0.0047066728584468365,
        "Neutral": 0.9854434132575989,
        "Mixed": 0.001046038931235671
    }
}
