{
    "Sentiment": "NEUTRAL",
    "SentimentScore": {
        "Positive": 0.0034207934513688087,
        "Negative": 0.008461790159344673,
        "Neutral": 0.9869814515113831,
        "Mixed": 0.0011360232019796968
    }
}
