{
    "Sentiment": "NEGATIVE",
    "SentimentScore": {
        "Positive": 0.004190170671790838,
        "Negative": 0.8287555575370789,
        "Neutral": 0.13484516739845276,
        "Mixed": 0.03220910206437111
    }
}
