{
    "Sentiment": "NEUTRAL",
    "SentimentScore": {
        "Positive": 0.01180126704275608,
        "Negative": 0.13174059987068176,
        "Neutral": 0.832511305809021,
        "Mixed": 0.023946890607476234
    }
}
