{
    "Sentiment": "NEUTRAL",
    "SentimentScore": {
        "Positive": 0.004382119979709387,
        "Negative": 0.001486657653003931,
        "Neutral": 0.9937917590141296,
        "Mixed": 0.00033951079240068793
    }
}
