{
    "Sentiment": "NEUTRAL",
    "SentimentScore": {
        "Positive": 0.0026093865744769573,
        "Negative": 0.02803383767604828,
        "Neutral": 0.9671342372894287,
        "Mixed": 0.002222555223852396
    }
}
