{
    "Sentiment": "NEUTRAL",
    "SentimentScore": {
        "Positive": 0.009594117291271687,
        "Negative": 0.3154502511024475,
        "Neutral": 0.6563493609428406,
        "Mixed": 0.018606342375278473
    }
}
