{
    "Sentiment": "NEUTRAL",
    "SentimentScore": {
        "Positive": 0.34431421756744385,
        "Negative": 0.054856788367033005,
        "Neutral": 0.5328797698020935,
        "Mixed": 0.06794927269220352
    }
}
