{
    "Sentiment": "NEUTRAL",
    "SentimentScore": {
        "Positive": 0.017471686005592346,
        "Negative": 0.011376087553799152,
        "Neutral": 0.9696463942527771,
        "Mixed": 0.001505846157670021
    }
}
