{
    "Sentiment": "NEUTRAL",
    "SentimentScore": {
        "Positive": 0.001716615166515112,
        "Negative": 0.015782387927174568,
        "Neutral": 0.9815033674240112,
        "Mixed": 0.00099755369592458
    }
}
