{
    "Sentiment": "NEUTRAL",
    "SentimentScore": {
        "Positive": 0.006859387271106243,
        "Negative": 0.08690089732408524,
        "Neutral": 0.9024564623832703,
        "Mixed": 0.003783333348110318
    }
}
