{
    "Sentiment": "NEUTRAL",
    "SentimentScore": {
        "Positive": 0.01774129830300808,
        "Negative": 0.007298673037439585,
        "Neutral": 0.973453938961029,
        "Mixed": 0.0015059883007779717
    }
}
