{
    "Sentiment": "NEUTRAL",
    "SentimentScore": {
        "Positive": 0.0224820077419281,
        "Negative": 0.005523995961993933,
        "Neutral": 0.9676690697669983,
        "Mixed": 0.0043249353766441345
    }
}
