{
    "Sentiment": "NEUTRAL",
    "SentimentScore": {
        "Positive": 0.004981828387826681,
        "Negative": 0.36436927318573,
        "Neutral": 0.6132085919380188,
        "Mixed": 0.01744033768773079
    }
}
