{
    "Sentiment": "NEUTRAL",
    "SentimentScore": {
        "Positive": 0.0036080118734389544,
        "Negative": 0.03136582672595978,
        "Neutral": 0.9626399278640747,
        "Mixed": 0.002386177657172084
    }
}
