{
    "Sentiment": "NEUTRAL",
    "SentimentScore": {
        "Positive": 0.010336293838918209,
        "Negative": 0.005927341524511576,
        "Neutral": 0.9830741286277771,
        "Mixed": 0.0006622382206842303
    }
}
