{
    "Sentiment": "NEUTRAL",
    "SentimentScore": {
        "Positive": 0.22091162204742432,
        "Negative": 0.001969460863620043,
        "Neutral": 0.7743171453475952,
        "Mixed": 0.002801752183586359
    }
}
