{
    "Sentiment": "POSITIVE",
    "SentimentScore": {
        "Positive": 0.8533971309661865,
        "Negative": 0.009796402417123318,
        "Neutral": 0.12385500967502594,
        "Mixed": 0.01295146718621254
    }
}
