{
    "Sentiment": "NEUTRAL",
    "SentimentScore": {
        "Positive": 0.005717995576560497,
        "Negative": 0.043299149721860886,
        "Neutral": 0.9469882249832153,
        "Mixed": 0.003994590137153864
    }
}
