{
    "Sentiment": "NEUTRAL",
    "SentimentScore": {
        "Positive": 0.025240471586585045,
        "Negative": 0.014356033876538277,
        "Neutral": 0.9564124941825867,
        "Mixed": 0.003991089761257172
    }
}
