{
    "Sentiment": "NEUTRAL",
    "SentimentScore": {
        "Positive": 0.042952463030815125,
        "Negative": 0.0360899493098259,
        "Neutral": 0.9082368612289429,
        "Mixed": 0.012720775790512562
    }
}
