{
    "Sentiment": "NEUTRAL",
    "SentimentScore": {
        "Positive": 0.022716866806149483,
        "Negative": 0.012954884208738804,
        "Neutral": 0.961293637752533,
        "Mixed": 0.003034548368304968
    }
}
