{
    "Sentiment": "POSITIVE",
    "SentimentScore": {
        "Positive": 0.7634972333908081,
        "Negative": 0.0005524365697056055,
        "Neutral": 0.23342068493366241,
        "Mixed": 0.002529587596654892
    }
}
