{
    "Sentiment": "NEUTRAL",
    "SentimentScore": {
        "Positive": 0.008009500801563263,
        "Negative": 0.045553501695394516,
        "Neutral": 0.9375587105751038,
        "Mixed": 0.0088782524690032
    }
}
