{
    "Sentiment": "NEUTRAL",
    "SentimentScore": {
        "Positive": 0.04224347323179245,
        "Negative": 0.005622168071568012,
        "Neutral": 0.9501752853393555,
        "Mixed": 0.001959059154614806
    }
}
