{
    "Sentiment": "NEUTRAL",
    "SentimentScore": {
        "Positive": 0.0021077487617731094,
        "Negative": 0.03919030725955963,
        "Neutral": 0.9566022753715515,
        "Mixed": 0.0020996793173253536
    }
}
