{
    "Sentiment": "NEUTRAL",
    "SentimentScore": {
        "Positive": 0.005220808554440737,
        "Negative": 0.005526318214833736,
        "Neutral": 0.9882696866989136,
        "Mixed": 0.00098309142049402
    }
}
