{
    "Sentiment": "NEUTRAL",
    "SentimentScore": {
        "Positive": 0.001194085692986846,
        "Negative": 0.4344085156917572,
        "Neutral": 0.5590001344680786,
        "Mixed": 0.005397272761911154
    }
}
