{
    "Sentiment": "NEUTRAL",
    "SentimentScore": {
        "Positive": 0.016405779868364334,
        "Negative": 0.1483311802148819,
        "Neutral": 0.8230701088905334,
        "Mixed": 0.012193002738058567
    }
}
