{
    "Sentiment": "NEUTRAL",
    "SentimentScore": {
        "Positive": 0.005176815204322338,
        "Negative": 0.07343399524688721,
        "Neutral": 0.912702739238739,
        "Mixed": 0.008686462417244911
    }
}
