{
    "Sentiment": "NEUTRAL",
    "SentimentScore": {
        "Positive": 0.14539019763469696,
        "Negative": 0.033996980637311935,
        "Neutral": 0.7920699119567871,
        "Mixed": 0.028542986139655113
    }
}
