{
    "Sentiment": "NEUTRAL",
    "SentimentScore": {
        "Positive": 0.02974119409918785,
        "Negative": 0.039217907935380936,
        "Neutral": 0.9263730645179749,
        "Mixed": 0.004667874425649643
    }
}
