{
    "Sentiment": "NEUTRAL",
    "SentimentScore": {
        "Positive": 0.007792768534272909,
        "Negative": 0.23126667737960815,
        "Neutral": 0.7468796372413635,
        "Mixed": 0.014060867950320244
    }
}
