{
    "Sentiment": "NEUTRAL",
    "SentimentScore": {
        "Positive": 0.06773018836975098,
        "Negative": 0.11803527921438217,
        "Neutral": 0.7963544130325317,
        "Mixed": 0.01788012497127056
    }
}
