{
    "Sentiment": "NEUTRAL",
    "SentimentScore": {
        "Positive": 0.4687545597553253,
        "Negative": 0.0008413518662564456,
        "Neutral": 0.5279974937438965,
        "Mixed": 0.002406586892902851
    }
}
