{
    "Sentiment": "NEUTRAL",
    "SentimentScore": {
        "Positive": 0.012675853446125984,
        "Negative": 0.3546244502067566,
        "Neutral": 0.6168606877326965,
        "Mixed": 0.015838932245969772
    }
}
