{
    "Sentiment": "NEUTRAL",
    "SentimentScore": {
        "Positive": 0.19769705832004547,
        "Negative": 0.06442628055810928,
        "Neutral": 0.6850286722183228,
        "Mixed": 0.05284798517823219
    }
}
