{
    "Sentiment": "NEUTRAL",
    "SentimentScore": {
        "Positive": 0.006520381197333336,
        "Negative": 0.0034660904202610254,
        "Neutral": 0.9896169900894165,
        "Mixed": 0.0003964909410569817
    }
}
