{
    "Sentiment": "NEUTRAL",
    "SentimentScore": {
        "Positive": 0.007322343066334724,
        "Negative": 0.43115079402923584,
        "Neutral": 0.5500290989875793,
        "Mixed": 0.011497799307107925
    }
}
