{
    "Sentiment": "NEUTRAL",
    "SentimentScore": {
        "Positive": 0.04419182986021042,
        "Negative": 0.03865855187177658,
        "Neutral": 0.908437967300415,
        "Mixed": 0.008711609989404678
    }
}
