{
    "Sentiment": "NEUTRAL",
    "SentimentScore": {
        "Positive": 0.017762556672096252,
        "Negative": 0.05257850140333176,
        "Neutral": 0.9143612384796143,
        "Mixed": 0.015297663398087025
    }
}
