{
    "Sentiment": "NEUTRAL",
    "SentimentScore": {
        "Positive": 0.015696899965405464,
        "Negative": 0.00764920748770237,
        "Neutral": 0.9750415086746216,
        "Mixed": 0.0016123780515044928
    }
}
