{
    "Sentiment": "NEUTRAL",
    "SentimentScore": {
        "Positive": 0.006044791080057621,
        "Negative": 0.023644527420401573,
        "Neutral": 0.9668341875076294,
        "Mixed": 0.0034765934105962515
    }
}
