{
    "Sentiment": "NEUTRAL",
    "SentimentScore": {
        "Positive": 0.415889173746109,
        "Negative": 0.03978293389081955,
        "Neutral": 0.5359807014465332,
        "Mixed": 0.008347252383828163
    }
}
