{
    "Sentiment": "NEUTRAL",
    "SentimentScore": {
        "Positive": 0.044690098613500595,
        "Negative": 0.10381165891885757,
        "Neutral": 0.8374584913253784,
        "Mixed": 0.01403983123600483
    }
}
