{
    "Sentiment": "NEUTRAL",
    "SentimentScore": {
        "Positive": 0.00291819148696959,
        "Negative": 0.016983637586236,
        "Neutral": 0.9780653119087219,
        "Mixed": 0.002032774966210127
    }
}
