{
    "Sentiment": "NEUTRAL",
    "SentimentScore": {
        "Positive": 0.006807860918343067,
        "Negative": 0.005916083697229624,
        "Neutral": 0.9865986108779907,
        "Mixed": 0.0006774403154850006
    }
}
