{
    "Sentiment": "NEUTRAL",
    "SentimentScore": {
        "Positive": 0.00129310495685786,
        "Negative": 0.0018548318184912205,
        "Neutral": 0.9965860843658447,
        "Mixed": 0.0002659540332388133
    }
}
