{
    "Sentiment": "NEUTRAL",
    "SentimentScore": {
        "Positive": 0.004852137994021177,
        "Negative": 0.004323601257055998,
        "Neutral": 0.9902383089065552,
        "Mixed": 0.0005859651137143373
    }
}
