{
    "Sentiment": "NEUTRAL",
    "SentimentScore": {
        "Positive": 0.12117213755846024,
        "Negative": 0.25522851943969727,
        "Neutral": 0.586729109287262,
        "Mixed": 0.03687019646167755
    }
}
