{
    "Sentiment": "NEUTRAL",
    "SentimentScore": {
        "Positive": 0.006109371781349182,
        "Negative": 0.003548812121152878,
        "Neutral": 0.9897885918617249,
        "Mixed": 0.0005531390197575092
    }
}
