{
    "Sentiment": "NEUTRAL",
    "SentimentScore": {
        "Positive": 0.003693031147122383,
        "Negative": 0.08862756937742233,
        "Neutral": 0.901526153087616,
        "Mixed": 0.006153188180178404
    }
}
