{
    "Sentiment": "NEUTRAL",
    "SentimentScore": {
        "Positive": 0.0022898337338119745,
        "Negative": 0.016284776851534843,
        "Neutral": 0.9798822999000549,
        "Mixed": 0.0015430604107677937
    }
}
