{
    "Sentiment": "NEUTRAL",
    "SentimentScore": {
        "Positive": 0.002855210332199931,
        "Negative": 0.0029211349319666624,
        "Neutral": 0.9936941266059875,
        "Mixed": 0.0005295634036883712
    }
}
