{
    "Sentiment": "NEUTRAL",
    "SentimentScore": {
        "Positive": 0.011301469057798386,
        "Negative": 0.031244782730937004,
        "Neutral": 0.9462234973907471,
        "Mixed": 0.011230253614485264
    }
}
