{
    "Sentiment": "NEUTRAL",
    "SentimentScore": {
        "Positive": 0.002985547063872218,
        "Negative": 0.0018078656867146492,
        "Neutral": 0.9949551224708557,
        "Mixed": 0.00025149888824671507
    }
}
