{
    "Sentiment": "NEUTRAL",
    "SentimentScore": {
        "Positive": 0.00675689522176981,
        "Negative": 0.022363699972629547,
        "Neutral": 0.9685034155845642,
        "Mixed": 0.002375903772190213
    }
}
