{
    "Sentiment": "NEUTRAL",
    "SentimentScore": {
        "Positive": 0.002119879936799407,
        "Negative": 0.066473588347435,
        "Neutral": 0.9283180832862854,
        "Mixed": 0.0030884351581335068
    }
}
