{
    "Sentiment": "NEUTRAL",
    "SentimentScore": {
        "Positive": 0.004147285595536232,
        "Negative": 0.005241865292191505,
        "Neutral": 0.9897643327713013,
        "Mixed": 0.0008466164581477642
    }
}
