{
    "Sentiment": "NEUTRAL",
    "SentimentScore": {
        "Positive": 0.0062812021933496,
        "Negative": 0.050983212888240814,
        "Neutral": 0.9366545677185059,
        "Mixed": 0.006081016268581152
    }
}
