{
    "Sentiment": "NEUTRAL",
    "SentimentScore": {
        "Positive": 0.046679530292749405,
        "Negative": 0.008733670227229595,
        "Neutral": 0.9423189163208008,
        "Mixed": 0.002267904346808791
    }
}
