{
    "Sentiment": "NEUTRAL",
    "SentimentScore": {
        "Positive": 0.009158901870250702,
        "Negative": 0.009730872698128223,
        "Neutral": 0.9801630973815918,
        "Mixed": 0.0009471555822528899
    }
}
