{
    "Sentiment": "NEUTRAL",
    "SentimentScore": {
        "Positive": 0.008223293349146843,
        "Negative": 0.001867065904662013,
        "Neutral": 0.9892946481704712,
        "Mixed": 0.0006150222034193575
    }
}
