{
    "Sentiment": "NEUTRAL",
    "SentimentScore": {
        "Positive": 0.0072851767763495445,
        "Negative": 0.12184271961450577,
        "Neutral": 0.8627904653549194,
        "Mixed": 0.008081667125225067
    }
}
