{
    "Sentiment": "NEUTRAL",
    "SentimentScore": {
        "Positive": 0.058976780623197556,
        "Negative": 0.006561820860952139,
        "Neutral": 0.9306327104568481,
        "Mixed": 0.0038286063354462385
    }
}
