{
    "Sentiment": "NEUTRAL",
    "SentimentScore": {
        "Positive": 0.17560598254203796,
        "Negative": 0.06033195182681084,
        "Neutral": 0.7321051359176636,
        "Mixed": 0.03195695951581001
    }
}
