{
    "Sentiment": "NEUTRAL",
    "SentimentScore": {
        "Positive": 0.18195834755897522,
        "Negative": 0.19885702431201935,
        "Neutral": 0.6057502031326294,
        "Mixed": 0.013434413820505142
    }
}
