{
    "Sentiment": "NEUTRAL",
    "SentimentScore": {
        "Positive": 0.011809968389570713,
        "Negative": 0.04786311462521553,
        "Neutral": 0.9320397973060608,
        "Mixed": 0.008287053555250168
    }
}
