{
    "Sentiment": "NEUTRAL",
    "SentimentScore": {
        "Positive": 0.00864467490464449,
        "Negative": 0.34819602966308594,
        "Neutral": 0.5959622859954834,
        "Mixed": 0.04719698429107666
    }
}
