{
    "Sentiment": "NEUTRAL",
    "SentimentScore": {
        "Positive": 0.0596795417368412,
        "Negative": 0.034280817955732346,
        "Neutral": 0.8968363404273987,
        "Mixed": 0.009203308261930943
    }
}
