{
    "Sentiment": "NEUTRAL",
    "SentimentScore": {
        "Positive": 0.003825943451374769,
        "Negative": 0.029678011313080788,
        "Neutral": 0.9640782475471497,
        "Mixed": 0.0024177394807338715
    }
}
