{
    "Sentiment": "NEUTRAL",
    "SentimentScore": {
        "Positive": 0.022219454869627953,
        "Negative": 0.0985565111041069,
        "Neutral": 0.8736560940742493,
        "Mixed": 0.005567982327193022
    }
}
