{
    "Sentiment": "NEUTRAL",
    "SentimentScore": {
        "Positive": 0.0023855820763856173,
        "Negative": 0.003929343074560165,
        "Neutral": 0.99327152967453,
        "Mixed": 0.0004135488416068256
    }
}
