{
    "Sentiment": "NEUTRAL",
    "SentimentScore": {
        "Positive": 0.0031627651769667864,
        "Negative": 0.08939386904239655,
        "Neutral": 0.9047861695289612,
        "Mixed": 0.0026572593487799168
    }
}
