{
    "Sentiment": "NEUTRAL",
    "SentimentScore": {
        "Positive": 0.003839982207864523,
        "Negative": 0.019152367487549782,
        "Neutral": 0.9747121930122375,
        "Mixed": 0.002295465674251318
    }
}
