{
    "Sentiment": "NEUTRAL",
    "SentimentScore": {
        "Positive": 0.05383257567882538,
        "Negative": 0.0020621197763830423,
        "Neutral": 0.941887378692627,
        "Mixed": 0.0022178683429956436
    }
}
