{
    "Sentiment": "NEUTRAL",
    "SentimentScore": {
        "Positive": 0.05643535032868385,
        "Negative": 0.04856489971280098,
        "Neutral": 0.8660598397254944,
        "Mixed": 0.02893988788127899
    }
}
