{
    "Sentiment": "NEUTRAL",
    "SentimentScore": {
        "Positive": 0.29263797402381897,
        "Negative": 0.058227624744176865,
        "Neutral": 0.6218280792236328,
        "Mixed": 0.02730635181069374
    }
}
