{
    "Sentiment": "NEUTRAL",
    "SentimentScore": {
        "Positive": 0.004636432975530624,
        "Negative": 0.004365458153188229,
        "Neutral": 0.9900097250938416,
        "Mixed": 0.000988370506092906
    }
}
