{
    "Sentiment": "NEGATIVE",
    "SentimentScore": {
        "Positive": 0.026479344815015793,
        "Negative": 0.539333701133728,
        "Neutral": 0.3257737159729004,
        "Mixed": 0.10841330140829086
    }
}
