{
    "Sentiment": "NEUTRAL",
    "SentimentScore": {
        "Positive": 0.0025800627190619707,
        "Negative": 0.0011409154394641519,
        "Neutral": 0.9960285425186157,
        "Mixed": 0.0002505261800251901
    }
}
