{
    "Sentiment": "NEUTRAL",
    "SentimentScore": {
        "Positive": 0.039433903992176056,
        "Negative": 0.035483382642269135,
        "Neutral": 0.9218616485595703,
        "Mixed": 0.0032211036887019873
    }
}
