{
    "Sentiment": "NEUTRAL",
    "SentimentScore": {
        "Positive": 0.004118144977837801,
        "Negative": 0.03874427452683449,
        "Neutral": 0.9550560712814331,
        "Mixed": 0.0020815657917410135
    }
}
