{
    "Sentiment": "NEUTRAL",
    "SentimentScore": {
        "Positive": 0.0031099910847842693,
        "Negative": 0.010083836503326893,
        "Neutral": 0.9861970543861389,
        "Mixed": 0.0006090806564316154
    }
}
