{
    "Sentiment": "NEUTRAL",
    "SentimentScore": {
        "Positive": 0.009959768503904343,
        "Negative": 0.07321085035800934,
        "Neutral": 0.911060631275177,
        "Mixed": 0.0057687899097800255
    }
}
