{
    "Sentiment": "NEUTRAL",
    "SentimentScore": {
        "Positive": 0.012488638050854206,
        "Negative": 0.011462950147688389,
        "Neutral": 0.9714133739471436,
        "Mixed": 0.004635116085410118
    }
}
