{
    "Sentiment": "NEUTRAL",
    "SentimentScore": {
        "Positive": 0.01568209007382393,
        "Negative": 0.020270951092243195,
        "Neutral": 0.9532491564750671,
        "Mixed": 0.010797875002026558
    }
}
