{
    "Sentiment": "NEUTRAL",
    "SentimentScore": {
        "Positive": 0.00878269411623478,
        "Negative": 0.10814154148101807,
        "Neutral": 0.880394458770752,
        "Mixed": 0.0026812884025275707
    }
}
