{
    "Sentiment": "NEUTRAL",
    "SentimentScore": {
        "Positive": 0.009768331423401833,
        "Negative": 0.12332787364721298,
        "Neutral": 0.8519099354743958,
        "Mixed": 0.014993900433182716
    }
}
