{
    "Sentiment": "NEUTRAL",
    "SentimentScore": {
        "Positive": 0.011043460108339787,
        "Negative": 0.009871646761894226,
        "Neutral": 0.9761461019515991,
        "Mixed": 0.0029388258699327707
    }
}
