{
    "Sentiment": "NEUTRAL",
    "SentimentScore": {
        "Positive": 0.004863564390689135,
        "Negative": 0.006411321461200714,
        "Neutral": 0.9876904487609863,
        "Mixed": 0.0010346820345148444
    }
}
