{
    "Sentiment": "NEUTRAL",
    "SentimentScore": {
        "Positive": 0.0177117008715868,
        "Negative": 0.00989746954292059,
        "Neutral": 0.9711100459098816,
        "Mixed": 0.0012807599268853664
    }
}
