{
    "Sentiment": "NEUTRAL",
    "SentimentScore": {
        "Positive": 0.02874729037284851,
        "Negative": 0.009783131070435047,
        "Neutral": 0.9558324217796326,
        "Mixed": 0.00563719030469656
    }
}
