{
    "Sentiment": "NEUTRAL",
    "SentimentScore": {
        "Positive": 0.0028494426514953375,
        "Negative": 0.006105457898229361,
        "Neutral": 0.9902545809745789,
        "Mixed": 0.0007905767415650189
    }
}
