{
    "Sentiment": "NEUTRAL",
    "SentimentScore": {
        "Positive": 0.001759296515956521,
        "Negative": 0.00522172637283802,
        "Neutral": 0.9926593899726868,
        "Mixed": 0.000359640660462901
    }
}
