{
    "Sentiment": "NEUTRAL",
    "SentimentScore": {
        "Positive": 0.017427098006010056,
        "Negative": 0.024197863414883614,
        "Neutral": 0.9509453177452087,
        "Mixed": 0.007429724093526602
    }
}
