{
    "Sentiment": "NEUTRAL",
    "SentimentScore": {
        "Positive": 0.002357059856876731,
        "Negative": 0.0020194947719573975,
        "Neutral": 0.9953165054321289,
        "Mixed": 0.00030694674933329225
    }
}
