{
    "Sentiment": "NEUTRAL",
    "SentimentScore": {
        "Positive": 0.0024239858612418175,
        "Negative": 0.01961505599319935,
        "Neutral": 0.9766939878463745,
        "Mixed": 0.001266952371224761
    }
}
