{
    "Sentiment": "NEUTRAL",
    "SentimentScore": {
        "Positive": 0.05671384930610657,
        "Negative": 0.005486552137881517,
        "Neutral": 0.9354963302612305,
        "Mixed": 0.00230326596647501
    }
}
