{
    "Sentiment": "NEUTRAL",
    "SentimentScore": {
        "Positive": 0.020468704402446747,
        "Negative": 0.2746036946773529,
        "Neutral": 0.6709526181221008,
        "Mixed": 0.03397497162222862
    }
}
