{
    "Sentiment": "NEUTRAL",
    "SentimentScore": {
        "Positive": 0.0056135267950594425,
        "Negative": 0.0026351818814873695,
        "Neutral": 0.9912249445915222,
        "Mixed": 0.0005263258935883641
    }
}
