{
    "Sentiment": "NEUTRAL",
    "SentimentScore": {
        "Positive": 0.00611731456592679,
        "Negative": 0.015618591569364071,
        "Neutral": 0.9767892956733704,
        "Mixed": 0.0014747277600690722
    }
}
