{
    "Sentiment": "NEUTRAL",
    "SentimentScore": {
        "Positive": 0.00222422881051898,
        "Negative": 0.07598953694105148,
        "Neutral": 0.9174267649650574,
        "Mixed": 0.0043593826703727245
    }
}
