{
    "Sentiment": "NEUTRAL",
    "SentimentScore": {
        "Positive": 0.035041868686676025,
        "Negative": 0.005512924864888191,
        "Neutral": 0.9564974308013916,
        "Mixed": 0.0029476932249963284
    }
}
