{
    "Sentiment": "NEUTRAL",
    "SentimentScore": {
        "Positive": 0.028252501040697098,
        "Negative": 0.014996184967458248,
        "Neutral": 0.9544467926025391,
        "Mixed": 0.002304434310644865
    }
}
