{
    "Sentiment": "NEUTRAL",
    "SentimentScore": {
        "Positive": 0.007679400034248829,
        "Negative": 0.052374519407749176,
        "Neutral": 0.9368888735771179,
        "Mixed": 0.003057220485061407
    }
}
