{
    "Sentiment": "NEUTRAL",
    "SentimentScore": {
        "Positive": 0.02235855720937252,
        "Negative": 0.07260147482156754,
        "Neutral": 0.9013562202453613,
        "Mixed": 0.0036836916115134954
    }
}
