{
    "Sentiment": "NEUTRAL",
    "SentimentScore": {
        "Positive": 0.002834674436599016,
        "Negative": 0.033750854432582855,
        "Neutral": 0.960746705532074,
        "Mixed": 0.002667739288881421
    }
}
