{
    "Sentiment": "NEUTRAL",
    "SentimentScore": {
        "Positive": 0.007281112484633923,
        "Negative": 0.17772825062274933,
        "Neutral": 0.7992110848426819,
        "Mixed": 0.01577952317893505
    }
}
