{
    "Sentiment": "NEUTRAL",
    "SentimentScore": {
        "Positive": 0.18487311899662018,
        "Negative": 0.20965899527072906,
        "Neutral": 0.5421491265296936,
        "Mixed": 0.06331881135702133
    }
}
