{
    "Sentiment": "NEUTRAL",
    "SentimentScore": {
        "Positive": 0.00335702789016068,
        "Negative": 0.20552998781204224,
        "Neutral": 0.784014880657196,
        "Mixed": 0.007098029367625713
    }
}
