{
    "Sentiment": "NEUTRAL",
    "SentimentScore": {
        "Positive": 0.0024684718810021877,
        "Negative": 0.00447668693959713,
        "Neutral": 0.992401123046875,
        "Mixed": 0.0006537821027450264
    }
}
