{
    "Sentiment": "NEUTRAL",
    "SentimentScore": {
        "Positive": 0.006837223190814257,
        "Negative": 0.0047468398697674274,
        "Neutral": 0.9878076910972595,
        "Mixed": 0.000608190312050283
    }
}
