{
    "Sentiment": "NEUTRAL",
    "SentimentScore": {
        "Positive": 0.007211994379758835,
        "Negative": 0.0023944794666022062,
        "Neutral": 0.9897191524505615,
        "Mixed": 0.0006744339480064809
    }
}
