{
    "Sentiment": "NEUTRAL",
    "SentimentScore": {
        "Positive": 0.021591145545244217,
        "Negative": 0.018897073343396187,
        "Neutral": 0.9502596259117126,
        "Mixed": 0.009252144955098629
    }
}
