{
    "Sentiment": "NEUTRAL",
    "SentimentScore": {
        "Positive": 0.002524065552279353,
        "Negative": 0.07826383411884308,
        "Neutral": 0.9161136150360107,
        "Mixed": 0.0030984999611973763
    }
}
