{
    "Sentiment": "NEUTRAL",
    "SentimentScore": {
        "Positive": 0.007535501383244991,
        "Negative": 0.022174334153532982,
        "Neutral": 0.9670771360397339,
        "Mixed": 0.003212972544133663
    }
}
