{
    "Sentiment": "NEUTRAL",
    "SentimentScore": {
        "Positive": 0.053783781826496124,
        "Negative": 0.11225900799036026,
        "Neutral": 0.8284526467323303,
        "Mixed": 0.005504665430635214
    }
}
