{
    "Sentiment": "NEUTRAL",
    "SentimentScore": {
        "Positive": 0.01235124934464693,
        "Negative": 0.03067304939031601,
        "Neutral": 0.9462579488754272,
        "Mixed": 0.010717676021158695
    }
}
