{
    "Sentiment": "NEUTRAL",
    "SentimentScore": {
        "Positive": 0.014455466531217098,
        "Negative": 0.1702408790588379,
        "Neutral": 0.8102992177009583,
        "Mixed": 0.005004377570003271
    }
}
