{
    "Sentiment": "NEUTRAL",
    "SentimentScore": {
        "Positive": 0.004307511728256941,
        "Negative": 0.04542047530412674,
        "Neutral": 0.9471896290779114,
        "Mixed": 0.003082288196310401
    }
}
