{
    "Sentiment": "NEUTRAL",
    "SentimentScore": {
        "Positive": 0.09295914322137833,
        "Negative": 0.01293234433978796,
        "Neutral": 0.8896819353103638,
        "Mixed": 0.004426555708050728
    }
}
