{
    "Sentiment": "NEUTRAL",
    "SentimentScore": {
        "Positive": 0.00603739358484745,
        "Negative": 0.391969233751297,
        "Neutral": 0.5869544744491577,
        "Mixed": 0.015038955956697464
    }
}
