{
    "Sentiment": "NEUTRAL",
    "SentimentScore": {
        "Positive": 0.0020777806639671326,
        "Negative": 0.005791128613054752,
        "Neutral": 0.9916604161262512,
        "Mixed": 0.0004707404295913875
    }
}
