{
    "Sentiment": "NEUTRAL",
    "SentimentScore": {
        "Positive": 0.03423251956701279,
        "Negative": 0.03722833842039108,
        "Neutral": 0.9112684726715088,
        "Mixed": 0.017270652577280998
    }
}
