{
    "Sentiment": "NEUTRAL",
    "SentimentScore": {
        "Positive": 0.16925400495529175,
        "Negative": 0.1888061910867691,
        "Neutral": 0.6133466362953186,
        "Mixed": 0.028593147173523903
    }
}
