{
    "Sentiment": "NEUTRAL",
    "SentimentScore": {
        "Positive": 0.003860687604174018,
        "Negative": 0.004677535034716129,
        "Neutral": 0.9907263517379761,
        "Mixed": 0.0007354687550105155
    }
}
