{
    "Sentiment": "NEUTRAL",
    "SentimentScore": {
        "Positive": 0.1390102654695511,
        "Negative": 0.00967401172965765,
        "Neutral": 0.842077374458313,
        "Mixed": 0.009238382801413536
    }
}
