{
    "Sentiment": "NEUTRAL",
    "SentimentScore": {
        "Positive": 0.005043395329266787,
        "Negative": 0.09322056174278259,
        "Neutral": 0.8954816460609436,
        "Mixed": 0.006254369858652353
    }
}
