{
    "Sentiment": "NEUTRAL",
    "SentimentScore": {
        "Positive": 0.417598158121109,
        "Negative": 0.002010297030210495,
        "Neutral": 0.5773420929908752,
        "Mixed": 0.0030494302045553923
    }
}
