{
    "Sentiment": "NEUTRAL",
    "SentimentScore": {
        "Positive": 0.017555058002471924,
        "Negative": 0.052734483033418655,
        "Neutral": 0.9237067699432373,
        "Mixed": 0.006003610789775848
    }
}
