{
    "Sentiment": "NEUTRAL",
    "SentimentScore": {
        "Positive": 0.32700204849243164,
        "Negative": 0.0073322635143995285,
        "Neutral": 0.6562483906745911,
        "Mixed": 0.009417268447577953
    }
}
