{
    "Sentiment": "NEUTRAL",
    "SentimentScore": {
        "Positive": 0.010104670189321041,
        "Negative": 0.06610838323831558,
        "Neutral": 0.9170799255371094,
        "Mixed": 0.006707100663334131
    }
}
