{
    "Sentiment": "NEUTRAL",
    "SentimentScore": {
        "Positive": 0.08158662170171738,
        "Negative": 0.08585867285728455,
        "Neutral": 0.7910699844360352,
        "Mixed": 0.041484709829092026
    }
}
