{
    "Sentiment": "NEUTRAL",
    "SentimentScore": {
        "Positive": 0.002794526284560561,
        "Negative": 0.3305225074291229,
        "Neutral": 0.6567087173461914,
        "Mixed": 0.009974205866456032
    }
}
