{
    "Sentiment": "NEUTRAL",
    "SentimentScore": {
        "Positive": 0.33377954363822937,
        "Negative": 0.013058412820100784,
        "Neutral": 0.635788083076477,
        "Mixed": 0.017374001443386078
    }
}
