{
    "Sentiment": "NEUTRAL",
    "SentimentScore": {
        "Positive": 0.011396459303796291,
        "Negative": 0.052112605422735214,
        "Neutral": 0.9241976141929626,
        "Mixed": 0.012293289415538311
    }
}
