{
    "Sentiment": "NEUTRAL",
    "SentimentScore": {
        "Positive": 0.04360916465520859,
        "Negative": 0.01487075537443161,
        "Neutral": 0.9391971826553345,
        "Mixed": 0.002322887536138296
    }
}
