{
    "Sentiment": "NEUTRAL",
    "SentimentScore": {
        "Positive": 0.0704689547419548,
        "Negative": 0.02161695621907711,
        "Neutral": 0.8930287957191467,
        "Mixed": 0.014885246753692627
    }
}
