{
    "Sentiment": "NEUTRAL",
    "SentimentScore": {
        "Positive": 0.004277772270143032,
        "Negative": 0.00858382135629654,
        "Neutral": 0.9858172535896301,
        "Mixed": 0.0013211703626438975
    }
}
