{
    "Sentiment": "NEUTRAL",
    "SentimentScore": {
        "Positive": 0.003551623085513711,
        "Negative": 0.06597688794136047,
        "Neutral": 0.9247384071350098,
        "Mixed": 0.005733128171414137
    }
}
