{
    "Sentiment": "NEUTRAL",
    "SentimentScore": {
        "Positive": 0.08681782335042953,
        "Negative": 0.002566530602052808,
        "Neutral": 0.9073622226715088,
        "Mixed": 0.0032533903140574694
    }
}
