{
    "Sentiment": "NEUTRAL",
    "SentimentScore": {
        "Positive": 0.0029475779738277197,
        "Negative": 0.04023122042417526,
        "Neutral": 0.9534873366355896,
        "Mixed": 0.0033339138608425856
    }
}
