{
    "Sentiment": "NEUTRAL",
    "SentimentScore": {
        "Positive": 0.0015189724508672953,
        "Negative": 0.014857212081551552,
        "Neutral": 0.9829419851303101,
        "Mixed": 0.0006818272522650659
    }
}
