{
    "Sentiment": "NEUTRAL",
    "SentimentScore": {
        "Positive": 0.0035601011477410793,
        "Negative": 0.014172101393342018,
        "Neutral": 0.9808381199836731,
        "Mixed": 0.0014297168236225843
    }
}
