{
    "Sentiment": "NEUTRAL",
    "SentimentScore": {
        "Positive": 0.07118618488311768,
        "Negative": 0.0020725068170577288,
        "Neutral": 0.9247638583183289,
        "Mixed": 0.0019774329848587513
    }
}
