{
    "Sentiment": "NEUTRAL",
    "SentimentScore": {
        "Positive": 0.002350560389459133,
        "Negative": 0.006300551351159811,
        "Neutral": 0.9906125068664551,
        "Mixed": 0.0007363990298472345
    }
}
