{
    "Sentiment": "NEUTRAL",
    "SentimentScore": {
        "Positive": 0.009000604972243309,
        "Negative": 0.0031271795742213726,
        "Neutral": 0.9872216582298279,
        "Mixed": 0.0006506087956950068
    }
}
