{
    "Sentiment": "NEUTRAL",
    "SentimentScore": {
        "Positive": 0.022915907204151154,
        "Negative": 0.020104432478547096,
        "Neutral": 0.9511061906814575,
        "Mixed": 0.005873430520296097
    }
}
