{
    "Sentiment": "NEUTRAL",
    "SentimentScore": {
        "Positive": 0.01585162617266178,
        "Negative": 0.014956188388168812,
        "Neutral": 0.9670781493186951,
        "Mixed": 0.0021140540484339
    }
}
