{
    "Sentiment": "POSITIVE",
    "SentimentScore": {
        "Positive": 0.580864429473877,
        "Negative": 0.0022768776398152113,
        "Neutral": 0.40975892543792725,
        "Mixed": 0.007099748123437166
    }
}
