{
    "Sentiment": "NEUTRAL",
    "SentimentScore": {
        "Positive": 0.0015796140069141984,
        "Negative": 0.019692309200763702,
        "Neutral": 0.9778109788894653,
        "Mixed": 0.0009171471465379
    }
}
