{
    "Sentiment": "NEUTRAL",
    "SentimentScore": {
        "Positive": 0.008321231231093407,
        "Negative": 0.02827749028801918,
        "Neutral": 0.9595808982849121,
        "Mixed": 0.0038204630836844444
    }
}
