{
    "Sentiment": "NEUTRAL",
    "SentimentScore": {
        "Positive": 0.0025340309366583824,
        "Negative": 0.023094723001122475,
        "Neutral": 0.9725191593170166,
        "Mixed": 0.00185205542948097
    }
}
