{
    "Sentiment": "NEUTRAL",
    "SentimentScore": {
        "Positive": 0.0013102826196700335,
        "Negative": 0.005680294241756201,
        "Neutral": 0.9926427006721497,
        "Mixed": 0.0003667417331598699
    }
}
