{
    "Sentiment": "NEUTRAL",
    "SentimentScore": {
        "Positive": 0.3480476438999176,
        "Negative": 0.008389439433813095,
        "Neutral": 0.6361830830574036,
        "Mixed": 0.007379848510026932
    }
}
