{
    "Sentiment": "NEUTRAL",
    "SentimentScore": {
        "Positive": 0.00464717298746109,
        "Negative": 0.25059807300567627,
        "Neutral": 0.7353776097297668,
        "Mixed": 0.009377248585224152
    }
}
