{
    "Sentiment": "NEUTRAL",
    "SentimentScore": {
        "Positive": 0.06301285326480865,
        "Negative": 0.16688376665115356,
        "Neutral": 0.7404975295066833,
        "Mixed": 0.029605871066451073
    }
}
