{
    "Sentiment": "NEUTRAL",
    "SentimentScore": {
        "Positive": 0.0020383717492222786,
        "Negative": 0.1023729145526886,
        "Neutral": 0.8937186002731323,
        "Mixed": 0.00187011924572289
    }
}
