{
    "Sentiment": "POSITIVE",
    "SentimentScore": {
        "Positive": 0.8867213129997253,
        "Negative": 0.004586520604789257,
        "Neutral": 0.0912909209728241,
        "Mixed": 0.017401251941919327
    }
}
