{
    "Sentiment": "NEUTRAL",
    "SentimentScore": {
        "Positive": 0.0020145035814493895,
        "Negative": 0.018292341381311417,
        "Neutral": 0.9780310988426208,
        "Mixed": 0.0016619670204818249
    }
}
