{
    "Sentiment": "NEUTRAL",
    "SentimentScore": {
        "Positive": 0.04466262832283974,
        "Negative": 0.0036787621211260557,
        "Neutral": 0.9487693905830383,
        "Mixed": 0.002889154478907585
    }
}
