{
    "Sentiment": "NEUTRAL",
    "SentimentScore": {
        "Positive": 0.20880356431007385,
        "Negative": 0.01737830601632595,
        "Neutral": 0.769558310508728,
        "Mixed": 0.004259906709194183
    }
}
