{
    "Sentiment": "NEUTRAL",
    "SentimentScore": {
        "Positive": 0.009567467495799065,
        "Negative": 0.08006473630666733,
        "Neutral": 0.8971251249313354,
        "Mixed": 0.013242650777101517
    }
}
