{
    "Sentiment": "NEUTRAL",
    "SentimentScore": {
        "Positive": 0.0020321644842624664,
        "Negative": 0.02473360486328602,
        "Neutral": 0.9717538952827454,
        "Mixed": 0.0014803005615249276
    }
}
