{
    "Sentiment": "NEGATIVE",
    "SentimentScore": {
        "Positive": 0.06484365463256836,
        "Negative": 0.7327796816825867,
        "Neutral": 0.19204425811767578,
        "Mixed": 0.010332449339330196
    }
}
