{
    "Sentiment": "NEUTRAL",
    "SentimentScore": {
        "Positive": 0.0076470631174743176,
        "Negative": 0.009426536969840527,
        "Neutral": 0.9814174771308899,
        "Mixed": 0.0015088369837030768
    }
}
