{
    "Sentiment": "NEUTRAL",
    "SentimentScore": {
        "Positive": 0.15924683213233948,
        "Negative": 0.06217258423566818,
        "Neutral": 0.7169809341430664,
        "Mixed": 0.06159965693950653
    }
}
