{
    "Sentiment": "NEUTRAL",
    "SentimentScore": {
        "Positive": 0.06158916652202606,
        "Negative": 0.07098245620727539,
        "Neutral": 0.8561994433403015,
        "Mixed": 0.0112288948148489
    }
}
