{
    "Sentiment": "NEUTRAL",
    "SentimentScore": {
        "Positive": 0.008392298594117165,
        "Negative": 0.012942911125719547,
        "Neutral": 0.9743884801864624,
        "Mixed": 0.004276265390217304
    }
}
