{
    "Sentiment": "NEUTRAL",
    "SentimentScore": {
        "Positive": 0.20693406462669373,
        "Negative": 0.05214114114642143,
        "Neutral": 0.6839214563369751,
        "Mixed": 0.057003334164619446
    }
}
