{
    "Sentiment": "NEUTRAL",
    "SentimentScore": {
        "Positive": 0.13846133649349213,
        "Negative": 0.02919028140604496,
        "Neutral": 0.8144631385803223,
        "Mixed": 0.01788526400923729
    }
}
