{
    "Sentiment": "NEUTRAL",
    "SentimentScore": {
        "Positive": 0.00221584876999259,
        "Negative": 0.2712293267250061,
        "Neutral": 0.7183932065963745,
        "Mixed": 0.008161612786352634
    }
}
