{
    "Sentiment": "NEUTRAL",
    "SentimentScore": {
        "Positive": 0.02273181453347206,
        "Negative": 0.044226281344890594,
        "Neutral": 0.9252097010612488,
        "Mixed": 0.007832183502614498
    }
}
