{
    "Sentiment": "NEUTRAL",
    "SentimentScore": {
        "Positive": 0.0034652419853955507,
        "Negative": 0.0017691593384370208,
        "Neutral": 0.994525671005249,
        "Mixed": 0.00023991952184587717
    }
}
