{
    "Sentiment": "NEUTRAL",
    "SentimentScore": {
        "Positive": 0.029959850013256073,
        "Negative": 0.1247064545750618,
        "Neutral": 0.8402055501937866,
        "Mixed": 0.005128105171024799
    }
}
