{
    "Sentiment": "NEUTRAL",
    "SentimentScore": {
        "Positive": 0.018488416448235512,
        "Negative": 0.10554871708154678,
        "Neutral": 0.8595719337463379,
        "Mixed": 0.016390977427363396
    }
}
