{
    "Sentiment": "NEGATIVE",
    "SentimentScore": {
        "Positive": 0.012776024639606476,
        "Negative": 0.6611035466194153,
        "Neutral": 0.2989885210990906,
        "Mixed": 0.02713198959827423
    }
}
