{
    "Sentiment": "NEUTRAL",
    "SentimentScore": {
        "Positive": 0.005434009712189436,
        "Negative": 0.07324163615703583,
        "Neutral": 0.9114906787872314,
        "Mixed": 0.00983370654284954
    }
}
