{
    "Sentiment": "NEUTRAL",
    "SentimentScore": {
        "Positive": 0.00184095639269799,
        "Negative": 0.002871904755011201,
        "Neutral": 0.9947723746299744,
        "Mixed": 0.0005148262716829777
    }
}
