{
    "Sentiment": "NEUTRAL",
    "SentimentScore": {
        "Positive": 0.11649367213249207,
        "Negative": 0.12636126577854156,
        "Neutral": 0.731772780418396,
        "Mixed": 0.025372298434376717
    }
}
