{
    "Sentiment": "NEUTRAL",
    "SentimentScore": {
        "Positive": 0.02661963365972042,
        "Negative": 0.061093591153621674,
        "Neutral": 0.8961072564125061,
        "Mixed": 0.01617945358157158
    }
}
