{
    "Sentiment": "NEUTRAL",
    "SentimentScore": {
        "Positive": 0.003212067997083068,
        "Negative": 0.05124031379818916,
        "Neutral": 0.9427298307418823,
        "Mixed": 0.002817716682329774
    }
}
