{
    "Sentiment": "NEUTRAL",
    "SentimentScore": {
        "Positive": 0.0036521279253065586,
        "Negative": 0.12690235674381256,
        "Neutral": 0.8641817569732666,
        "Mixed": 0.0052637578919529915
    }
}
