{
    "Sentiment": "NEUTRAL",
    "SentimentScore": {
        "Positive": 0.003462113905698061,
        "Negative": 0.006137012969702482,
        "Neutral": 0.9897107481956482,
        "Mixed": 0.0006902440800331533
    }
}
