{
    "Sentiment": "NEUTRAL",
    "SentimentScore": {
        "Positive": 0.006647773552685976,
        "Negative": 0.016088925302028656,
        "Neutral": 0.9759320020675659,
        "Mixed": 0.0013312447117641568
    }
}
