{
    "Sentiment": "NEUTRAL",
    "SentimentScore": {
        "Positive": 0.003112086094915867,
        "Negative": 0.0021851419005542994,
        "Neutral": 0.9943069815635681,
        "Mixed": 0.0003958164306823164
    }
}
