{
    "Sentiment": "NEUTRAL",
    "SentimentScore": {
        "Positive": 0.009767004288733006,
        "Negative": 0.0053917174227535725,
        "Neutral": 0.9842575788497925,
        "Mixed": 0.0005836882046423852
    }
}
