{
    "Sentiment": "NEUTRAL",
    "SentimentScore": {
        "Positive": 0.0024144602939486504,
        "Negative": 0.02237667702138424,
        "Neutral": 0.9728197455406189,
        "Mixed": 0.0023891134187579155
    }
}
