{
    "Sentiment": "NEUTRAL",
    "SentimentScore": {
        "Positive": 0.0011877348879352212,
        "Negative": 0.09381069242954254,
        "Neutral": 0.9025808572769165,
        "Mixed": 0.0024206533562391996
    }
}
