{
    "Sentiment": "POSITIVE",
    "SentimentScore": {
        "Positive": 0.9234486222267151,
        "Negative": 0.002441145945340395,
        "Neutral": 0.0625704824924469,
        "Mixed": 0.011539815925061703
    }
}
