{
    "Sentiment": "NEUTRAL",
    "SentimentScore": {
        "Positive": 0.004610931035131216,
        "Negative": 0.010936485603451729,
        "Neutral": 0.9825041890144348,
        "Mixed": 0.0019483094802126288
    }
}
