{
    "Sentiment": "NEUTRAL",
    "SentimentScore": {
        "Positive": 0.003816225565969944,
        "Negative": 0.1425848752260208,
        "Neutral": 0.8472438454627991,
        "Mixed": 0.006355034653097391
    }
}
