{
    "Sentiment": "NEUTRAL",
    "SentimentScore": {
        "Positive": 0.01161324791610241,
        "Negative": 0.03502867743372917,
        "Neutral": 0.9475266933441162,
        "Mixed": 0.0058313352055847645
    }
}
