{
    "Sentiment": "NEUTRAL",
    "SentimentScore": {
        "Positive": 0.017333269119262695,
        "Negative": 0.0844607874751091,
        "Neutral": 0.8774574995040894,
        "Mixed": 0.02074846252799034
    }
}
