{
    "Sentiment": "NEUTRAL",
    "SentimentScore": {
        "Positive": 0.0037097237072885036,
        "Negative": 0.021806437522172928,
        "Neutral": 0.9725601077079773,
        "Mixed": 0.0019237552769482136
    }
}
