{
    "Sentiment": "POSITIVE",
    "SentimentScore": {
        "Positive": 0.7364030480384827,
        "Negative": 0.00531842652708292,
        "Neutral": 0.24130509793758392,
        "Mixed": 0.01697341538965702
    }
}
