{
    "Sentiment": "NEUTRAL",
    "SentimentScore": {
        "Positive": 0.028257004916667938,
        "Negative": 0.005101502873003483,
        "Neutral": 0.9630135893821716,
        "Mixed": 0.0036279356572777033
    }
}
