{
    "Sentiment": "NEUTRAL",
    "SentimentScore": {
        "Positive": 0.1047026515007019,
        "Negative": 0.016421083360910416,
        "Neutral": 0.8716008067131042,
        "Mixed": 0.0072753820568323135
    }
}
