{
    "Sentiment": "NEUTRAL",
    "SentimentScore": {
        "Positive": 0.004851322155445814,
        "Negative": 0.08614517003297806,
        "Neutral": 0.902824878692627,
        "Mixed": 0.006178655195981264
    }
}
