{
    "Sentiment": "NEGATIVE",
    "SentimentScore": {
        "Positive": 0.008593354374170303,
        "Negative": 0.5479392409324646,
        "Neutral": 0.42401936650276184,
        "Mixed": 0.019448013976216316
    }
}
