{
    "Sentiment": "NEUTRAL",
    "SentimentScore": {
        "Positive": 0.0152156762778759,
        "Negative": 0.04655715823173523,
        "Neutral": 0.9282547831535339,
        "Mixed": 0.009972347877919674
    }
}
