{
    "Sentiment": "NEUTRAL",
    "SentimentScore": {
        "Positive": 0.04564451053738594,
        "Negative": 0.006787868216633797,
        "Neutral": 0.9427091479301453,
        "Mixed": 0.004858367145061493
    }
}
