{
    "Sentiment": "NEUTRAL",
    "SentimentScore": {
        "Positive": 0.0255353432148695,
        "Negative": 0.028462743386626244,
        "Neutral": 0.9393525719642639,
        "Mixed": 0.006649309303611517
    }
}
