{
    "Sentiment": "NEUTRAL",
    "SentimentScore": {
        "Positive": 0.009479551576077938,
        "Negative": 0.005754098296165466,
        "Neutral": 0.9825376868247986,
        "Mixed": 0.002228744328022003
    }
}
