{
    "Sentiment": "NEUTRAL",
    "SentimentScore": {
        "Positive": 0.03231250122189522,
        "Negative": 0.19578266143798828,
        "Neutral": 0.7174748182296753,
        "Mixed": 0.054430026561021805
    }
}
