{
    "Sentiment": "POSITIVE",
    "SentimentScore": {
        "Positive": 0.7953412532806396,
        "Negative": 0.010258866474032402,
        "Neutral": 0.1660175621509552,
        "Mixed": 0.028382329270243645
    }
}
