{
    "Sentiment": "NEUTRAL",
    "SentimentScore": {
        "Positive": 0.003173024393618107,
        "Negative": 0.04006679356098175,
        "Neutral": 0.9541428089141846,
        "Mixed": 0.002617319580167532
    }
}
