{
    "Sentiment": "NEUTRAL",
    "SentimentScore": {
        "Positive": 0.12167778611183167,
        "Negative": 0.02435050718486309,
        "Neutral": 0.8432779908180237,
        "Mixed": 0.010693714953958988
    }
}
