{
    "Sentiment": "NEUTRAL",
    "SentimentScore": {
        "Positive": 0.06653109937906265,
        "Negative": 0.009337881579995155,
        "Neutral": 0.9166358113288879,
        "Mixed": 0.0074952635914087296
    }
}
