{
    "Sentiment": "NEUTRAL",
    "SentimentScore": {
        "Positive": 0.012410284951329231,
        "Negative": 0.010764354839920998,
        "Neutral": 0.9741976261138916,
        "Mixed": 0.002627699403092265
    }
}
