{
    "Sentiment": "NEUTRAL",
    "SentimentScore": {
        "Positive": 0.44106489419937134,
        "Negative": 0.008679892867803574,
        "Neutral": 0.5270732641220093,
        "Mixed": 0.023181946948170662
    }
}
