{
    "Sentiment": "NEUTRAL",
    "SentimentScore": {
        "Positive": 0.03392532095313072,
        "Negative": 0.3721943199634552,
        "Neutral": 0.5761139392852783,
        "Mixed": 0.01776651106774807
    }
}
