{
    "Sentiment": "NEUTRAL",
    "SentimentScore": {
        "Positive": 0.07751196622848511,
        "Negative": 0.09609115868806839,
        "Neutral": 0.8156420588493347,
        "Mixed": 0.01075485348701477
    }
}
