{
    "Sentiment": "NEUTRAL",
    "SentimentScore": {
        "Positive": 0.2338138371706009,
        "Negative": 0.0483488030731678,
        "Neutral": 0.6649704575538635,
        "Mixed": 0.05286693200469017
    }
}
