{
    "Sentiment": "NEUTRAL",
    "SentimentScore": {
        "Positive": 0.0815659686923027,
        "Negative": 0.043569181114435196,
        "Neutral": 0.8693140149116516,
        "Mixed": 0.005550897214561701
    }
}
