{
    "Sentiment": "NEUTRAL",
    "SentimentScore": {
        "Positive": 0.008593544363975525,
        "Negative": 0.003637023502960801,
        "Neutral": 0.9865005612373352,
        "Mixed": 0.001268872176297009
    }
}
