{
    "Sentiment": "NEUTRAL",
    "SentimentScore": {
        "Positive": 0.0016651321202516556,
        "Negative": 0.055408742278814316,
        "Neutral": 0.9399428367614746,
        "Mixed": 0.002983338199555874
    }
}
