{
    "Sentiment": "NEUTRAL",
    "SentimentScore": {
        "Positive": 0.08172613382339478,
        "Negative": 0.028738921508193016,
        "Neutral": 0.8690470457077026,
        "Mixed": 0.020487887784838676
    }
}
