{
    "Sentiment": "NEUTRAL",
    "SentimentScore": {
        "Positive": 0.0017511638579890132,
        "Negative": 0.01822790503501892,
        "Neutral": 0.9784451127052307,
        "Mixed": 0.0015758039662614465
    }
}
