{
    "Sentiment": "NEUTRAL",
    "SentimentScore": {
        "Positive": 0.027972379699349403,
        "Negative": 0.029731865972280502,
        "Neutral": 0.9312323331832886,
        "Mixed": 0.011063413694500923
    }
}
