{
    "Sentiment": "NEUTRAL",
    "SentimentScore": {
        "Positive": 0.04933015629649162,
        "Negative": 0.0029024560935795307,
        "Neutral": 0.9466130137443542,
        "Mixed": 0.0011544408043846488
    }
}
