{
    "Sentiment": "NEUTRAL",
    "SentimentScore": {
        "Positive": 0.17074880003929138,
        "Negative": 0.004791457671672106,
        "Neutral": 0.8203759789466858,
        "Mixed": 0.00408367533236742
    }
}
