{
    "Sentiment": "NEUTRAL",
    "SentimentScore": {
        "Positive": 0.0025372235104441643,
        "Negative": 0.016218729317188263,
        "Neutral": 0.9793046116828918,
        "Mixed": 0.0019393808906897902
    }
}
