{
    "Sentiment": "NEUTRAL",
    "SentimentScore": {
        "Positive": 0.0030066287145018578,
        "Negative": 0.012392661534249783,
        "Neutral": 0.983534038066864,
        "Mixed": 0.0010666872840374708
    }
}
