{
    "Sentiment": "NEUTRAL",
    "SentimentScore": {
        "Positive": 0.01027309987694025,
        "Negative": 0.030214210972189903,
        "Neutral": 0.9579190015792847,
        "Mixed": 0.001593629247508943
    }
}
