{
    "Sentiment": "NEUTRAL",
    "SentimentScore": {
        "Positive": 0.02966346964240074,
        "Negative": 0.003546725260093808,
        "Neutral": 0.965691864490509,
        "Mixed": 0.001097893575206399
    }
}
