{
    "Sentiment": "NEUTRAL",
    "SentimentScore": {
        "Positive": 0.03359758481383324,
        "Negative": 0.019514119252562523,
        "Neutral": 0.9382221698760986,
        "Mixed": 0.00866605807095766
    }
}
