{
    "Sentiment": "NEUTRAL",
    "SentimentScore": {
        "Positive": 0.002435475355014205,
        "Negative": 0.010387016460299492,
        "Neutral": 0.9857211112976074,
        "Mixed": 0.0014564316952601075
    }
}
