{
    "Sentiment": "NEUTRAL",
    "SentimentScore": {
        "Positive": 0.17435352504253387,
        "Negative": 0.001670804456807673,
        "Neutral": 0.821264386177063,
        "Mixed": 0.002711264416575432
    }
}
