{
    "Sentiment": "NEUTRAL",
    "SentimentScore": {
        "Positive": 0.006684614811092615,
        "Negative": 0.0007208730676211417,
        "Neutral": 0.9922783374786377,
        "Mixed": 0.0003161403292324394
    }
}
