{
    "Sentiment": "NEUTRAL",
    "SentimentScore": {
        "Positive": 0.013312160037457943,
        "Negative": 0.050339970737695694,
        "Neutral": 0.926642894744873,
        "Mixed": 0.009705004282295704
    }
}
