{
    "Sentiment": "NEUTRAL",
    "SentimentScore": {
        "Positive": 0.01730785332620144,
        "Negative": 0.005811539478600025,
        "Neutral": 0.9755241274833679,
        "Mixed": 0.001356526860035956
    }
}
