{
    "Sentiment": "NEUTRAL",
    "SentimentScore": {
        "Positive": 0.1542903482913971,
        "Negative": 0.09108937531709671,
        "Neutral": 0.7372686266899109,
        "Mixed": 0.017351634800434113
    }
}
