{
    "Sentiment": "NEUTRAL",
    "SentimentScore": {
        "Positive": 0.012593512423336506,
        "Negative": 0.024720896035432816,
        "Neutral": 0.9580415487289429,
        "Mixed": 0.004643999505788088
    }
}
