{
    "Sentiment": "NEUTRAL",
    "SentimentScore": {
        "Positive": 0.003365851007401943,
        "Negative": 0.006208330858498812,
        "Neutral": 0.989730715751648,
        "Mixed": 0.0006952254334464669
    }
}
