{
    "Sentiment": "NEUTRAL",
    "SentimentScore": {
        "Positive": 0.15339533984661102,
        "Negative": 0.008930923417210579,
        "Neutral": 0.8319449424743652,
        "Mixed": 0.005728754214942455
    }
}
