{
    "Sentiment": "NEUTRAL",
    "SentimentScore": {
        "Positive": 0.06938308477401733,
        "Negative": 0.024531442672014236,
        "Neutral": 0.882889449596405,
        "Mixed": 0.02319602109491825
    }
}
