{
    "Sentiment": "NEUTRAL",
    "SentimentScore": {
        "Positive": 0.011119878850877285,
        "Negative": 0.003328608348965645,
        "Neutral": 0.9844426512718201,
        "Mixed": 0.001108862808905542
    }
}
