{
    "Sentiment": "NEUTRAL",
    "SentimentScore": {
        "Positive": 0.08817803114652634,
        "Negative": 0.0035579162649810314,
        "Neutral": 0.9036579728126526,
        "Mixed": 0.004606038331985474
    }
}
