{
    "Sentiment": "NEUTRAL",
    "SentimentScore": {
        "Positive": 0.07631799578666687,
        "Negative": 0.05406036600470543,
        "Neutral": 0.8624657392501831,
        "Mixed": 0.007155967876315117
    }
}
