{
    "Sentiment": "NEUTRAL",
    "SentimentScore": {
        "Positive": 0.001997583080083132,
        "Negative": 0.039180152118206024,
        "Neutral": 0.9568950533866882,
        "Mixed": 0.0019272260833531618
    }
}
