{
    "Sentiment": "NEUTRAL",
    "SentimentScore": {
        "Positive": 0.005700110923498869,
        "Negative": 0.001224618754349649,
        "Neutral": 0.9925445318222046,
        "Mixed": 0.0005308119580149651
    }
}
