{
    "Sentiment": "NEGATIVE",
    "SentimentScore": {
        "Positive": 0.008116201497614384,
        "Negative": 0.8169146180152893,
        "Neutral": 0.1423960030078888,
        "Mixed": 0.03257322311401367
    }
}
