{
    "Sentiment": "NEUTRAL",
    "SentimentScore": {
        "Positive": 0.022411616519093513,
        "Negative": 0.08798801153898239,
        "Neutral": 0.8576468825340271,
        "Mixed": 0.03195354342460632
    }
}
