{
    "Sentiment": "NEUTRAL",
    "SentimentScore": {
        "Positive": 0.00223144912160933,
        "Negative": 0.03006906807422638,
        "Neutral": 0.9647361040115356,
        "Mixed": 0.002963379258289933
    }
}
