{
    "Sentiment": "MIXED",
    "SentimentScore": {
        "Positive": 0.09606266766786575,
        "Negative": 0.22470910847187042,
        "Neutral": 0.19942791759967804,
        "Mixed": 0.4798003137111664
    }
}
