{
    "Sentiment": "NEUTRAL",
    "SentimentScore": {
        "Positive": 0.003026676829904318,
        "Negative": 0.0015763987321406603,
        "Neutral": 0.9950219392776489,
        "Mixed": 0.00037500090547837317
    }
}
