{
    "Sentiment": "NEUTRAL",
    "SentimentScore": {
        "Positive": 0.031864240765571594,
        "Negative": 0.0012899809516966343,
        "Neutral": 0.9661180377006531,
        "Mixed": 0.0007277283584699035
    }
}
