{
    "Sentiment": "NEUTRAL",
    "SentimentScore": {
        "Positive": 0.05788349360227585,
        "Negative": 0.0013921622885391116,
        "Neutral": 0.9395949840545654,
        "Mixed": 0.00112934282515198
    }
}
