{
    "Sentiment": "NEUTRAL",
    "SentimentScore": {
        "Positive": 0.012530716136097908,
        "Negative": 0.0472923144698143,
        "Neutral": 0.9363412261009216,
        "Mixed": 0.0038357742596417665
    }
}
