{
    "Sentiment": "NEUTRAL",
    "SentimentScore": {
        "Positive": 0.0026172322686761618,
        "Negative": 0.1307026892900467,
        "Neutral": 0.8640026450157166,
        "Mixed": 0.0026773593854159117
    }
}
