{
    "Sentiment": "NEUTRAL",
    "SentimentScore": {
        "Positive": 0.04239041358232498,
        "Negative": 0.005400651600211859,
        "Neutral": 0.9506820440292358,
        "Mixed": 0.0015269198920577765
    }
}
