{
    "Sentiment": "NEUTRAL",
    "SentimentScore": {
        "Positive": 0.04251939803361893,
        "Negative": 0.0027945823967456818,
        "Neutral": 0.9531343579292297,
        "Mixed": 0.0015516695566475391
    }
}
