{
    "Sentiment": "NEUTRAL",
    "SentimentScore": {
        "Positive": 0.011092239059507847,
        "Negative": 0.007238848600536585,
        "Neutral": 0.980288028717041,
        "Mixed": 0.001380877336487174
    }
}
