{
    "Sentiment": "NEUTRAL",
    "SentimentScore": {
        "Positive": 0.015057772397994995,
        "Negative": 0.010468320921063423,
        "Neutral": 0.9735203981399536,
        "Mixed": 0.0009535145945847034
    }
}
