{
    "Sentiment": "NEUTRAL",
    "SentimentScore": {
        "Positive": 0.0010597148211672902,
        "Negative": 0.46217674016952515,
        "Neutral": 0.5285399556159973,
        "Mixed": 0.008223522454500198
    }
}
