{
    "Sentiment": "NEGATIVE",
    "SentimentScore": {
        "Positive": 0.03446916118264198,
        "Negative": 0.5016790628433228,
        "Neutral": 0.39907246828079224,
        "Mixed": 0.06477927416563034
    }
}
