{
    "Sentiment": "NEUTRAL",
    "SentimentScore": {
        "Positive": 0.06766347587108612,
        "Negative": 0.06602566689252853,
        "Neutral": 0.7744285464286804,
        "Mixed": 0.09188234061002731
    }
}
