{
    "Sentiment": "NEUTRAL",
    "SentimentScore": {
        "Positive": 0.027858717367053032,
        "Negative": 0.052478086203336716,
        "Neutral": 0.9162502288818359,
        "Mixed": 0.0034129975829273462
    }
}
