{
    "Sentiment": "NEUTRAL",
    "SentimentScore": {
        "Positive": 0.013043605722486973,
        "Negative": 0.02413623221218586,
        "Neutral": 0.9568883776664734,
        "Mixed": 0.005931739695370197
    }
}
