{
    "Sentiment": "NEUTRAL",
    "SentimentScore": {
        "Positive": 0.007464952301234007,
        "Negative": 0.007287220098078251,
        "Neutral": 0.9830310344696045,
        "Mixed": 0.002216821536421776
    }
}
