{
    "Sentiment": "NEUTRAL",
    "SentimentScore": {
        "Positive": 0.003641033312305808,
        "Negative": 0.11537352949380875,
        "Neutral": 0.8743690848350525,
        "Mixed": 0.006616273894906044
    }
}
