{
    "Sentiment": "NEUTRAL",
    "SentimentScore": {
        "Positive": 0.0026934295892715454,
        "Negative": 0.12906669080257416,
        "Neutral": 0.8602977991104126,
        "Mixed": 0.00794206839054823
    }
}
