{
    "Sentiment": "NEUTRAL",
    "SentimentScore": {
        "Positive": 0.010788286104798317,
        "Negative": 0.30820468068122864,
        "Neutral": 0.66495680809021,
        "Mixed": 0.016050254926085472
    }
}
