{
    "Sentiment": "NEUTRAL",
    "SentimentScore": {
        "Positive": 0.0025030227843672037,
        "Negative": 0.004121451638638973,
        "Neutral": 0.9929076433181763,
        "Mixed": 0.0004679411358665675
    }
}
