{
    "Sentiment": "NEUTRAL",
    "SentimentScore": {
        "Positive": 0.015057981945574284,
        "Negative": 0.052533771842718124,
        "Neutral": 0.92760169506073,
        "Mixed": 0.004806600045412779
    }
}
