{
    "Sentiment": "NEUTRAL",
    "SentimentScore": {
        "Positive": 0.036825887858867645,
        "Negative": 0.10605774819850922,
        "Neutral": 0.8496976494789124,
        "Mixed": 0.0074187288992106915
    }
}
