{
    "Sentiment": "NEUTRAL",
    "SentimentScore": {
        "Positive": 0.0034928612876683474,
        "Negative": 0.22908766567707062,
        "Neutral": 0.7498837113380432,
        "Mixed": 0.017535829916596413
    }
}
