{
    "Sentiment": "NEUTRAL",
    "SentimentScore": {
        "Positive": 0.003888722974807024,
        "Negative": 0.007607345003634691,
        "Neutral": 0.9877136945724487,
        "Mixed": 0.0007902386714704335
    }
}
