{
    "Sentiment": "NEUTRAL",
    "SentimentScore": {
        "Positive": 0.009494437836110592,
        "Negative": 0.0235795546323061,
        "Neutral": 0.9629929065704346,
        "Mixed": 0.003933094907552004
    }
}
