{
    "Sentiment": "NEUTRAL",
    "SentimentScore": {
        "Positive": 0.19283506274223328,
        "Negative": 0.018944915384054184,
        "Neutral": 0.7581895589828491,
        "Mixed": 0.030030492693185806
    }
}
