{
    "Sentiment": "NEUTRAL",
    "SentimentScore": {
        "Positive": 0.0916270986199379,
        "Negative": 0.003943772986531258,
        "Neutral": 0.9011741280555725,
        "Mixed": 0.0032550145406275988
    }
}
