{
    "Sentiment": "NEUTRAL",
    "SentimentScore": {
        "Positive": 0.00914220791310072,
        "Negative": 0.008989032357931137,
        "Neutral": 0.9780747890472412,
        "Mixed": 0.003793971845880151
    }
}
