{
    "Sentiment": "NEUTRAL",
    "SentimentScore": {
        "Positive": 0.005644285120069981,
        "Negative": 0.3767006993293762,
        "Neutral": 0.5882357954978943,
        "Mixed": 0.029419202357530594
    }
}
