{
    "Sentiment": "NEUTRAL",
    "SentimentScore": {
        "Positive": 0.04778573289513588,
        "Negative": 0.18597863614559174,
        "Neutral": 0.7487292289733887,
        "Mixed": 0.01750641129910946
    }
}
