{
    "Sentiment": "NEUTRAL",
    "SentimentScore": {
        "Positive": 0.0018301144009456038,
        "Negative": 0.004008220508694649,
        "Neutral": 0.9938092827796936,
        "Mixed": 0.0003523887135088444
    }
}
