{
    "Sentiment": "NEUTRAL",
    "SentimentScore": {
        "Positive": 0.08629367500543594,
        "Negative": 0.0015662952791899443,
        "Neutral": 0.9104564785957336,
        "Mixed": 0.0016835888382047415
    }
}
