{
    "Sentiment": "NEUTRAL",
    "SentimentScore": {
        "Positive": 0.3421270251274109,
        "Negative": 0.011400342918932438,
        "Neutral": 0.6420318484306335,
        "Mixed": 0.004440775606781244
    }
}
