{
    "Sentiment": "NEUTRAL",
    "SentimentScore": {
        "Positive": 0.054008517414331436,
        "Negative": 0.04798915609717369,
        "Neutral": 0.853482723236084,
        "Mixed": 0.04451959952712059
    }
}
