{
    "Sentiment": "NEUTRAL",
    "SentimentScore": {
        "Positive": 0.032758768647909164,
        "Negative": 0.03654029220342636,
        "Neutral": 0.9164654612541199,
        "Mixed": 0.014235501177608967
    }
}
