{
    "Sentiment": "NEUTRAL",
    "SentimentScore": {
        "Positive": 0.10255685448646545,
        "Negative": 0.006165997125208378,
        "Neutral": 0.8858432769775391,
        "Mixed": 0.005433902144432068
    }
}
