{
    "Sentiment": "POSITIVE",
    "SentimentScore": {
        "Positive": 0.6820102334022522,
        "Negative": 0.008408949710428715,
        "Neutral": 0.3028448820114136,
        "Mixed": 0.006735906004905701
    }
}
