{
    "Sentiment": "NEUTRAL",
    "SentimentScore": {
        "Positive": 0.0018422972643747926,
        "Negative": 0.002103999722748995,
        "Neutral": 0.995822548866272,
        "Mixed": 0.00023117380624171346
    }
}
