{
    "Sentiment": "NEUTRAL",
    "SentimentScore": {
        "Positive": 0.0075925057753920555,
        "Negative": 0.008900187909603119,
        "Neutral": 0.981428861618042,
        "Mixed": 0.002078395104035735
    }
}
