{
    "Sentiment": "NEUTRAL",
    "SentimentScore": {
        "Positive": 0.002446925500407815,
        "Negative": 0.03593458607792854,
        "Neutral": 0.9583934545516968,
        "Mixed": 0.0032249968498945236
    }
}
