{
    "Sentiment": "NEUTRAL",
    "SentimentScore": {
        "Positive": 0.038180071860551834,
        "Negative": 0.022138627246022224,
        "Neutral": 0.9185907244682312,
        "Mixed": 0.021090542897582054
    }
}
