{
    "Sentiment": "NEUTRAL",
    "SentimentScore": {
        "Positive": 0.042403530329465866,
        "Negative": 0.027270136401057243,
        "Neutral": 0.9251444935798645,
        "Mixed": 0.005181840155273676
    }
}
