{
    "Sentiment": "NEUTRAL",
    "SentimentScore": {
        "Positive": 0.0189035777002573,
        "Negative": 0.0019912461284548044,
        "Neutral": 0.978461503982544,
        "Mixed": 0.000643602863419801
    }
}
