{
    "Sentiment": "NEUTRAL",
    "SentimentScore": {
        "Positive": 0.040854595601558685,
        "Negative": 0.03691127523779869,
        "Neutral": 0.9128352403640747,
        "Mixed": 0.009398860856890678
    }
}
