{
    "Sentiment": "NEUTRAL",
    "SentimentScore": {
        "Positive": 0.006565236020833254,
        "Negative": 0.042429644614458084,
        "Neutral": 0.9468268752098083,
        "Mixed": 0.004178225062787533
    }
}
