{
    "Sentiment": "NEUTRAL",
    "SentimentScore": {
        "Positive": 0.004634703043848276,
        "Negative": 0.0034241704270243645,
        "Neutral": 0.9915487170219421,
        "Mixed": 0.0003924724296666682
    }
}
