{
    "Sentiment": "NEUTRAL",
    "SentimentScore": {
        "Positive": 0.010400624014437199,
        "Negative": 0.022319678217172623,
        "Neutral": 0.9596917629241943,
        "Mixed": 0.0075879753567278385
    }
}
