{
    "Sentiment": "NEUTRAL",
    "SentimentScore": {
        "Positive": 0.008364420384168625,
        "Negative": 0.0185271967202425,
        "Neutral": 0.9679311513900757,
        "Mixed": 0.0051772501319646835
    }
}
