{
    "Sentiment": "NEUTRAL",
    "SentimentScore": {
        "Positive": 0.02503945119678974,
        "Negative": 0.2231607735157013,
        "Neutral": 0.7375207543373108,
        "Mixed": 0.014279086142778397
    }
}
