{
    "Sentiment": "NEUTRAL",
    "SentimentScore": {
        "Positive": 0.0035382830537855625,
        "Negative": 0.09339308738708496,
        "Neutral": 0.9002063274383545,
        "Mixed": 0.0028622604440897703
    }
}
