{
    "Sentiment": "NEUTRAL",
    "SentimentScore": {
        "Positive": 0.02975093014538288,
        "Negative": 0.011308428831398487,
        "Neutral": 0.9564715027809143,
        "Mixed": 0.002469062339514494
    }
}
