{
    "Sentiment": "NEGATIVE",
    "SentimentScore": {
        "Positive": 0.12048293650150299,
        "Negative": 0.550959050655365,
        "Neutral": 0.2671516239643097,
        "Mixed": 0.06140638515353203
    }
}
