{
    "Sentiment": "POSITIVE",
    "SentimentScore": {
        "Positive": 0.9710440635681152,
        "Negative": 0.0003037461428903043,
        "Neutral": 0.026549696922302246,
        "Mixed": 0.0021025349851697683
    }
}
