{
    "Sentiment": "POSITIVE",
    "SentimentScore": {
        "Positive": 0.6785117983818054,
        "Negative": 0.07557791471481323,
        "Neutral": 0.2263193279504776,
        "Mixed": 0.019591011106967926
    }
}
