{
    "Sentiment": "NEUTRAL",
    "SentimentScore": {
        "Positive": 0.004941814113408327,
        "Negative": 0.01605655625462532,
        "Neutral": 0.9767600893974304,
        "Mixed": 0.002241565613076091
    }
}
