{
    "Sentiment": "NEUTRAL",
    "SentimentScore": {
        "Positive": 0.028804732486605644,
        "Negative": 0.014865105971693993,
        "Neutral": 0.9548079967498779,
        "Mixed": 0.0015220995992422104
    }
}
