{
    "Sentiment": "POSITIVE",
    "SentimentScore": {
        "Positive": 0.8126674890518188,
        "Negative": 0.00950525887310505,
        "Neutral": 0.1644335389137268,
        "Mixed": 0.013393779285252094
    }
}
