{
    "Sentiment": "NEUTRAL",
    "SentimentScore": {
        "Positive": 0.009135762229561806,
        "Negative": 0.001154223340563476,
        "Neutral": 0.9891477823257446,
        "Mixed": 0.0005622505559585989
    }
}
