{
    "Sentiment": "NEUTRAL",
    "SentimentScore": {
        "Positive": 0.007909408770501614,
        "Negative": 0.05117133632302284,
        "Neutral": 0.9338681697845459,
        "Mixed": 0.007051041815429926
    }
}
