{
    "Sentiment": "NEUTRAL",
    "SentimentScore": {
        "Positive": 0.0017087804153561592,
        "Negative": 0.008712967857718468,
        "Neutral": 0.9887735247612,
        "Mixed": 0.0008047081646509469
    }
}
