{
    "Sentiment": "NEUTRAL",
    "SentimentScore": {
        "Positive": 0.009712549857795238,
        "Negative": 0.011012711562216282,
        "Neutral": 0.978415846824646,
        "Mixed": 0.0008588552009314299
    }
}
