{
    "Sentiment": "NEUTRAL",
    "SentimentScore": {
        "Positive": 0.006882223300635815,
        "Negative": 0.04337048903107643,
        "Neutral": 0.9433845281600952,
        "Mixed": 0.006362800486385822
    }
}
