{
    "Sentiment": "NEUTRAL",
    "SentimentScore": {
        "Positive": 0.007507313974201679,
        "Negative": 0.07879325747489929,
        "Neutral": 0.8992253541946411,
        "Mixed": 0.014474024996161461
    }
}
