{
    "Sentiment": "NEUTRAL",
    "SentimentScore": {
        "Positive": 0.12284320592880249,
        "Negative": 0.0415705181658268,
        "Neutral": 0.8303842544555664,
        "Mixed": 0.005201950203627348
    }
}
