{
    "Sentiment": "NEUTRAL",
    "SentimentScore": {
        "Positive": 0.035065267235040665,
        "Negative": 0.13142821192741394,
        "Neutral": 0.825262725353241,
        "Mixed": 0.00824389886111021
    }
}
