{
    "Sentiment": "NEUTRAL",
    "SentimentScore": {
        "Positive": 0.0016157370992004871,
        "Negative": 0.019287265837192535,
        "Neutral": 0.977055549621582,
        "Mixed": 0.0020414108876138926
    }
}
