{
    "Sentiment": "NEUTRAL",
    "SentimentScore": {
        "Positive": 0.007436441723257303,
        "Negative": 0.2346051037311554,
        "Neutral": 0.7509258985519409,
        "Mixed": 0.0070325653068721294
    }
}
