{
    "Sentiment": "NEUTRAL",
    "SentimentScore": {
        "Positive": 0.0018310865852981806,
        "Negative": 0.0018181108171120286,
        "Neutral": 0.996055006980896,
        "Mixed": 0.00029572847415693104
    }
}
