{
    "Sentiment": "NEUTRAL",
    "SentimentScore": {
        "Positive": 0.06840268522500992,
        "Negative": 0.013195195235311985,
        "Neutral": 0.9131006002426147,
        "Mixed": 0.005301460158079863
    }
}
