{
    "Sentiment": "NEUTRAL",
    "SentimentScore": {
        "Positive": 0.4017394483089447,
        "Negative": 0.0017836731858551502,
        "Neutral": 0.5910182595252991,
        "Mixed": 0.00545864924788475
    }
}
