{
    "Sentiment": "NEUTRAL",
    "SentimentScore": {
        "Positive": 0.007185047492384911,
        "Negative": 0.0028994784224778414,
        "Neutral": 0.9894834160804749,
        "Mixed": 0.0004320142325013876
    }
}
