{
    "Sentiment": "NEUTRAL",
    "SentimentScore": {
        "Positive": 0.09885022789239883,
        "Negative": 0.0018711216980591416,
        "Neutral": 0.896080493927002,
        "Mixed": 0.0031982711516320705
    }
}
