{
    "Sentiment": "NEUTRAL",
    "SentimentScore": {
        "Positive": 0.04029310867190361,
        "Negative": 0.026504740118980408,
        "Neutral": 0.919171154499054,
        "Mixed": 0.01403102558106184
    }
}
