{
    "Sentiment": "NEUTRAL",
    "SentimentScore": {
        "Positive": 0.004812340252101421,
        "Negative": 0.003512368770316243,
        "Neutral": 0.9911680221557617,
        "Mixed": 0.0005072984495200217
    }
}
