{
    "Sentiment": "NEUTRAL",
    "SentimentScore": {
        "Positive": 0.020550133660435677,
        "Negative": 0.035417426377534866,
        "Neutral": 0.9321908354759216,
        "Mixed": 0.011841664090752602
    }
}
