{
    "Sentiment": "NEUTRAL",
    "SentimentScore": {
        "Positive": 0.038216639310121536,
        "Negative": 0.013319405727088451,
        "Neutral": 0.9456409811973572,
        "Mixed": 0.0028230168391019106
    }
}
