{
    "Sentiment": "NEUTRAL",
    "SentimentScore": {
        "Positive": 0.004178427159786224,
        "Negative": 0.004190388601273298,
        "Neutral": 0.9911090135574341,
        "Mixed": 0.0005221711471676826
    }
}
