{
    "Sentiment": "NEUTRAL",
    "SentimentScore": {
        "Positive": 0.26263198256492615,
        "Negative": 0.03596770018339157,
        "Neutral": 0.6714260578155518,
        "Mixed": 0.029974261298775673
    }
}
