{
    "Sentiment": "NEUTRAL",
    "SentimentScore": {
        "Positive": 0.018372798338532448,
        "Negative": 0.10941281914710999,
        "Neutral": 0.8555211424827576,
        "Mixed": 0.01669328659772873
    }
}
