{
    "Sentiment": "NEUTRAL",
    "SentimentScore": {
        "Positive": 0.0020055260974913836,
        "Negative": 0.022355394437909126,
        "Neutral": 0.9739317893981934,
        "Mixed": 0.0017072645714506507
    }
}
