{
    "Sentiment": "NEUTRAL",
    "SentimentScore": {
        "Positive": 0.00439963024109602,
        "Negative": 0.008671734482049942,
        "Neutral": 0.9857877492904663,
        "Mixed": 0.0011410118313506246
    }
}
