{
    "Sentiment": "NEUTRAL",
    "SentimentScore": {
        "Positive": 0.0026252465322613716,
        "Negative": 0.026531651616096497,
        "Neutral": 0.9683470129966736,
        "Mixed": 0.0024960446171462536
    }
}
