{
    "Sentiment": "NEUTRAL",
    "SentimentScore": {
        "Positive": 0.002375582465901971,
        "Negative": 0.0023973891511559486,
        "Neutral": 0.994907796382904,
        "Mixed": 0.0003192092408426106
    }
}
