{
    "Sentiment": "NEUTRAL",
    "SentimentScore": {
        "Positive": 0.07911241799592972,
        "Negative": 0.03065095655620098,
        "Neutral": 0.8711994886398315,
        "Mixed": 0.01903717592358589
    }
}
