{
    "Sentiment": "NEUTRAL",
    "SentimentScore": {
        "Positive": 0.06932437419891357,
        "Negative": 0.0036095264367759228,
        "Neutral": 0.9239639043807983,
        "Mixed": 0.003102216636762023
    }
}
