{
    "Sentiment": "NEUTRAL",
    "SentimentScore": {
        "Positive": 0.012512697838246822,
        "Negative": 0.008157957345247269,
        "Neutral": 0.9778809547424316,
        "Mixed": 0.0014484160346910357
    }
}
