{
    "Sentiment": "NEUTRAL",
    "SentimentScore": {
        "Positive": 0.056899312883615494,
        "Negative": 0.07963564991950989,
        "Neutral": 0.8145771026611328,
        "Mixed": 0.048887841403484344
    }
}
