{
    "Sentiment": "NEUTRAL",
    "SentimentScore": {
        "Positive": 0.016436545178294182,
        "Negative": 0.01627594418823719,
        "Neutral": 0.9653271436691284,
        "Mixed": 0.0019603283144533634
    }
}
