{
    "Sentiment": "NEUTRAL",
    "SentimentScore": {
        "Positive": 0.08368228375911713,
        "Negative": 0.024192672222852707,
        "Neutral": 0.8871093392372131,
        "Mixed": 0.005015658214688301
    }
}
