{
    "Sentiment": "NEUTRAL",
    "SentimentScore": {
        "Positive": 0.014421671628952026,
        "Negative": 0.1437978297472,
        "Neutral": 0.8218984603881836,
        "Mixed": 0.019882071763277054
    }
}
