{
    "Sentiment": "NEGATIVE",
    "SentimentScore": {
        "Positive": 0.025520997121930122,
        "Negative": 0.5236271619796753,
        "Neutral": 0.35115402936935425,
        "Mixed": 0.0996977910399437
    }
}
