{
    "Sentiment": "NEUTRAL",
    "SentimentScore": {
        "Positive": 0.015859724953770638,
        "Negative": 0.0043952143751084805,
        "Neutral": 0.9790980815887451,
        "Mixed": 0.0006469168583862484
    }
}
