{
    "Sentiment": "NEUTRAL",
    "SentimentScore": {
        "Positive": 0.020165184512734413,
        "Negative": 0.06854914873838425,
        "Neutral": 0.8862451314926147,
        "Mixed": 0.025040555745363235
    }
}
