{
    "Sentiment": "NEUTRAL",
    "SentimentScore": {
        "Positive": 0.016626494005322456,
        "Negative": 0.0007566706044599414,
        "Neutral": 0.9821098446846008,
        "Mixed": 0.0005069471662864089
    }
}
