{
    "Sentiment": "NEUTRAL",
    "SentimentScore": {
        "Positive": 0.04920141398906708,
        "Negative": 0.0017366243992000818,
        "Neutral": 0.9477258920669556,
        "Mixed": 0.0013361284509301186
    }
}
