{
    "Sentiment": "NEUTRAL",
    "SentimentScore": {
        "Positive": 0.15646614134311676,
        "Negative": 0.007430647499859333,
        "Neutral": 0.8307507038116455,
        "Mixed": 0.005352518055588007
    }
}
