{
    "Sentiment": "NEUTRAL",
    "SentimentScore": {
        "Positive": 0.006917580030858517,
        "Negative": 0.10686255991458893,
        "Neutral": 0.8811125159263611,
        "Mixed": 0.005107289645820856
    }
}
