{
    "Sentiment": "NEUTRAL",
    "SentimentScore": {
        "Positive": 0.0034442280884832144,
        "Negative": 0.011267080903053284,
        "Neutral": 0.9841850996017456,
        "Mixed": 0.0011036122450605035
    }
}
