{
    "Sentiment": "NEUTRAL",
    "SentimentScore": {
        "Positive": 0.008918204344809055,
        "Negative": 0.4569392502307892,
        "Neutral": 0.5125093460083008,
        "Mixed": 0.021633222699165344
    }
}
