{
    "Sentiment": "NEUTRAL",
    "SentimentScore": {
        "Positive": 0.0031253488268703222,
        "Negative": 0.01942463405430317,
        "Neutral": 0.9759170413017273,
        "Mixed": 0.00153293926268816
    }
}
