{
    "Sentiment": "NEUTRAL",
    "SentimentScore": {
        "Positive": 0.005179011262953281,
        "Negative": 0.0009005078463815153,
        "Neutral": 0.9935933947563171,
        "Mixed": 0.00032699911389499903
    }
}
