{
    "Sentiment": "NEUTRAL",
    "SentimentScore": {
        "Positive": 0.0021974125411361456,
        "Negative": 0.0020365293603390455,
        "Neutral": 0.9954500794410706,
        "Mixed": 0.0003160448686685413
    }
}
