{
    "Sentiment": "POSITIVE",
    "SentimentScore": {
        "Positive": 0.5763599872589111,
        "Negative": 0.006147156003862619,
        "Neutral": 0.4129025340080261,
        "Mixed": 0.004590243101119995
    }
}
