{
    "Sentiment": "POSITIVE",
    "SentimentScore": {
        "Positive": 0.5074676275253296,
        "Negative": 0.0019196444191038609,
        "Neutral": 0.47771334648132324,
        "Mixed": 0.012899413704872131
    }
}
