{
    "Sentiment": "NEUTRAL",
    "SentimentScore": {
        "Positive": 0.011612873524427414,
        "Negative": 0.07278800010681152,
        "Neutral": 0.9111833572387695,
        "Mixed": 0.004415806848555803
    }
}
