{
    "Sentiment": "NEUTRAL",
    "SentimentScore": {
        "Positive": 0.0018611135892570019,
        "Negative": 0.0067764269188046455,
        "Neutral": 0.9906841516494751,
        "Mixed": 0.0006783121498301625
    }
}
