{
    "Sentiment": "NEUTRAL",
    "SentimentScore": {
        "Positive": 0.004664663225412369,
        "Negative": 0.02610684745013714,
        "Neutral": 0.9653418064117432,
        "Mixed": 0.0038865909446030855
    }
}
