{
    "Sentiment": "NEUTRAL",
    "SentimentScore": {
        "Positive": 0.0008471693727187812,
        "Negative": 0.04362912476062775,
        "Neutral": 0.954338550567627,
        "Mixed": 0.0011851724702864885
    }
}
