{
    "Sentiment": "NEUTRAL",
    "SentimentScore": {
        "Positive": 0.39653047919273376,
        "Negative": 0.002706072758883238,
        "Neutral": 0.595413863658905,
        "Mixed": 0.005349574610590935
    }
}
