{
    "Sentiment": "NEUTRAL",
    "SentimentScore": {
        "Positive": 0.1639523208141327,
        "Negative": 0.002073980402201414,
        "Neutral": 0.8296574950218201,
        "Mixed": 0.004316233564168215
    }
}
