{
    "Sentiment": "NEGATIVE",
    "SentimentScore": {
        "Positive": 0.024571727961301804,
        "Negative": 0.5676862597465515,
        "Neutral": 0.40108373761177063,
        "Mixed": 0.006658273283392191
    }
}
