{
    "Sentiment": "NEUTRAL",
    "SentimentScore": {
        "Positive": 0.009232070297002792,
        "Negative": 0.005081596784293652,
        "Neutral": 0.9845635890960693,
        "Mixed": 0.001122699468396604
    }
}
