{
    "Sentiment": "NEUTRAL",
    "SentimentScore": {
        "Positive": 0.005108047742396593,
        "Negative": 0.0017619496211409569,
        "Neutral": 0.9925979375839233,
        "Mixed": 0.000532139849383384
    }
}
