{
    "Sentiment": "NEUTRAL",
    "SentimentScore": {
        "Positive": 0.008081924170255661,
        "Negative": 0.18412114679813385,
        "Neutral": 0.7961787581443787,
        "Mixed": 0.011618165299296379
    }
}
