{
    "Sentiment": "POSITIVE",
    "SentimentScore": {
        "Positive": 0.5516977310180664,
        "Negative": 0.02791534550487995,
        "Neutral": 0.4149799942970276,
        "Mixed": 0.0054069627076387405
    }
}
