{
    "Sentiment": "NEUTRAL",
    "SentimentScore": {
        "Positive": 0.0015630340203642845,
        "Negative": 0.021481096744537354,
        "Neutral": 0.975727915763855,
        "Mixed": 0.0012279713992029428
    }
}
