{
    "Sentiment": "NEUTRAL",
    "SentimentScore": {
        "Positive": 0.005083978176116943,
        "Negative": 0.00220289989374578,
        "Neutral": 0.9920819997787476,
        "Mixed": 0.0006310758180916309
    }
}
