{
    "Sentiment": "NEUTRAL",
    "SentimentScore": {
        "Positive": 0.002896724035963416,
        "Negative": 0.003930618520826101,
        "Neutral": 0.9925866723060608,
        "Mixed": 0.0005859051598235965
    }
}
