{
    "Sentiment": "NEUTRAL",
    "SentimentScore": {
        "Positive": 0.0031686630100011826,
        "Negative": 0.008276076056063175,
        "Neutral": 0.9876142740249634,
        "Mixed": 0.000941077247262001
    }
}
