{
    "Sentiment": "NEUTRAL",
    "SentimentScore": {
        "Positive": 0.004113589879125357,
        "Negative": 0.0019527507247403264,
        "Neutral": 0.9933650493621826,
        "Mixed": 0.0005686872755177319
    }
}
