{
    "Sentiment": "NEUTRAL",
    "SentimentScore": {
        "Positive": 0.09558527171611786,
        "Negative": 0.004201231990009546,
        "Neutral": 0.8973687291145325,
        "Mixed": 0.002844810951501131
    }
}
