{
    "Sentiment": "NEUTRAL",
    "SentimentScore": {
        "Positive": 0.012407267466187477,
        "Negative": 0.032797396183013916,
        "Neutral": 0.950249195098877,
        "Mixed": 0.0045461286790668964
    }
}
