{
    "Sentiment": "NEUTRAL",
    "SentimentScore": {
        "Positive": 0.06691430509090424,
        "Negative": 0.02444375306367874,
        "Neutral": 0.9024898409843445,
        "Mixed": 0.006152080837637186
    }
}
