{
    "Sentiment": "NEUTRAL",
    "SentimentScore": {
        "Positive": 0.003773374017328024,
        "Negative": 0.006088093388825655,
        "Neutral": 0.9894347786903381,
        "Mixed": 0.0007038583280518651
    }
}
