{
    "Sentiment": "NEUTRAL",
    "SentimentScore": {
        "Positive": 0.00274059921503067,
        "Negative": 0.06198285147547722,
        "Neutral": 0.9313581585884094,
        "Mixed": 0.003918302245438099
    }
}
