{
    "Sentiment": "NEUTRAL",
    "SentimentScore": {
        "Positive": 0.0058151367120444775,
        "Negative": 0.0032146547455340624,
        "Neutral": 0.9905588626861572,
        "Mixed": 0.00041138569940812886
    }
}
