{
    "Sentiment": "NEUTRAL",
    "SentimentScore": {
        "Positive": 0.005756498780101538,
        "Negative": 0.0034584132954478264,
        "Neutral": 0.9903914928436279,
        "Mixed": 0.00039362808456644416
    }
}
