{
    "Sentiment": "NEUTRAL",
    "SentimentScore": {
        "Positive": 0.37697744369506836,
        "Negative": 0.02393086440861225,
        "Neutral": 0.5938094854354858,
        "Mixed": 0.005282204132527113
    }
}
