{
    "Sentiment": "NEUTRAL",
    "SentimentScore": {
        "Positive": 0.015012466348707676,
        "Negative": 0.008725275285542011,
        "Neutral": 0.9754266738891602,
        "Mixed": 0.0008356428588740528
    }
}
