{
    "Sentiment": "NEUTRAL",
    "SentimentScore": {
        "Positive": 0.0023654773831367493,
        "Negative": 0.03956432268023491,
        "Neutral": 0.9557357430458069,
        "Mixed": 0.002334506483748555
    }
}
