{
    "Sentiment": "NEUTRAL",
    "SentimentScore": {
        "Positive": 0.013190076686441898,
        "Negative": 0.067853182554245,
        "Neutral": 0.9105902910232544,
        "Mixed": 0.008366435766220093
    }
}
