{
    "Sentiment": "NEUTRAL",
    "SentimentScore": {
        "Positive": 0.001887515070848167,
        "Negative": 0.037221554666757584,
        "Neutral": 0.9578685164451599,
        "Mixed": 0.0030224486254155636
    }
}
