{
    "Sentiment": "NEUTRAL",
    "SentimentScore": {
        "Positive": 0.009713252075016499,
        "Negative": 0.058324649930000305,
        "Neutral": 0.9259236454963684,
        "Mixed": 0.006038511171936989
    }
}
