{
    "Sentiment": "POSITIVE",
    "SentimentScore": {
        "Positive": 0.6830245852470398,
        "Negative": 0.00431443378329277,
        "Neutral": 0.3091776669025421,
        "Mixed": 0.0034833583049476147
    }
}
