{
    "Sentiment": "NEUTRAL",
    "SentimentScore": {
        "Positive": 0.029751082882285118,
        "Negative": 0.2522816061973572,
        "Neutral": 0.6273217797279358,
        "Mixed": 0.09064549952745438
    }
}
