{
    "Sentiment": "NEUTRAL",
    "SentimentScore": {
        "Positive": 0.005513397045433521,
        "Negative": 0.01959213800728321,
        "Neutral": 0.9718722105026245,
        "Mixed": 0.0030222537461668253
    }
}
