{
    "Sentiment": "NEUTRAL",
    "SentimentScore": {
        "Positive": 0.14392614364624023,
        "Negative": 0.01865767128765583,
        "Neutral": 0.8112260103225708,
        "Mixed": 0.026190219447016716
    }
}
