{
    "Sentiment": "NEUTRAL",
    "SentimentScore": {
        "Positive": 0.027117082849144936,
        "Negative": 0.08304185420274734,
        "Neutral": 0.8765146136283875,
        "Mixed": 0.013326375745236874
    }
}
