{
    "Sentiment": "NEUTRAL",
    "SentimentScore": {
        "Positive": 0.008125909604132175,
        "Negative": 0.03338148444890976,
        "Neutral": 0.9555386900901794,
        "Mixed": 0.0029538897797465324
    }
}
