{
    "Sentiment": "NEUTRAL",
    "SentimentScore": {
        "Positive": 0.0013992312597110868,
        "Negative": 0.1614844650030136,
        "Neutral": 0.8329971432685852,
        "Mixed": 0.004119126591831446
    }
}
