{
    "Sentiment": "NEGATIVE",
    "SentimentScore": {
        "Positive": 0.02057359740138054,
        "Negative": 0.4629088342189789,
        "Neutral": 0.38473042845726013,
        "Mixed": 0.13178712129592896
    }
}
