{
    "Sentiment": "NEUTRAL",
    "SentimentScore": {
        "Positive": 0.0054277703166007996,
        "Negative": 0.15817959606647491,
        "Neutral": 0.8282560706138611,
        "Mixed": 0.008136529475450516
    }
}
