{
    "Sentiment": "NEUTRAL",
    "SentimentScore": {
        "Positive": 0.01081223413348198,
        "Negative": 0.10046814382076263,
        "Neutral": 0.877945601940155,
        "Mixed": 0.010773980058729649
    }
}
