{
    "Sentiment": "POSITIVE",
    "SentimentScore": {
        "Positive": 0.6200623512268066,
        "Negative": 0.005674518644809723,
        "Neutral": 0.36647623777389526,
        "Mixed": 0.007786894217133522
    }
}
