{
    "Sentiment": "NEUTRAL",
    "SentimentScore": {
        "Positive": 0.004357825964689255,
        "Negative": 0.06291724741458893,
        "Neutral": 0.9278334379196167,
        "Mixed": 0.004891464952379465
    }
}
