{
    "Sentiment": "NEUTRAL",
    "SentimentScore": {
        "Positive": 0.00185414869338274,
        "Negative": 0.0024263430386781693,
        "Neutral": 0.9953885078430176,
        "Mixed": 0.00033092996454797685
    }
}
