{
    "Sentiment": "NEUTRAL",
    "SentimentScore": {
        "Positive": 0.03281889483332634,
        "Negative": 0.034759629517793655,
        "Neutral": 0.9254651069641113,
        "Mixed": 0.006956328637897968
    }
}
