{
    "Sentiment": "POSITIVE",
    "SentimentScore": {
        "Positive": 0.8045148253440857,
        "Negative": 0.001187488087452948,
        "Neutral": 0.18953482806682587,
        "Mixed": 0.004762779921293259
    }
}
