{
    "Sentiment": "NEUTRAL",
    "SentimentScore": {
        "Positive": 0.007821770384907722,
        "Negative": 0.007062035612761974,
        "Neutral": 0.9839258193969727,
        "Mixed": 0.0011903918348252773
    }
}
