{
    "Sentiment": "NEUTRAL",
    "SentimentScore": {
        "Positive": 0.01795269176363945,
        "Negative": 0.01073584146797657,
        "Neutral": 0.9700847268104553,
        "Mixed": 0.0012267956044524908
    }
}
