{
    "Sentiment": "NEUTRAL",
    "SentimentScore": {
        "Positive": 0.018942376598715782,
        "Negative": 0.23968203365802765,
        "Neutral": 0.7298951148986816,
        "Mixed": 0.011480447836220264
    }
}
