{
    "Sentiment": "NEGATIVE",
    "SentimentScore": {
        "Positive": 0.004287025425583124,
        "Negative": 0.514671266078949,
        "Neutral": 0.46887093782424927,
        "Mixed": 0.012170840986073017
    }
}
