{
    "Sentiment": "NEUTRAL",
    "SentimentScore": {
        "Positive": 0.006764643359929323,
        "Negative": 0.06086086109280586,
        "Neutral": 0.9243883490562439,
        "Mixed": 0.007986048236489296
    }
}
