{
    "Sentiment": "NEUTRAL",
    "SentimentScore": {
        "Positive": 0.0048526860773563385,
        "Negative": 0.014304043725132942,
        "Neutral": 0.9792744517326355,
        "Mixed": 0.0015688469866290689
    }
}
