{
    "Sentiment": "POSITIVE",
    "SentimentScore": {
        "Positive": 0.5656061768531799,
        "Negative": 0.019244715571403503,
        "Neutral": 0.40585628151893616,
        "Mixed": 0.009292833507061005
    }
}
