{
    "Sentiment": "NEUTRAL",
    "SentimentScore": {
        "Positive": 0.059474144130945206,
        "Negative": 0.06132356449961662,
        "Neutral": 0.8659036755561829,
        "Mixed": 0.013298592530190945
    }
}
