{
    "Sentiment": "NEUTRAL",
    "SentimentScore": {
        "Positive": 0.001625219825655222,
        "Negative": 0.04476339742541313,
        "Neutral": 0.9510453343391418,
        "Mixed": 0.002565926406532526
    }
}
