{
    "Sentiment": "NEUTRAL",
    "SentimentScore": {
        "Positive": 0.009754222817718983,
        "Negative": 0.14851164817810059,
        "Neutral": 0.8199083805084229,
        "Mixed": 0.02182583697140217
    }
}
