{
    "Sentiment": "NEUTRAL",
    "SentimentScore": {
        "Positive": 0.3842752277851105,
        "Negative": 0.0042357128113508224,
        "Neutral": 0.5967081189155579,
        "Mixed": 0.014780988916754723
    }
}
