{
    "Sentiment": "NEUTRAL",
    "SentimentScore": {
        "Positive": 0.01906861551105976,
        "Negative": 0.010805615223944187,
        "Neutral": 0.9673855304718018,
        "Mixed": 0.0027403070125728846
    }
}
