{
    "Sentiment": "NEUTRAL",
    "SentimentScore": {
        "Positive": 0.2677873373031616,
        "Negative": 0.003461610060185194,
        "Neutral": 0.7246576547622681,
        "Mixed": 0.004093405790627003
    }
}
