{
    "Sentiment": "NEUTRAL",
    "SentimentScore": {
        "Positive": 0.012215190567076206,
        "Negative": 0.16744258999824524,
        "Neutral": 0.8093406558036804,
        "Mixed": 0.01100150030106306
    }
}
