{
    "Sentiment": "NEUTRAL",
    "SentimentScore": {
        "Positive": 0.006677714642137289,
        "Negative": 0.0018916662083938718,
        "Neutral": 0.9909265041351318,
        "Mixed": 0.0005042264237999916
    }
}
