{
    "Sentiment": "NEUTRAL",
    "SentimentScore": {
        "Positive": 0.07854274660348892,
        "Negative": 0.018645696341991425,
        "Neutral": 0.8902490735054016,
        "Mixed": 0.01256241649389267
    }
}
