{
    "Sentiment": "NEUTRAL",
    "SentimentScore": {
        "Positive": 0.033895477652549744,
        "Negative": 0.14494562149047852,
        "Neutral": 0.8030909895896912,
        "Mixed": 0.018067995086312294
    }
}
