{
    "Sentiment": "NEUTRAL",
    "SentimentScore": {
        "Positive": 0.004303609952330589,
        "Negative": 0.025319809094071388,
        "Neutral": 0.9686605334281921,
        "Mixed": 0.0017160201678052545
    }
}
