{
    "Sentiment": "NEUTRAL",
    "SentimentScore": {
        "Positive": 0.001883193850517273,
        "Negative": 0.0013444648357108235,
        "Neutral": 0.9965516328811646,
        "Mixed": 0.00022068826365284622
    }
}
