{
    "Sentiment": "NEUTRAL",
    "SentimentScore": {
        "Positive": 0.01370471715927124,
        "Negative": 0.03249004855751991,
        "Neutral": 0.9423593878746033,
        "Mixed": 0.011445943266153336
    }
}
