{
    "Sentiment": "NEUTRAL",
    "SentimentScore": {
        "Positive": 0.021496914327144623,
        "Negative": 0.13395017385482788,
        "Neutral": 0.8238233327865601,
        "Mixed": 0.02072964236140251
    }
}
