{
    "Sentiment": "NEUTRAL",
    "SentimentScore": {
        "Positive": 0.04904993250966072,
        "Negative": 0.08031778037548065,
        "Neutral": 0.8488520383834839,
        "Mixed": 0.021780269220471382
    }
}
