{
    "Sentiment": "NEUTRAL",
    "SentimentScore": {
        "Positive": 0.0026770266704261303,
        "Negative": 0.08391952514648438,
        "Neutral": 0.9066694974899292,
        "Mixed": 0.006733928341418505
    }
}
