{
    "Sentiment": "NEUTRAL",
    "SentimentScore": {
        "Positive": 0.011291315779089928,
        "Negative": 0.02375478483736515,
        "Neutral": 0.9604682922363281,
        "Mixed": 0.004485660698264837
    }
}
