{
    "Sentiment": "NEUTRAL",
    "SentimentScore": {
        "Positive": 0.047694817185401917,
        "Negative": 0.00790460780262947,
        "Neutral": 0.9421479105949402,
        "Mixed": 0.002252644393593073
    }
}
