{
    "Sentiment": "NEUTRAL",
    "SentimentScore": {
        "Positive": 0.45775869488716125,
        "Negative": 0.010807443410158157,
        "Neutral": 0.5102419853210449,
        "Mixed": 0.021191895008087158
    }
}
