{
    "Sentiment": "NEUTRAL",
    "SentimentScore": {
        "Positive": 0.004431921988725662,
        "Negative": 0.02054019831120968,
        "Neutral": 0.9734416604042053,
        "Mixed": 0.0015862486325204372
    }
}
