{
    "Sentiment": "NEUTRAL",
    "SentimentScore": {
        "Positive": 0.0027588633820414543,
        "Negative": 0.1654534935951233,
        "Neutral": 0.8247103095054626,
        "Mixed": 0.007077239919453859
    }
}
