{
    "Sentiment": "NEUTRAL",
    "SentimentScore": {
        "Positive": 0.0381523035466671,
        "Negative": 0.007332724519073963,
        "Neutral": 0.9530561566352844,
        "Mixed": 0.0014588336925953627
    }
}
