{
    "Sentiment": "NEUTRAL",
    "SentimentScore": {
        "Positive": 0.03204496204853058,
        "Negative": 0.002535763895139098,
        "Neutral": 0.9640131592750549,
        "Mixed": 0.0014061123365536332
    }
}
