{
    "Sentiment": "NEUTRAL",
    "SentimentScore": {
        "Positive": 0.002819907618686557,
        "Negative": 0.005187590606510639,
        "Neutral": 0.9913431406021118,
        "Mixed": 0.0006493807886727154
    }
}
