{
    "Sentiment": "NEUTRAL",
    "SentimentScore": {
        "Positive": 0.05084135755896568,
        "Negative": 0.048090822994709015,
        "Neutral": 0.888397753238678,
        "Mixed": 0.012670096009969711
    }
}
