{
    "Sentiment": "NEUTRAL",
    "SentimentScore": {
        "Positive": 0.02024206519126892,
        "Negative": 0.05337044969201088,
        "Neutral": 0.9113265872001648,
        "Mixed": 0.01506093516945839
    }
}
