{
    "Sentiment": "NEUTRAL",
    "SentimentScore": {
        "Positive": 0.1741320937871933,
        "Negative": 0.007071693893522024,
        "Neutral": 0.8153027296066284,
        "Mixed": 0.003493588650599122
    }
}
