{
    "Sentiment": "NEUTRAL",
    "SentimentScore": {
        "Positive": 0.005355539731681347,
        "Negative": 0.002268413547426462,
        "Neutral": 0.9919841885566711,
        "Mixed": 0.00039193397969938815
    }
}
