{
    "Sentiment": "NEUTRAL",
    "SentimentScore": {
        "Positive": 0.016794977709650993,
        "Negative": 0.03940024599432945,
        "Neutral": 0.9412570595741272,
        "Mixed": 0.0025477383751422167
    }
}
