{
    "Sentiment": "NEUTRAL",
    "SentimentScore": {
        "Positive": 0.011185790412127972,
        "Negative": 0.037440817803144455,
        "Neutral": 0.9491569399833679,
        "Mixed": 0.002216438762843609
    }
}
