{
    "Sentiment": "NEUTRAL",
    "SentimentScore": {
        "Positive": 0.15324218571186066,
        "Negative": 0.011876621283590794,
        "Neutral": 0.8320133090019226,
        "Mixed": 0.002867891453206539
    }
}
