{
    "Sentiment": "NEUTRAL",
    "SentimentScore": {
        "Positive": 0.1235286220908165,
        "Negative": 0.048731543123722076,
        "Neutral": 0.8228484988212585,
        "Mixed": 0.004891270771622658
    }
}
