{
    "Sentiment": "NEUTRAL",
    "SentimentScore": {
        "Positive": 0.010119667276740074,
        "Negative": 0.023765690624713898,
        "Neutral": 0.9613298773765564,
        "Mixed": 0.004784748889505863
    }
}
