{
    "Sentiment": "NEUTRAL",
    "SentimentScore": {
        "Positive": 0.03475024923682213,
        "Negative": 0.191771999001503,
        "Neutral": 0.7455095648765564,
        "Mixed": 0.027968136593699455
    }
}
