{
    "Sentiment": "NEUTRAL",
    "SentimentScore": {
        "Positive": 0.005067373625934124,
        "Negative": 0.20888051390647888,
        "Neutral": 0.7712495923042297,
        "Mixed": 0.014802555553615093
    }
}
