{
    "Sentiment": "NEUTRAL",
    "SentimentScore": {
        "Positive": 0.00894880760461092,
        "Negative": 0.013576382771134377,
        "Neutral": 0.9758877158164978,
        "Mixed": 0.0015870393253862858
    }
}
