{
    "Sentiment": "NEUTRAL",
    "SentimentScore": {
        "Positive": 0.005388578400015831,
        "Negative": 0.0026883615646511316,
        "Neutral": 0.9914138317108154,
        "Mixed": 0.0005092035280540586
    }
}
