{
    "Sentiment": "NEUTRAL",
    "SentimentScore": {
        "Positive": 0.10068251937627792,
        "Negative": 0.003554455703124404,
        "Neutral": 0.8870547413825989,
        "Mixed": 0.008708205074071884
    }
}
