{
    "Sentiment": "NEUTRAL",
    "SentimentScore": {
        "Positive": 0.0068234833888709545,
        "Negative": 0.04022151231765747,
        "Neutral": 0.9501304626464844,
        "Mixed": 0.002824500435963273
    }
}
