{
    "Sentiment": "NEUTRAL",
    "SentimentScore": {
        "Positive": 0.016115132719278336,
        "Negative": 0.036004554480314255,
        "Neutral": 0.9451822638511658,
        "Mixed": 0.0026980109978467226
    }
}
