{
    "Sentiment": "NEUTRAL",
    "SentimentScore": {
        "Positive": 0.05292182043194771,
        "Negative": 0.29411235451698303,
        "Neutral": 0.6130865216255188,
        "Mixed": 0.039879314601421356
    }
}
