{
    "Sentiment": "NEUTRAL",
    "SentimentScore": {
        "Positive": 0.01997416652739048,
        "Negative": 0.06539135426282883,
        "Neutral": 0.9065738916397095,
        "Mixed": 0.00806050468236208
    }
}
