{
    "Sentiment": "NEUTRAL",
    "SentimentScore": {
        "Positive": 0.43135812878608704,
        "Negative": 0.059945739805698395,
        "Neutral": 0.4665607810020447,
        "Mixed": 0.04213538393378258
    }
}
