{
    "Sentiment": "POSITIVE",
    "SentimentScore": {
        "Positive": 0.6078011989593506,
        "Negative": 0.019549591466784477,
        "Neutral": 0.36674392223358154,
        "Mixed": 0.005905255675315857
    }
}
