{
    "Sentiment": "NEUTRAL",
    "SentimentScore": {
        "Positive": 0.06309583783149719,
        "Negative": 0.013924911618232727,
        "Neutral": 0.9196352362632751,
        "Mixed": 0.0033439951948821545
    }
}
