{
    "Sentiment": "NEUTRAL",
    "SentimentScore": {
        "Positive": 0.001039582071825862,
        "Negative": 0.0023928112350404263,
        "Neutral": 0.9961812496185303,
        "Mixed": 0.0003864064929075539
    }
}
