{
    "Sentiment": "NEGATIVE",
    "SentimentScore": {
        "Positive": 0.026068465784192085,
        "Negative": 0.6870514154434204,
        "Neutral": 0.19421908259391785,
        "Mixed": 0.09266101568937302
    }
}
