{
    "Sentiment": "NEUTRAL",
    "SentimentScore": {
        "Positive": 0.02438778057694435,
        "Negative": 0.004379759076982737,
        "Neutral": 0.9696911573410034,
        "Mixed": 0.0015413429355248809
    }
}
