{
    "Sentiment": "NEUTRAL",
    "SentimentScore": {
        "Positive": 0.017789283767342567,
        "Negative": 0.0695234015583992,
        "Neutral": 0.895879328250885,
        "Mixed": 0.01680808886885643
    }
}
