{
    "Sentiment": "NEUTRAL",
    "SentimentScore": {
        "Positive": 0.08726992458105087,
        "Negative": 0.0009251643787138164,
        "Neutral": 0.910288393497467,
        "Mixed": 0.0015165099175646901
    }
}
