{
    "Sentiment": "NEUTRAL",
    "SentimentScore": {
        "Positive": 0.0016660608816891909,
        "Negative": 0.09218534827232361,
        "Neutral": 0.9027476906776428,
        "Mixed": 0.0034008489456027746
    }
}
