{
    "Sentiment": "NEUTRAL",
    "SentimentScore": {
        "Positive": 0.0036904215812683105,
        "Negative": 0.004379204008728266,
        "Neutral": 0.9912711381912231,
        "Mixed": 0.000659302226267755
    }
}
