{
    "Sentiment": "NEUTRAL",
    "SentimentScore": {
        "Positive": 0.010857430286705494,
        "Negative": 0.0882522463798523,
        "Neutral": 0.8778409957885742,
        "Mixed": 0.02304927632212639
    }
}
