{
    "Sentiment": "NEUTRAL",
    "SentimentScore": {
        "Positive": 0.013130469247698784,
        "Negative": 0.045485127717256546,
        "Neutral": 0.9361581802368164,
        "Mixed": 0.005226250272244215
    }
}
