{
    "Sentiment": "NEUTRAL",
    "SentimentScore": {
        "Positive": 0.03132978081703186,
        "Negative": 0.06707198172807693,
        "Neutral": 0.8868597149848938,
        "Mixed": 0.01473863236606121
    }
}
