{
    "Sentiment": "NEUTRAL",
    "SentimentScore": {
        "Positive": 0.0023646019399166107,
        "Negative": 0.0034858828876167536,
        "Neutral": 0.9936680197715759,
        "Mixed": 0.000481561291962862
    }
}
