{
    "Sentiment": "NEUTRAL",
    "SentimentScore": {
        "Positive": 0.004400782752782106,
        "Negative": 0.3510408103466034,
        "Neutral": 0.626263439655304,
        "Mixed": 0.018294962123036385
    }
}
