{
    "Sentiment": "NEUTRAL",
    "SentimentScore": {
        "Positive": 0.0133705148473382,
        "Negative": 0.03038642555475235,
        "Neutral": 0.9512279033660889,
        "Mixed": 0.005015133880078793
    }
}
