{
    "Sentiment": "NEUTRAL",
    "SentimentScore": {
        "Positive": 0.028908107429742813,
        "Negative": 0.013797752559185028,
        "Neutral": 0.9451276659965515,
        "Mixed": 0.012166439555585384
    }
}
