{
    "Sentiment": "NEUTRAL",
    "SentimentScore": {
        "Positive": 0.001231297617778182,
        "Negative": 0.007913180626928806,
        "Neutral": 0.9901726245880127,
        "Mixed": 0.0006827898323535919
    }
}
