{
    "Sentiment": "NEUTRAL",
    "SentimentScore": {
        "Positive": 0.22797952592372894,
        "Negative": 0.005755385383963585,
        "Neutral": 0.7568693161010742,
        "Mixed": 0.009395789355039597
    }
}
