{
    "Sentiment": "NEUTRAL",
    "SentimentScore": {
        "Positive": 0.07059214264154434,
        "Negative": 0.2022320032119751,
        "Neutral": 0.6560664176940918,
        "Mixed": 0.07110942900180817
    }
}
