{
    "Sentiment": "NEUTRAL",
    "SentimentScore": {
        "Positive": 0.004548847675323486,
        "Negative": 0.004604645539075136,
        "Neutral": 0.9900383949279785,
        "Mixed": 0.000808054581284523
    }
}
