{
    "Sentiment": "NEUTRAL",
    "SentimentScore": {
        "Positive": 0.0027577101718634367,
        "Negative": 0.4655689597129822,
        "Neutral": 0.5204417705535889,
        "Mixed": 0.011231543496251106
    }
}
