{
    "Sentiment": "NEUTRAL",
    "SentimentScore": {
        "Positive": 0.02329976111650467,
        "Negative": 0.017858395352959633,
        "Neutral": 0.9538416266441345,
        "Mixed": 0.005000239238142967
    }
}
