{
    "Sentiment": "NEUTRAL",
    "SentimentScore": {
        "Positive": 0.26397404074668884,
        "Negative": 0.0032641892321407795,
        "Neutral": 0.7264574766159058,
        "Mixed": 0.006304379552602768
    }
}
