{
    "Sentiment": "NEUTRAL",
    "SentimentScore": {
        "Positive": 0.12782806158065796,
        "Negative": 0.14209498465061188,
        "Neutral": 0.6986569166183472,
        "Mixed": 0.031420014798641205
    }
}
