{
    "Sentiment": "NEUTRAL",
    "SentimentScore": {
        "Positive": 0.007435071747750044,
        "Negative": 0.09258273243904114,
        "Neutral": 0.8932209014892578,
        "Mixed": 0.0067612770944833755
    }
}
