{
    "Sentiment": "NEUTRAL",
    "SentimentScore": {
        "Positive": 0.009098809212446213,
        "Negative": 0.03909275680780411,
        "Neutral": 0.942948579788208,
        "Mixed": 0.008859938010573387
    }
}
