{
    "Sentiment": "NEUTRAL",
    "SentimentScore": {
        "Positive": 0.02829246036708355,
        "Negative": 0.038246043026447296,
        "Neutral": 0.930475115776062,
        "Mixed": 0.0029864837415516376
    }
}
