{
    "Sentiment": "NEGATIVE",
    "SentimentScore": {
        "Positive": 0.0657644122838974,
        "Negative": 0.4677448868751526,
        "Neutral": 0.2762092649936676,
        "Mixed": 0.190281480550766
    }
}
