{
    "Sentiment": "NEUTRAL",
    "SentimentScore": {
        "Positive": 0.008100766688585281,
        "Negative": 0.032827410846948624,
        "Neutral": 0.9558171629905701,
        "Mixed": 0.003254606854170561
    }
}
