{
    "Sentiment": "NEUTRAL",
    "SentimentScore": {
        "Positive": 0.012446851469576359,
        "Negative": 0.01359639409929514,
        "Neutral": 0.97283935546875,
        "Mixed": 0.0011174242245033383
    }
}
