{
    "Sentiment": "NEUTRAL",
    "SentimentScore": {
        "Positive": 0.014674586243927479,
        "Negative": 0.0008648803923279047,
        "Neutral": 0.9839966893196106,
        "Mixed": 0.000463764532469213
    }
}
