{
    "Sentiment": "NEUTRAL",
    "SentimentScore": {
        "Positive": 0.022042788565158844,
        "Negative": 0.04791514202952385,
        "Neutral": 0.9259080290794373,
        "Mixed": 0.004134070593863726
    }
}
