{
    "Sentiment": "NEUTRAL",
    "SentimentScore": {
        "Positive": 0.062158625572919846,
        "Negative": 0.002412001369521022,
        "Neutral": 0.9330198764801025,
        "Mixed": 0.0024095987901091576
    }
}
