{
    "Sentiment": "NEUTRAL",
    "SentimentScore": {
        "Positive": 0.002560326363891363,
        "Negative": 0.021891165524721146,
        "Neutral": 0.973997175693512,
        "Mixed": 0.0015513318357989192
    }
}
