{
    "Sentiment": "NEGATIVE",
    "SentimentScore": {
        "Positive": 0.011313742026686668,
        "Negative": 0.7799089550971985,
        "Neutral": 0.18884702026844025,
        "Mixed": 0.019930345937609673
    }
}
