{
    "Sentiment": "NEUTRAL",
    "SentimentScore": {
        "Positive": 0.34843873977661133,
        "Negative": 0.005570528097450733,
        "Neutral": 0.6422780156135559,
        "Mixed": 0.0037127025425434113
    }
}
