{
    "Sentiment": "NEGATIVE",
    "SentimentScore": {
        "Positive": 0.04630406200885773,
        "Negative": 0.4575328230857849,
        "Neutral": 0.45301681756973267,
        "Mixed": 0.04314632713794708
    }
}
