{
    "Sentiment": "NEUTRAL",
    "SentimentScore": {
        "Positive": 0.08125857263803482,
        "Negative": 0.008126319386065006,
        "Neutral": 0.9026313424110413,
        "Mixed": 0.007983725517988205
    }
}
