{
    "Sentiment": "NEUTRAL",
    "SentimentScore": {
        "Positive": 0.03958088904619217,
        "Negative": 0.01203277800232172,
        "Neutral": 0.944976270198822,
        "Mixed": 0.003410096513107419
    }
}
