{
    "Sentiment": "NEUTRAL",
    "SentimentScore": {
        "Positive": 0.033184781670570374,
        "Negative": 0.00655779056251049,
        "Neutral": 0.9543076753616333,
        "Mixed": 0.005949739832431078
    }
}
