{
    "Sentiment": "NEUTRAL",
    "SentimentScore": {
        "Positive": 0.04400276765227318,
        "Negative": 0.06457880139350891,
        "Neutral": 0.8775922060012817,
        "Mixed": 0.013826219365000725
    }
}
