{
    "Sentiment": "NEUTRAL",
    "SentimentScore": {
        "Positive": 0.06510718166828156,
        "Negative": 0.021770667284727097,
        "Neutral": 0.9067825078964233,
        "Mixed": 0.0063397022895514965
    }
}
