{
    "Sentiment": "NEUTRAL",
    "SentimentScore": {
        "Positive": 0.020674515515565872,
        "Negative": 0.18751844763755798,
        "Neutral": 0.7680368423461914,
        "Mixed": 0.02377013862133026
    }
}
