{
    "Sentiment": "NEGATIVE",
    "SentimentScore": {
        "Positive": 0.012087361887097359,
        "Negative": 0.5833401679992676,
        "Neutral": 0.37893837690353394,
        "Mixed": 0.025634149089455605
    }
}
