{
    "Sentiment": "NEUTRAL",
    "SentimentScore": {
        "Positive": 0.04714661091566086,
        "Negative": 0.01286843791604042,
        "Neutral": 0.9326125383377075,
        "Mixed": 0.007372457999736071
    }
}
