{
    "Sentiment": "NEUTRAL",
    "SentimentScore": {
        "Positive": 0.012766272760927677,
        "Negative": 0.05141349881887436,
        "Neutral": 0.9323269724845886,
        "Mixed": 0.0034933281131088734
    }
}
