{
    "Sentiment": "NEUTRAL",
    "SentimentScore": {
        "Positive": 0.019626440480351448,
        "Negative": 0.027155740186572075,
        "Neutral": 0.9485202431678772,
        "Mixed": 0.004697607364505529
    }
}
