{
    "Sentiment": "NEUTRAL",
    "SentimentScore": {
        "Positive": 0.001741680665872991,
        "Negative": 0.007530952338129282,
        "Neutral": 0.9900383949279785,
        "Mixed": 0.0006890044314786792
    }
}
