{
    "Sentiment": "NEUTRAL",
    "SentimentScore": {
        "Positive": 0.006028437986969948,
        "Negative": 0.01761145330965519,
        "Neutral": 0.9751389026641846,
        "Mixed": 0.0012211266439408064
    }
}
