{
    "Sentiment": "NEUTRAL",
    "SentimentScore": {
        "Positive": 0.00631374167278409,
        "Negative": 0.003199424361810088,
        "Neutral": 0.9900122880935669,
        "Mixed": 0.0004745305923279375
    }
}
