{
    "Sentiment": "NEUTRAL",
    "SentimentScore": {
        "Positive": 0.001263412181288004,
        "Negative": 0.016953622922301292,
        "Neutral": 0.9807223677635193,
        "Mixed": 0.001060563838109374
    }
}
