{
    "Sentiment": "NEUTRAL",
    "SentimentScore": {
        "Positive": 0.011548581533133984,
        "Negative": 0.0035379070322960615,
        "Neutral": 0.9842686653137207,
        "Mixed": 0.0006449142238125205
    }
}
