{
    "Sentiment": "NEUTRAL",
    "SentimentScore": {
        "Positive": 0.007827350869774818,
        "Negative": 0.009549670852720737,
        "Neutral": 0.980096161365509,
        "Mixed": 0.002526775700971484
    }
}
