{
    "Sentiment": "POSITIVE",
    "SentimentScore": {
        "Positive": 0.4738614857196808,
        "Negative": 0.03434361144900322,
        "Neutral": 0.42123788595199585,
        "Mixed": 0.07055705785751343
    }
}
