{
    "Sentiment": "NEUTRAL",
    "SentimentScore": {
        "Positive": 0.00543071748688817,
        "Negative": 0.0013845014618709683,
        "Neutral": 0.9924805164337158,
        "Mixed": 0.0007043061195872724
    }
}
