{
    "Sentiment": "NEUTRAL",
    "SentimentScore": {
        "Positive": 0.011182292364537716,
        "Negative": 0.1633187234401703,
        "Neutral": 0.8092994093894958,
        "Mixed": 0.016199622303247452
    }
}
