{
    "Sentiment": "NEUTRAL",
    "SentimentScore": {
        "Positive": 0.006783727090805769,
        "Negative": 0.018741549924016,
        "Neutral": 0.9709376692771912,
        "Mixed": 0.003537070006132126
    }
}
