{
    "Sentiment": "NEUTRAL",
    "SentimentScore": {
        "Positive": 0.004258026368916035,
        "Negative": 0.0027484651654958725,
        "Neutral": 0.9920945763587952,
        "Mixed": 0.0008989513735286891
    }
}
