{
    "Sentiment": "NEUTRAL",
    "SentimentScore": {
        "Positive": 0.005218930542469025,
        "Negative": 0.033201947808265686,
        "Neutral": 0.959248960018158,
        "Mixed": 0.0023301502224057913
    }
}
