{
    "Sentiment": "NEUTRAL",
    "SentimentScore": {
        "Positive": 0.016486188396811485,
        "Negative": 0.058012932538986206,
        "Neutral": 0.92088383436203,
        "Mixed": 0.004617056343704462
    }
}
