{
    "Sentiment": "NEUTRAL",
    "SentimentScore": {
        "Positive": 0.001773932366631925,
        "Negative": 0.0029846627730876207,
        "Neutral": 0.9949232935905457,
        "Mixed": 0.00031804339960217476
    }
}
