{
    "Sentiment": "NEUTRAL",
    "SentimentScore": {
        "Positive": 0.02951224520802498,
        "Negative": 0.024881361052393913,
        "Neutral": 0.9415864944458008,
        "Mixed": 0.004019995220005512
    }
}
