{
    "Sentiment": "NEUTRAL",
    "SentimentScore": {
        "Positive": 0.006151878274977207,
        "Negative": 0.0017407702980563045,
        "Neutral": 0.9918034076690674,
        "Mixed": 0.00030382018303498626
    }
}
