{
    "Sentiment": "NEUTRAL",
    "SentimentScore": {
        "Positive": 0.008667206391692162,
        "Negative": 0.10285627841949463,
        "Neutral": 0.8807584047317505,
        "Mixed": 0.007718188688158989
    }
}
