{
    "Sentiment": "NEUTRAL",
    "SentimentScore": {
        "Positive": 0.035969577729701996,
        "Negative": 0.09605226665735245,
        "Neutral": 0.8615209460258484,
        "Mixed": 0.0064572799019515514
    }
}
