{
    "Sentiment": "NEUTRAL",
    "SentimentScore": {
        "Positive": 0.0023413188755512238,
        "Negative": 0.05058465525507927,
        "Neutral": 0.9413198828697205,
        "Mixed": 0.005754057317972183
    }
}
