{
    "Sentiment": "NEUTRAL",
    "SentimentScore": {
        "Positive": 0.07981616258621216,
        "Negative": 0.004391660913825035,
        "Neutral": 0.9124508500099182,
        "Mixed": 0.0033412575721740723
    }
}
