{
    "Sentiment": "NEUTRAL",
    "SentimentScore": {
        "Positive": 0.042216286063194275,
        "Negative": 0.11014364659786224,
        "Neutral": 0.8309637904167175,
        "Mixed": 0.01667625643312931
    }
}
