{
    "Sentiment": "NEUTRAL",
    "SentimentScore": {
        "Positive": 0.010824923403561115,
        "Negative": 0.2918761968612671,
        "Neutral": 0.6620005965232849,
        "Mixed": 0.03529831022024155
    }
}
