{
    "Sentiment": "NEUTRAL",
    "SentimentScore": {
        "Positive": 0.12353507429361343,
        "Negative": 0.011767929419875145,
        "Neutral": 0.8609383702278137,
        "Mixed": 0.0037585576064884663
    }
}
