{
    "Sentiment": "NEUTRAL",
    "SentimentScore": {
        "Positive": 0.004743869882076979,
        "Negative": 0.01015680842101574,
        "Neutral": 0.9835482239723206,
        "Mixed": 0.0015510296216234565
    }
}
