{
    "Sentiment": "NEUTRAL",
    "SentimentScore": {
        "Positive": 0.010160986334085464,
        "Negative": 0.03992876783013344,
        "Neutral": 0.9470169544219971,
        "Mixed": 0.002893310971558094
    }
}
