{
    "Sentiment": "NEUTRAL",
    "SentimentScore": {
        "Positive": 0.005191355478018522,
        "Negative": 0.10273607820272446,
        "Neutral": 0.8821640014648438,
        "Mixed": 0.009908584877848625
    }
}
