{
    "Sentiment": "NEUTRAL",
    "SentimentScore": {
        "Positive": 0.0023530744947493076,
        "Negative": 0.001770609407685697,
        "Neutral": 0.995589017868042,
        "Mixed": 0.0002873903140425682
    }
}
