{
    "Sentiment": "NEUTRAL",
    "SentimentScore": {
        "Positive": 0.007552353199571371,
        "Negative": 0.14002752304077148,
        "Neutral": 0.8362236618995667,
        "Mixed": 0.01619637757539749
    }
}
