{
    "Sentiment": "NEUTRAL",
    "SentimentScore": {
        "Positive": 0.05287878215312958,
        "Negative": 0.05290410295128822,
        "Neutral": 0.8881935477256775,
        "Mixed": 0.006023551803082228
    }
}
