{
    "Sentiment": "NEUTRAL",
    "SentimentScore": {
        "Positive": 0.0048512923531234264,
        "Negative": 0.034298740327358246,
        "Neutral": 0.9582686424255371,
        "Mixed": 0.0025813879910856485
    }
}
