{
    "Sentiment": "NEUTRAL",
    "SentimentScore": {
        "Positive": 0.006445609498769045,
        "Negative": 0.004281612578779459,
        "Neutral": 0.9887991547584534,
        "Mixed": 0.00047363960766233504
    }
}
