{
    "Sentiment": "NEUTRAL",
    "SentimentScore": {
        "Positive": 0.0033121472224593163,
        "Negative": 0.009622499346733093,
        "Neutral": 0.9855257868766785,
        "Mixed": 0.001539571792818606
    }
}
