{
    "Sentiment": "NEGATIVE",
    "SentimentScore": {
        "Positive": 0.0015741747338324785,
        "Negative": 0.9586881995201111,
        "Neutral": 0.03152644634246826,
        "Mixed": 0.008211174979805946
    }
}
