{
    "Sentiment": "POSITIVE",
    "SentimentScore": {
        "Positive": 0.580502450466156,
        "Negative": 0.008782126009464264,
        "Neutral": 0.4030541777610779,
        "Mixed": 0.0076612140983343124
    }
}
