{
    "Sentiment": "NEUTRAL",
    "SentimentScore": {
        "Positive": 0.12346062064170837,
        "Negative": 0.011945324949920177,
        "Neutral": 0.8542558550834656,
        "Mixed": 0.010338176973164082
    }
}
