{
    "Sentiment": "NEUTRAL",
    "SentimentScore": {
        "Positive": 0.015868840739130974,
        "Negative": 0.017571887001395226,
        "Neutral": 0.9554537534713745,
        "Mixed": 0.011105528101325035
    }
}
