{
    "Sentiment": "NEUTRAL",
    "SentimentScore": {
        "Positive": 0.4047190546989441,
        "Negative": 0.004826662130653858,
        "Neutral": 0.582416832447052,
        "Mixed": 0.008037466555833817
    }
}
