{
    "Sentiment": "NEUTRAL",
    "SentimentScore": {
        "Positive": 0.003942087292671204,
        "Negative": 0.007593222428113222,
        "Neutral": 0.9876530170440674,
        "Mixed": 0.0008116880781017244
    }
}
