{
    "Sentiment": "POSITIVE",
    "SentimentScore": {
        "Positive": 0.6234452128410339,
        "Negative": 0.09533209353685379,
        "Neutral": 0.25203898549079895,
        "Mixed": 0.029183680191636086
    }
}
