{
    "Sentiment": "NEUTRAL",
    "SentimentScore": {
        "Positive": 0.007903797551989555,
        "Negative": 0.299862265586853,
        "Neutral": 0.6775324940681458,
        "Mixed": 0.01470142975449562
    }
}
