{
    "Sentiment": "NEUTRAL",
    "SentimentScore": {
        "Positive": 0.0045554013922810555,
        "Negative": 0.002523728646337986,
        "Neutral": 0.9921646118164062,
        "Mixed": 0.000756210065446794
    }
}
