{
    "Sentiment": "NEUTRAL",
    "SentimentScore": {
        "Positive": 0.0012786228908225894,
        "Negative": 0.0015410835621878505,
        "Neutral": 0.996961772441864,
        "Mixed": 0.00021853471116628498
    }
}
