{
    "Sentiment": "NEUTRAL",
    "SentimentScore": {
        "Positive": 0.004895352758467197,
        "Negative": 0.13647089898586273,
        "Neutral": 0.8549632430076599,
        "Mixed": 0.00367048685438931
    }
}
