{
    "Sentiment": "NEUTRAL",
    "SentimentScore": {
        "Positive": 0.0014958723913878202,
        "Negative": 0.017189618200063705,
        "Neutral": 0.9804461598396301,
        "Mixed": 0.0008683690684847534
    }
}
