{
    "Sentiment": "NEUTRAL",
    "SentimentScore": {
        "Positive": 0.003403307870030403,
        "Negative": 0.0018075710395351052,
        "Neutral": 0.9944847226142883,
        "Mixed": 0.00030442344723269343
    }
}
