{
    "Sentiment": "NEUTRAL",
    "SentimentScore": {
        "Positive": 0.0017532416386529803,
        "Negative": 0.010194998234510422,
        "Neutral": 0.9875363707542419,
        "Mixed": 0.0005153390229679644
    }
}
