{
    "Sentiment": "NEUTRAL",
    "SentimentScore": {
        "Positive": 0.013654102571308613,
        "Negative": 0.022774500772356987,
        "Neutral": 0.9593321084976196,
        "Mixed": 0.004239261150360107
    }
}
