{
    "Sentiment": "NEUTRAL",
    "SentimentScore": {
        "Positive": 0.0051688551902771,
        "Negative": 0.03101532720029354,
        "Neutral": 0.9608391523361206,
        "Mixed": 0.0029767195228487253
    }
}
