{
    "Sentiment": "NEUTRAL",
    "SentimentScore": {
        "Positive": 0.08953393250703812,
        "Negative": 0.0023334508296102285,
        "Neutral": 0.906446635723114,
        "Mixed": 0.0016859808238223195
    }
}
