{
    "Sentiment": "NEUTRAL",
    "SentimentScore": {
        "Positive": 0.006880701519548893,
        "Negative": 0.18865394592285156,
        "Neutral": 0.7982279658317566,
        "Mixed": 0.006237378343939781
    }
}
