{
    "Sentiment": "NEUTRAL",
    "SentimentScore": {
        "Positive": 0.008614813908934593,
        "Negative": 0.0019177880603820086,
        "Neutral": 0.9886927604675293,
        "Mixed": 0.0007747067720629275
    }
}
