{
    "Sentiment": "NEUTRAL",
    "SentimentScore": {
        "Positive": 0.006614816840738058,
        "Negative": 0.018182149156928062,
        "Neutral": 0.9733625650405884,
        "Mixed": 0.0018404313595965505
    }
}
