{
    "Sentiment": "NEUTRAL",
    "SentimentScore": {
        "Positive": 0.010244456119835377,
        "Negative": 0.005375351756811142,
        "Neutral": 0.9827787280082703,
        "Mixed": 0.0016014972934499383
    }
}
