{
    "Sentiment": "NEUTRAL",
    "SentimentScore": {
        "Positive": 0.00442235404625535,
        "Negative": 0.0008759101037867367,
        "Neutral": 0.9943880438804626,
        "Mixed": 0.0003136636514682323
    }
}
