{
    "Sentiment": "NEUTRAL",
    "SentimentScore": {
        "Positive": 0.010044091381132603,
        "Negative": 0.3675721287727356,
        "Neutral": 0.604870617389679,
        "Mixed": 0.017513051629066467
    }
}
