{
    "Sentiment": "NEUTRAL",
    "SentimentScore": {
        "Positive": 0.0014446022687479854,
        "Negative": 0.00578695721924305,
        "Neutral": 0.991878867149353,
        "Mixed": 0.0008895948412828147
    }
}
