{
    "Sentiment": "NEUTRAL",
    "SentimentScore": {
        "Positive": 0.0104392534121871,
        "Negative": 0.001890371204353869,
        "Neutral": 0.9870795607566833,
        "Mixed": 0.0005908035091124475
    }
}
