{
    "Sentiment": "NEUTRAL",
    "SentimentScore": {
        "Positive": 0.004937146324664354,
        "Negative": 0.0086514325812459,
        "Neutral": 0.984832227230072,
        "Mixed": 0.0015792178455740213
    }
}
