{
    "Sentiment": "NEUTRAL",
    "SentimentScore": {
        "Positive": 0.021860267966985703,
        "Negative": 0.03411032259464264,
        "Neutral": 0.9343985915184021,
        "Mixed": 0.009630835615098476
    }
}
