{
    "Sentiment": "NEUTRAL",
    "SentimentScore": {
        "Positive": 0.031961601227521896,
        "Negative": 0.009832936339080334,
        "Neutral": 0.9553127288818359,
        "Mixed": 0.0028927410021424294
    }
}
