{
    "Sentiment": "NEUTRAL",
    "SentimentScore": {
        "Positive": 0.002647674409672618,
        "Negative": 0.013809626922011375,
        "Neutral": 0.9826728105545044,
        "Mixed": 0.0008699652389623225
    }
}
