{
    "Sentiment": "NEUTRAL",
    "SentimentScore": {
        "Positive": 0.00250614108517766,
        "Negative": 0.023256532847881317,
        "Neutral": 0.9716275930404663,
        "Mixed": 0.0026097248774021864
    }
}
