{
    "Sentiment": "NEUTRAL",
    "SentimentScore": {
        "Positive": 0.03992314264178276,
        "Negative": 0.007765293586999178,
        "Neutral": 0.9489001035690308,
        "Mixed": 0.003411475569009781
    }
}
