{
    "Sentiment": "NEUTRAL",
    "SentimentScore": {
        "Positive": 0.0022859906312078238,
        "Negative": 0.0048206946812570095,
        "Neutral": 0.9922242164611816,
        "Mixed": 0.0006690666195936501
    }
}
