{
    "Sentiment": "NEUTRAL",
    "SentimentScore": {
        "Positive": 0.4363827109336853,
        "Negative": 0.0021421851124614477,
        "Neutral": 0.5553648471832275,
        "Mixed": 0.006110303569585085
    }
}
