{
    "Sentiment": "NEUTRAL",
    "SentimentScore": {
        "Positive": 0.010223368182778358,
        "Negative": 0.13887310028076172,
        "Neutral": 0.8440455198287964,
        "Mixed": 0.006858044303953648
    }
}
