{
    "Sentiment": "NEUTRAL",
    "SentimentScore": {
        "Positive": 0.029190855100750923,
        "Negative": 0.01025005429983139,
        "Neutral": 0.9563099145889282,
        "Mixed": 0.004249171819537878
    }
}
