{
    "Sentiment": "NEUTRAL",
    "SentimentScore": {
        "Positive": 0.005530552472919226,
        "Negative": 0.09855436533689499,
        "Neutral": 0.8850449919700623,
        "Mixed": 0.010870044119656086
    }
}
