{
    "Sentiment": "NEUTRAL",
    "SentimentScore": {
        "Positive": 0.005502555053681135,
        "Negative": 0.0049263122491538525,
        "Neutral": 0.9890271425247192,
        "Mixed": 0.0005439407541416585
    }
}
