{
    "Sentiment": "NEUTRAL",
    "SentimentScore": {
        "Positive": 0.35081347823143005,
        "Negative": 0.020434625446796417,
        "Neutral": 0.6139705777168274,
        "Mixed": 0.01478130929172039
    }
}
