{
    "Sentiment": "NEUTRAL",
    "SentimentScore": {
        "Positive": 0.12079423666000366,
        "Negative": 0.0046079144813120365,
        "Neutral": 0.8691139817237854,
        "Mixed": 0.005483843386173248
    }
}
