{
    "Sentiment": "POSITIVE",
    "SentimentScore": {
        "Positive": 0.6680715084075928,
        "Negative": 0.0021166119258850813,
        "Neutral": 0.3255660831928253,
        "Mixed": 0.004245775751769543
    }
}
