{
    "Sentiment": "NEUTRAL",
    "SentimentScore": {
        "Positive": 0.002124018967151642,
        "Negative": 0.00554894981905818,
        "Neutral": 0.9918144345283508,
        "Mixed": 0.0005125661846250296
    }
}
