{
    "Sentiment": "NEUTRAL",
    "SentimentScore": {
        "Positive": 0.006399484816938639,
        "Negative": 0.0025398009456694126,
        "Neutral": 0.9906689524650574,
        "Mixed": 0.00039180254680104554
    }
}
