{
    "Sentiment": "NEUTRAL",
    "SentimentScore": {
        "Positive": 0.02330849878489971,
        "Negative": 0.004528969060629606,
        "Neutral": 0.9707565307617188,
        "Mixed": 0.0014060791581869125
    }
}
