{
    "Sentiment": "NEUTRAL",
    "SentimentScore": {
        "Positive": 0.18584677577018738,
        "Negative": 0.02312328852713108,
        "Neutral": 0.7659105062484741,
        "Mixed": 0.025119464844465256
    }
}
