{
    "Sentiment": "NEUTRAL",
    "SentimentScore": {
        "Positive": 0.004490330815315247,
        "Negative": 0.059564437717199326,
        "Neutral": 0.9334030747413635,
        "Mixed": 0.002542191883549094
    }
}
