{
    "Sentiment": "NEUTRAL",
    "SentimentScore": {
        "Positive": 0.060391683131456375,
        "Negative": 0.031442172825336456,
        "Neutral": 0.9055349826812744,
        "Mixed": 0.002631118521094322
    }
}
