{
    "Sentiment": "NEUTRAL",
    "SentimentScore": {
        "Positive": 0.0015446115285158157,
        "Negative": 0.02934247814118862,
        "Neutral": 0.9673140048980713,
        "Mixed": 0.0017988261533901095
    }
}
