{
    "Sentiment": "NEUTRAL",
    "SentimentScore": {
        "Positive": 0.009714572690427303,
        "Negative": 0.00176995771471411,
        "Neutral": 0.9878675937652588,
        "Mixed": 0.0006479386938735843
    }
}
