{
    "Sentiment": "POSITIVE",
    "SentimentScore": {
        "Positive": 0.4783340394496918,
        "Negative": 0.05262114852666855,
        "Neutral": 0.4336686134338379,
        "Mixed": 0.03537626937031746
    }
}
