{
    "Sentiment": "NEUTRAL",
    "SentimentScore": {
        "Positive": 0.004722211044281721,
        "Negative": 0.035434700548648834,
        "Neutral": 0.9571022391319275,
        "Mixed": 0.0027408364694565535
    }
}
