{
    "Sentiment": "NEUTRAL",
    "SentimentScore": {
        "Positive": 0.017787883058190346,
        "Negative": 0.050060734152793884,
        "Neutral": 0.9224370121955872,
        "Mixed": 0.00971432775259018
    }
}
