{
    "Sentiment": "NEUTRAL",
    "SentimentScore": {
        "Positive": 0.007107516750693321,
        "Negative": 0.005126492585986853,
        "Neutral": 0.9870666861534119,
        "Mixed": 0.0006993021816015244
    }
}
