{
    "Sentiment": "NEUTRAL",
    "SentimentScore": {
        "Positive": 0.005244051106274128,
        "Negative": 0.01715703122317791,
        "Neutral": 0.9755683541297913,
        "Mixed": 0.002030512085184455
    }
}
