{
    "Sentiment": "NEUTRAL",
    "SentimentScore": {
        "Positive": 0.004043176770210266,
        "Negative": 0.07195921987295151,
        "Neutral": 0.918298065662384,
        "Mixed": 0.005699537228792906
    }
}
