{
    "Sentiment": "NEUTRAL",
    "SentimentScore": {
        "Positive": 0.07616755366325378,
        "Negative": 0.005285199265927076,
        "Neutral": 0.9153324365615845,
        "Mixed": 0.003214753931388259
    }
}
