{
    "Sentiment": "NEUTRAL",
    "SentimentScore": {
        "Positive": 0.16127102077007294,
        "Negative": 0.1751420944929123,
        "Neutral": 0.5883297920227051,
        "Mixed": 0.0752570778131485
    }
}
