{
    "Sentiment": "NEUTRAL",
    "SentimentScore": {
        "Positive": 0.03154471889138222,
        "Negative": 0.19081969559192657,
        "Neutral": 0.7560730576515198,
        "Mixed": 0.021562572568655014
    }
}
