{
    "Sentiment": "NEUTRAL",
    "SentimentScore": {
        "Positive": 0.22147686779499054,
        "Negative": 0.010456057265400887,
        "Neutral": 0.7646459937095642,
        "Mixed": 0.003421065164729953
    }
}
