{
    "Sentiment": "NEUTRAL",
    "SentimentScore": {
        "Positive": 0.00456914771348238,
        "Negative": 0.004050654824823141,
        "Neutral": 0.9905804991722107,
        "Mixed": 0.0007996380445547402
    }
}
