{
    "Sentiment": "NEUTRAL",
    "SentimentScore": {
        "Positive": 0.011031254194676876,
        "Negative": 0.10337606072425842,
        "Neutral": 0.8695243000984192,
        "Mixed": 0.016068361699581146
    }
}
