{
    "Sentiment": "NEUTRAL",
    "SentimentScore": {
        "Positive": 0.10501547157764435,
        "Negative": 0.0889320820569992,
        "Neutral": 0.7318821549415588,
        "Mixed": 0.0741703137755394
    }
}
