{
    "Sentiment": "NEUTRAL",
    "SentimentScore": {
        "Positive": 0.003188994713127613,
        "Negative": 0.01368638128042221,
        "Neutral": 0.9821919798851013,
        "Mixed": 0.0009325613500550389
    }
}
