{
    "Sentiment": "NEUTRAL",
    "SentimentScore": {
        "Positive": 0.0017373916925862432,
        "Negative": 0.018665170297026634,
        "Neutral": 0.9779192805290222,
        "Mixed": 0.00167817750480026
    }
}
