{
    "Sentiment": "NEUTRAL",
    "SentimentScore": {
        "Positive": 0.1015954539179802,
        "Negative": 0.05838407948613167,
        "Neutral": 0.8042742609977722,
        "Mixed": 0.035746149718761444
    }
}
