{
    "Sentiment": "NEUTRAL",
    "SentimentScore": {
        "Positive": 0.043911468237638474,
        "Negative": 0.18230226635932922,
        "Neutral": 0.7458980083465576,
        "Mixed": 0.0278882198035717
    }
}
