{
    "Sentiment": "NEUTRAL",
    "SentimentScore": {
        "Positive": 0.0625404566526413,
        "Negative": 0.2486703097820282,
        "Neutral": 0.6274174451828003,
        "Mixed": 0.061371784657239914
    }
}
