{
    "Sentiment": "NEUTRAL",
    "SentimentScore": {
        "Positive": 0.014935275539755821,
        "Negative": 0.10079076886177063,
        "Neutral": 0.8741946816444397,
        "Mixed": 0.010079273022711277
    }
}
