{
    "Sentiment": "NEUTRAL",
    "SentimentScore": {
        "Positive": 0.009730907157063484,
        "Negative": 0.02292078733444214,
        "Neutral": 0.963983416557312,
        "Mixed": 0.0033648009411990643
    }
}
