{
    "Sentiment": "NEUTRAL",
    "SentimentScore": {
        "Positive": 0.0640987977385521,
        "Negative": 0.0011444080155342817,
        "Neutral": 0.9337456226348877,
        "Mixed": 0.0010111199226230383
    }
}
