{
    "Sentiment": "NEUTRAL",
    "SentimentScore": {
        "Positive": 0.006131893955171108,
        "Negative": 0.013160605914890766,
        "Neutral": 0.9782417416572571,
        "Mixed": 0.0024656951427459717
    }
}
