{
    "Sentiment": "POSITIVE",
    "SentimentScore": {
        "Positive": 0.8751951456069946,
        "Negative": 0.014529773034155369,
        "Neutral": 0.07593000680208206,
        "Mixed": 0.034345101565122604
    }
}
