{
    "Sentiment": "POSITIVE",
    "SentimentScore": {
        "Positive": 0.49882569909095764,
        "Negative": 0.004032542929053307,
        "Neutral": 0.49098023772239685,
        "Mixed": 0.006161543074995279
    }
}
