{
    "Sentiment": "NEUTRAL",
    "SentimentScore": {
        "Positive": 0.0022045394871383905,
        "Negative": 0.005930244456976652,
        "Neutral": 0.9913732409477234,
        "Mixed": 0.0004920171923004091
    }
}
