{
    "Sentiment": "NEUTRAL",
    "SentimentScore": {
        "Positive": 0.0027743647806346416,
        "Negative": 0.03594408184289932,
        "Neutral": 0.9581842422485352,
        "Mixed": 0.0030972936656326056
    }
}
