{
    "Sentiment": "NEUTRAL",
    "SentimentScore": {
        "Positive": 0.004832346923649311,
        "Negative": 0.19115620851516724,
        "Neutral": 0.7847594618797302,
        "Mixed": 0.01925196871161461
    }
}
