{
    "Sentiment": "NEUTRAL",
    "SentimentScore": {
        "Positive": 0.006087480578571558,
        "Negative": 0.15075868368148804,
        "Neutral": 0.8371045589447021,
        "Mixed": 0.006049302406609058
    }
}
