{
    "Sentiment": "NEUTRAL",
    "SentimentScore": {
        "Positive": 0.002097055781632662,
        "Negative": 0.002360766753554344,
        "Neutral": 0.9951672554016113,
        "Mixed": 0.0003749126335605979
    }
}
