{
    "Sentiment": "NEUTRAL",
    "SentimentScore": {
        "Positive": 0.01741347834467888,
        "Negative": 0.045697614550590515,
        "Neutral": 0.9299255013465881,
        "Mixed": 0.0069634453393518925
    }
}
