{
    "Sentiment": "NEUTRAL",
    "SentimentScore": {
        "Positive": 0.06320595741271973,
        "Negative": 0.09295118600130081,
        "Neutral": 0.8241357207298279,
        "Mixed": 0.0197072084993124
    }
}
