{
    "Sentiment": "POSITIVE",
    "SentimentScore": {
        "Positive": 0.4411758780479431,
        "Negative": 0.10656967014074326,
        "Neutral": 0.4113502502441406,
        "Mixed": 0.040904153138399124
    }
}
