{
    "Sentiment": "NEUTRAL",
    "SentimentScore": {
        "Positive": 0.004468459170311689,
        "Negative": 0.007436126004904509,
        "Neutral": 0.9871298670768738,
        "Mixed": 0.0009655056637711823
    }
}
