{
    "Sentiment": "MIXED",
    "SentimentScore": {
        "Positive": 0.19517724215984344,
        "Negative": 0.04585985839366913,
        "Neutral": 0.3649843633174896,
        "Mixed": 0.3939785659313202
    }
}
