{
    "Sentiment": "NEUTRAL",
    "SentimentScore": {
        "Positive": 0.12319771945476532,
        "Negative": 0.09487738460302353,
        "Neutral": 0.7703269720077515,
        "Mixed": 0.011597950011491776
    }
}
