{
    "Sentiment": "NEUTRAL",
    "SentimentScore": {
        "Positive": 0.35929131507873535,
        "Negative": 0.0023911921307444572,
        "Neutral": 0.6341896057128906,
        "Mixed": 0.004127871710807085
    }
}
